MatchDate	KickoffTime	HomeTeam	AwayTeam	FullTimeHomeGoals	FullTimeAwayGoals	FullTimeResult	HalfTimeHomeGoals	HalfTimeAwayGoals	HalfTimeResult	HomeShots	AwayShots	HomeShotsOnTarget	AwayShotsOnTarget	HomeFouls	AwayFouls	HomeCorners	AwayCorners	HomeYellowCards	AwayYellowCards	HomeRedCards	AwayRedCards	Bet365_HomeWinOdds	Bet365_DrawOdds	Bet365_AwayWinOdds	BetWin_HomeWinOdds	BetWin_DrawOdds	BetWin_AwayWinOdds	Interwetten_HomeWinOdds	Interwetten_DrawOdds	Interwetten_AwayWinOdds	Pinnacle_HomeWinOdds	Pinnacle_DrawOdds	Pinnacle_AwayWinOdds	WilliamHill_HomeWinOdds	WilliamHill_DrawOdds	WilliamHill_AwayWinOdds	VCBet_HomeWinOdds	VCBet_DrawOdds	VCBet_AwayWinOdds	Max_HomeWinOdds	Max_DrawOdds	Max_AwayWinOdds	Avg_HomeWinOdds	Avg_DrawOdds	Avg_AwayWinOdds	Bet365_Over2_5GoalsOdds	Bet365_Under2_5GoalsOdds	P>2.5	P<2.5	Max>2.5	Max<2.5	Avg>2.5	Avg<2.5	AHh	Bet365_AH_HomeOdds	Bet365_AH_AwayOdds	PAHH	PAHA	MaxAHH	MaxAHA	AvgAHH	AvgAHA	Bet365_ClosingHomeOdds	Bet365_ClosingDrawOdds	Bet365_ClosingAwayOdds	BWCH	BWCD	BWCA	IWCH	IWCD	IWCA	Pinnacle_ClosingHomeOdds	Pinnacle_ClosingDrawOdds	Pinnacle_ClosingAwayOdds	WHCH	WHCD	WHCA	VCCH	VCCD	VCCA	MaxCH	MaxCD	MaxCA	AvgCH	AvgCD	AvgCA	B365C>2.5	B365C<2.5	PC>2.5	PC<2.5	MaxC>2.5	MaxC<2.5	AvgC>2.5	AvgC<2.5	AHCh	B365CAHH	B365CAHA	PCAHH	PCAHA	MaxCAHH	MaxCAHA	AvgCAHH	AvgCAHA	League	BFH	BFD	BFA	1XBH	1XBD	1XBA	BFEH	BFED	BFEA	BFE>2.5	BFE<2.5	BFEAHH	BFEAHA	BFCH	BFCD	BFCA	1XBCH	1XBCD	1XBCA	BFECH	BFECD	BFECA	BFEC>2.5	BFEC<2.5	BFECAHH	BFECAHA	BFDH	BFDD	BFDA	BMGMH	BMGMD	BMGMA	BVH	BVD	BVA	CLH	CLD	CLA	Ladbrokes_HomeWinOdds	Ladbrokes_DrawOdds	Ladbrokes_AwayWinOdds	BFDCH	BFDCD	BFDCA	BMGMCH	BMGMCD	BMGMCA	BVCH	BVCD	BVCA	CLCH	CLCD	CLCA	LBCH	LBCD	LBCA	HomeWin	AwayWin	Draw	WinningTeam	HalfTimeHomeWin	HalfTimeAwayWin	HalfTimeDraw	HomePoints	AwayPoints	HomeTeamPointsLast5	AwayTeamPointsLast5	HomeH2HWinLast5	AwayH2HWinLast5	H2HDrawLast5	Season	HomeTeamCumulativePoints	AwayTeamCumulativePoints	HomeRestDays	AwayRestDays	TeamId	HomeGoalsAve	HomeGoalsTotal	HomeGoalsHalfAve	HomeGoalsHalfTotal	HomeShotsAve	HomeShotsTotal	HomeShotsOnTargetAve	HomeFirstHalfDifferentialAve	HomeGameDifferentialAve	HomeFirstToSecondHalfGoalRatioAve	AwayGoalsAve	AwayGoalsTotal	AwayGoalsHalfAve	AwayGoalsHalfTotal	AwayShotsAve	AwayShotsTotal	AwayShotsOnTargetAve	AwayFirstHalfDifferentialAve	AwayGameDifferentialAve	AwayFirstToSecondHalfGoalRatioAve	ImpliedProb_HomeWin	ImpliedProb_Draw	ImpliedProb_AwayWin	ImpliedProb_HomeWin_Norm	ImpliedProb_Draw_Norm	ImpliedProb_AwayWin_Norm	Bet365_MarketMargin	OddsMovement_Home	OddsMovement_Away	OddsMovement_Draw	Bet365_Value_Home	Bet365_Value_Away	Bet365_Value_Draw	Bet365_HomeVsDraw_Ratio	Bet365_AwayVsDraw_Ratio	Bet365_HomeVsAway_Ratio	Bet365_OverUnder_Margin	Bet365_ExpectedTotalGoals	Bet365_AH_Margin	Temperature	Humidity	WindSpeed	Precipitation	WeatherCondition	WeatherDescription	WeatherImpact	HomexG_Avg_L5	HomeShootingEff_Avg_L5	HomeMomentum_L3	HomeGoalDiff_Avg_L5	AwayxG_Avg_L5	AwayShootingEff_Avg_L5	AwayMomentum_L3	AwayGoalDiff_Avg_L5	Home_Poisson_0_Goals_Avg_L5	Home_Poisson_1_Goal_Avg_L5	Home_Poisson_2_3_Goals_Avg_L5	Home_Poisson_4Plus_Goals_Avg_L5	Home_Poisson_xPTS_Avg_L5	Away_Poisson_0_Goals_Avg_L5	Away_Poisson_1_Goal_Avg_L5	Away_Poisson_2_3_Goals_Avg_L5	Away_Poisson_4Plus_Goals_Avg_L5	Away_Poisson_xPTS_Avg_L5	HomePointsPerGame	AwayPointsPerGame	PointsPerGameDiff	HomePointsZScore	AwayPointsZScore	PointsZScoreDiff	HomeGoalDiffSeason	AwayGoalDiffSeason	HomeCleanSheetPct_L10	AwayCleanSheetPct_L10	HomeFailedToScorePct_L10	AwayFailedToScorePct_L10	HomeDefVsAwayAttack	AwayDefVsHomeAttack	HomeTeamPointsLast5_HomeOnly	AwayTeamPointsLast5_AwayOnly	VenueAdjustedFormDiff	HomeWinStreakHome_L5	AwayWinStreakAway_L5
2022-01-09	19:00	AZ Alkmaar	Nijmegen	1	1	D	0	0	D	30	4	13	2	7	10	8	3	1	1	0	0	1.45	4.5	6.5	1.49	4.4	6.25	1.5	4.4	6.0	1.48	4.62	7.14	1.47	4.2	6.5	1.45	4.4	6.5	1.5	4.7	7.2	1.47	4.46	6.46	1.66	2.15	1.67	2.3	1.69	2.36	1.63	2.25	-1.25	2.02	1.77	2.11	1.82	2.13	1.84	2.05	1.79	1.6	4.2	5.25	1.62	4.0	5.25	1.6	4.1	5.25	1.61	4.21	5.85	1.55	3.9	5.8	1.6	4.1	5.25	1.64	4.3	6.0	1.6	4.11	5.39	1.7	2.1	1.74	2.19	1.9	2.21	1.72	2.11	-1.0	2.08	1.82	2.03	1.88	2.12	1.88	2.01	1.83	eredivisie																																																									0	0	1		0	0	1	1	1			0	0	0	2022	0	0			az_alkmaar	1.8666666666666667	56	0.9666666666666667	29	17.266666666666666	518	6.3	0.4666666666666667	0.9333333333333333	0.3083333333333333	1.3	39	0.36666666666666664	11	12.333333333333334	370	4.666666666666667	-0.16666666666666666	0.13333333333333333	-0.04761904761904761	0.6896551724137931	0.2222222222222222	0.15384615384615385	0.6471238938053098	0.20851769911504422	0.144358407079646	0.06572354848216921	-0.020000000000000018	0.0	0.2999999999999998	-0.04253127860848338	-0.009487746766507849	-0.013704523107177985	0.3222222222222222	1.4444444444444444	0.22307692307692306	0.06752591762398441	1.9049999999999998	0.06002125636292455				0	Unknown	Unknown	Normal	1.5	0.15	3.0	0.0	1.5	0.15	3.0	0.0	0.3	0.35	0.25	0.1	1.5	0.3	0.35	0.25	0.1	1.5	0.0	0.0	0.0	-0.8315627136760465	-0.8872358522376662	0.055673138561619706	0.0	0.0	0.3	0.3	0.2	0.2	-0.5	-0.5	5.0	5.0	0.0	1.5	1.0
2022-01-10	15:30	Cambuur	PSV Eindhoven	3	0	H	0	0	D	11	12	4	5	7	11	7	4	0	1	0	0	7.0	7.5	1.28	9.25	6.25	1.28	8.5	6.25	1.3	9.42	6.13	1.3	9.5	5.5	1.27	10.0	5.75	1.25	10.0	7.5	1.32	8.89	6.04	1.28	1.33	3.4	1.38	3.12	1.41	3.4	1.36	3.04	1.75	1.9	2.0	1.91	1.98	1.93	2.01	1.87	1.96	8	8.0	1.22	11.0	7.0	1.23	10.0	7.0	1.22	11.88	6.67	1.24	12.0	6.5	1.2	12.0	7.0	1.18	13.0	8.0	1.3	11.21	6.87	1.22	1.33	3.4	1.35	3.3	1.36	3.52	1.32	3.3	2.0	1.87	2.03	1.88	2.01	1.96	2.28	1.88	1.95	eredivisie																																																									1	0	0	Cambuur	0	0	1	3	0			0	0	0	2022	0	0			cambuur	0.8888888888888888	8	0.2222222222222222	2	12.333333333333334	111	3.7777777777777777	-0.8888888888888888	-1.1111111111111112	0.16666666666666666	2.5806451612903225	80	1.0	31	17.806451612903224	552	6.870967741935484	0.5161290322580645	1.5161290322580645	0.32666666666666666	0.14285714285714285	0.13333333333333333	0.78125	0.13509710104137349	0.12609062763861525	0.7388122713200114	0.0574404761904761	-2.5	0.010000000000000009	2.0	-0.007760041815769364	-0.04243772867998863	-0.007242705694718077	0.9333333333333333	0.17066666666666666	5.46875	0.045997346306943854	2.365	0.02631578947368407				0	Unknown	Unknown	Normal	1.5	0.15	3.0	0.0	1.5	0.15	3.0	0.0	0.3	0.35	0.25	0.1	1.5	0.3	0.35	0.25	0.1	1.5	0.0	0.0	0.0	-0.8315627136760465	-0.8872358522376662	0.055673138561619706	0.0	0.0	0.3	0.3	0.2	0.2	-0.5	-0.5	5.0	5.0	0.0	1.5	1.0
2022-01-10	17:45	Groningen	AZ Alkmaar	1	4	A	1	2	A	14	13	2	7	7	11	1	1	1	1	0	0	5.25	3.6	1.72	5.0	3.75	1.7	4.6	3.65	1.73	4.94	3.81	1.77	4.75	3.6	1.73	4.75	3.7	1.7	5.25	3.94	1.77	4.72	3.72	1.73	1.93	1.93	1.93	1.95	1.97	1.97	1.88	1.9	0.75	1.9	2.0	1.91	1.99	1.92	2.03	1.87	1.96	5.5	3.6	1.7	4.75	3.7	1.73	4.7	3.55	1.73	5.03	3.73	1.76	5.0	3.5	1.7	4.75	3.7	1.7	5.5	3.88	1.81	4.83	3.66	1.74	1.95	1.9	1.96	1.93	1.99	1.95	1.91	1.88	0.75	1.94	1.96	1.93	1.97	1.97	2.05	1.88	1.97	eredivisie																																																									0	1	0	AZ Alkmaar	0	1	0	0	3			0	0	0	2022	0	0			groningen	1.4761904761904763	31	0.9047619047619048	19	14.19047619047619	298	5.333333333333333	0.38095238095238093	0.14285714285714285	0.4375	1.3103448275862069	38	0.7931034482758621	23	12.862068965517242	373	5.206896551724138	0.3793103448275862	0.10344827586206896	0.4230769230769231	0.19047619047619047	0.2777777777777778	0.5813953488372093	0.18146650254967467	0.26463864955160893	0.5538948478987163	0.04964931709117759	0.5	-0.010000000000000009	0.0	-0.009009687926515797	-0.02750050093849299	-0.013139128226168861	1.4583333333333333	0.47777777777777775	3.052325581395349	0.0362694300518136	1.93	0.02631578947368407				0	Unknown	Unknown	Normal	1.5	0.15	3.0	0.0	1.5	0.15	3.0	0.0	0.3	0.35	0.25	0.1	1.5	0.3	0.35	0.25	0.1	1.5	0.0	0.0	0.0	-0.8315627136760465	-0.8872358522376662	0.055673138561619706	0.0	0.0	0.3	0.3	0.2	0.2	-0.5	-0.5	5.0	5.0	0.0	1.5	1.0
2022-01-10	19:00	Ajax	Go Ahead Eagles	1	1	D	1	0	H	23	3	7	1	6	14	7	0	1	1	0	0	1.08	12.0	21.0	1.09	12.0	29.0	1.08	11.0	22.0	1.09	12.31	24.26	1.07	9.5	29.0	1.06	11.0	26.0	1.1	13.5	38.0	1.08	11.29	25.19	1.22	4.2	1.24	4.11	1.25	4.4	1.22	4.03	-2.75	1.87	2.03	1.85	2.02	1.88	2.06	1.85	1.99	1.08	13.0	21.0	1.09	12.0	29.0	1.08	11.0	22.0	1.09	12.25	25.9	1.07	9.5	29.0	1.06	11.5	23.0	1.1	14.1	31.0	1.08	11.42	25.43	1.2	4.33	1.22	4.43	1.27	4.6	1.22	4.11	-2.75	1.85	2.05	1.84	2.01	1.92	2.06	1.85	1.99	eredivisie																																																									0	0	1		1	0	0	1	1			0	0	0	2022	0	0			ajax	2.0606060606060606	68	1.0606060606060606	35	17.636363636363637	582	5.909090909090909	0.696969696969697	1.0606060606060606	0.3492063492063492	1.2142857142857142	34	0.5714285714285714	16	11.821428571428571	331	3.7142857142857144	-0.07142857142857142	-0.25	-0.25	0.9259259259259258	0.08333333333333333	0.047619047619047616	0.8760951188986232	0.0788485607008761	0.04505632040050063	0.05687830687830675	0.010000000000000009	-8.0	2.5	-0.04983080702730258	-0.002562727218546987	-0.0044847726324572235	0.09000000000000001	1.75	0.051428571428571435	0.05776736924277914	2.71	0.02737019572719368				0	Unknown	Unknown	Normal	1.5	0.15	3.0	0.0	1.5	0.15	3.0	0.0	0.3	0.35	0.25	0.1	1.5	0.3	0.35	0.25	0.1	1.5	0.0	0.0	0.0	-0.8315627136760465	-0.8872358522376662	0.055673138561619706	0.0	0.0	0.3	0.3	0.2	0.2	-0.5	-0.5	5.0	5.0	0.0	1.5	1.0
2022-01-10	20:00	Twente	Vitesse	3	0	H	1	0	H	18	8	6	1	15	7	5	2	1	1	0	0	1.7	3.75	5.0	1.71	3.8	4.75	1.7	3.8	4.6	1.71	4.11	4.95	1.7	3.7	4.75	1.67	3.8	4.8	1.76	4.11	5.0	1.7	3.89	4.73	1.72	2.07	1.75	2.16	1.79	2.2	1.73	2.09	-0.75	1.9	2.0	1.9	2.01	1.92	2.01	1.88	1.96	1.7	3.75	5.0	1.73	3.8	4.6	1.7	3.75	4.6	1.77	3.94	4.62	1.7	3.7	4.75	1.7	3.9	4.5	1.77	4.05	5.12	1.72	3.86	4.61	1.66	2.15	1.75	2.16	1.82	2.2	1.71	2.11	-0.75	1.97	1.93	1.98	1.93	2.0	2.0	1.92	1.92	eredivisie																																																									1	0	0	Twente	1	0	0	3	0			0	0	0	2022	0	0			twente	2.740740740740741	74	1.2592592592592593	34	21.962962962962962	593	7.7407407407407405	0.8888888888888888	1.8888888888888888	0.5333333333333333	1.1666666666666667	21	0.5	9	13.777777777777779	248	4.944444444444445	-0.3888888888888889	-0.8333333333333334	-0.5	0.5882352941176471	0.26666666666666666	0.2	0.5576208178438662	0.2527881040892193	0.1895910780669145	0.05490196078431375	0.0	0.25	0.04999999999999982	-0.03061447627378089	-0.010408921933085513	-0.013878562577447351	0.4533333333333333	1.3333333333333333	0.33999999999999997	0.0644871362768229	1.895	0.02631578947368407				0	Unknown	Unknown	Normal	1.5	0.15	3.0	0.0	1.5	0.15	3.0	0.0	0.3	0.35	0.25	0.1	1.5	0.3	0.35	0.25	0.1	1.5	0.0	0.0	0.0	-0.8315627136760465	-0.8872358522376662	0.055673138561619706	0.0	0.0	0.3	0.3	0.2	0.2	-0.5	-0.5	5.0	5.0	0.0	1.5	1.0
2022-02-09	19:00	For Sittard	Utrecht	3	4	A	0	0	D	16	26	8	11	8	6	6	8	1	2	0	0	3.1	3.75	2.2	3.1	3.7	2.15	2.95	3.6	2.2	3.23	3.88	2.17	3.0	3.5	2.2	3.1	3.75	2.1	3.23	3.88	2.25	3.07	3.72	2.17	1.57	2.35	1.61	2.42	1.63	2.49	1.57	2.36	0.25	2.0	1.9	2.01	1.9	2.02	1.94	1.94	1.89	3.4	3.75	2.05	3.2	3.75	2.1	3.15	3.7	2.1	3.39	3.91	2.09	3.2	3.6	2.1	3.2	3.8	2.05	3.4	3.95	2.13	3.25	3.79	2.07	1.53	2.4	1.58	2.48	1.62	2.55	1.54	2.44	0.5	1.77	2.02	1.82	2.08	1.85	2.13	1.79	2.06	eredivisie																																																									0	1	0	Utrecht	0	0	1	0	3			0	0	0	2022	0	0			for_sittard	1.4285714285714286	50	0.6857142857142857	24	13.8	483	4.457142857142857	0.4	0.02857142857142857	0.574074074074074	1.9285714285714286	54	0.6785714285714286	19	12.964285714285714	363	4.535714285714286	0.03571428571428571	0.42857142857142855	0.17592592592592593	0.3225806451612903	0.26666666666666666	0.45454545454545453	0.3090466379471811	0.2554785540363364	0.43547480801648253	0.04379276637341145	0.10000000000000009	0.0	0.25	-0.01353400721410919	-0.019070646528972002	-0.01118811263033026	0.8266666666666667	0.5866666666666667	1.409090909090909	0.06247459005285272	1.96	0.02631578947368407				0	Unknown	Unknown	Normal	1.5	0.15	3.0	0.0	1.5	0.15	3.0	0.0	0.3	0.35	0.25	0.1	1.5	0.3	0.35	0.25	0.1	1.5	0.0	0.0	0.0	-0.8315627136760465	-0.8872358522376662	0.055673138561619706	0.0	0.0	0.3	0.3	0.2	0.2	-0.5	-0.5	5.0	5.0	0.0	1.5	1.0
2022-02-10	11:15	For Sittard	Volendam	2	0	H	2	0	H	20	7	6	4	8	9	8	4	1	0	0	1	1.75	4.0	4.2	1.77	4.2	3.9	1.8	4.0	3.85	1.81	4.27	4.14	1.78	3.9	4.0	1.75	3.9	4.1	1.82	4.27	4.2	1.79	4.09	3.93	1.47	2.6	1.5	2.69	1.53	2.75	1.47	2.62	-0.75	2.04	1.86	2.01	1.9	2.05	1.9	2.0	1.85	1.85	4.2	3.6	1.95	4.0	3.3	1.95	4.0	3.3	1.88	4.39	3.71	1.91	3.9	3.4	1.9	4.1	3.4	1.95	4.39	3.71	1.91	4.11	3.48	1.4	2.87	1.41	3.03	1.46	3.12	1.4	2.88	-0.5	1.88	2.02	1.88	2.03	1.96	2.05	1.91	1.93	eredivisie																																																									1	0	0	For Sittard	1	0	0	3	0	0.0		0	0	0	2022	0	0	1.0		for_sittard	1.4285714285714286	50	0.6857142857142857	24	13.8	483	4.457142857142857	0.4	0.02857142857142857	0.574074074074074	0.9583333333333334	23	0.5	12	9.166666666666666	220	3.4166666666666665	-0.875	-1.375	-0.7	0.5714285714285714	0.25	0.23809523809523808	0.5393258426966292	0.23595505617977527	0.2247191011235955	0.059523809523809534	-0.030000000000000027	0.20000000000000018	0.10000000000000009	-0.0321027287319422	-0.013376136971642583	-0.014044943820224726	0.4375	1.05	0.41666666666666663	0.06488749345892186	2.035	0.027830487033523088				0	Unknown	Unknown	Normal	4.4	0.18633540372670807	3.0	-1.0	1.5	0.15	3.0	0.0	0.012277339903068436	0.054020295573501124	0.29315013731219947	0.640552227211231	0.13279835943669432	0.3	0.35	0.25	0.1	1.5	0.0	0.0	0.0	-0.8315627136760465	-0.8872358522376662	0.055673138561619706	-1.0	0.0	0.0	0.3	0.0	0.2	-0.8	-0.7	0.0	5.0	-5.0	0.0	1.0
2022-02-10	19:00	FC Emmen	Heerenveen	0	0	D	0	0	D	12	8	3	1	6	8	2	4	1	0	0	0	3.0	3.3	2.4	2.95	3.3	2.4	2.9	3.2	2.45	2.95	3.5	2.49	2.9	3.2	2.4	2.88	3.3	2.38	3.0	3.54	2.5	2.9	3.33	2.41	1.95	1.9	1.97	1.92	1.98	1.93	1.93	1.86	0.25	1.79	2.11	1.78	2.13	1.81	2.13	1.77	2.08	2.75	3.3	2.55	2.7	3.3	2.6	2.75	3.25	2.5	2.84	3.51	2.56	2.9	3.2	2.4	2.7	3.4	2.45	3.0	3.56	2.7	2.78	3.35	2.53	1.9	1.95	1.92	1.97	1.97	1.97	1.89	1.89	0.0	2.06	1.84	2.06	1.85	2.11	1.89	2.02	1.83	eredivisie																																																									0	0	1		0	0	1	1	1			0	0	0	2022	0	0			fc_emmen	0.875	7	0.25	2	11.0	88	3.375	-0.75	-0.625	-0.6666666666666666	1.1666666666666667	35	0.4666666666666667	14	11.866666666666667	356	3.8666666666666667	-0.26666666666666666	-0.7666666666666667	0.13333333333333333	0.3333333333333333	0.30303030303030304	0.4166666666666667	0.31654676258992803	0.2877697841726619	0.3956834532374101	0.05303030303030298	0.10000000000000009	0.0	0.09999999999999964	-0.016786570743405282	-0.020983213429256575	-0.015260518857641125	0.9090909090909092	0.7272727272727273	1.25	0.03913630229419707	1.9249999999999998	0.03259286716619458				0	Unknown	Unknown	Normal	1.5	0.15	3.0	0.0	1.5	0.15	3.0	0.0	0.3	0.35	0.25	0.1	1.5	0.3	0.35	0.25	0.1	1.5	0.0	0.0	0.0	-0.8315627136760465	-0.8872358522376662	0.055673138561619706	0.0	0.0	0.3	0.3	0.2	0.2	-0.5	-0.5	5.0	5.0	0.0	1.5	1.0
2022-02-10	15:45	Waalwijk	Sparta Rotterdam	2	2	D	1	1	D	13	15	5	6	8	10	6	5	2	0	0	1	2.2	3.3	3.4	2.2	3.4	3.25	2.2	3.35	3.2	2.24	3.44	3.43	2.25	3.25	3.2	2.2	3.4	3.13	2.25	3.58	3.45	2.2	3.37	3.26	1.93	1.93	1.94	1.94	2.0	1.96	1.9	1.88	-0.25	1.94	1.96	1.93	1.98	1.97	1.98	1.91	1.93	1.85	3.5	4.33	1.88	3.6	4.0	1.85	3.55	4.1	1.92	3.7	4.22	1.85	3.4	4.2	1.85	3.5	4.1	2.1	3.84	4.44	1.89	3.56	4.08	1.88	1.98	1.9	1.98	2.08	2.02	1.87	1.92	-0.5	1.9	2.0	1.92	1.99	2.1	2.06	1.9	1.94	eredivisie																																																									0	0	1		0	0	1	1	1			0	0	0	2022	0	0			waalwijk	1.76	44	0.84	21	13.2	330	4.56	0.28	0.44	0.19642857142857142	1.2758620689655173	37	0.4482758620689655	13	11.379310344827585	330	4.137931034482759	-0.2413793103448276	-0.1724137931034483	-0.2	0.45454545454545453	0.30303030303030304	0.29411764705882354	0.43220338983050843	0.288135593220339	0.2796610169491525	0.051693404634581164	-0.04999999999999982	0.19999999999999973	0.04999999999999982	-0.022342064714946097	-0.01445663010967102	-0.014894709809964046	0.6666666666666667	1.0303030303030303	0.6470588235294118	0.0362694300518136	1.93	0.025667999158426325				0	Unknown	Unknown	Normal	1.5	0.15	3.0	0.0	1.5	0.15	3.0	0.0	0.3	0.35	0.25	0.1	1.5	0.3	0.35	0.25	0.1	1.5	0.0	0.0	0.0	-0.8315627136760465	-0.8872358522376662	0.055673138561619706	0.0	0.0	0.3	0.3	0.2	0.2	-0.5	-0.5	5.0	5.0	0.0	1.5	1.0
2022-02-10	13:30	Nijmegen	Feyenoord	1	1	D	1	1	D	8	19	2	8	10	20	4	10	1	6	0	0	6.0	4.0	1.57	5.0	4.33	1.58	5.25	4.2	1.57	5.57	4.37	1.61	5.25	4.2	1.57	5.25	4.2	1.55	6.0	4.45	1.62	5.23	4.27	1.58	1.57	2.35	1.62	2.41	1.62	2.46	1.58	2.36	1.0	1.91	1.99	1.91	2.0	1.93	2.02	1.88	1.96	5.25	4.0	1.65	4.75	4.2	1.65	4.7	4.0	1.63	4.88	4.29	1.69	5.25	3.9	1.6	4.5	4.1	1.65	5.67	4.31	1.7	4.8	4.14	1.65	1.57	2.35	1.58	2.49	1.62	2.53	1.55	2.41	0.75	2.05	1.85	2.05	1.87	2.05	1.9	2.01	1.84	eredivisie																																																									0	0	1		0	0	1	1	1			0	0	0	2022	0	0			nijmegen	1.896551724137931	55	0.4827586206896552	14	14.758620689655173	428	5.620689655172414	-0.1724137931034483	0.3793103448275862	-0.2427536231884058	2.0	60	1.0333333333333334	31	15.3	459	6.233333333333333	0.3333333333333333	0.8333333333333334	0.14814814814814814	0.16666666666666666	0.25	0.6369426751592356	0.15818639798488665	0.23727959697732998	0.6045340050377834	0.05360934182590227	0.75	0.0	-0.20000000000000018	-0.008480268681780007	-0.03240867012145221	-0.012720403022670024	1.5	0.3925	3.821656050955414	0.06247459005285272	1.96	0.026072772238153963				0	Unknown	Unknown	Normal	1.5	0.15	3.0	0.0	1.5	0.15	3.0	0.0	0.3	0.35	0.25	0.1	1.5	0.3	0.35	0.25	0.1	1.5	0.0	0.0	0.0	-0.8315627136760465	-0.8872358522376662	0.055673138561619706	0.0	0.0	0.3	0.3	0.2	0.2	-0.5	-0.5	5.0	5.0	0.0	1.5	1.0
2022-02-10	13:30	Excelsior	Utrecht	0	1	A	0	1	A	14	20	3	7	12	11	8	10	2	1	0	0	5.0	4.2	1.65	4.6	4.2	1.66	4.5	4.1	1.67	4.91	4.52	1.65	4.6	4.0	1.65	4.75	4.2	1.62	5.0	4.52	1.68	4.65	4.27	1.64	1.47	2.6	1.5	2.7	1.5	2.82	1.47	2.63	0.75	2.08	1.82	2.11	1.8	2.11	1.85	2.04	1.8	5.5	4.33	1.57	4.8	4.4	1.61	4.6	4.3	1.63	5.29	4.71	1.59	5.0	4.2	1.57	5.0	4.4	1.55	5.5	4.75	1.64	4.96	4.5	1.59	1.4	2.87	1.43	2.95	1.48	3.12	1.39	2.91	1.0	1.99	1.91	1.97	1.93	2.03	2.02	1.91	1.93	eredivisie																																																									0	1	0	Utrecht	0	1	0	0	3		3.0	0	0	0	2022	0	3		1.0	excelsior	1.0	23	0.34782608695652173	8	13.478260869565217	310	4.521739130434782	-0.21739130434782608	-0.391304347826087	-0.018518518518518528	1.9285714285714286	54	0.6785714285714286	19	12.964285714285714	363	4.535714285714286	0.03571428571428571	0.42857142857142855	0.17592592592592593	0.2	0.23809523809523808	0.6060606060606061	0.19154228855721392	0.2280265339966832	0.5804311774461027	0.04415584415584428	0.40000000000000036	0.0	0.20000000000000018	-0.008457711442786092	-0.025629428614503347	-0.01006870409855487	1.1904761904761905	0.3928571428571428	3.0303030303030303	0.06488749345892186	2.035	0.030219780219780112				0	Unknown	Unknown	Normal	1.5	0.15	3.0	0.0	6.449999999999999	0.1532567049808429	4.0	1.0	0.3	0.35	0.25	0.1	1.5	0.0015805221687362186	0.010194367988348604	0.10356203580163645	0.8846630740412788	0.20773656508284177	0.0	1.5	-1.5	-0.8315627136760465	0.43297109589198113	-1.2645338095680276	0.0	1.0	0.3	0.0	0.2	0.0	-0.7	-0.8	5.0	3.0	2.0	1.5	1.0
2022-03-09	17:45	Twente	PSV Eindhoven	2	1	H	2	0	H	18	13	5	6	8	17	4	6	1	2	0	0	3.75	3.75	1.9	3.8	3.7	1.9	3.65	3.65	1.95	3.96	3.91	1.92	3.6	3.7	1.91	3.7	3.8	1.9	4.0	4.0	1.95	3.75	3.83	1.89	1.53	2.4	1.6	2.45	1.6	2.55	1.54	2.44	0.5	1.99	1.91	1.99	1.92	2.02	1.95	1.94	1.91	4.33	3.8	1.75	4.33	4.0	1.75	4.3	3.85	1.75	4.43	4.04	1.79	4.6	3.75	1.7	4.2	4.0	1.73	4.7	4.1	1.79	4.43	3.94	1.74	1.57	2.35	1.6	2.46	1.64	2.46	1.57	2.36	0.75	1.87	2.03	1.9	2.01	1.96	2.04	1.89	1.95	eredivisie																																																									1	0	0	Twente	1	0	0	3	0	3.0	0.0	0	0	0	2022	3	0	58.0	58.0	twente	2.740740740740741	74	1.2592592592592593	34	21.962962962962962	593	7.7407407407407405	0.8888888888888888	1.8888888888888888	0.5333333333333333	2.5806451612903225	80	1.0	31	17.806451612903224	552	6.870967741935484	0.5161290322580645	1.5161290322580645	0.32666666666666666	0.26666666666666666	0.26666666666666666	0.5263157894736842	0.25165562913907286	0.25165562913907286	0.4966887417218543	0.05964912280701751	0.1499999999999999	-0.010000000000000009	0.04999999999999982	-0.015011037527593807	-0.029627047751829894	-0.015011037527593807	1.0	0.5066666666666666	1.973684210526316	0.0702614379084967	1.9649999999999999	0.026072772238153963				0	Unknown	Unknown	Normal	3.8999999999999995	0.16574585635359115	3.0	3.0	2.95	0.0	0.0	-3.0	0.020241911445804398	0.07894345463863713	0.3540613940542876	0.5467532398612709	1.5797769494217981	0.05233970594843238	0.15440213254787552	0.4516905719244308	0.34156758957926137	1.1393744116384896	1.5	0.0	1.5	0.7307672332304652	-0.8872358522376662	1.6180030854681315	3.0	-3.0	1.0	0.0	0.0	1.0	1.0	-1.0	3.0	0.0	3.0	1.0	0.0
2022-03-09	15:30	Ajax	Cambuur	4	0	H	2	0	H	22	5	8	3	7	7	9	1	1	2	0	0	1.1	11.0	23.0	1.1	11.0	26.0	1.09	11.0	20.0	1.12	11.27	17.85	1.08	9.5	26.0	1.07	11.0	26.0	1.12	12.0	27.0	1.1	10.66	21.4	1.16	5.0	1.19	4.86	1.19	5.25	1.17	4.72	-2.75	1.89	2.01	1.85	2.02	1.94	2.04	1.86	1.98	1.09	12.0	21.0	1.09	12.0	26.0	1.08	12.0	21.0	1.1	12.43	22.23	1.07	11.0	21.0	1.06	12.0	23.0	1.11	14.1	27.0	1.09	11.61	22.12	1.14	5.5	1.18	5.23	1.19	5.75	1.16	5.04	-3.0	2.02	1.88	1.97	1.9	2.1	1.9	1.99	1.85	eredivisie																																																									1	0	0	Ajax	1	0	0	3	0	1.0		0	0	0	2022	1	0	58.0		ajax	2.0606060606060606	68	1.0606060606060606	35	17.636363636363637	582	5.909090909090909	0.696969696969697	1.0606060606060606	0.3492063492063492	0.3333333333333333	2	0.16666666666666666	1	8.666666666666666	52	3.6666666666666665	-1.0	-2.0	0.0	0.9090909090909091	0.09090909090909091	0.043478260869565216	0.8712121212121212	0.08712121212121213	0.041666666666666664	0.04347826086956519	0.020000000000000018	-3.0	1.5	-0.037878787878787845	-0.0018115942028985518	-0.0037878787878787845	0.1	2.090909090909091	0.04782608695652174	0.0620689655172415	3.08	0.026612966911474523				0	Unknown	Unknown	Normal	4.75	0.04329004329004329	1.0	0.0	1.5	0.15	3.0	0.0	0.008651695203120634	0.041095552214823014	0.2521383359846955	0.6981144165973608	1.3487641139357802	0.3	0.35	0.25	0.1	1.5	0.5	0.0	0.5	-0.31078606470720926	-0.8872358522376662	0.576449787530457	0.0	0.0	0.0	0.3	0.0	0.2	-0.8	-0.7	1.0	5.0	-4.0	0.0	1.0
2022-03-09	20:00	Go Ahead Eagles	Feyenoord	3	4	A	2	2	D	10	23	4	11	11	9	6	12	0	0	0	0	8.0	4.75	1.4	7.5	4.8	1.4	7.0	4.9	1.4	7.52	5.38	1.4	8.0	4.75	1.36	8.0	4.8	1.36	8.0	5.38	1.42	7.41	4.99	1.39	1.53	2.4	1.57	2.52	1.57	2.57	1.53	2.44	1.5	1.77	2.02	1.82	2.08	1.84	2.13	1.79	2.05	9.5	5.25	1.3	9.25	5.5	1.31	8.25	5.5	1.33	9.05	5.71	1.34	9.5	5.0	1.3	9.5	5.5	1.29	9.7	5.75	1.36	8.81	5.45	1.32	1.53	2.4	1.56	2.55	1.56	2.61	1.51	2.5	1.5	1.96	1.94	1.99	1.92	2.0	1.99	1.94	1.9	eredivisie																																																									0	1	0	Feyenoord	0	0	1	0	3		1.0	0	0	0	2022	0	1		27.0	go_ahead_eagles	1.7096774193548387	53	0.7741935483870968	24	15.096774193548388	468	6.193548387096774	-0.0967741935483871	0.12903225806451613	0.15789473684210525	2.0	60	1.0333333333333334	31	15.3	459	6.233333333333333	0.3333333333333333	0.8333333333333334	0.14814814814814814	0.125	0.21052631578947367	0.7142857142857143	0.11906893464637423	0.20053715308863027	0.6803939122649956	0.04981203007518786	0.0	0.039999999999999813	0.0	-0.005931065353625767	-0.03389180202071873	-0.009989162700843407	1.6842105263157894	0.29473684210526313	5.714285714285714	0.0702614379084967	1.9649999999999999	0.06002125636292455				0	Unknown	Unknown	Normal	1.5	0.15	3.0	0.0	4.7	0.05235602094240837	1.0	0.0	0.3	0.35	0.25	0.1	1.5	0.009095277101695816	0.04274780237797034	0.25784049467645787	0.690316425843876	1.166994261311666	0.0	0.5	-0.5	-0.8315627136760465	-0.4471668695277838	-0.3843958441482627	0.0	0.0	0.3	0.0	0.2	0.0	-0.7	-0.8	5.0	1.0	4.0	1.5	0.0
2022-03-09	19:00	Sparta Rotterdam	Volendam	4	0	H	1	0	H	15	18	9	6	5	0	5	11	0	0	0	0	1.65	3.8	5.5	1.6	4.1	5.25	1.6	3.95	4.6	1.62	4.55	5.14	1.6	4.0	5.25	1.57	4.2	5.25	1.65	4.6	5.5	1.6	4.23	5.1	1.66	2.15	1.64	2.35	1.68	2.4	1.62	2.26	-1.0	2.08	1.73	2.01	1.9	2.08	1.93	2.0	1.85	1.72	3.75	4.75	1.68	4.0	4.6	1.63	4.0	5.0	1.73	4.13	4.74	1.7	3.9	4.4	1.67	4.0	4.6	1.77	4.2	5.0	1.7	4.03	4.61	1.6	2.3	1.62	2.41	1.64	2.43	1.59	2.33	-0.75	1.87	2.03	1.92	1.99	1.92	2.03	1.88	1.96	eredivisie																																																									1	0	0	Sparta Rotterdam	1	0	0	3	0		0.0	0	0	0	2022	0	0		27.0	sparta_rotterdam	1.3571428571428572	38	0.5	14	14.857142857142858	416	5.107142857142857	0.10714285714285714	0.0	0.2156862745098039	0.9583333333333334	23	0.5	12	9.166666666666666	220	3.4166666666666665	-0.875	-1.375	-0.7	0.6060606060606061	0.2631578947368421	0.18181818181818182	0.5766312594840667	0.25037936267071315	0.17298937784522	0.0510366826156301	0.04999999999999982	0.25	-0.20000000000000018	-0.029429346576539395	-0.008828803972961818	-0.012778532066128945	0.4342105263157895	1.4473684210526316	0.3	0.06752591762398441	1.9049999999999998	0.058803912850155626				0	Unknown	Unknown	Normal	1.5	0.15	3.0	0.0	2.1	0.0	0.0	-2.0	0.3	0.35	0.25	0.1	1.5	0.1224564282529819	0.257158499331262	0.45902792130630266	0.16135715110945337	0.44391914106486924	0.0	0.0	0.0	-0.8315627136760465	-0.8872358522376662	0.055673138561619706	0.0	-2.0	0.3	0.0	0.2	1.0	0.3	-0.8	5.0	0.0	5.0	1.5	0.0
2022-04-09	13:30	Heerenveen	Nijmegen	0	0	D	0	0	D	11	12	2	2	8	18	1	5	1	1	1	0	1.9	3.6	4.0	1.98	3.5	3.7	2.0	3.45	3.65	1.96	3.73	3.97	1.95	3.5	3.75	1.9	3.6	3.75	2.0	3.76	4.0	1.95	3.59	3.77	1.75	2.05	1.88	2.02	1.89	2.09	1.79	2.0	-0.5	1.95	1.95	1.96	1.94	2.0	1.98	1.95	1.89	1.7	3.8	5.0	1.73	3.7	4.75	1.73	3.7	4.5	1.72	3.93	5.14	1.73	3.6	4.75	1.7	3.75	4.75	1.8	3.93	5.14	1.73	3.76	4.76	1.9	1.95	1.9	1.99	1.97	2.02	1.85	1.94	-0.75	1.89	2.01	1.93	1.98	1.97	2.03	1.93	1.91	eredivisie																																																									0	0	1		0	0	1	1	1		1.0	0	0	0	2022	0	1		90.0	heerenveen	1.7692307692307692	46	1.0384615384615385	27	15.384615384615385	400	5.5	0.19230769230769232	0.34615384615384615	0.03571428571428571	1.3	39	0.36666666666666664	11	12.333333333333334	370	4.666666666666667	-0.16666666666666666	0.13333333333333333	-0.04761904761904761	0.5263157894736842	0.2777777777777778	0.25	0.49930651872399445	0.2635228848821082	0.23717059639389737	0.05409356725146197	-0.050000000000000044	0.25	0.10000000000000009	-0.02700927074968973	-0.01282940360610263	-0.014254892895669613	0.5277777777777778	1.1111111111111112	0.475	0.059233449477351874	1.9	0.025641025641025772				0	Unknown	Unknown	Normal	1.5	0.15	3.0	0.0	1.1	0.24390243902439027	1.0	0.0	0.3	0.35	0.25	0.1	1.5	0.33287108369807955	0.3661581920678875	0.27522890770436215	0.02574181652967078	0.01998249166126717	0.0	0.5	-0.5	-0.8315627136760465	-0.4471668695277838	-0.3843958441482627	0.0	0.0	0.3	0.0	0.2	0.0	-0.7	-0.8	5.0	1.0	4.0	1.5	0.0
2022-04-09	11:15	Waalwijk	Excelsior	5	2	H	1	2	A	22	10	9	4	14	6	8	3	1	1	0	0	1.7	4.0	4.75	1.71	4.1	4.4	1.73	4.0	4.3	1.71	4.26	4.73	1.7	4.0	4.4	1.67	4.0	4.5	1.75	4.3	4.8	1.7	4.13	4.47	1.57	2.35	1.59	2.48	1.6	2.5	1.56	2.39	-0.75	1.89	2.01	1.9	2.01	1.91	2.02	1.88	1.97	1.75	4.0	4.5	1.77	4.1	4.0	1.75	3.95	4.0	1.78	4.15	4.43	1.75	3.8	4.2	1.73	4.0	4.2	1.81	4.2	4.5	1.75	4.06	4.23	1.53	2.4	1.54	2.59	1.56	2.66	1.51	2.5	-0.75	1.98	1.92	1.98	1.93	2.01	1.95	1.95	1.9	eredivisie																																																									1	0	0	Waalwijk	0	1	0	3	0	1.0		0	0	0	2022	1	0	58.0		waalwijk	1.76	44	0.84	21	13.2	330	4.56	0.28	0.44	0.19642857142857142	1.2272727272727273	27	0.6818181818181818	15	9.545454545454545	210	4.090909090909091	-0.5454545454545454	-1.4545454545454546	-0.5625	0.5882352941176471	0.25	0.21052631578947367	0.5608856088560886	0.23837638376383766	0.2007380073800738	0.04876160990712064	0.0	0.34999999999999964	0.0	-0.027349685261558454	-0.00978830840939987	-0.011623616236162343	0.425	1.1875	0.35789473684210527	0.06247459005285272	1.96	0.026612966911474523				0	Unknown	Unknown	Normal	3.05	0.15267175572519084	2.0	0.0	1.5	0.15	3.0	0.0	0.04735892439114093	0.14444471939297984	0.44422769743316015	0.3639686587827191	0.6969773935059604	0.3	0.35	0.25	0.1	1.5	0.5	0.0	0.5	-0.31078606470720926	-0.8872358522376662	0.576449787530457	0.0	0.0	0.0	0.3	0.0	0.2	-0.8	-0.7	1.0	5.0	-4.0	0.0	1.0
2022-04-09	13:30	FC Emmen	AZ Alkmaar	0	3	A	0	3	A	11	15	2	7	5	10	7	1	0	2	0	0	4.0	3.75	1.9	3.8	3.7	1.9	3.65	3.6	1.95	3.98	3.77	1.95	3.75	3.6	1.91	3.75	3.6	1.9	4.1	3.89	1.97	3.8	3.69	1.92	1.61	2.25	1.75	2.16	1.75	2.29	1.68	2.15	0.5	1.99	1.91	1.95	1.95	1.99	1.98	1.92	1.93	4.2	3.5	1.95	3.9	3.6	1.9	3.75	3.45	1.95	4.06	3.64	1.97	3.8	3.4	1.95	3.8	3.5	1.93	4.49	3.74	2.0	3.93	3.56	1.93	1.93	1.93	1.93	1.96	2.01	2.03	1.89	1.9	0.5	1.94	1.96	1.93	1.97	1.98	2.01	1.9	1.94	eredivisie																																																									0	1	0	AZ Alkmaar	0	1	0	0	3	1.0	3.0	0	0	0	2022	1	3	58.0	89.0	fc_emmen	0.875	7	0.25	2	11.0	88	3.375	-0.75	-0.625	-0.6666666666666666	1.3103448275862069	38	0.7931034482758621	23	12.862068965517242	373	5.206896551724138	0.3793103448275862	0.10344827586206896	0.4230769230769231	0.25	0.26666666666666666	0.5263157894736842	0.23969722455845252	0.25567703952901605	0.5046257359125316	0.04298245614035068	0.25	-0.010000000000000009	0.1499999999999999	-0.01030277544154748	-0.02169005356115261	-0.010989627137650615	1.0666666666666667	0.5066666666666666	2.1052631578947367	0.06556245686680473	1.9300000000000002	0.026072772238153963				0	Unknown	Unknown	Normal	2.25	0.0	0.0	0.0	3.75	0.3053435114503817	4.0	3.0	0.10539922456186433	0.23714825526419475	0.4668856275513834	0.19056689262255744	1.826386961158336	0.023517745856009107	0.08819154696003417	0.37205808873764407	0.5162326184463126	1.2395951602839488	0.5	1.5	-1.0	-0.31078606470720926	0.43297109589198113	-0.7437571605991904	0.0	3.0	1.0	0.0	1.0	0.0	0.0	0.0	1.0	3.0	-2.0	0.0	1.0
2022-04-09	15:45	Groningen	Vitesse	0	1	A	0	0	D	7	19	0	5	7	10	3	8	1	2	0	0	2.5	3.6	2.7	2.37	3.5	2.8	2.4	3.45	2.8	2.45	3.59	2.94	2.4	3.4	2.8	2.38	3.5	2.75	2.5	3.62	2.94	2.39	3.51	2.82	1.66	2.15	1.79	2.1	1.79	2.15	1.71	2.1	-0.25	2.1	1.7	2.12	1.81	2.13	1.85	2.07	1.78	2.5	3.1	2.9	2.45	3.4	2.85	2.45	3.25	2.8	2.49	3.47	2.96	2.45	3.2	2.88	2.4	3.4	2.8	2.59	3.55	3.0	2.46	3.36	2.85	1.93	1.93	1.93	1.95	1.99	2.01	1.89	1.9	0.0	1.77	2.14	1.79	2.14	1.86	2.2	1.79	2.08	eredivisie																																																									0	1	0	Vitesse	0	0	1	0	3	0.0	0.0	0	0	0	2022	0	0	89.0	89.0	groningen	1.4761904761904763	31	0.9047619047619048	19	14.19047619047619	298	5.333333333333333	0.38095238095238093	0.14285714285714285	0.4375	1.1666666666666667	21	0.5	9	13.777777777777779	248	4.944444444444445	-0.3888888888888889	-0.8333333333333334	-0.5	0.4	0.2777777777777778	0.37037037037037035	0.38162544169611307	0.26501766784452296	0.3533568904593639	0.04814814814814827	0.10000000000000009	-0.09999999999999964	0.20000000000000018	-0.018374558303886956	-0.017013479911006435	-0.012760109933254826	0.6944444444444444	0.75	0.9259259259259258	0.06752591762398441	1.9049999999999998	0.06442577030812324				0	Unknown	Unknown	Normal	2.1	0.07092198581560284	1.0	-3.0	1.15	0.0	0.0	-3.0	0.1224564282529819	0.257158499331262	0.45902792130630266	0.16135715110945337	0.538261257864835	0.3166367693790533	0.3641322847859112	0.2896368881901269	0.029594057644908633	0.2646881813853613	0.0	0.0	0.0	-0.8315627136760465	-0.8872358522376662	0.055673138561619706	-3.0	-3.0	0.0	0.0	0.0	1.0	0.0	-1.0	0.0	0.0	0.0	0.0	0.0
2022-04-11	19:00	Cambuur	Nijmegen	0	1	A	0	1	A	16	23	6	11	12	9	5	6	1	0	0	0	2.62	3.4	2.62	2.65	3.3	2.65	2.55	3.3	2.6	2.7	3.52	2.68	2.62	3.2	2.62	2.63	3.3	2.6	2.75	3.55	2.7	2.63	3.38	2.63	1.98	1.88	2.01	1.88	2.03	1.9	1.95	1.85	0.0	1.96	1.94	1.96	1.94	1.98	1.96	1.92	1.92	2.5	3.4	2.8	2.5	3.3	2.8	2.45	3.3	2.8	2.57	3.5	2.83	2.45	3.25	2.8	2.5	3.3	2.7	2.63	3.55	2.95	2.49	3.38	2.79	1.98	1.88	2.02	1.88	2.02	1.94	1.94	1.85	0.0	1.85	2.05	1.86	2.05	1.92	2.13	1.81	2.04	eredivisie																																																									0	1	0	Nijmegen	0	1	0	0	3	3.0	2.0	0	0	0	2022	3	2	91.0	2.0	cambuur	0.8888888888888888	8	0.2222222222222222	2	12.333333333333334	111	3.7777777777777777	-0.8888888888888888	-1.1111111111111112	0.16666666666666666	1.3	39	0.36666666666666664	11	12.333333333333334	370	4.666666666666667	-0.16666666666666666	0.13333333333333333	-0.04761904761904761	0.38167938931297707	0.29411764705882354	0.38167938931297707	0.3609341825902335	0.2781316348195329	0.3609341825902335	0.05747642568477773	0.0	0.0	0.19999999999999973	-0.020745206722743548	-0.020745206722743548	-0.015986012239290637	0.7705882352941177	0.7705882352941177	1.0	0.03696539866752646	1.93	0.025667999158426325				0	Unknown	Unknown	Normal	2.5	0.2702702702702703	3.0	3.0	1.5	0.12195121951219513	1.0	0.0	0.0820849986238988	0.205212496559747	0.47027863794942026	0.24242386686693396	0.8981924718002672	0.2412198514603573	0.32516928429544706	0.358091062637947	0.0755198016062486	0.671305939960362	1.5	0.6666666666666666	0.8333333333333334	0.7307672332304652	-0.007097886817901323	0.7378651200483666	3.0	0.0	1.0	0.5	0.0	0.5	0.5	-0.5	3.0	2.0	1.0	1.0	0.0
2022-05-08	19:00	Heerenveen	Sparta Rotterdam	0	0	D	0	0	D	11	13	2	1	5	8	3	6	1	1	0	0	1.95	3.5	3.8	1.95	3.4	3.9	1.95	3.45	3.8	1.95	3.57	4.24	1.91	3.4	3.9	1.9	3.5	4.0	1.98	3.65	4.24	1.93	3.5	3.96	2.0	1.85	2.02	1.87	2.04	1.88	1.98	1.82	-0.5	1.95	1.95	1.95	1.95	1.97	1.96	1.93	1.89	1.8	3.6	4.33	1.88	3.5	4.1	1.95	3.5	3.9	1.86	3.64	4.58	1.88	3.4	4.2	1.85	3.6	4.1	1.95	3.72	4.58	1.86	3.53	4.16	2.0	1.85	2.01	1.88	2.04	1.9	1.96	1.83	-0.5	1.86	2.04	1.86	2.05	1.91	2.05	1.87	1.96	eredivisie																																																									0	0	1		0	0	1	1	1	1.0	1.0	0	0	0	2022	1	1	29.0	87.0	heerenveen	1.7692307692307692	46	1.0384615384615385	27	15.384615384615385	400	5.5	0.19230769230769232	0.34615384615384615	0.03571428571428571	1.2758620689655173	37	0.4482758620689655	13	11.379310344827585	330	4.137931034482759	-0.2413793103448276	-0.1724137931034483	-0.2	0.5128205128205129	0.2857142857142857	0.2631578947368421	0.4830216088614491	0.26911203922280735	0.24786635191574358	0.06169269327164062	0.040000000000000036	-0.10000000000000009	0.10000000000000009	-0.02979890395906376	-0.015291542821098514	-0.016602246491478345	0.5571428571428572	1.0857142857142856	0.5131578947368421	0.04054054054054035	1.925	0.025641025641025772				0	Unknown	Unknown	Normal	1.8	0.0	0.0	0.0	3.5999999999999996	0.13245033112582782	2.0	0.0	0.16529888822158653	0.2975379987988558	0.4284547182703524	0.10870839470920524	1.2258051088183173	0.02732372244729257	0.09836540081025322	0.38952698720860285	0.48478388953385143	0.8781309069028655	0.5	0.5	0.0	-0.31078606470720926	-0.4471668695277838	0.13638080482057452	0.0	0.0	1.0	0.0	1.0	0.0	0.0	0.0	1.0	1.0	0.0	0.0	0.0
2022-05-11	20:00	Excelsior	Heerenveen	0	1	A	0	0	D	11	8	1	4	10	9	7	2	0	1	0	0	4.33	4.0	1.75	3.9	3.9	1.82	3.85	3.9	1.8	4.07	4.24	1.83	4.0	3.9	1.78	3.9	3.9	1.8	4.33	4.24	1.87	3.93	4.03	1.8	1.6	2.3	1.63	2.39	1.65	2.41	1.6	2.32	0.75	1.86	2.04	1.87	2.05	1.88	2.06	1.83	2.01	3.4	3.8	2.0	3.4	3.8	2.0	3.35	3.7	2.05	3.58	4.01	2.0	3.4	3.6	2.0	3.4	3.8	1.95	3.71	4.01	2.05	3.45	3.86	1.98	1.53	2.4	1.56	2.56	1.56	2.6	1.53	2.46	0.5	1.88	2.02	1.91	2.0	1.91	2.04	1.85	1.99	eredivisie																																																									0	1	0	Heerenveen	0	0	1	0	3	0.0	1.0	0	0	0	2022	0	1	90.0	90.0	excelsior	1.0	23	0.34782608695652173	8	13.478260869565217	310	4.521739130434782	-0.21739130434782608	-0.391304347826087	-0.018518518518518528	1.1666666666666667	35	0.4666666666666667	14	11.866666666666667	356	3.8666666666666667	-0.26666666666666666	-0.7666666666666667	0.13333333333333333	0.23094688221709006	0.25	0.5714285714285714	0.21945293518300807	0.23755780233560622	0.5429892624813857	0.05237545364566154	0.33000000000000007	-0.030000000000000027	0.10000000000000009	-0.011493947034081992	-0.028439308947185715	-0.012442197664393778	1.0825	0.4375	2.474285714285714	0.05978260869565233	1.95	0.027830487033523088				0	Unknown	Unknown	Normal	2.45	0.0	0.0	-1.0	1.15	0.0	0.0	0.0	0.0862935864993705	0.2114192869234577	0.470496004774245	0.23179112180292671	0.40989535969011504	0.3166367693790533	0.3641322847859112	0.2896368881901269	0.029594057644908633	0.7272959723089936	0.0	0.5	-0.5	-0.8315627136760465	-0.4471668695277838	-0.3843958441482627	-1.0	0.0	0.0	1.0	1.0	1.0	0.0	1.0	0.0	1.0	-1.0	0.0	0.0
2022-05-11	17:45	For Sittard	FC Emmen	0	1	A	0	0	D	14	15	1	6	10	8	8	3	2	1	0	0	2.2	3.5	3.2	2.2	3.5	3.1	2.2	3.4	3.1	2.25	3.64	3.24	2.2	3.4	3.1	2.2	3.4	3.13	2.27	3.67	3.25	2.2	3.48	3.13	1.83	2.02	1.83	2.05	1.87	2.06	1.82	1.98	-0.25	1.95	1.95	1.95	1.95	1.95	1.97	1.91	1.92	2.37	3.4	3.0	2.4	3.3	2.95	2.4	3.25	2.95	2.47	3.38	3.06	2.35	3.2	3.0	2.38	3.3	2.9	2.47	3.6	3.24	2.38	3.34	2.98	2.05	1.8	2.07	1.83	2.11	1.9	2.0	1.8	-0.25	2.11	1.79	2.12	1.81	2.13	1.84	2.06	1.8	eredivisie																																																									0	1	0	FC Emmen	0	0	1	0	3	3.0		0	0	0	2022	3	0	90.0		for_sittard	1.4285714285714286	50	0.6857142857142857	24	13.8	483	4.457142857142857	0.4	0.02857142857142857	0.574074074074074	1.0	7	0.14285714285714285	1	11.714285714285714	82	3.857142857142857	-0.5714285714285714	-1.1428571428571428	-0.8	0.45454545454545453	0.2857142857142857	0.3125	0.4317656129529684	0.27139552814186585	0.2968388589051658	0.05275974025974017	0.0	0.10000000000000009	0.10000000000000009	-0.02277984159248614	-0.015661141094834186	-0.014318757572419849	0.6285714285714287	0.9142857142857144	0.6875	0.041497592382188975	1.925	0.025641025641025772				0	Unknown	Unknown	Normal	4.25	0.14291894564444857	5.0	0.5	1.5	0.15	3.0	0.0	0.014425007652414844	0.060984132360361126	0.3114055171457336	0.6131853428414904	0.645391807681338	0.3	0.35	0.25	0.1	1.5	1.0	0.0	1.0	0.7307672332304652	-0.8872358522376662	1.6180030854681315	1.0	0.0	0.5	0.3	0.0	0.2	-0.30000000000000004	-0.7	3.0	5.0	-2.0	1.0	1.0
2022-05-11	15:30	Vitesse	Sparta Rotterdam	0	4	A	0	0	D	14	11	5	6	6	15	6	2	1	0	0	0	1.85	3.6	4.2	1.88	3.6	4.0	1.9	3.5	3.9	1.93	3.63	4.26	1.88	3.4	4.2	1.85	3.5	4.1	1.93	3.7	4.35	1.89	3.57	4.03	1.98	1.88	2.03	1.86	2.04	1.93	1.93	1.86	-0.5	1.9	2.0	1.93	1.98	1.93	2.03	1.89	1.94	2.05	3.4	3.6	2.05	3.4	3.6	2.05	3.35	3.55	2.12	3.5	3.7	2.05	3.3	3.6	2.0	3.4	3.6	2.12	3.55	3.7	2.06	3.42	3.59	2.05	1.75	2.09	1.8	2.11	1.89	2.01	1.78	-0.5	2.08	1.82	2.11	1.8	2.12	1.86	2.06	1.79	eredivisie																																																									0	1	0	Sparta Rotterdam	0	0	1	0	3		2.0	0	0	0	2022	0	2		3.0	vitesse	0.8571428571428571	12	0.5	7	13.214285714285714	185	4.285714285714286	-0.21428571428571427	-1.1428571428571428	0.25	1.2758620689655173	37	0.4482758620689655	13	11.379310344827585	330	4.137931034482759	-0.2413793103448276	-0.1724137931034483	-0.2	0.5405405405405405	0.2777777777777778	0.23809523809523808	0.5116751269035532	0.2629441624365482	0.22538071065989848	0.05641355641355639	-0.029999999999999805	0.0	0.20000000000000018	-0.028865413636987247	-0.012714527435339601	-0.014833615341229567	0.513888888888889	1.1666666666666667	0.44047619047619047	0.03696539866752646	1.93	0.02631578947368407				0	Unknown	Unknown	Normal	1.5	0.15	3.0	0.0	2.625	0.06622516556291391	2.0	0.0	0.3	0.35	0.25	0.1	1.5	0.10968681553402335	0.20762387501724877	0.39737014563955253	0.2853191638091754	1.0477217068492242	0.0	0.6666666666666666	-0.6666666666666666	-0.8315627136760465	-0.007097886817901323	-0.8244648268581452	0.0	0.0	0.3	0.5	0.2	0.5	-0.2	-0.30000000000000004	5.0	2.0	3.0	1.5	0.0
2022-06-08	20:00	Waalwijk	Utrecht	2	2	D	2	0	H	11	11	3	3	8	10	3	7	1	0	0	0	3.5	3.8	1.95	3.7	3.5	1.98	3.6	3.55	2.0	3.74	3.86	1.99	3.75	3.5	1.95	3.75	3.6	1.93	3.85	3.86	2.0	3.67	3.65	1.96	1.83	2.02	1.81	2.07	1.85	2.09	1.78	2.03	0.5	1.93	1.97	1.92	1.99	1.95	1.99	1.88	1.95	3.6	3.8	1.9	3.9	3.7	1.9	3.7	3.65	1.95	4.09	3.91	1.89	3.75	3.6	1.91	3.8	3.6	1.9	4.09	3.91	1.98	3.8	3.72	1.91	1.75	2.05	1.81	2.08	1.84	2.11	1.78	2.03	0.5	1.98	1.92	2.02	1.89	2.02	1.95	1.93	1.9	eredivisie																																																									0	0	1		1	0	0	1	1	4.0	6.0	0	0	0	2022	4	6	60.0	118.0	waalwijk	1.76	44	0.84	21	13.2	330	4.56	0.28	0.44	0.19642857142857142	1.9285714285714286	54	0.6785714285714286	19	12.964285714285714	363	4.535714285714286	0.03571428571428571	0.42857142857142855	0.17592592592592593	0.2857142857142857	0.2631578947368421	0.5128205128205129	0.2691120392228073	0.24786635191574355	0.483021608861449	0.06169269327164084	-0.25	0.0	0.2999999999999998	-0.0166022464914784	-0.02979890395906387	-0.015291542821098542	0.9210526315789475	0.5131578947368421	1.794871794871795	0.041497592382188975	1.925	0.02574892822387631				0	Unknown	Unknown	Normal	4.199999999999999	0.18945804980829678	7.0	1.5	5.449999999999999	0.10150397438096871	5.0	1.0	0.026053537695276203	0.08492366361991563	0.3166803486364525	0.5723424500483557	0.7109485992471702	0.006629544569565836	0.031081995503304184	0.19535792849355627	0.7669305314335737	0.5768144885994413	1.3333333333333333	2.0	-0.6666666666666667	1.2515438821993023	1.7531780440216285	-0.5016341618223261	3.0	2.0	0.0	0.5	0.0	0.0	-1.0	-0.5	4.0	6.0	-2.0	1.0	2.0
2022-06-08	19:00	PSV Eindhoven	FC Emmen	4	1	H	3	0	H	11	6	6	2	6	12	3	6	0	1	0	0	1.22	7.5	12.0	1.2	6.75	11.5	1.2	7.0	12.0	1.23	7.13	12.09	1.2	6.0	15.0	1.18	6.5	15.0	1.23	7.5	15.0	1.21	6.73	12.84	1.47	2.6	1.5	2.67	1.53	2.8	1.47	2.64	-2.0	2.04	1.86	2.07	1.83	2.07	1.89	2.01	1.83	1.2	8.0	12.0	1.2	7.0	11.0	1.17	7.25	15.0	1.2	7.58	14.61	1.17	6.5	17.0	1.15	7.0	17.0	1.21	8.58	17.0	1.18	7.33	14.23	1.47	2.6	1.51	2.64	1.52	2.72	1.48	2.62	-2.0	2.0	1.9	1.97	1.92	2.01	2.01	1.9	1.94	eredivisie																																																									1	0	0	PSV Eindhoven	1	0	0	3	0		3.0	0	0	0	2022	0	3		28.0	psv_eindhoven	3.2962962962962963	89	1.6296296296296295	44	20.296296296296298	548	8.25925925925926	1.1851851851851851	2.4444444444444446	0.8927536231884057	1.0	7	0.14285714285714285	1	11.714285714285714	82	3.857142857142857	-0.5714285714285714	-1.1428571428571428	-0.8	0.819672131147541	0.13333333333333333	0.08333333333333333	0.7909306617453205	0.12865805431057212	0.08041128394410757	0.03633879781420757	0.020000000000000018	-3.0	1.5	-0.028741469402220554	-0.0029220493892257587	-0.004675279022761214	0.16266666666666665	1.6	0.10166666666666667	0.06488749345892186	2.035	0.027830487033523088				0	Unknown	Unknown	Normal	1.5	0.15	3.0	0.0	3.5999999999999996	0.06622516556291391	1.0	1.0	0.3	0.35	0.25	0.1	1.5	0.02732372244729257	0.09836540081025322	0.38952698720860285	0.48478388953385143	1.4229038793723574	0.0	1.5	-1.5	-0.8315627136760465	0.43297109589198113	-1.2645338095680276	0.0	1.0	0.3	1.0	0.2	0.0	-0.7	0.19999999999999996	5.0	3.0	2.0	1.5	1.0
2022-06-08	17:45	Cambuur	Excelsior	0	2	A	0	2	A	27	7	8	4	9	5	10	2	1	2	0	0	1.85	4.0	3.8	1.87	3.7	3.9	1.9	3.7	3.7	1.94	4.01	3.77	1.91	3.7	3.6	1.9	3.75	3.7	1.94	4.03	3.9	1.9	3.82	3.71	1.57	2.35	1.63	2.39	1.63	2.45	1.58	2.34	-0.5	1.93	1.97	1.94	1.96	1.94	1.98	1.9	1.92	1.9	4.2	3.5	1.88	3.9	3.7	1.9	3.95	3.6	1.93	4.14	3.74	1.83	3.9	3.75	1.83	4.0	3.7	1.94	4.28	3.86	1.87	4.03	3.69	1.47	2.6	1.51	2.66	1.51	2.79	1.47	2.64	-0.5	1.94	1.96	1.93	1.98	1.96	2.03	1.87	1.96	eredivisie																																																									0	1	0	Excelsior	0	1	0	0	3	3.0	0.0	0	0	0	2022	3	0	58.0	60.0	cambuur	0.8888888888888888	8	0.2222222222222222	2	12.333333333333334	111	3.7777777777777777	-0.8888888888888888	-1.1111111111111112	0.16666666666666666	1.2272727272727273	27	0.6818181818181818	15	9.545454545454545	210	4.090909090909091	-0.5454545454545454	-1.4545454545454546	-0.5625	0.5405405405405405	0.25	0.2631578947368421	0.5129935875801552	0.2372595342558218	0.24974687816402294	0.053698435277382606	-0.05999999999999983	0.19999999999999973	0.2999999999999998	-0.02754695296038523	-0.013411016572819151	-0.012740465744178198	0.4625	0.95	0.48684210526315796	0.06247459005285272	1.96	0.02574892822387631				0	Unknown	Unknown	Normal	3.0999999999999996	0.13513513513513514	3.0	1.0	2.4	0.19801980198019803	2.0	-3.0	0.0534042625471191	0.14834477225000137	0.4241156538446218	0.3741353113582577	0.5356721621573992	0.09071795328941251	0.21772308789459002	0.47028186985231435	0.22127708896368314	0.24011817510047062	1.0	0.0	1.0	0.7307672332304652	-0.8872358522376662	1.6180030854681315	2.0	-3.0	0.5	0.0	0.5	0.0	-0.5	-0.5	3.0	0.0	3.0	1.0	0.0
2022-06-08	15:30	For Sittard	Ajax	2	3	A	1	0	H	13	15	2	4	15	12	3	10	3	0	0	0	13.0	6.5	1.2	12.5	7.25	1.19	11.0	7.0	1.2	11.26	7.35	1.23	13.0	6.5	1.2	13.0	7.0	1.18	14.0	7.4	1.24	11.93	6.87	1.21	1.36	3.1	1.36	3.27	1.4	3.27	1.35	3.11	2.0	1.93	1.97	1.94	1.94	1.99	2.0	1.91	1.92	9.5	5.75	1.25	9.25	6.25	1.26	10.0	6.75	1.25	11.28	6.8	1.24	11.0	6.0	1.24	11.0	6.5	1.22	11.5	7.1	1.27	10.42	6.62	1.24	1.33	3.4	1.36	3.24	1.38	3.74	1.33	3.23	1.75	2.04	1.86	2.01	1.88	2.08	1.89	2.01	1.84	eredivisie																																																									0	1	0	Ajax	1	0	0	0	3	3.0		0	0	0	2022	3	0	28.0		for_sittard	1.4285714285714286	50	0.6857142857142857	24	13.8	483	4.457142857142857	0.4	0.02857142857142857	0.574074074074074	2.0344827586206895	59	0.8620689655172413	25	12.96551724137931	376	5.517241379310345	0.3448275862068966	0.5172413793103449	0.30833333333333335	0.07692307692307693	0.15384615384615385	0.8333333333333334	0.07228915662650603	0.14457831325301207	0.783132530120482	0.0641025641025641	0.0	0.0	0.0	-0.0046339202965708925	-0.050200803212851364	-0.009267840593141785	2.0	0.1846153846153846	10.833333333333334	0.057874762808349134	2.23	0.02574892822387631				0	Unknown	Unknown	Normal	3.4166666666666665	0.09527929709629905	5.0	0.0	1.5	0.15	3.0	0.0	0.06754131958509162	0.14202422191966707	0.3480407799655276	0.4423936785297136	0.5965753368655519	0.3	0.35	0.25	0.1	1.5	0.75	0.0	0.75	0.7307672332304652	-0.8872358522376662	1.6180030854681315	0.0	0.0	0.3333333333333333	0.3	0.3333333333333333	0.2	-0.46666666666666673	-0.36666666666666675	3.0	5.0	-2.0	1.0	1.0
2022-06-11	15:45	Waalwijk	AZ Alkmaar	3	1	H	1	1	D	17	12	7	6	7	8	8	5	1	3	0	0	4.0	4.0	1.8	4.1	4.0	1.78	3.85	3.9	1.83	4.14	4.09	1.84	4.0	3.8	1.8	4.0	3.8	1.8	4.14	4.15	1.85	3.98	3.95	1.8	1.6	2.3	1.65	2.34	1.65	2.55	1.6	2.31	0.75	1.83	2.07	1.85	2.07	1.85	2.08	1.82	2.02	3.5	3.75	2.0	3.6	3.7	1.95	3.4	3.55	2.05	3.59	3.73	2.08	3.5	3.5	2.0	3.4	3.6	2.0	3.8	3.9	2.08	3.49	3.69	2.01	1.66	2.15	1.72	2.21	1.77	2.28	1.67	2.18	0.5	1.82	2.08	1.84	2.08	1.88	2.13	1.82	2.02	eredivisie																																																									1	0	0	Waalwijk	0	0	1	3	0	5.0	6.0	0	0	0	2022	5	6	3.0	63.0	waalwijk	1.76	44	0.84	21	13.2	330	4.56	0.28	0.44	0.19642857142857142	1.3103448275862069	38	0.7931034482758621	23	12.862068965517242	373	5.206896551724138	0.3793103448275862	0.10344827586206896	0.4230769230769231	0.25	0.25	0.5555555555555556	0.23684210526315788	0.23684210526315788	0.5263157894736842	0.05555555555555558	0.0	0.0	0.20000000000000018	-0.013157894736842118	-0.0292397660818714	-0.013157894736842118	1.0	0.45	2.2222222222222223	0.05978260869565233	1.95	0.029539874871307603				0	Unknown	Unknown	Normal	3.516666666666666	0.1863654265989246	9.0	1.0	3.8499999999999996	0.2520095040695617	7.0	3.0	0.05619707772134979	0.1400960888176166	0.36517619350408764	0.438530639956946	0.8762317208751246	0.02138622381569802	0.08212380948640627	0.3600231541130552	0.5364668125848404	1.2767688312940941	1.25	2.0	-0.75	1.7723205311681396	1.7531780440216285	0.019142487146511122	3.0	6.0	0.0	0.5	0.0	0.0	-1.0	-0.5	5.0	6.0	-1.0	1.0	2.0
2022-06-11	13:30	Twente	Go Ahead Eagles	1	1	D	1	0	H	27	13	6	2	12	10	6	5	4	2	0	0	1.36	5.0	8.5	1.37	5.0	7.75	1.37	4.9	7.75	1.4	5.19	8.14	1.36	4.75	8.0	1.36	4.8	8.0	1.41	5.3	8.5	1.37	4.97	7.83	1.61	2.25	1.63	2.37	1.67	2.38	1.62	2.27	-1.25	1.84	2.06	1.86	2.05	1.86	2.09	1.82	2.02	1.45	4.75	6.0	1.47	4.6	6.25	1.45	4.6	6.25	1.47	4.84	7.03	1.42	4.6	7.0	1.44	4.5	6.5	1.5	4.92	7.6	1.44	4.68	6.67	1.6	2.3	1.64	2.36	1.7	2.42	1.62	2.27	-1.25	2.05	1.85	2.04	1.87	2.06	1.91	1.99	1.85	eredivisie																																																									0	0	1		1	0	0	1	1	6.0	1.0	0	0	0	2022	6	1	94.0	152.0	twente	2.740740740740741	74	1.2592592592592593	34	21.962962962962962	593	7.7407407407407405	0.8888888888888888	1.8888888888888888	0.5333333333333333	1.2142857142857142	34	0.5714285714285714	16	11.821428571428571	331	3.7142857142857144	-0.07142857142857142	-0.25	-0.25	0.7352941176470588	0.2	0.11764705882352941	0.6983240223463686	0.18994413407821228	0.11173184357541899	0.05294117647058827	0.0	0.5	0.25	-0.036970095300690176	-0.0059152152481104225	-0.010055865921787727	0.272	1.7	0.16	0.06556245686680473	1.9300000000000002	0.02891515407344869				0	Unknown	Unknown	Normal	3.7249999999999996	0.13812154696132595	5.0	2.0	0.65	0.3225806451612903	1.0	0.0	0.024483275550021916	0.09045796270559354	0.3746236034137037	0.5104351583306809	1.168013835175583	0.522045776761016	0.33932975489466044	0.13417664058126366	0.004447827763059853	0.07297545186175969	2.0	0.5	1.5	2.293097180136977	-0.4471668695277838	2.7402640496647606	4.0	0.0	0.5	0.0	0.0	0.0	-0.5	-1.0	6.0	1.0	5.0	2.0	0.0
2022-06-11	13:30	Volendam	Feyenoord	0	2	A	0	2	A	7	23	2	12	9	7	6	8	2	2	0	0	7.5	5.5	1.36	7.0	5.5	1.38	6.75	5.5	1.37	6.86	5.74	1.4	7.5	5.25	1.33	7.5	5.25	1.33	7.5	6.0	1.41	6.88	5.54	1.36	1.33	3.4	1.37	3.22	1.37	3.5	1.33	3.21	1.5	1.94	1.96	1.94	1.96	1.95	2.0	1.89	1.94	7	5.5	1.36	6.75	5.75	1.37	6.75	5.75	1.37	6.86	5.77	1.4	7.0	5.25	1.35	7.0	5.75	1.33	7.5	6.0	1.4	6.88	5.64	1.36	1.28	3.6	1.3	3.73	1.32	3.82	1.29	3.54	1.5	1.9	2.0	1.93	1.98	2.0	2.04	1.91	1.93	eredivisie																																																									0	1	0	Feyenoord	0	1	0	0	3		4.0	0	0	0	2022	0	4		94.0	volendam	1.1818181818181819	26	0.36363636363636365	8	12.590909090909092	277	4.045454545454546	-0.45454545454545453	-1.2272727272727273	-0.16666666666666666	2.0	60	1.0333333333333334	31	15.3	459	6.233333333333333	0.3333333333333333	0.8333333333333334	0.14814814814814814	0.13333333333333333	0.18181818181818182	0.7352941176470588	0.12693025623621246	0.17308671304938064	0.6999830307144069	0.050445632798573836	0.0	0.030000000000000027	0.25	-0.006403077097120874	-0.035311086932651836	-0.008731468768801182	1.3636363636363635	0.24727272727272728	5.514705882352941	0.045997346306943854	2.365	0.025667999158426325				0	Unknown	Unknown	Normal	1.5	0.15	3.0	0.0	5.425000000000001	0.11275809705129076	5.0	0.5	0.3	0.35	0.25	0.1	1.5	0.005614379435866762	0.02793435763185112	0.19044912820175802	0.7760021347305242	0.8465879479943486	0.0	1.3333333333333333	-1.3333333333333333	-0.8315627136760465	0.8730400786018636	-1.7046027922779101	0.0	1.0	0.3	0.0	0.2	0.0	-0.7	-0.8	5.0	4.0	1.0	1.5	1.0
2022-06-11	15:45	Ajax	PSV Eindhoven	1	2	A	0	1	A	14	5	5	2	11	14	9	1	2	3	0	0	1.75	4.0	4.33	1.77	4.2	4.0	1.75	4.1	3.95	1.79	4.31	4.17	1.73	4.0	4.2	1.73	4.0	4.1	1.81	4.45	4.4	1.75	4.17	4.1	1.44	2.7	1.47	2.79	1.47	2.93	1.44	2.74	-0.75	1.94	1.96	1.98	1.93	1.98	1.99	1.92	1.92	2	3.8	3.4	2.0	4.0	3.2	2.0	3.85	3.25	2.07	3.99	3.39	1.95	3.75	3.4	2.0	4.0	3.13	2.1	4.15	3.7	1.99	3.94	3.35	1.44	2.7	1.45	2.85	1.45	3.08	1.41	2.84	-0.5	2.08	1.82	2.07	1.85	2.09	1.92	2.0	1.85	eredivisie																																																									0	1	0	PSV Eindhoven	0	1	0	0	3	4.0	0.0	0	0	0	2022	4	0	94.0	94.0	ajax	2.0606060606060606	68	1.0606060606060606	35	17.636363636363637	582	5.909090909090909	0.696969696969697	1.0606060606060606	0.3492063492063492	2.5806451612903225	80	1.0	31	17.806451612903224	552	6.870967741935484	0.5161290322580645	1.5161290322580645	0.32666666666666666	0.5714285714285714	0.25	0.23094688221709006	0.5429892624813857	0.23755780233560622	0.21945293518300807	0.05237545364566154	0.020000000000000018	0.1299999999999999	0.0	-0.028439308947185715	-0.011493947034081992	-0.012442197664393778	0.4375	1.0825	0.40415704387990764	0.06481481481481488	2.0700000000000003	0.025667999158426325				0	Unknown	Unknown	Normal	4.875	0.11214275920158273	5.0	2.0	3.175	0.03816793893129771	1.0	-2.0	0.0076948211011030505	0.037392643605125175	0.23836828464377216	0.7165442506499996	1.1960819784277055	0.04285648795437924	0.13393562520649213	0.4316026196909457	0.39160526714818295	0.9259856487068917	1.3333333333333333	0.0	1.3333333333333333	1.2515438821993023	-0.8872358522376662	2.1387797344369686	4.0	-4.0	0.5	0.0	0.0	0.5	0.0	-1.0	4.0	0.0	4.0	1.0	0.0
2022-06-11	11:15	Utrecht	Groningen	2	1	H	0	1	A	20	6	6	1	6	11	6	5	3	1	0	0	1.66	4.0	5.0	1.72	3.8	4.6	1.7	3.85	4.5	1.71	4.21	4.82	1.7	3.75	4.6	1.65	3.9	4.8	1.72	4.21	5.0	1.68	3.98	4.69	1.7	2.1	1.74	2.18	1.77	2.2	1.71	2.11	-0.75	1.88	2.02	1.9	2.01	1.91	2.06	1.86	1.98	1.5	4.5	6.5	1.53	4.33	5.75	1.55	4.2	5.5	1.55	4.48	6.11	1.52	4.0	6.0	1.5	4.2	6.0	1.63	4.69	6.54	1.53	4.33	5.86	1.61	2.25	1.68	2.27	1.75	2.36	1.65	2.21	-1.0	1.78	2.13	1.89	2.01	1.99	2.13	1.87	1.97	eredivisie																																																									1	0	0	Utrecht	0	1	0	3	0			0	0	0	2022	0	0			utrecht	1.6774193548387097	52	0.5161290322580645	16	14.741935483870968	457	5.483870967741935	0.12903225806451613	0.6451612903225806	-7.93016446160826e-18	0.75	15	0.35	7	11.9	238	4.3	-0.55	-1.45	-0.14285714285714285	0.6024096385542169	0.25	0.2	0.5724098454493417	0.2375500858614768	0.19004006868918144	0.052409638554216986	-0.040000000000000036	0.40000000000000036	0.25	-0.029999793104875216	-0.00995993131081857	-0.0124499141385232	0.415	1.25	0.33199999999999996	0.06442577030812324	1.9	0.026964398567516312				0	Unknown	Unknown	Normal	1.5	0.15	3.0	0.0	1.5	0.15	3.0	0.0	0.3	0.35	0.25	0.1	1.5	0.3	0.35	0.25	0.1	1.5	0.0	0.0	0.0	-0.8315627136760465	-0.8872358522376662	0.055673138561619706	0.0	0.0	0.3	0.3	0.2	0.2	-0.5	-0.5	5.0	5.0	0.0	1.5	1.0
2022-07-08	15:45	AZ Alkmaar	Go Ahead Eagles	2	0	H	0	0	D	19	8	8	2	8	11	7	3	1	1	0	0	1.4	5.0	7.5	1.4	4.8	7.75	1.4	4.9	7.25	1.42	5.01	7.91	1.38	4.5	8.0	1.36	4.8	8.0	1.42	5.1	9.5	1.39	4.85	7.65	1.65	2.2	1.68	2.28	1.7	2.38	1.64	2.23	-1.25	1.92	1.98	1.94	1.96	1.94	2.0	1.89	1.95	1.36	5.0	8.5	1.4	4.6	8.0	1.4	4.6	7.75	1.39	5.04	8.93	1.36	4.5	8.5	1.36	4.6	8.5	1.43	5.1	9.21	1.38	4.72	8.24	1.72	2.07	1.8	2.09	1.82	2.13	1.78	2.02	-1.25	1.86	2.04	1.88	2.03	1.98	2.06	1.89	1.96	eredivisie																																																									1	0	0	AZ Alkmaar	0	0	1	3	0	1.0	2.0	0	0	0	2022	1	2	180.0	27.0	az_alkmaar	1.8666666666666667	56	0.9666666666666667	29	17.266666666666666	518	6.3	0.4666666666666667	0.9333333333333333	0.3083333333333333	1.2142857142857142	34	0.5714285714285714	16	11.821428571428571	331	3.7142857142857144	-0.07142857142857142	-0.25	-0.25	0.7142857142857143	0.2	0.13333333333333333	0.6818181818181818	0.19090909090909092	0.12727272727272726	0.04761904761904767	0.020000000000000018	-0.5	0.5	-0.032467532467532534	-0.006060606060606072	-0.009090909090909094	0.27999999999999997	1.5	0.18666666666666665	0.06060606060606055	1.925	0.025883838383838453				0	Unknown	Unknown	Normal	7.55	0.03322259136212624	1.0	0.0	1.325	0.19945826151194287	2.0	0.0	0.0005261101271160638	0.003972131459726283	0.05273170018264131	0.9427700582305163	0.35441564717342783	0.3286905299988144	0.3050001606839429	0.2926471256849863	0.0736621836322564	0.17824100756750189	0.5	0.6666666666666666	-0.16666666666666663	-0.31078606470720926	-0.007097886817901323	-0.30368817788930796	0.0	0.0	0.0	0.0	0.0	0.0	-1.0	-1.0	1.0	2.0	-1.0	0.0	0.0
2022-07-08	13:30	Vitesse	Feyenoord	2	5	A	1	2	A	9	16	3	8	9	12	5	6	2	1	0	0	3.8	3.8	1.9	3.6	3.8	1.93	3.6	3.8	1.95	3.97	4.14	1.87	3.7	3.7	1.88	3.8	3.8	1.83	3.97	4.14	1.95	3.75	3.9	1.87	1.65	2.2	1.67	2.3	1.69	2.38	1.64	2.25	0.5	2.01	1.89	2.05	1.87	2.05	1.92	1.97	1.86	3.75	3.8	1.95	3.6	3.7	1.95	3.5	3.65	2.0	3.64	3.89	2.01	3.8	3.5	1.91	3.5	3.75	1.95	4.03	3.94	2.01	3.62	3.74	1.95	1.65	2.2	1.69	2.26	1.7	2.34	1.65	2.23	0.5	1.9	2.0	1.89	2.01	1.95	2.02	1.88	1.95	eredivisie																																																									0	1	0	Feyenoord	0	1	0	0	3	0.0	7.0	0	0	0	2022	0	7	58.0	27.0	vitesse	0.8571428571428571	12	0.5	7	13.214285714285714	185	4.285714285714286	-0.21428571428571427	-1.1428571428571428	0.25	2.0	60	1.0333333333333334	31	15.3	459	6.233333333333333	0.3333333333333333	0.8333333333333334	0.14814814814814814	0.2631578947368421	0.2631578947368421	0.5263157894736842	0.25	0.25	0.5	0.05263157894736836	0.09999999999999964	0.020000000000000018	0.09999999999999964	-0.01315789473684209	-0.02631578947368418	-0.01315789473684209	1.0	0.5	2.0	0.06060606060606055	1.925	0.026612966911474523				0	Unknown	Unknown	Normal	3.1500000000000004	0.0	0.0	-4.0	5.783333333333334	0.10403209356088937	7.0	1.0	0.042852126867040166	0.13498419963117653	0.4358302345591612	0.38633343894262206	0.8426007209285362	0.004244066021570366	0.021880356672685484	0.1604906913612483	0.8133848859444958	0.7566338150628923	0.0	1.75	-1.75	-0.8315627136760465	2.193247026731511	-3.024809740407558	-4.0	3.0	0.0	0.3333333333333333	1.0	0.0	-1.0	0.3333333333333333	0.0	7.0	-7.0	0.0	2.0
2022-07-08	13:30	Nijmegen	Twente	0	1	A	0	0	D	11	13	4	2	9	9	6	9	1	1	0	0	3.1	3.6	2.2	3.1	3.4	2.25	3.1	3.4	2.2	3.43	3.61	2.18	3.25	3.3	2.2	3.25	3.4	2.15	3.43	3.67	2.25	3.23	3.48	2.17	1.85	2.0	1.87	2.02	1.87	2.05	1.82	1.98	0.25	2.01	1.89	2.03	1.88	2.03	1.92	1.96	1.87	3.1	3.5	2.15	3.1	3.4	2.25	3.05	3.35	2.25	3.22	3.53	2.3	3.2	3.3	2.2	3.1	3.4	2.25	3.44	3.64	2.35	3.14	3.42	2.24	1.88	1.98	1.9	2.0	1.97	2.0	1.85	1.95	0.25	1.97	1.93	1.92	1.99	1.98	2.01	1.89	1.95	eredivisie																																																									0	1	0	Twente	0	0	1	0	3	1.0		0	0	0	2022	1	0	148.0		nijmegen	1.896551724137931	55	0.4827586206896552	14	14.758620689655173	428	5.620689655172414	-0.1724137931034483	0.3793103448275862	-0.2427536231884058	1.6774193548387097	52	0.8387096774193549	26	13.387096774193548	415	4.354838709677419	0.25806451612903225	0.4838709677419355	0.15789473684210525	0.3225806451612903	0.2777777777777778	0.45454545454545453	0.30579150579150577	0.2633204633204633	0.43088803088803085	0.054903877484522745	-0.1499999999999999	0.0	0.30000000000000027	-0.016789139369784545	-0.023657423657423682	-0.014457314457314463	0.8611111111111112	0.6111111111111112	1.409090909090909	0.04054054054054035	1.925	0.026612966911474523				0	Unknown	Unknown	Normal	1.5	0.1234567901234568	1.0	0.0	1.5	0.15	3.0	0.0	0.22313016014842982	0.33469524022264474	0.37653214525047535	0.06564245437845018	0.2192577137906781	0.3	0.35	0.25	0.1	1.5	0.5	0.0	0.5	-0.31078606470720926	-0.8872358522376662	0.576449787530457	0.0	0.0	0.0	0.3	0.0	0.2	-0.8	-0.7	1.0	5.0	-4.0	0.0	1.0
2022-07-08	11:15	Groningen	Volendam	2	2	D	2	1	H	18	11	6	3	7	11	7	4	0	1	0	0	1.72	4.0	4.33	1.71	3.8	4.8	1.73	3.8	4.4	1.71	4.14	4.9	1.73	3.7	4.5	1.7	3.8	4.6	1.78	4.2	4.9	1.72	3.9	4.59	1.75	2.05	1.77	2.13	1.82	2.17	1.76	2.05	-0.75	1.95	1.95	1.92	1.99	1.98	1.99	1.92	1.92	1.55	4.5	5.0	1.6	4.2	5.25	1.57	4.2	5.25	1.58	4.47	5.68	1.53	4.2	5.5	1.53	4.33	5.5	1.65	4.66	5.75	1.58	4.3	5.31	1.57	2.35	1.63	2.39	1.69	2.42	1.61	2.29	-1.0	1.95	1.95	1.98	1.92	2.06	2.01	1.97	1.87	eredivisie																																																									0	0	1		1	0	0	1	1	0.0	0.0	0	0	0	2022	0	0	90.0	121.0	groningen	1.4761904761904763	31	0.9047619047619048	19	14.19047619047619	298	5.333333333333333	0.38095238095238093	0.14285714285714285	0.4375	0.9583333333333334	23	0.5	12	9.166666666666666	220	3.4166666666666665	-0.875	-1.375	-0.7	0.5813953488372093	0.25	0.23094688221709006	0.5472768867149485	0.2353290612874278	0.21739405199762382	0.06234223105429937	-0.010000000000000009	-0.16999999999999993	0.2999999999999998	-0.034118462122260884	-0.013552830219466239	-0.01467093871257219	0.43	1.0825	0.3972286374133949	0.059233449477351874	1.9	0.025641025641025772				0	Unknown	Unknown	Normal	1.4000000000000001	0.03546099290780142	1.0	-2.0	3.0	0.0	0.0	-3.0	0.3095208660221957	0.30238410599262433	0.3045397236343035	0.08355530435087644	0.35795947203978123	0.07134916984939316	0.16805097698494956	0.40654465768029513	0.35405519548536213	0.41978800646249365	0.0	0.0	0.0	-0.8315627136760465	-0.8872358522376662	0.055673138561619706	-4.0	-6.0	0.0	0.0	0.5	1.0	0.0	-0.5	0.0	0.0	0.0	0.0	0.0
2022-07-10	19:00	Groningen	Waalwijk	2	3	A	1	1	D	15	13	8	5	5	10	8	9	1	2	1	0	2.3	3.5	3.1	2.3	3.4	3.0	2.3	3.4	3.0	2.38	3.5	3.11	2.3	3.3	3.0	2.3	3.4	2.9	2.38	3.6	3.25	2.3	3.45	3.03	1.9	1.95	1.93	1.95	1.93	2.01	1.87	1.92	-0.25	2.05	1.85	2.05	1.86	2.08	1.94	2.0	1.85	2.15	3.5	3.3	2.1	3.5	3.4	2.1	3.45	3.3	2.16	3.66	3.41	2.1	3.4	3.3	2.1	3.4	3.3	2.29	3.75	3.7	2.11	3.53	3.35	1.93	1.93	1.93	1.95	1.97	1.97	1.88	1.9	-0.25	1.88	2.02	1.88	2.03	1.89	2.07	1.83	2.01	eredivisie																																																									0	1	0	Waalwijk	0	0	1	0	3	1.0		0	0	0	2022	1	0	2.0		groningen	1.4761904761904763	31	0.9047619047619048	19	14.19047619047619	298	5.333333333333333	0.38095238095238093	0.14285714285714285	0.4375	1.3157894736842106	25	0.2631578947368421	5	12.210526315789474	232	4.7894736842105265	-0.8421052631578947	-1.0	-1.1736111111111112	0.4347826086956522	0.2857142857142857	0.3225806451612903	0.41682673837879375	0.27391471379177873	0.3092585478294276	0.043077539571228174	0.0	0.10000000000000009	0.20000000000000018	-0.01795587031685847	-0.013322097331862737	-0.011799571922506968	0.6571428571428571	0.8857142857142858	0.7419354838709676	0.03913630229419707	1.9249999999999998	0.028345418589321048				0	Unknown	Unknown	Normal	2.233333333333333	0.06047307446155453	3.0	-1.3333333333333333	1.5	0.15	3.0	0.0	0.2130945478300653	0.22790388887462862	0.32104694710763154	0.23795461618767458	0.6342051134680076	0.3	0.35	0.25	0.1	1.5	0.25	0.0	0.25	-0.31078606470720926	-0.8872358522376662	0.576449787530457	-4.0	0.0	0.0	0.3	0.3333333333333333	0.2	-0.8	-0.36666666666666675	1.0	5.0	-4.0	0.0	1.0
2022-08-10	15:30	Volendam	Ajax	2	4	A	0	2	A	13	19	6	9	12	12	3	6	2	3	0	0	11.0	9.0	1.18	10.5	7.25	1.15	12.0	8.25	1.17	12.58	8.22	1.2	15.0	7.5	1.15	15.0	8.0	1.14	16.5	9.0	1.2	13.16	8.1	1.17	1.2	4.33	1.23	4.36	1.23	4.75	1.2	4.26	2.25	2.0	1.9	1.99	1.9	2.01	1.94	1.97	1.87	13	10.0	1.12	13.0	8.0	1.12	13.0	8.25	1.15	17.21	9.47	1.15	17.0	8.0	1.12	17.0	9.5	1.1	19.0	11.6	1.16	15.54	9.19	1.13	1.18	4.5	1.21	4.61	1.22	5.25	1.18	4.57	2.5	2.02	1.88	2.0	1.89	2.06	1.94	1.94	1.89	eredivisie																																																									0	1	0	Ajax	0	1	0	0	3	0.0	3.0	0	0	0	2022	0	3	60.0	63.0	volendam	1.1818181818181819	26	0.36363636363636365	8	12.590909090909092	277	4.045454545454546	-0.45454545454545453	-1.2272727272727273	-0.16666666666666666	2.0344827586206895	59	0.8620689655172413	25	12.96551724137931	376	5.517241379310345	0.3448275862068966	0.5172413793103449	0.30833333333333335	0.09090909090909091	0.1111111111111111	0.8474576271186441	0.0866231647634584	0.1058727569331158	0.8075040783034257	0.04947782913884624	-4.0	0.030000000000000027	1.5	-0.004285926145632515	-0.0399535488152184	-0.0052383541779953	1.2222222222222223	0.1311111111111111	9.322033898305085	0.0642802155504234	2.765	0.02631578947368407				0	Unknown	Unknown	Normal	1.4	0.0	0.0	-2.0	2.9	0.19867549668874174	3.0	1.0	0.2465969639416065	0.3452357495182491	0.3544420361720691	0.053725250368075406	0.06113145086443514	0.05502322005640723	0.15956733816358096	0.45503285932981163	0.3303765824502002	1.3858465389214272	0.0	1.5	-1.5	-0.8315627136760465	0.43297109589198113	-1.2645338095680276	-2.0	1.0	0.0	0.0	1.0	0.0	-1.0	0.0	0.0	3.0	-3.0	0.0	1.0
2022-08-10	17:45	Sparta Rotterdam	FC Emmen	3	1	H	1	0	H	15	11	4	2	14	7	4	2	4	3	0	1	2.05	3.5	3.5	2.1	3.4	3.4	2.1	3.4	3.35	2.14	3.43	3.71	2.1	3.3	3.4	2.05	3.4	3.5	2.14	3.55	3.71	2.09	3.42	3.48	1.95	1.9	2.0	1.89	2.02	1.95	1.91	1.87	-0.25	1.82	2.08	1.84	2.08	1.85	2.08	1.82	2.03	2.15	3.25	3.5	2.15	3.25	3.5	2.15	3.2	3.5	2.24	3.32	3.56	2.1	3.2	3.5	2.1	3.3	3.4	2.24	3.4	3.91	2.14	3.26	3.55	2.1	1.7	2.17	1.75	2.35	1.77	2.14	1.7	-0.25	1.91	1.99	1.92	1.99	1.92	2.13	1.84	2.0	eredivisie																																																									1	0	0	Sparta Rotterdam	1	0	0	3	0	3.0	3.0	0	0	0	2022	3	3	154.0	63.0	sparta_rotterdam	1.3571428571428572	38	0.5	14	14.857142857142858	416	5.107142857142857	0.10714285714285714	0.0	0.2156862745098039	1.0	7	0.14285714285714285	1	11.714285714285714	82	3.857142857142857	-0.5714285714285714	-1.1428571428571428	-0.8	0.48780487804878053	0.2857142857142857	0.2857142857142857	0.4605263157894737	0.2697368421052631	0.2697368421052631	0.059233449477352096	-0.050000000000000266	0.10000000000000009	0.20000000000000018	-0.02727856225930686	-0.01597744360902259	-0.01597744360902259	0.5857142857142856	1.0	0.5857142857142856	0.03913630229419707	1.9249999999999998	0.030219780219780112				0	Unknown	Unknown	Normal	4.65	0.26490066225165565	4.0	4.0	2.4499999999999997	0.11507979589621106	2.0	-1.0	0.009561601930543505	0.0444614489770273	0.2636008156225506	0.6823761334698786	0.49642986187342497	0.1499277577406526	0.22632836587723482	0.3598042052691489	0.2639396711129638	0.9451198844367287	1.5	1.0	0.5	0.7307672332304652	0.43297109589198113	0.2977961373384841	4.0	-2.0	1.0	0.5	0.0	0.0	0.0	-0.5	3.0	3.0	0.0	1.0	1.0
2022-08-10	20:00	Nijmegen	Excelsior	1	1	D	0	0	D	15	9	6	4	9	15	8	4	2	3	0	0	1.5	4.2	6.5	1.5	4.4	6.0	1.5	4.4	6.0	1.52	4.76	6.17	1.5	4.33	6.0	1.5	4.4	6.0	1.54	4.76	6.5	1.5	4.51	5.94	1.53	2.4	1.55	2.58	1.58	2.6	1.53	2.43	-1.0	1.82	2.08	1.81	2.1	1.86	2.1	1.81	2.05	1.57	4.0	5.75	1.55	4.4	5.25	1.55	4.4	5.25	1.58	4.52	5.66	1.53	4.2	5.5	1.53	4.33	5.25	1.58	4.6	6.0	1.55	4.4	5.42	1.53	2.4	1.57	2.53	1.57	2.53	1.54	2.4	-1.0	1.94	1.96	1.93	1.97	1.96	1.99	1.9	1.94	eredivisie																																																									0	0	1		0	0	1	1	1	1.0	3.0	0	0	0	2022	1	3	33.0	63.0	nijmegen	1.896551724137931	55	0.4827586206896552	14	14.758620689655173	428	5.620689655172414	-0.1724137931034483	0.3793103448275862	-0.2427536231884058	1.2272727272727273	27	0.6818181818181818	15	9.545454545454545	210	4.090909090909091	-0.5454545454545454	-1.4545454545454546	-0.5625	0.6666666666666666	0.23809523809523808	0.15384615384615385	0.6297577854671281	0.2249134948096886	0.14532871972318342	0.0586080586080584	0.0	0.5	-0.1299999999999999	-0.0369088811995385	-0.00851743412297043	-0.013181743285549469	0.35714285714285715	1.5476190476190474	0.23076923076923078	0.0702614379084967	1.9649999999999999	0.030219780219780112				0	Unknown	Unknown	Normal	2.0	0.0617283950617284	1.0	-0.5	2.25	0.23985497141263423	4.0	-0.5	0.15260757938616432	0.26995386839119584	0.42340539159994783	0.15403316062269207	0.7896064848461629	0.10658719077119722	0.23744079361292603	0.4646548955793085	0.19131712003656826	0.21739926344046917	0.3333333333333333	1.0	-0.6666666666666667	-0.31078606470720926	0.43297109589198113	-0.7437571605991904	-1.0	-1.0	0.0	0.5	0.5	0.0	-1.0	0.0	1.0	3.0	-2.0	0.0	1.0
2022-09-09	19:00	Volendam	Go Ahead Eagles	2	3	A	1	1	D	18	11	6	4	10	16	8	10	3	2	0	0	2.5	3.6	2.6	2.5	3.6	2.6	2.5	3.55	2.55	2.62	3.68	2.68	2.55	3.5	2.55	2.5	3.6	2.55	2.62	3.75	2.8	2.53	3.6	2.61	1.6	2.3	1.63	2.38	1.63	2.43	1.59	2.34	0.0	1.91	1.99	1.93	1.97	1.94	2.01	1.9	1.95	2.3	3.6	2.8	2.4	3.7	2.65	2.35	3.6	2.75	2.41	3.72	2.91	2.38	3.5	2.75	2.38	3.6	2.7	2.5	3.8	2.91	2.36	3.65	2.79	1.57	2.35	1.59	2.47	1.6	2.51	1.55	2.4	-0.25	2.11	1.79	2.1	1.83	2.14	1.83	2.05	1.8	eredivisie																																																									0	1	0	Go Ahead Eagles	0	0	1	0	3	0.0	2.0	0	0	0	2022	0	2	30.0	63.0	volendam	1.1818181818181819	26	0.36363636363636365	8	12.590909090909092	277	4.045454545454546	-0.45454545454545453	-1.2272727272727273	-0.16666666666666666	1.2142857142857142	34	0.5714285714285714	16	11.821428571428571	331	3.7142857142857144	-0.07142857142857142	-0.25	-0.25	0.4	0.2777777777777778	0.3846153846153846	0.3765084473049075	0.2614641995172969	0.3620273531777956	0.062393162393162394	-0.04999999999999982	0.050000000000000266	0.10000000000000009	-0.02349155269509251	-0.022588031437588973	-0.01631357826048091	0.6944444444444444	0.7222222222222222	0.9615384615384615	0.05978260869565233	1.95	0.026072772238153963				0	Unknown	Unknown	Normal	2.3999999999999995	0.07633587786259542	2.0	-2.0	1.3833333333333335	0.13297217434129524	2.0	-0.6666666666666666	0.1399851169509663	0.2293524336916789	0.3829783518147649	0.24768409754258996	0.19532969953583612	0.2935037400486862	0.31489852053017686	0.32060879887348265	0.07098894054765433	0.19191324297522727	0.0	0.5	-0.5	-0.8315627136760465	-0.007097886817901323	-0.8244648268581452	-4.0	-2.0	0.0	0.0	0.5	0.3333333333333333	-0.6666666666666667	-0.5	0.0	2.0	-2.0	0.0	0.0
2022-09-10	15:45	Heerenveen	PSV Eindhoven	0	1	A	0	0	D	9	16	1	6	11	7	2	7	2	0	0	0	5.25	4.33	1.57	5.25	4.4	1.57	5.0	4.3	1.6	5.39	4.63	1.59	5.25	4.2	1.55	5.5	4.2	1.53	5.5	4.63	1.6	5.24	4.37	1.57	1.6	2.3	1.64	2.37	1.64	2.45	1.58	2.33	1.0	1.96	1.94	1.95	1.95	1.98	1.97	1.91	1.93	5	4.2	1.65	5.0	4.2	1.61	4.8	4.1	1.63	4.97	4.36	1.65	5.25	3.9	1.6	5.0	4.0	1.62	5.46	4.5	1.65	5.01	4.2	1.62	1.66	2.15	1.7	2.25	1.71	2.35	1.64	2.24	1.0	1.73	2.08	1.83	2.09	1.87	2.14	1.79	2.06	eredivisie																																																									0	1	0	PSV Eindhoven	0	0	1	0	3	2.0	3.0	0	0	0	2022	2	3	125.0	91.0	heerenveen	1.7692307692307692	46	1.0384615384615385	27	15.384615384615385	400	5.5	0.19230769230769232	0.34615384615384615	0.03571428571428571	2.5806451612903225	80	1.0	31	17.806451612903224	552	6.870967741935484	0.5161290322580645	1.5161290322580645	0.32666666666666666	0.19047619047619047	0.23094688221709006	0.6369426751592356	0.17997199064943042	0.2182108431661685	0.6018171661844011	0.05836574785251614	0.0	0.020000000000000018	0.1299999999999999	-0.010504199826760041	-0.035125508974834574	-0.01273603905092155	1.2124711316397228	0.3625866050808314	3.343949044585987	0.05978260869565233	1.95	0.025667999158426325				0	Unknown	Unknown	Normal	1.8	0.0	0.0	0.0	2.5166666666666666	0.15616424686923117	3.0	-1.0	0.16529888822158653	0.2975379987988558	0.4284547182703524	0.10870839470920524	1.2995579399580017	0.12896906260698687	0.20976810156920891	0.3889363349964638	0.2723265008273405	0.7651275645438655	0.6666666666666666	0.75	-0.08333333333333337	0.20999058426162795	0.43297109589198113	-0.22298051163035318	0.0	-3.0	1.0	0.0	1.0	0.3333333333333333	0.33333333333333326	0.0	2.0	3.0	-1.0	0.0	1.0
2022-09-10	13:30	Utrecht	AZ Alkmaar	1	2	A	0	1	A	11	14	4	6	13	10	6	7	3	0	0	0	3.0	3.6	2.25	3.0	3.5	2.25	2.85	3.5	2.3	3.01	3.71	2.35	3.0	3.4	2.25	2.9	3.5	2.3	3.01	3.71	2.35	2.94	3.58	2.28	1.72	2.07	1.75	2.16	1.78	2.21	1.72	2.1	0.25	1.85	2.05	1.87	2.04	1.88	2.08	1.84	2.0	2.8	3.6	2.4	2.87	3.5	2.35	2.8	3.5	2.35	2.85	3.7	2.46	2.8	3.4	2.38	2.75	3.5	2.38	3.15	3.7	2.46	2.85	3.56	2.36	1.7	2.1	1.75	2.18	1.76	2.23	1.7	2.13	0.25	1.75	2.05	1.79	2.13	1.86	2.14	1.79	2.06	eredivisie																																																									0	1	0	AZ Alkmaar	0	1	0	0	3	3.0	6.0	0	0	0	2022	3	6	91.0	91.0	utrecht	1.6774193548387097	52	0.5161290322580645	16	14.741935483870968	457	5.483870967741935	0.12903225806451613	0.6451612903225806	-7.93016446160826e-18	1.3103448275862069	38	0.7931034482758621	23	12.862068965517242	373	5.206896551724138	0.3793103448275862	0.10344827586206896	0.4230769230769231	0.3333333333333333	0.2777777777777778	0.4444444444444444	0.3157894736842105	0.2631578947368421	0.42105263157894735	0.05555555555555558	0.0	0.0	0.20000000000000018	-0.017543859649122806	-0.023391812865497075	-0.0146198830409357	0.8333333333333333	0.625	1.3333333333333333	0.0644871362768229	1.895	0.028345418589321048				0	Unknown	Unknown	Normal	4.1	0.09950248756218905	2.0	1.0	3.6666666666666665	0.19555454541276565	8.0	1.3333333333333333	0.016572675401761255	0.06794796914722114	0.3296608969792678	0.5858184584717498	1.5690730021589365	0.026551871677545347	0.09532069046563486	0.3805956286251964	0.49753180923162327	1.028689368425358	1.5	1.5	0.0	0.7307672332304652	1.7531780440216285	-1.0224108107911634	1.0	4.0	0.0	0.3333333333333333	0.0	0.0	-1.0	-0.6666666666666667	3.0	6.0	-3.0	1.0	2.0
2022-09-10	19:00	Vitesse	For Sittard	1	2	A	1	1	D	10	8	2	4	16	7	8	3	4	1	0	0	1.6	4.33	5.0	1.63	4.2	4.8	1.63	4.1	4.7	1.65	4.41	5.09	1.6	4.0	5.25	1.6	4.0	5.25	1.65	4.45	5.25	1.62	4.2	4.9	1.6	2.3	1.6	2.44	1.66	2.45	1.59	2.32	-1.0	2.06	1.84	2.1	1.82	2.1	1.86	2.05	1.81	1.61	4.33	4.75	1.66	4.1	4.75	1.63	4.2	4.7	1.66	4.49	5.1	1.62	4.0	5.0	1.57	4.2	5.0	1.7	4.49	5.25	1.63	4.26	4.87	1.57	2.35	1.59	2.5	1.62	2.5	1.57	2.36	-1.0	2.05	1.85	2.06	1.8	2.18	1.9	2.04	1.81	eredivisie																																																									0	1	0	For Sittard	0	0	1	0	3	0.0		0	0	0	2022	0	0	64.0		vitesse	0.8571428571428571	12	0.5	7	13.214285714285714	185	4.285714285714286	-0.21428571428571427	-1.1428571428571428	0.25	1.0526315789473684	20	0.3684210526315789	7	8.842105263157896	168	3.263157894736842	-0.5263157894736842	-1.0	-0.35	0.625	0.23094688221709006	0.2	0.5918858330143802	0.2187107004210181	0.1894034665646017	0.0559468822170901	0.0	-0.25	0.33000000000000007	-0.03311416698561975	-0.01059653343539832	-0.012236181796071971	0.3695150115473441	1.1547344110854503	0.32	0.05978260869565233	1.95	0.02891515407344869				0	Unknown	Unknown	Normal	2.55	0.10989010989010989	2.0	-3.5	1.5	0.15	3.0	0.0	0.09256309922677688	0.20620931961243905	0.44107644462776424	0.2601511365330198	0.5963344924045966	0.3	0.35	0.25	0.1	1.5	0.0	0.0	0.0	-0.8315627136760465	-0.8872358522376662	0.055673138561619706	-7.0	0.0	0.0	0.3	0.5	0.2	-0.8	-0.2	0.0	5.0	-5.0	0.0	1.0
2022-09-10	11:15	Go Ahead Eagles	Cambuur	0	0	D	0	0	D	20	7	6	3	10	8	12	5	2	0	0	0	2.25	3.75	2.9	2.2	3.7	3.0	2.25	3.6	2.9	2.26	3.82	3.09	2.2	3.6	3.0	2.2	3.6	3.0	2.26	3.9	3.2	2.22	3.69	2.98	1.66	2.15	1.71	2.23	1.74	2.29	1.67	2.18	-0.25	2.0	1.9	1.97	1.93	2.01	1.93	1.95	1.9	2.15	3.75	3.1	2.15	3.5	3.2	2.15	3.6	3.05	2.25	3.71	3.19	2.1	3.5	3.2	2.15	3.5	3.1	2.25	3.84	3.37	2.18	3.62	3.11	1.75	2.05	1.82	2.07	1.84	2.15	1.77	2.03	-0.25	1.95	1.95	1.95	1.95	1.98	1.97	1.92	1.92	eredivisie																																																									0	0	1		0	0	1	1	1	0.0	0.0	0	0	0	2022	0	0	185.0	185.0	go_ahead_eagles	1.7096774193548387	53	0.7741935483870968	24	15.096774193548388	468	6.193548387096774	-0.0967741935483871	0.12903225806451613	0.15789473684210525	0.3333333333333333	2	0.16666666666666666	1	8.666666666666666	52	3.6666666666666665	-1.0	-2.0	0.0	0.4444444444444444	0.26666666666666666	0.3448275862068966	0.420899854862119	0.2525399129172714	0.3265602322206096	0.0559386973180076	0.04999999999999982	-0.10000000000000009	0.1499999999999999	-0.023544589582325415	-0.018267353986286983	-0.01412675374939526	0.6	0.7733333333333333	0.7758620689655172	0.06752591762398441	1.9049999999999998	0.02631578947368407				0	Unknown	Unknown	Normal	2.4	0.297029702970297	3.0	-1.0	1.5499999999999998	0.0	0.0	-4.0	0.09071795328941251	0.21772308789459002	0.47028186985231435	0.22127708896368314	0.14707815172383754	0.2122479738267431	0.32898435943145177	0.3866936991483856	0.07207396759341955	0.1888555579967304	0.0	0.0	0.0	-0.8315627136760465	-0.8872358522376662	0.055673138561619706	-1.0	-4.0	0.0	0.0	0.0	1.0	0.0	-1.0	0.0	0.0	0.0	0.0	0.0
2022-09-10	13:30	Feyenoord	Twente	2	0	H	1	0	H	20	5	7	2	8	11	10	3	2	1	0	1	1.66	3.8	5.0	1.68	4.1	4.6	1.67	3.95	4.6	1.72	4.05	4.95	1.65	3.9	4.75	1.65	4.0	4.75	1.72	4.22	5.1	1.67	4.02	4.71	1.61	2.25	1.68	2.28	1.73	2.33	1.62	2.25	-0.75	1.87	2.03	1.91	2.0	1.91	2.06	1.85	1.98	1.8	3.6	4.2	1.83	3.8	4.0	1.83	3.75	3.95	1.85	3.93	4.22	1.78	3.6	4.33	1.83	3.8	3.9	1.86	4.05	4.65	1.82	3.83	4.07	1.65	2.2	1.66	2.32	1.69	2.36	1.63	2.26	-0.5	1.84	2.06	1.85	2.06	1.87	2.07	1.83	2.01	eredivisie																																																									1	0	0	Feyenoord	1	0	0	3	0		3.0	0	0	0	2022	0	3		64.0	feyenoord	2.5185185185185186	68	1.1851851851851851	32	20.703703703703702	559	7.148148148148148	0.9629629629629629	1.7037037037037037	0.5873015873015873	1.6774193548387097	52	0.8387096774193549	26	13.387096774193548	415	4.354838709677419	0.25806451612903225	0.4838709677419355	0.15789473684210525	0.6024096385542169	0.2631578947368421	0.2	0.5653415853368245	0.24696500833134966	0.18769340633182577	0.06556753329105902	0.010000000000000009	0.25	-0.10000000000000009	-0.03706805321739237	-0.012306593668174243	-0.016192886405492435	0.4368421052631579	1.3157894736842106	0.33199999999999996	0.06556245686680473	1.9300000000000002	0.02737019572719368				0	Unknown	Unknown	Normal	1.5	0.15	3.0	0.0	2.0	0.07633587786259542	1.0	1.0	0.3	0.35	0.25	0.1	1.5	0.1353352832366127	0.2706705664732254	0.45111761078870893	0.14287653950145296	0.9860970208399148	0.0	1.5	-1.5	-0.8315627136760465	0.43297109589198113	-1.2645338095680276	0.0	1.0	0.3	1.0	0.2	0.0	-0.7	0.19999999999999996	5.0	3.0	2.0	1.5	1.0
2022-09-11	19:00	Ajax	Vitesse	2	2	D	1	1	D	34	10	8	8	10	13	8	7	1	1	0	0	1.12	10.0	15.0	1.13	9.75	18.5	1.12	9.0	16.0	1.15	9.54	15.64	1.11	8.0	21.0	1.1	9.0	20.0	1.16	10.0	22.0	1.13	9.08	17.18	1.28	3.6	1.32	3.51	1.32	3.8	1.28	3.49	-2.5	1.99	1.91	2.01	1.88	2.01	1.95	1.96	1.88	1.16	9.0	12.0	1.16	8.75	14.5	1.15	8.5	13.0	1.17	9.06	13.55	1.14	7.5	17.0	1.13	8.5	15.0	1.17	10.4	18.0	1.15	8.53	14.26	1.25	4.0	1.28	3.8	1.3	4.0	1.26	3.73	-2.25	1.95	1.95	1.93	1.96	1.97	2.02	1.89	1.95	eredivisie																																																									0	0	1		0	0	1	1	1	4.0	3.0	0	0	0	2022	4	3	92.0	155.0	ajax	2.0606060606060606	68	1.0606060606060606	35	17.636363636363637	582	5.909090909090909	0.696969696969697	1.0606060606060606	0.3492063492063492	1.1666666666666667	21	0.5	9	13.777777777777779	248	4.944444444444445	-0.3888888888888889	-0.8333333333333334	-0.5	0.8928571428571428	0.1	0.06666666666666667	0.8426966292134831	0.09438202247191012	0.06292134831460675	0.059523809523809534	0.010000000000000009	-6.0	2.0	-0.0501605136436597	-0.0037453183520599204	-0.0056179775280898875	0.11200000000000002	1.5	0.07466666666666667	0.05902777777777768	2.44	0.026072772238153963				0	Unknown	Unknown	Normal	4.3	0.0984025014062561	6.0	1.0	2.4000000000000004	0.026178010471204185	1.0	-1.0	0.019413923023082088	0.06992316228047563	0.3041889346155685	0.6064739800808737	1.389016955514287	0.1713139490789043	0.2294999524141841	0.3367079697184416	0.26247812878847004	1.0510308421267947	1.0	1.0	0.0	1.2515438821993023	0.43297109589198113	0.8185727863073212	3.0	-2.0	0.3333333333333333	0.5	0.0	0.5	-0.16666666666666669	-0.5	4.0	3.0	1.0	1.0	1.0
2022-10-09	20:00	Excelsior	FC Emmen	2	1	H	0	1	A	13	11	4	4	10	8	6	8	1	2	0	0	3.3	3.4	2.2	3.2	3.5	2.15	3.1	3.45	2.2	3.22	3.73	2.22	3.1	3.5	2.15	3.1	3.6	2.15	3.3	3.73	2.32	3.12	3.58	2.19	1.66	2.15	1.71	2.22	1.73	2.25	1.68	2.16	0.25	1.97	1.93	1.97	1.93	1.99	1.94	1.93	1.9	3.25	3.75	2.1	3.3	3.7	2.05	3.2	3.6	2.1	3.29	3.92	2.15	3.1	3.5	2.15	3.2	3.75	2.05	3.4	3.92	2.23	3.25	3.72	2.1	1.6	2.3	1.61	2.43	1.68	2.44	1.6	2.31	0.25	2.03	1.87	2.03	1.88	2.09	1.89	2.02	1.83	eredivisie																																																									1	0	0	Excelsior	0	1	0	3	0	0.0	3.0	0	0	0	2022	0	3	151.0	60.0	excelsior	1.0	23	0.34782608695652173	8	13.478260869565217	310	4.521739130434782	-0.21739130434782608	-0.391304347826087	-0.018518518518518528	1.0	7	0.14285714285714285	1	11.714285714285714	82	3.857142857142857	-0.5714285714285714	-1.1428571428571428	-0.8	0.30303030303030304	0.29411764705882354	0.45454545454545453	0.288135593220339	0.2796610169491525	0.43220338983050843	0.051693404634581164	0.19999999999999973	0.050000000000000266	-0.10000000000000009	-0.014894709809964046	-0.022342064714946097	-0.01445663010967102	0.9705882352941176	0.6470588235294118	1.4999999999999998	0.06752591762398441	1.9049999999999998	0.02574892822387631				0	Unknown	Unknown	Normal	1.9500000000000002	0.0	0.0	-1.0	2.233333333333333	0.10674989396083741	3.0	-1.3333333333333333	0.16043193729658406	0.2757731023297322	0.4181370804447544	0.1456578799289293	0.6586251405372735	0.1550514679009639	0.2500649101844418	0.3826877096028834	0.21219591231171095	0.8793801735192327	0.0	0.75	-0.75	-0.8315627136760465	0.43297109589198113	-1.2645338095680276	-2.0	-4.0	0.0	0.3333333333333333	1.0	0.0	-1.0	0.3333333333333333	0.0	3.0	-3.0	0.0	1.0
2022-10-09	17:45	Ajax	Heerenveen	5	0	H	2	0	H	20	5	7	1	3	4	17	3	1	2	0	0	1.18	8.0	12.0	1.19	7.5	14.5	1.2	7.75	12.0	1.21	7.87	11.72	1.18	6.5	15.0	1.15	7.5	15.0	1.22	8.0	15.0	1.19	7.36	12.72	1.28	3.6	1.31	3.54	1.33	3.7	1.29	3.48	-2.25	2.05	1.85	2.07	1.83	2.07	1.89	2.02	1.83	1.2	7.5	11.0	1.2	7.0	14.0	1.2	7.25	12.0	1.21	7.67	12.89	1.18	6.5	15.0	1.17	7.0	15.0	1.22	7.96	15.0	1.2	7.22	12.92	1.36	3.1	1.38	3.16	1.4	3.5	1.35	3.09	-2.0	1.91	1.99	1.91	1.98	1.93	2.04	1.88	1.96	eredivisie																																																									1	0	0	Ajax	1	0	0	3	0	5.0	4.0	0	0	0	2022	5	4	28.0	151.0	ajax	2.0606060606060606	68	1.0606060606060606	35	17.636363636363637	582	5.909090909090909	0.696969696969697	1.0606060606060606	0.3492063492063492	1.1666666666666667	35	0.4666666666666667	14	11.866666666666667	356	3.8666666666666667	-0.26666666666666666	-0.7666666666666667	0.13333333333333333	0.8474576271186441	0.125	0.08333333333333333	0.802675585284281	0.11839464882943143	0.07892976588628761	0.05579096045197751	0.0	-3.0	1.5	-0.044782041834363184	-0.004403567447045717	-0.006605351170568569	0.1475	1.5	0.09833333333333333	0.05902777777777768	2.44	0.028345418589321048				0	Unknown	Unknown	Normal	4.775	0.08846463265293254	7.0	0.75	1.675	0.0617283950617284	1.0	0.5	0.015067799926385501	0.055587989196615104	0.2580460378643728	0.6712981730126266	1.1177910954617178	0.21371996387069359	0.30394961659152286	0.37720960156699845	0.10512081797078515	1.1769541478272916	1.0	1.3333333333333333	-0.33333333333333326	1.7723205311681396	0.8730400786018636	0.899280452566276	3.0	1.0	0.25	1.0	0.0	0.5	-0.25	0.0	5.0	4.0	1.0	1.0	1.0
2022-10-09	15:30	Nijmegen	For Sittard	1	1	D	0	0	D	22	8	6	3	14	23	13	4	0	6	0	1	1.85	3.75	4.0	1.88	3.7	3.9	1.9	3.6	3.8	1.91	3.85	4.07	1.83	3.6	4.0	1.83	3.7	3.9	1.92	3.85	4.15	1.88	3.71	3.91	1.72	2.07	1.79	2.11	1.8	2.14	1.74	2.08	-0.5	1.87	2.03	1.91	2.0	1.91	2.07	1.87	1.97	1.8	3.8	4.0	1.82	3.8	4.0	1.83	3.75	3.95	1.84	4.02	4.2	1.78	3.7	4.2	1.8	3.8	4.0	1.88	4.02	4.31	1.81	3.86	4.08	1.65	2.2	1.68	2.28	1.69	2.31	1.65	2.21	-0.5	1.86	2.04	1.84	2.08	1.89	2.08	1.82	2.02	eredivisie																																																									0	0	1		0	0	1	1	1	2.0	3.0	0	0	0	2022	2	3	60.0	29.0	nijmegen	1.896551724137931	55	0.4827586206896552	14	14.758620689655173	428	5.620689655172414	-0.1724137931034483	0.3793103448275862	-0.2427536231884058	1.0526315789473684	20	0.3684210526315789	7	8.842105263157896	168	3.263157894736842	-0.5263157894736842	-1.0	-0.35	0.5405405405405405	0.26666666666666666	0.25	0.5112910097997443	0.25223689816787387	0.23647209203238176	0.05720720720720718	0.020000000000000018	0.0	0.1499999999999999	-0.02924953074079617	-0.013527907967618241	-0.014429768498792794	0.49333333333333335	1.0666666666666667	0.4625	0.0644871362768229	1.895	0.02737019572719368				0	Unknown	Unknown	Normal	2.533333333333333	0.06322731856212356	2.0	-0.3333333333333333	2.2	0.2469135802469136	2.0	1.0	0.11084629373987372	0.21275771253088163	0.4121125901361662	0.2642834035930785	0.920314925049824	0.11080315836233387	0.2437669483971345	0.46478231494386996	0.18064757829666167	1.4743157388867212	0.5	1.5	-1.0	0.20999058426162795	0.43297109589198113	-0.22298051163035318	-1.0	1.0	0.0	0.0	0.3333333333333333	0.0	-1.0	-0.6666666666666667	2.0	3.0	-1.0	0.0	1.0
2022-10-11	19:00	Feyenoord	Cambuur	1	0	H	1	0	H	21	7	7	4	9	9	8	4	3	1	0	0	1.2	7.0	12.0	1.21	7.0	13.0	1.2	7.0	12.0	1.21	7.41	13.83	1.2	6.0	15.0	1.18	6.5	15.0	1.22	7.5	15.5	1.2	6.84	12.96	1.4	2.87	1.4	3.03	1.44	3.03	1.41	2.84	-2.0	2.01	1.89	2.01	1.88	2.03	1.93	1.97	1.86	1.14	8.0	15.0	1.16	8.0	16.5	1.15	8.0	15.0	1.15	8.69	19.67	1.12	8.0	17.0	1.12	8.5	18.0	1.17	9.19	21.0	1.15	8.19	16.63	1.36	3.1	1.39	3.11	1.43	3.19	1.37	3.0	-2.25	2.02	1.88	2.02	1.87	2.09	1.96	1.98	1.87	eredivisie																																																									1	0	0	Feyenoord	1	0	0	3	0	3.0	1.0	0	0	0	2022	3	1	31.0	31.0	feyenoord	2.5185185185185186	68	1.1851851851851851	32	20.703703703703702	559	7.148148148148148	0.9629629629629629	1.7037037037037037	0.5873015873015873	0.3333333333333333	2	0.16666666666666666	1	8.666666666666666	52	3.6666666666666665	-1.0	-2.0	0.0	0.8333333333333334	0.14285714285714285	0.08333333333333333	0.7865168539325843	0.1348314606741573	0.07865168539325842	0.059523809523809534	0.0	-3.0	1.0	-0.04681647940074907	-0.004681647940074904	-0.00802568218298555	0.17142857142857143	1.7142857142857142	0.09999999999999999	0.06271777003484313	2.135	0.026612966911474523				0	Unknown	Unknown	Normal	4.449999999999999	0.09950248756218905	2.0	2.0	1.65	0.0	0.0	-2.0	0.011678566970395453	0.05196962301825977	0.28715382118547605	0.6491979888258688	1.3497177881041542	0.19301095863859413	0.31654438023486536	0.4040025023767506	0.08644215874978989	0.2817270317029605	1.5	0.3333333333333333	1.1666666666666667	0.7307672332304652	-0.4471668695277838	1.177934102758249	2.0	-4.0	1.0	0.5	0.0	1.0	1.0	-0.5	3.0	1.0	2.0	1.0	0.0
2022-11-09	13:30	Cambuur	Groningen	0	1	A	0	0	D	14	10	2	3	9	15	6	4	2	3	0	0	2.15	3.5	3.3	2.15	3.6	3.1	2.15	3.5	3.1	2.18	3.75	3.31	2.15	3.5	3.1	2.1	3.5	3.2	2.29	3.85	3.31	2.15	3.61	3.16	1.7	2.1	1.75	2.17	1.76	2.2	1.71	2.12	-0.25	1.89	2.01	1.9	2.01	1.9	2.03	1.87	1.97	1.95	3.5	4.0	1.93	3.7	3.7	1.95	3.6	3.65	1.97	3.77	3.91	1.88	3.5	3.9	1.93	3.7	3.6	2.02	3.8	4.07	1.95	3.66	3.71	1.7	2.1	1.75	2.17	1.8	2.23	1.72	2.1	-0.5	1.95	1.95	1.97	1.93	2.03	1.95	1.96	1.88	eredivisie																																																									0	1	0	Groningen	0	0	1	0	3	3.0	0.0	0	0	0	2022	3	0	154.0	151.0	cambuur	0.8888888888888888	8	0.2222222222222222	2	12.333333333333334	111	3.7777777777777777	-0.8888888888888888	-1.1111111111111112	0.16666666666666666	0.75	15	0.35	7	11.9	238	4.3	-0.55	-1.45	-0.14285714285714285	0.46511627906976744	0.2857142857142857	0.30303030303030304	0.44134505158578524	0.2711119602598395	0.28754298815437523	0.05386086781435617	0.0	0.19999999999999973	0.0	-0.023771227483982194	-0.015487314875927805	-0.014602325454446174	0.6142857142857142	0.9428571428571428	0.6515151515151515	0.06442577030812324	1.9	0.026612966911474523				0	Unknown	Unknown	Normal	3.9	0.0900900900900901	3.0	0.0	0.9500000000000001	0.1639344262295082	1.0	-1.0	0.03696509884423409	0.10638892913718505	0.3411221640139186	0.5155238080046622	0.6075773218082141	0.3867410234545012	0.3674039722817761	0.22978056766456084	0.016074436599161857	0.1846965470168787	0.75	0.0	0.75	0.7307672332304652	-0.8872358522376662	1.6180030854681315	0.0	-1.0	0.3333333333333333	0.0	0.6666666666666666	0.0	-0.6666666666666667	-0.33333333333333337	3.0	0.0	3.0	1.0	0.0
2022-11-09	15:45	AZ Alkmaar	Twente	1	1	D	0	0	D	12	10	3	2	9	8	6	5	1	2	0	0	2.1	3.4	3.5	2.1	3.4	3.4	2.15	3.35	3.35	2.1	3.66	3.57	2.1	3.4	3.3	2.05	3.5	3.4	2.15	3.7	3.6	2.09	3.52	3.4	1.75	2.05	1.8	2.09	1.8	2.14	1.76	2.05	-0.25	1.84	2.06	1.83	2.1	1.85	2.11	1.81	2.04	2	3.4	3.8	2.05	3.5	3.4	2.05	3.4	3.55	2.04	3.64	3.77	1.95	3.4	3.8	2.0	3.5	3.5	2.08	3.72	4.15	2.02	3.54	3.62	1.75	2.05	1.8	2.09	1.85	2.2	1.77	2.04	-0.5	2.07	1.83	2.04	1.87	2.1	1.93	2.02	1.83	eredivisie																																																									0	0	1		0	0	1	1	1	4.0	3.0	0	0	0	2022	4	3	124.0	60.0	az_alkmaar	1.8666666666666667	56	0.9666666666666667	29	17.266666666666666	518	6.3	0.4666666666666667	0.9333333333333333	0.3083333333333333	1.6774193548387097	52	0.8387096774193549	26	13.387096774193548	415	4.354838709677419	0.25806451612903225	0.4838709677419355	0.15789473684210525	0.47619047619047616	0.29411764705882354	0.2857142857142857	0.4509283819628648	0.2785145888594165	0.27055702917771884	0.056022408963585235	0.0	0.20000000000000018	0.0	-0.025262094227611387	-0.015157256536566854	-0.01560305819940705	0.6176470588235294	1.0294117647058825	0.6	0.059233449477351874	1.9	0.02891515407344869				0	Unknown	Unknown	Normal	6.125	0.0689673166234715	3.0	1.0	1.6	0.03816793893129771	1.0	-0.5	0.00481069361440594	0.02335996691884831	0.15528609742954957	0.8165432420371961	0.7607049542425469	0.21826474757440742	0.316051810383934	0.3773606881981043	0.08832275384355431	0.590715478476069	1.3333333333333333	1.0	0.33333333333333326	1.2515438821993023	0.43297109589198113	0.8185727863073212	2.0	-1.0	0.5	0.5	0.0	0.5	0.0	-0.5	4.0	3.0	1.0	1.0	1.0
2022-11-09	13:30	PSV Eindhoven	Waalwijk	1	0	H	0	0	D	31	9	5	3	5	14	12	3	1	5	0	0	1.16	9.0	12.0	1.17	7.75	17.0	1.17	8.0	14.0	1.16	8.44	17.93	1.15	7.0	17.0	1.14	7.5	17.0	1.18	9.0	19.0	1.16	7.76	15.76	1.3	3.5	1.32	3.49	1.35	3.52	1.31	3.34	-2.25	1.99	1.91	1.94	1.94	2.01	1.94	1.94	1.9	1.22	8.0	11.0	1.2	7.25	13.5	1.2	7.5	12.0	1.2	7.68	13.12	1.18	7.0	12.0	1.17	7.5	13.0	1.23	8.08	14.0	1.19	7.34	12.4	1.33	3.4	1.34	3.38	1.37	3.62	1.32	3.31	-2.0	1.92	1.98	1.9	1.98	1.95	2.0	1.88	1.96	eredivisie																																																									1	0	0	PSV Eindhoven	0	0	1	3	0	3.0	3.0	0	0	0	2022	3	3	154.0	122.0	psv_eindhoven	3.2962962962962963	89	1.6296296296296295	44	20.296296296296298	548	8.25925925925926	1.1851851851851851	2.4444444444444446	0.8927536231884057	1.3157894736842106	25	0.2631578947368421	5	12.210526315789474	232	4.7894736842105265	-0.8421052631578947	-1.0	-1.1736111111111112	0.8620689655172414	0.1111111111111111	0.08333333333333333	0.815956482320943	0.10516772438803264	0.07887579329102448	0.056513409961685745	0.010000000000000009	-5.0	2.0	-0.04611248319629846	-0.004457540042308847	-0.005943386723078467	0.1288888888888889	1.3333333333333333	0.09666666666666666	0.05494505494505475	2.4	0.026072772238153963				0	Unknown	Unknown	Normal	3.1999999999999997	0.3603603603603604	4.0	3.0	3.05	0.22900763358778625	3.0	1.0	0.040762203978366225	0.1304390527307719	0.4313184676964191	0.39748027559444277	1.7161548792039527	0.04735892439114093	0.14444471939297984	0.44422769743316015	0.3639686587827191	0.4891787408379779	1.5	1.5	0.0	0.7307672332304652	0.43297109589198113	0.2977961373384841	3.0	1.0	0.0	0.0	0.0	0.0	-1.0	-1.0	3.0	3.0	0.0	1.0	1.0
2022-11-09	19:00	Feyenoord	Sparta Rotterdam	3	0	H	2	0	H	23	8	9	2	13	4	8	3	0	0	0	0	1.28	6.0	9.0	1.28	5.75	10.5	1.3	6.0	9.5	1.28	6.11	10.99	1.27	5.25	11.0	1.25	5.5	11.0	1.3	6.2	11.5	1.27	5.85	10.13	1.44	2.7	1.47	2.77	1.5	2.82	1.46	2.66	-1.75	2.02	1.88	2.03	1.86	2.04	1.9	1.99	1.85	1.28	6.0	9.0	1.29	5.75	9.5	1.3	6.0	9.0	1.3	6.09	10.21	1.27	5.5	10.0	1.25	6.0	10.0	1.32	6.17	10.21	1.29	5.84	9.55	1.44	2.7	1.5	2.7	1.54	2.79	1.48	2.61	-1.5	1.75	2.05	1.86	2.05	1.92	2.12	1.83	2.01	eredivisie																																																									1	0	0	Feyenoord	1	0	0	3	0	6.0	5.0	0	0	0	2022	6	5	29.0	182.0	feyenoord	2.5185185185185186	68	1.1851851851851851	32	20.703703703703702	559	7.148148148148148	0.9629629629629629	1.7037037037037037	0.5873015873015873	1.2758620689655173	37	0.4482758620689655	13	11.379310344827585	330	4.137931034482759	-0.2413793103448276	-0.1724137931034483	-0.2	0.78125	0.16666666666666666	0.1111111111111111	0.7377049180327869	0.15737704918032788	0.10491803278688525	0.05902777777777768	0.010000000000000009	-2.0	0.75	-0.04354508196721307	-0.006193078324225859	-0.009289617486338775	0.21333333333333335	1.5	0.14222222222222222	0.06481481481481488	2.0700000000000003	0.026964398567516312				0	Unknown	Unknown	Normal	4.5	0.0734479262455495	3.0	1.5	2.8166666666666664	0.16427023049539607	6.0	1.3333333333333333	0.011122885677124054	0.050025201482394685	0.2812181600188345	0.6576337528216468	1.1916640966093195	0.08671194501547097	0.1818956009217565	0.4086862529918414	0.3227062010709312	0.9856346975257025	2.0	1.25	0.75	2.293097180136977	1.313109061311746	0.9799881188252308	3.0	4.0	1.0	0.6666666666666666	0.0	0.3333333333333333	0.33333333333333326	-0.33333333333333337	6.0	5.0	1.0	2.0	1.0
2022-11-09	11:15	Utrecht	Vitesse	1	0	H	0	0	D	12	12	5	5	6	3	10	10	0	1	0	0	1.9	3.75	4.0	1.87	3.7	3.9	1.95	3.7	3.65	1.92	3.96	3.91	1.91	3.6	3.7	1.87	3.7	3.75	1.95	3.98	4.0	1.91	3.77	3.74	1.65	2.2	1.65	2.33	1.69	2.36	1.63	2.25	-0.5	1.94	1.96	1.92	1.98	1.98	2.0	1.91	1.92	2.05	3.8	3.5	2.0	3.75	3.4	2.05	3.65	3.35	2.08	3.81	3.52	2.05	3.6	3.3	2.0	3.8	3.25	2.12	3.92	3.8	2.02	3.75	3.43	1.57	2.35	1.57	2.51	1.61	2.57	1.54	2.42	-0.5	2.08	1.82	2.08	1.84	2.12	1.91	2.02	1.83	eredivisie																																																									1	0	0	Utrecht	0	0	1	3	0	3.0	4.0	0	0	0	2022	3	4	60.0	59.0	utrecht	1.6774193548387097	52	0.5161290322580645	16	14.741935483870968	457	5.483870967741935	0.12903225806451613	0.6451612903225806	-7.93016446160826e-18	1.1666666666666667	21	0.5	9	13.777777777777779	248	4.944444444444445	-0.3888888888888889	-0.8333333333333334	-0.5	0.5263157894736842	0.26666666666666666	0.25	0.5046257359125315	0.255677039529016	0.23969722455845247	0.0429824561403509	-0.010000000000000009	0.2999999999999998	0.1499999999999999	-0.021690053561152722	-0.010302775441547535	-0.01098962713765067	0.5066666666666666	1.0666666666666667	0.475	0.06060606060606055	1.925	0.025667999158426325				0	Unknown	Unknown	Normal	3.3	0.09479628882613958	3.0	0.0	2.8666666666666667	0.0834586076408688	3.0	-0.6666666666666666	0.04932883701283003	0.13658023285348406	0.39996976746434404	0.4141211626693419	1.1280212679975907	0.12166622333799142	0.18133627929393248	0.34650702592899507	0.350490471439081	0.7563419844435719	1.0	1.0	0.0	0.7307672332304652	0.8730400786018636	-0.1422728453713984	0.0	-2.0	0.0	0.3333333333333333	0.0	0.3333333333333333	-0.6666666666666667	-0.6666666666666667	3.0	4.0	-1.0	1.0	1.0
2022-11-11	19:00	Sparta Rotterdam	Twente	1	1	D	0	0	D	11	17	2	5	11	10	3	7	2	0	0	0	2.9	3.5	2.37	3.0	3.4	2.3	2.9	3.35	2.35	3.05	3.53	2.4	3.0	3.3	2.3	2.88	3.3	2.38	3.05	3.58	2.4	2.96	3.42	2.35	1.93	1.93	1.93	1.95	1.96	1.98	1.91	1.89	0.25	1.82	2.08	1.85	2.07	1.85	2.11	1.81	2.03	2.8	3.4	2.45	2.9	3.4	2.4	2.85	3.3	2.45	2.99	3.41	2.5	2.8	3.25	2.45	2.88	3.3	2.4	3.15	3.55	2.66	2.92	3.34	2.42	1.98	1.88	2.01	1.88	2.01	1.94	1.93	1.86	0.25	1.73	2.08	1.79	2.14	1.83	2.16	1.77	2.08	eredivisie																																																									0	0	1		0	0	1	1	1	6.0	4.0	0	0	0	2022	6	4	93.0	2.0	sparta_rotterdam	1.3571428571428572	38	0.5	14	14.857142857142858	416	5.107142857142857	0.10714285714285714	0.0	0.2156862745098039	1.6774193548387097	52	0.8387096774193549	26	13.387096774193548	415	4.354838709677419	0.25806451612903225	0.4838709677419355	0.15789473684210525	0.3448275862068966	0.2857142857142857	0.42194092827004215	0.32763251441662067	0.2714669405166285	0.40090054506675094	0.05248280019122431	-0.10000000000000009	0.07000000000000028	0.20000000000000018	-0.017195071790275906	-0.021040383203291213	-0.01424734519765719	0.8285714285714285	0.6771428571428572	1.2236286919831223	0.0362694300518136	1.93	0.030219780219780112				0	Unknown	Unknown	Normal	3.7750000000000004	0.2317880794701987	7.0	3.0	1.6333333333333335	0.05844859295089814	2.0	-0.3333333333333333	0.032292410993475365	0.10201439357030413	0.35931683747618115	0.5063763579600393	0.9934117530462343	0.20640433973384983	0.31422187055250567	0.38942880919919703	0.08994498051444755	0.726383074156344	2.0	1.0	1.0	2.293097180136977	0.8730400786018636	1.420057101535113	6.0	-1.0	0.5	0.3333333333333333	0.0	0.3333333333333333	-0.16666666666666674	-0.6666666666666667	6.0	4.0	2.0	2.0	1.0
2022-12-08	19:00	Excelsior	Vitesse	3	1	H	2	1	H	11	22	6	6	10	18	1	8	0	0	0	1	3.75	3.75	1.9	3.5	3.8	1.95	3.5	3.7	1.95	3.63	4.11	1.96	3.5	3.7	1.95	3.5	3.8	1.93	3.75	4.11	2.0	3.5	3.88	1.96	1.57	2.35	1.61	2.43	1.63	2.47	1.59	2.35	0.5	1.93	1.97	1.94	1.96	1.95	2.0	1.89	1.95	3.8	4.0	1.8	3.9	4.0	1.8	3.7	3.95	1.83	3.96	4.39	1.82	3.8	3.8	1.83	3.9	4.0	1.8	4.05	4.39	1.93	3.77	4.07	1.84	1.47	2.6	1.51	2.67	1.57	2.75	1.5	2.52	0.5	2.02	1.77	2.1	1.81	2.13	1.93	2.0	1.84	eredivisie																																																									1	0	0	Excelsior	1	0	0	3	0	3.0	4.0	0	0	0	2022	3	4	60.0	29.0	excelsior	1.0	23	0.34782608695652173	8	13.478260869565217	310	4.521739130434782	-0.21739130434782608	-0.391304347826087	-0.018518518518518528	1.1666666666666667	21	0.5	9	13.777777777777779	248	4.944444444444445	-0.3888888888888889	-0.8333333333333334	-0.5	0.26666666666666666	0.26666666666666666	0.5263157894736842	0.25165562913907286	0.25165562913907286	0.4966887417218543	0.05964912280701751	0.25	-0.050000000000000044	0.04999999999999982	-0.015011037527593807	-0.029627047751829894	-0.015011037527593807	1.0	0.5066666666666666	1.973684210526316	0.06247459005285272	1.96	0.02574892822387631				0	Unknown	Unknown	Normal	2.2	0.050890585241730284	2.0	-0.3333333333333333	2.8875	0.0625939557306516	3.0	-0.75	0.12935646244430596	0.24433369635226287	0.43390197978954864	0.19240786141388252	0.814521614380777	0.10433459399060165	0.17460274260741826	0.372802912427854	0.3482597509741261	0.8021367826244598	0.75	0.8	-0.050000000000000044	0.7307672332304652	0.8730400786018636	-0.1422728453713984	-1.0	-3.0	0.0	0.25	0.6666666666666666	0.5	-0.5	-0.08333333333333337	3.0	4.0	-1.0	1.0	1.0
2022-12-11	15:30	Volendam	Utrecht	0	4	A	0	1	A	12	13	2	8	9	8	4	5	1	1	0	0	3.8	4.0	1.85	3.7	4.1	1.85	3.65	4.0	1.85	3.89	4.41	1.83	3.6	4.0	1.83	3.8	3.9	1.83	3.95	4.41	1.93	3.74	4.12	1.83	1.47	2.6	1.51	2.67	1.55	2.8	1.47	2.61	0.5	2.04	1.86	2.08	1.82	2.08	1.88	2.01	1.83	3.6	4.2	1.9	3.5	4.1	1.88	3.5	4.0	1.9	3.75	4.25	1.89	3.5	3.8	1.91	3.4	4.0	1.9	3.86	4.3	1.97	3.55	4.1	1.89	1.44	2.7	1.46	2.81	1.48	3.02	1.42	2.8	0.5	2.01	1.89	2.01	1.89	2.01	1.97	1.94	1.89	eredivisie																																																									0	1	0	Utrecht	0	1	0	0	3	0.0	7.0	0	0	0	2022	0	7	93.0	186.0	volendam	1.1818181818181819	26	0.36363636363636365	8	12.590909090909092	277	4.045454545454546	-0.45454545454545453	-1.2272727272727273	-0.16666666666666666	1.9285714285714286	54	0.6785714285714286	19	12.964285714285714	363	4.535714285714286	0.03571428571428571	0.42857142857142855	0.17592592592592593	0.2631578947368421	0.25	0.5405405405405405	0.249746878164023	0.23725953425582186	0.5129935875801553	0.053698435277382384	0.19999999999999973	0.020000000000000018	0.0	-0.013411016572819096	-0.027546952960385118	-0.012740465744178142	0.95	0.4625	2.054054054054054	0.06488749345892186	2.035	0.027830487033523088				0	Unknown	Unknown	Normal	2.9	0.08772299776475052	4.0	-1.6666666666666667	4.35	0.12772937631403922	7.0	0.6666666666666666	0.10007071511591233	0.17921610734066498	0.3733393658946058	0.3473738116488169	0.47963786661287533	0.043247748970876215	0.1042016434065423	0.28429458007549013	0.5682560275470915	0.7868089804433053	0.0	1.75	-1.75	-0.8315627136760465	2.193247026731511	-3.024809740407558	-5.0	2.0	0.0	0.3333333333333333	0.3333333333333333	0.0	-1.0	-0.3333333333333334	0.0	7.0	-7.0	0.0	2.0
2022-12-11	17:45	FC Emmen	Ajax	3	3	D	1	3	A	15	10	5	5	11	9	5	1	2	1	0	0	9.5	5.5	1.3	8.75	5.75	1.3	8.25	5.75	1.33	9.58	5.84	1.31	9.0	5.25	1.3	9.0	5.5	1.29	9.58	6.0	1.34	8.83	5.69	1.3	1.4	2.87	1.42	2.96	1.44	3.07	1.41	2.84	1.5	2.06	1.84	2.09	1.8	2.09	1.87	2.02	1.81	10	5.25	1.3	9.0	5.5	1.31	9.0	5.75	1.3	10.5	5.53	1.32	9.5	5.25	1.29	9.5	5.25	1.29	11.5	6.1	1.34	9.84	5.64	1.29	1.53	2.4	1.57	2.51	1.57	2.82	1.5	2.54	1.5	2.03	1.87	2.0	1.9	2.15	1.9	2.03	1.81	eredivisie																																																									0	0	1		0	1	0	1	1	1.0	6.0	0	0	0	2022	1	6	246.0	123.0	fc_emmen	0.875	7	0.25	2	11.0	88	3.375	-0.75	-0.625	-0.6666666666666666	2.0344827586206895	59	0.8620689655172413	25	12.96551724137931	376	5.517241379310345	0.3448275862068966	0.5172413793103449	0.30833333333333335	0.10526315789473684	0.18181818181818182	0.7692307692307692	0.09965156794425088	0.1721254355400697	0.7282229965156795	0.056312108943687766	0.5	0.0	0.25	-0.005611589950485954	-0.04100777271508971	-0.009692746278112119	1.7272727272727273	0.23636363636363636	7.3076923076923075	0.06271777003484313	2.135	0.02891515407344869				0	Unknown	Unknown	Normal	2.025	0.0	0.0	-1.5	3.9749999999999996	0.20404979022918762	7.0	1.5	0.13534905639172543	0.2673431270315253	0.4476701729108679	0.14963764366588134	1.1232872675911072	0.030716276751331806	0.09596723603358784	0.33716683891622956	0.5361496482988508	0.9691243999571445	0.3333333333333333	2.0	-1.6666666666666667	-0.31078606470720926	1.7531780440216285	-2.063964108728838	-3.0	3.0	0.5	0.0	1.0	0.0	-0.5	0.0	1.0	6.0	-5.0	0.0	2.0
2022-12-11	20:00	PSV Eindhoven	AZ Alkmaar	0	1	A	0	1	A	10	10	2	3	8	12	4	2	0	2	0	0	1.5	4.5	6.5	1.52	4.4	5.75	1.53	4.5	5.5	1.55	4.65	5.9	1.5	4.33	5.8	1.5	4.4	5.75	1.59	4.85	6.5	1.52	4.48	5.67	1.47	2.6	1.5	2.68	1.52	2.72	1.48	2.6	-1.0	1.84	2.06	1.86	2.05	1.93	2.12	1.84	2.01	1.5	4.5	6.5	1.49	4.75	6.0	1.5	4.6	5.75	1.52	4.75	6.13	1.47	4.33	6.5	1.44	4.6	6.0	1.55	4.85	6.5	1.49	4.62	5.93	1.5	2.5	1.5	2.68	1.56	2.68	1.5	2.53	-1.0	1.73	2.08	1.81	2.1	1.88	2.31	1.78	2.07	eredivisie																																																									0	1	0	AZ Alkmaar	0	1	0	0	3	6.0	9.0	0	0	0	2022	6	9	32.0	92.0	psv_eindhoven	3.2962962962962963	89	1.6296296296296295	44	20.296296296296298	548	8.25925925925926	1.1851851851851851	2.4444444444444446	0.8927536231884057	1.3103448275862069	38	0.7931034482758621	23	12.862068965517242	373	5.206896551724138	0.3793103448275862	0.10344827586206896	0.4230769230769231	0.6666666666666666	0.2222222222222222	0.15384615384615385	0.639344262295082	0.21311475409836067	0.1475409836065574	0.04273504273504258	0.0	0.7000000000000002	0.16999999999999993	-0.02732240437158462	-0.006305170239596453	-0.00910746812386154	0.3333333333333333	1.4444444444444444	0.23076923076923078	0.06488749345892186	2.035	0.02891515407344869				0	Unknown	Unknown	Normal	4.0249999999999995	0.19625735059818664	5.0	2.0	3.625	0.18212690196737566	6.0	1.25	0.024295290763796	0.08420334192225844	0.3361194534797143	0.5553819138342313	1.351797614186341	0.02746324961373864	0.09791322834375485	0.38563283209398524	0.48899068994852124	1.048908757617847	2.0	1.8	0.19999999999999996	2.293097180136977	3.073384992151276	-0.7802878120142993	4.0	5.0	0.5	0.25	0.0	0.0	-0.5	-0.75	6.0	9.0	-3.0	2.0	3.0
2023-01-02	19:00	Waalwijk	Go Ahead Eagles	3	1	H	1	1	D	6	11	4	2	14	9	1	4	2	2	0	0	2.25	3.6	3.0	2.35	3.5	2.85	2.3	3.45	2.95	2.29	3.6	3.19	2.25	3.5	3.0	2.15	3.4	3.0	2.3	3.75	3.19	2.24	3.53	3.04	1.73	2.08	1.85	2.04	1.86	2.12	1.78	2.04	-0.25	1.98	1.92	1.98	1.93	2.0	1.97	1.94	1.89	2.4	3.5	2.88	2.4	3.3	2.87	2.35	3.3	2.9	2.47	3.43	3.03	2.35	3.2	3.0	2.3	3.25	2.88	2.47	3.5	3.12	2.36	3.36	2.97	2.0	1.85	2.03	1.87	2.11	1.92	1.98	1.83	-0.25	2.11	1.79	2.12	1.81	2.13	1.84	2.05	1.8	eredivisie																																																									1	0	0	Waalwijk	0	0	1	3	0	8.0	5.0	0	0	0	2023	0	0	205.0	115.0	waalwijk	1.76	44	0.84	21	13.2	330	4.56	0.28	0.44	0.19642857142857142	1.2142857142857142	34	0.5714285714285714	16	11.821428571428571	331	3.7142857142857144	-0.07142857142857142	-0.25	-0.25	0.4444444444444444	0.2777777777777778	0.3333333333333333	0.42105263157894735	0.2631578947368421	0.3157894736842105	0.05555555555555558	0.0	0.0	0.10000000000000009	-0.023391812865497075	-0.017543859649122806	-0.0146198830409357	0.625	0.8333333333333333	0.75	0.058803912850155626	1.905	0.025883838383838453				0	Unknown	Unknown	Normal	3.675	0.18363371907200043	10.0	1.25	1.6625	0.167296698323539	4.0	-0.25	0.046088912412225964	0.12142764871624898	0.35476731345345763	0.4777161254180675	0.8387544446286322	0.24064905469248934	0.2874770145375694	0.35802625864246707	0.11384767212747424	0.2836789826318823	0.0	0.0	0.0	-1.0244681105453495	-0.9261996305378158	-0.09826848000753363	0.0	0.0	0.0	0.0	0.0	0.25	-0.75	-1.0	8.0	5.0	3.0	2.0	1.0
2023-01-04	19:00	Nijmegen	PSV Eindhoven	2	4	A	0	3	A	12	25	6	11	7	14	3	7	2	2	0	0	4.5	4.2	1.67	4.8	4.0	1.65	4.6	4.0	1.67	5.18	4.15	1.68	5.0	3.9	1.63	4.8	4.0	1.67	5.2	4.25	1.69	4.85	4.06	1.66	1.65	2.2	1.68	2.27	1.69	2.33	1.64	2.24	0.75	2.04	1.86	2.07	1.85	2.07	1.89	2.0	1.83	4.75	4.5	1.62	4.8	4.1	1.65	4.6	4.0	1.67	5.59	4.39	1.6	4.75	4.0	1.63	5.0	4.0	1.65	5.59	4.5	1.71	4.89	4.14	1.65	1.6	2.3	1.62	2.41	1.68	2.41	1.62	2.29	1.0	1.86	2.04	1.92	1.99	1.92	2.19	1.78	2.09	eredivisie																																																									0	1	0	PSV Eindhoven	0	1	0	0	3	3.0	6.0	0	0	0	2023	0	0	87.0	116.0	nijmegen	1.896551724137931	55	0.4827586206896552	14	14.758620689655173	428	5.620689655172414	-0.1724137931034483	0.3793103448275862	-0.2427536231884058	2.5806451612903225	80	1.0	31	17.806451612903224	552	6.870967741935484	0.5161290322580645	1.5161290322580645	0.32666666666666666	0.2222222222222222	0.23809523809523808	0.5988023952095809	0.209817822848425	0.22480481019474108	0.5653773669568339	0.05911985552704113	-0.5	0.040000000000000036	0.30000000000000027	-0.012404399373797198	-0.03342502825274696	-0.013290427900497004	1.0714285714285714	0.3976190476190476	2.694610778443114	0.06060606060606055	1.925	0.027830487033523088				0	Unknown	Unknown	Normal	2.9749999999999996	0.05873270611616281	2.0	-0.25	2.8125	0.1326511354624824	4.0	-0.5	0.08652686005795553	0.17415448533627725	0.38539458384336817	0.35392407076239907	0.9883924163077671	0.102907678572825	0.18019533816197064	0.38619041868230364	0.33070656458290076	0.9762345592383286	0.0	0.0	0.0	-1.0244681105453495	-0.9261996305378158	-0.09826848000753363	0.0	0.0	0.0	0.25	0.25	0.25	-0.75	-0.5	3.0	6.0	-3.0	0.0	2.0
2023-01-04	17:45	Excelsior	Twente	0	0	D	0	0	D	6	26	1	8	11	8	7	10	3	1	0	0	5.5	4.33	1.53	5.75	4.1	1.57	5.25	4.2	1.57	5.93	4.57	1.55	5.5	4.2	1.53	5.25	4.1	1.53	6.0	4.7	1.58	5.65	4.37	1.54	1.6	2.3	1.63	2.39	1.63	2.43	1.6	2.31	1.0	1.99	1.91	2.02	1.88	2.02	1.94	1.95	1.89	6	4.75	1.45	6.25	4.8	1.46	5.25	4.2	1.57	6.5	4.76	1.5	6.5	4.4	1.44	5.75	4.6	1.5	6.7	5.0	1.57	6.24	4.69	1.47	1.5	2.5	1.53	2.62	1.6	2.69	1.52	2.5	1.25	1.88	2.02	1.88	2.04	1.9	2.04	1.85	1.99	eredivisie																																																									0	0	1		0	0	1	1	1	6.0	5.0	0	0	0	2023	0	0	27.0	54.0	excelsior	1.0	23	0.34782608695652173	8	13.478260869565217	310	4.521739130434782	-0.21739130434782608	-0.391304347826087	-0.018518518518518528	1.6774193548387097	52	0.8387096774193549	26	13.387096774193548	415	4.354838709677419	0.25806451612903225	0.4838709677419355	0.15789473684210525	0.18181818181818182	0.23094688221709006	0.6535947712418301	0.1705035915676015	0.21657500083644532	0.6129214075959531	0.06635983527710199	0.0	0.0	0.1299999999999999	-0.01131459025058032	-0.040673363645876925	-0.014371881380644741	1.2702078521939955	0.3533487297921478	3.5947712418300655	0.05978260869565233	1.95	0.026072772238153963				0	Unknown	Unknown	Normal	2.45	0.10573550649886529	5.0	0.25	2.0875	0.05845632775410928	2.0	-0.25	0.10720789782782103	0.21586003544689014	0.4332561017662662	0.24367596495902258	0.734000049343239	0.16273966389490435	0.26304701429046284	0.3936194493404478	0.18059387247418504	0.902486519215359	0.0	0.0	0.0	-1.0244681105453495	-0.9261996305378158	-0.09826848000753363	0.0	0.0	0.0	0.25	0.5	0.25	-0.75	-0.25	6.0	5.0	1.0	2.0	1.0
2023-01-04	19:00	Cambuur	FC Emmen	1	2	A	0	0	D	10	13	2	5	17	12	3	5	3	2	0	0	2.4	3.25	3.0	2.37	3.25	3.0	2.35	3.2	3.0	2.48	3.45	2.99	2.38	3.2	3.0	2.38	3.25	3.0	2.5	3.45	3.1	2.39	3.3	2.99	2.05	1.75	2.07	1.81	2.09	1.83	2.03	1.77	-0.25	2.1	1.8	2.13	1.8	2.14	1.85	2.06	1.79	2.3	3.2	3.2	2.3	3.25	3.1	2.35	3.2	3.0	2.39	3.33	3.23	2.3	3.1	3.2	2.3	3.25	3.13	2.39	3.4	3.29	2.32	3.25	3.16	2.1	1.7	2.2	1.72	2.5	1.8	2.12	1.72	-0.25	2.05	1.85	2.05	1.87	2.06	1.9	1.99	1.85	eredivisie																																																									0	1	0	FC Emmen	0	0	1	0	3	3.0	3.0	0	0	0	2023	0	0	56.0	87.0	cambuur	0.8888888888888888	8	0.2222222222222222	2	12.333333333333334	111	3.7777777777777777	-0.8888888888888888	-1.1111111111111112	0.16666666666666666	1.0	7	0.14285714285714285	1	11.714285714285714	82	3.857142857142857	-0.5714285714285714	-1.1428571428571428	-0.8	0.4166666666666667	0.3076923076923077	0.3333333333333333	0.393939393939394	0.2909090909090909	0.3151515151515151	0.05769230769230771	0.020000000000000018	0.0	0.04999999999999982	-0.022727272727272707	-0.018181818181818188	-0.016783216783216814	0.7384615384615384	0.9230769230769231	0.7999999999999999	0.059233449477351874	1.9	0.03174603174603163				0	Unknown	Unknown	Normal	3.4499999999999997	0.06756756756756757	0.0	-0.25	2.3	0.10258494299315057	3.0	-1.25	0.05833793119642104	0.14408132168570428	0.3705986033370146	0.4269821437808601	0.7673957550016081	0.13680985058169762	0.23885180677826812	0.4045854416895176	0.2197529009505167	0.9115597831141697	0.0	0.0	0.0	-1.0244681105453495	-0.9261996305378158	-0.09826848000753363	0.0	0.0	0.25	0.25	0.75	0.0	-0.75	0.0	3.0	3.0	0.0	1.0	1.0
2023-01-04	20:00	Waalwijk	Vitesse	1	0	H	1	0	H	10	16	4	7	9	13	1	2	1	2	0	0	2.5	3.3	2.8	2.55	3.4	2.7	2.6	3.3	2.65	2.57	3.53	2.82	2.55	3.4	2.62	2.45	3.4	2.6	2.6	3.57	2.84	2.52	3.42	2.72	1.8	2.0	1.83	2.05	1.85	2.07	1.79	2.01	0.0	1.86	2.04	1.86	2.05	1.9	2.05	1.85	2.0	2.63	3.3	2.63	2.6	3.4	2.6	2.6	3.3	2.65	2.58	3.5	2.82	2.6	3.3	2.6	2.55	3.5	2.63	2.7	3.6	2.89	2.58	3.42	2.67	1.75	2.05	1.8	2.09	1.9	2.15	1.77	2.05	0.0	1.89	2.01	1.87	2.04	1.99	2.04	1.89	1.95	eredivisie																																																									1	0	0	Waalwijk	1	0	0	3	0	11.0	4.0	0	0	0	2023	3	0	2.0	27.0	waalwijk	1.76	44	0.84	21	13.2	330	4.56	0.28	0.44	0.19642857142857142	1.1666666666666667	21	0.5	9	13.777777777777779	248	4.944444444444445	-0.3888888888888889	-0.8333333333333334	-0.5	0.4	0.30303030303030304	0.35714285714285715	0.3772968558595345	0.2858309514087382	0.3368721927317272	0.06017316017316032	-0.04999999999999982	0.17999999999999972	-0.10000000000000009	-0.022703144140465537	-0.020270664411129957	-0.01719935162156483	0.7575757575757576	0.8484848484848485	0.8928571428571429	0.05555555555555558	1.9	0.027830487033523088				0	Unknown	Unknown	Normal	3.34	0.2452676309953053	8.0	1.4	3.17	0.05912493834017739	3.0	-1.0	0.0639381865771033	0.15127623226764425	0.37403737292050787	0.41074820823474456	0.9425471431400378	0.0861813869949215	0.15135115483642742	0.359290442935278	0.403177015233373	0.7886386004640531	1.5	0.0	1.5	-0.35170716236045074	-0.9261996305378158	0.5744924681773651	2.0	0.0	0.0	0.2	0.0	0.4	-0.6	-0.8	11.0	4.0	7.0	3.0	1.0
2023-01-04	15:30	AZ Alkmaar	Heerenveen	1	1	D	0	1	A	21	9	7	2	9	11	9	2	5	2	0	0	1.5	4.2	6.5	1.5	4.33	6.5	1.53	4.4	6.0	1.53	4.53	6.31	1.47	4.2	6.5	1.5	4.2	6.5	1.55	4.6	7.0	1.5	4.38	6.23	1.67	2.15	1.69	2.25	1.75	2.27	1.68	2.17	-1.0	1.85	2.05	1.88	2.04	1.88	2.14	1.83	2.01	1.55	4.0	5.75	1.61	4.1	5.25	1.53	4.4	6.0	1.61	4.23	5.72	1.55	3.9	5.8	1.57	4.1	5.5	1.63	4.4	6.0	1.58	4.13	5.59	1.73	2.08	1.76	2.15	1.79	2.23	1.72	2.12	-1.0	2.0	1.9	2.04	1.87	2.11	1.95	2.0	1.85	eredivisie																																																									0	0	1		0	1	0	1	1	5.0	4.0	0	0	0	2023	0	0	56.0	87.0	az_alkmaar	1.8666666666666667	56	0.9666666666666667	29	17.266666666666666	518	6.3	0.4666666666666667	0.9333333333333333	0.3083333333333333	1.1666666666666667	35	0.4666666666666667	14	11.866666666666667	356	3.8666666666666667	-0.26666666666666666	-0.7666666666666667	0.13333333333333333	0.6666666666666666	0.23809523809523808	0.15384615384615385	0.6297577854671281	0.2249134948096886	0.14532871972318342	0.0586080586080584	0.030000000000000027	0.0	0.0	-0.0369088811995385	-0.00851743412297043	-0.013181743285549469	0.35714285714285715	1.5476190476190474	0.23076923076923078	0.06391867427934828	1.91	0.028345418589321048				0	Unknown	Unknown	Normal	4.833333333333333	0.07352642044870551	4.0	0.6666666666666666	1.4000000000000001	0.0411522633744856	1.0	-1.3333333333333333	0.03834020393022541	0.09462272970063046	0.25915260747016083	0.6078844588989832	1.00243933099546	0.28495161989670464	0.32373397511315444	0.31752351549365876	0.07379088949648216	0.8268120853834652	0.0	0.0	0.0	-1.0244681105453495	-0.9261996305378158	-0.09826848000753363	0.0	0.0	0.3333333333333333	0.6666666666666666	0.0	0.6666666666666666	-5.551115123125783e-17	-0.33333333333333337	5.0	4.0	1.0	1.0	1.0
2023-01-09	19:00	Sparta Rotterdam	Nijmegen	1	1	D	0	0	D	15	13	6	6	11	10	10	1	1	4	0	0	1.91	3.8	3.8	1.85	3.75	4.0	1.9	3.7	3.75	1.9	3.83	4.11	1.8	3.4	3.6	1.87	3.75	3.9	1.95	4.0	4.11	1.88	3.78	3.88	1.7	2.1	1.72	2.21	1.74	2.28	1.67	2.17	-0.5	1.91	1.99	1.9	2.0	1.95	2.01	1.89	1.94	2.0	3.75	3.6	2.05	3.6	3.4	2.1	3.5	3.25	2.07	3.69	3.66	1.95	3.2	3.3	2.0	3.6	3.5	2.1	3.8	3.88	2.02	3.64	3.53	1.7	2.1	1.76	2.14	1.79	2.31	1.72	2.12	-0.5	2.03	1.87	2.07	1.85	2.07	1.89	2.02	1.82	eredivisie																																																									0	0	1		0	0	1	1	1	7.0	5.0	0	0	0	2023	0	0	59.0	273.0	sparta_rotterdam	1.3571428571428572	38	0.5	14	14.857142857142858	416	5.107142857142857	0.10714285714285714	0.0	0.2156862745098039	1.3	39	0.36666666666666664	11	12.333333333333334	370	4.666666666666667	-0.16666666666666666	0.13333333333333333	-0.04761904761904761	0.5235602094240838	0.2631578947368421	0.2631578947368421	0.49868766404199477	0.25065616797900264	0.25065616797900264	0.04987599889776795	0.10999999999999988	0.19999999999999973	0.3999999999999999	-0.024872545382088995	-0.012501726757839449	-0.012501726757839449	0.5026315789473684	1.0	0.5026315789473684	0.06442577030812324	1.9	0.026072772238153963				0	Unknown	Unknown	Normal	3.1166666666666667	0.18455541634349582	8.0	2.0	3.0500000000000003	0.09573082743814453	2.0	0.3333333333333333	0.07662790340284575	0.16718892864648802	0.3823627977409049	0.37382037020976133	0.8478117780255919	0.16152439489691742	0.22115316049220868	0.27974662900098407	0.3375758156098898	0.5556310794797964	0.0	0.0	0.0	-1.0244681105453495	-0.9261996305378158	-0.09826848000753363	0.0	0.0	0.3333333333333333	0.6666666666666666	0.0	0.3333333333333333	-0.3333333333333334	-0.33333333333333337	7.0	5.0	2.0	2.0	1.0
2023-01-10	13:30	Heracles	Zwolle	2	1	H	0	0	D	13	13	6	5	8	12	2	2	1	3	0	0	2.2	3.5	3.1	2.2	3.7	3.0	2.2	3.6	3.0	2.29	3.82	3.03	2.15	3.8	2.9	2.15	3.6	2.88	2.3	3.87	3.2	2.22	3.68	2.99	1.57	2.35	1.63	2.39	1.63	2.5	1.57	2.37	-0.25	2.01	1.89	2.0	1.91	2.02	1.91	1.93	1.87	2.38	3.5	2.88	2.37	3.6	2.75	2.35	3.55	2.8	2.44	3.69	2.88	2.38	3.6	2.7	2.38	3.6	2.75	2.49	3.77	3.05	2.39	3.62	2.82	1.6	2.3	1.64	2.37	1.68	2.41	1.6	2.31	-0.25	2.08	1.82	2.12	1.81	2.14	1.85	2.05	1.79	eredivisie																																																									1	0	0	Heracles	0	0	1	3	0			0	0	0	2023	0	0			heracles	2.1052631578947367	40	0.7894736842105263	15	14.842105263157896	282	5.368421052631579	-0.3157894736842105	0.21052631578947367	-0.1987179487179487	1.25	30	0.4166666666666667	10	9.666666666666666	232	3.7916666666666665	-0.5	-1.1666666666666667	-0.4230769230769231	0.45454545454545453	0.2857142857142857	0.3225806451612903	0.42767047694126925	0.2688214426487978	0.30350808040993305	0.06284038542103043	0.050000000000000266	0.20000000000000018	-0.2999999999999998	-0.02687497760418528	-0.019072564751357268	-0.016892843065487884	0.6285714285714287	0.8857142857142858	0.7096774193548387	0.06247459005285272	1.96	0.026612966911474523				0	Unknown	Unknown	Normal	1.5	0.15	3.0	0.0	1.5	0.15	3.0	0.0	0.3	0.35	0.25	0.1	1.5	0.3	0.35	0.25	0.1	1.5	0.0	0.0	0.0	-1.0244681105453495	-0.9261996305378158	-0.09826848000753363	0.0	0.0	0.3	0.3	0.2	0.2	-0.5	-0.5	5.0	5.0	0.0	1.5	1.0
2023-01-10	13:30	Excelsior	Sparta Rotterdam	2	1	H	0	0	D	15	9	7	5	9	12	2	7	4	1	0	0	3.3	3.6	2.05	3.3	3.75	2.05	3.35	3.55	2.05	3.59	3.59	2.12	3.4	3.6	2.0	3.3	3.5	2.0	3.64	3.78	2.14	3.43	3.62	2.05	1.67	2.15	1.76	2.15	1.76	2.3	1.68	2.17	0.25	2.06	1.84	2.08	1.83	2.09	1.85	2.04	1.78	3.1	3.4	2.2	3.0	3.5	2.25	3.2	3.4	2.15	3.17	3.54	2.33	3.1	3.4	2.2	3.25	3.5	2.15	3.62	3.72	2.33	3.19	3.5	2.21	1.85	2.0	1.87	2.02	1.88	2.15	1.81	1.99	0.25	1.91	1.99	1.9	2.01	2.01	2.05	1.91	1.91	eredivisie																																																									1	0	0	Excelsior	0	0	1	3	0	7.0	5.0	0	0	0	2023	1	0	6.0	62.0	excelsior	1.0	23	0.34782608695652173	8	13.478260869565217	310	4.521739130434782	-0.21739130434782608	-0.391304347826087	-0.018518518518518528	1.2758620689655173	37	0.4482758620689655	13	11.379310344827585	330	4.137931034482759	-0.2413793103448276	-0.1724137931034483	-0.2	0.30303030303030304	0.2777777777777778	0.48780487804878053	0.28357348703170027	0.25994236311239194	0.4564841498559078	0.06861295885686136	-0.10000000000000009	0.04999999999999982	0.0	-0.019456815998602772	-0.03132072819287274	-0.01783541466538585	0.9166666666666666	0.5694444444444444	1.6097560975609757	0.06391867427934828	1.91	0.02891515407344869				0	Unknown	Unknown	Normal	2.15	0.08458840519909223	5.0	0.2	2.4875	0.12320267287154706	4.0	0.25	0.16311452295315707	0.24616882281386734	0.3925609949459251	0.19815565928705042	0.6022142645314312	0.12081649879871068	0.22009551074697853	0.4006477260564999	0.2584402643978109	0.7731569790179744	0.5	0.0	0.5	-0.8002144611503833	-0.9261996305378158	0.12598516938743254	0.0	0.0	0.2	0.5	0.6	0.5	-0.3	0.09999999999999998	7.0	5.0	2.0	2.0	1.0
2023-01-10	15:45	AZ Alkmaar	For Sittard	4	0	H	1	0	H	12	8	7	1	14	12	1	3	1	3	0	0	1.36	4.75	9.0	1.36	5.25	8.0	1.35	5.25	7.75	1.39	5.44	7.8	1.33	5.5	7.5	1.33	4.8	7.5	1.4	5.6	9.5	1.36	5.19	7.92	1.53	2.4	1.58	2.48	1.6	2.55	1.54	2.45	-1.5	2.02	1.88	2.07	1.83	2.07	1.9	2.0	1.83	1.4	4.5	8.0	1.38	5.0	8.0	1.37	5.0	7.75	1.4	5.19	8.05	1.33	5.0	8.0	1.33	5.25	8.5	1.4	5.6	9.37	1.36	5.07	8.27	1.57	2.35	1.64	2.36	1.68	2.45	1.59	2.34	-1.5	2.08	1.73	2.16	1.76	2.17	1.9	2.03	1.8	eredivisie																																																									1	0	0	AZ Alkmaar	1	0	0	3	0	6.0	4.0	0	0	0	2023	1	0	6.0	93.0	az_alkmaar	1.8666666666666667	56	0.9666666666666667	29	17.266666666666666	518	6.3	0.4666666666666667	0.9333333333333333	0.3083333333333333	1.0526315789473684	20	0.3684210526315789	7	8.842105263157896	168	3.263157894736842	-0.5263157894736842	-1.0	-0.35	0.7352941176470588	0.21052631578947367	0.1111111111111111	0.6956875508543532	0.19918633034987795	0.10512611879576893	0.05693154454764349	0.030000000000000027	1.5	-0.75	-0.03960656679270558	-0.0059849923153421775	-0.011339985439595718	0.28631578947368425	1.894736842105263	0.1511111111111111	0.0702614379084967	1.9649999999999999	0.026964398567516312				0	Unknown	Unknown	Normal	4.7625	0.06699315656875662	4.0	0.5	2.025	0.1851851851851852	3.0	0.5	0.031396954043632214	0.08298724226210524	0.2631850803156689	0.6224307233785936	1.049821098415925	0.13402016233798075	0.2673278530386728	0.4498911056624094	0.14876087896093704	0.9134005008937942	0.5	0.0	0.5	-0.8002144611503833	-0.9261996305378158	0.12598516938743254	0.0	0.0	0.25	0.0	0.0	0.0	-0.75	-1.0	6.0	4.0	2.0	1.0	1.0
2023-01-10	11:15	Nijmegen	Vitesse	1	3	A	1	1	D	9	10	5	5	9	18	6	5	2	5	0	0	2.15	3.4	3.25	2.2	3.6	3.1	2.15	3.45	3.15	2.19	3.82	3.23	2.15	3.6	3.1	2.1	3.5	3.0	2.2	3.85	3.26	2.16	3.61	3.14	1.7	2.1	1.72	2.21	1.77	2.22	1.7	2.14	-0.25	1.91	1.99	1.91	1.99	1.92	1.99	1.87	1.93	2.2	3.4	3.25	2.15	3.5	3.2	2.15	3.45	3.2	2.27	3.65	3.19	2.15	3.5	3.1	2.15	3.5	3.25	2.28	3.77	3.77	2.16	3.56	3.26	1.75	2.05	1.81	2.08	1.88	2.19	1.77	2.03	-0.25	1.93	1.97	1.97	1.93	1.97	2.05	1.87	1.94	eredivisie																																																									0	1	0	Vitesse	0	0	1	0	3	3.0	4.0	0	0	0	2023	0	0	6.0	6.0	nijmegen	1.896551724137931	55	0.4827586206896552	14	14.758620689655173	428	5.620689655172414	-0.1724137931034483	0.3793103448275862	-0.2427536231884058	1.1666666666666667	21	0.5	9	13.777777777777779	248	4.944444444444445	-0.3888888888888889	-0.8333333333333334	-0.5	0.46511627906976744	0.29411764705882354	0.3076923076923077	0.4359404280501035	0.27566821185521256	0.2883913600946839	0.06692623382089868	0.0	0.1499999999999999	-0.20000000000000018	-0.029175851019663912	-0.019300947597623797	-0.018449435203610975	0.6323529411764706	0.9558823529411765	0.6615384615384615	0.06442577030812324	1.9	0.026072772238153963				0	Unknown	Unknown	Normal	3.04	0.08004401613259968	4.0	-0.6	3.75	0.05912493834017739	1.0	-0.6	0.07659812152661243	0.16366647875384022	0.39266378260459034	0.36707161711495706	0.8214684231318916	0.026338508047009553	0.09263682133723491	0.3685191328029614	0.5125055378127941	0.946991806771171	0.0	0.0	0.0	-1.0244681105453495	-0.9261996305378158	-0.09826848000753363	-2.0	-1.0	0.0	0.16666666666666666	0.2	0.5	-0.5	-0.6333333333333334	3.0	4.0	-1.0	0.0	1.0
2023-01-12	19:00	Heerenveen	Almere City	3	0	H	2	0	H	15	13	8	2	6	12	7	8	1	2	0	0	1.67	4.0	5.0	1.65	4.0	5.0	1.65	3.95	4.8	1.68	4.05	5.25	1.6	4.0	4.6	1.65	4.0	5.0	1.7	4.2	5.3	1.65	4.06	4.97	1.7	2.1	1.75	2.17	1.77	2.24	1.7	2.15	-0.75	1.84	2.06	1.87	2.04	1.87	2.07	1.82	2.0	1.57	4.2	5.75	1.61	4.1	5.25	1.65	3.95	4.9	1.59	4.24	6.01	1.57	3.9	5.0	1.55	4.2	5.75	1.67	4.4	6.1	1.6	4.15	5.44	1.7	2.1	1.74	2.19	1.75	2.26	1.69	2.16	-1.0	1.99	1.91	1.99	1.92	2.11	1.97	1.99	1.85	eredivisie																																																									1	0	0	Heerenveen	1	0	0	3	0	2.0		0	0	0	2023	0	0	124.0		heerenveen	1.7692307692307692	46	1.0384615384615385	27	15.384615384615385	400	5.5	0.19230769230769232	0.34615384615384615	0.03571428571428571	0.5833333333333334	7	0.4166666666666667	5	10.333333333333334	124	2.8333333333333335	-0.6666666666666666	-1.25	0.0	0.5988023952095809	0.25	0.2	0.5709391949757351	0.2383671139023694	0.19069369112189552	0.04880239520958085	0.06999999999999984	0.40000000000000036	0.0	-0.02786320023384581	-0.009306308878104491	-0.011632886097630607	0.4175	1.25	0.33399999999999996	0.06442577030812324	1.9	0.02891515407344869				0	Unknown	Unknown	Normal	1.6166666666666665	0.0	0.0	-0.3333333333333333	1.5	0.15	3.0	0.0	0.2057008577677877	0.31773566455764973	0.3913348631052183	0.08522861456934423	0.9765302281945102	0.3	0.35	0.25	0.1	1.5	0.0	0.0	0.0	-1.0244681105453495	-0.9261996305378158	-0.09826848000753363	0.0	0.0	0.6666666666666666	0.3	1.0	0.2	-0.13333333333333341	0.3	2.0	5.0	-3.0	0.0	1.0
2023-02-04	15:45	For Sittard	Groningen	3	1	H	2	0	H	8	19	5	4	11	7	3	9	1	0	0	0	2.1	3.4	3.3	2.1	3.5	3.4	2.15	3.35	3.2	2.17	3.62	3.39	2.1	3.4	3.3	2.05	3.4	3.25	2.22	3.65	3.41	2.12	3.49	3.31	1.88	1.98	1.91	1.98	1.91	2.0	1.85	1.95	-0.25	1.86	2.04	1.89	2.02	1.89	2.06	1.84	1.99	2.25	3.5	3.1	2.2	3.4	3.2	2.15	3.35	3.2	2.28	3.53	3.28	2.2	3.25	3.2	2.2	3.5	3.13	2.29	3.64	3.37	2.22	3.44	3.2	1.95	1.9	1.96	1.93	1.99	1.99	1.88	1.92	-0.25	1.97	1.93	1.96	1.94	1.98	2.01	1.92	1.92	eredivisie																																																									1	0	0	For Sittard	1	0	0	3	0	3.0	3.0	0	0	0	2023	0	0	241.0	87.0	for_sittard	1.4285714285714286	50	0.6857142857142857	24	13.8	483	4.457142857142857	0.4	0.02857142857142857	0.574074074074074	0.75	15	0.35	7	11.9	238	4.3	-0.55	-1.45	-0.14285714285714285	0.47619047619047616	0.29411764705882354	0.30303030303030304	0.44365361803084225	0.2740213523131673	0.28232502965599054	0.07333842627960263	0.0	0.0	0.0	-0.03253685815963392	-0.020705273374312494	-0.020096294745656218	0.6176470588235294	0.9705882352941176	0.6363636363636365	0.03696539866752646	1.93	0.027830487033523088				0	Unknown	Unknown	Normal	3.0625	0.10962741175352199	4.0	-0.25	1.5	0.13147216360980363	2.0	0.0	0.08448981049797188	0.17418580805805667	0.37380998767132295	0.3675143937726485	0.6498931384937583	0.2577379635211527	0.31565526231838736	0.3425646657702074	0.0840421083902525	0.6946512446387275	0.0	0.0	0.0	-1.0244681105453495	-0.9261996305378158	-0.09826848000753363	0.0	0.0	0.25	0.5	0.25	0.0	-0.75	-0.25	3.0	3.0	0.0	1.0	1.0
2023-02-04	13:30	Utrecht	Volendam	0	0	D	0	0	D	18	8	5	2	11	14	11	7	2	1	0	0	1.4	5.0	6.5	1.4	5.0	7.0	1.43	4.9	6.5	1.43	5.26	6.93	1.4	4.75	7.0	1.36	5.0	6.5	1.44	5.4	7.5	1.4	5.08	6.74	1.44	2.7	1.48	2.76	1.48	2.88	1.43	2.76	-1.25	1.87	2.03	1.91	2.0	1.91	2.06	1.84	1.99	1.4	4.75	6.5	1.43	4.8	6.75	1.43	4.9	6.5	1.42	5.22	7.26	1.38	4.5	8.0	1.4	5.0	7.0	1.46	5.3	8.0	1.41	4.94	7.01	1.5	2.5	1.54	2.59	1.56	2.6	1.52	2.51	-1.25	1.91	1.99	1.9	2.0	1.93	2.04	1.87	1.96	eredivisie																																																									0	0	1		0	0	1	1	1	6.0	1.0	0	0	0	2023	0	0	87.0	211.0	utrecht	1.6774193548387097	52	0.5161290322580645	16	14.741935483870968	457	5.483870967741935	0.12903225806451613	0.6451612903225806	-7.93016446160826e-18	0.9583333333333334	23	0.5	12	9.166666666666666	220	3.4166666666666665	-0.875	-1.375	-0.7	0.7142857142857143	0.2	0.15384615384615385	0.6687242798353908	0.18724279835390945	0.14403292181069957	0.06813186813186833	0.0	-0.5	0.25	-0.04556143445032346	-0.009813232035454283	-0.012757201646090566	0.27999999999999997	1.3	0.21538461538461537	0.06481481481481488	2.0700000000000003	0.02737019572719368				0	Unknown	Unknown	Normal	3.1833333333333336	0.09074573525048424	4.0	0.3333333333333333	2.7166666666666663	0.060060060060060066	2.0	-2.0	0.05033245999136415	0.14252086608494788	0.41721003561770625	0.38993663830598174	1.065187904387435	0.08639416582409443	0.1955142977276392	0.42508573286664936	0.293005803581617	0.44828186861797176	0.0	0.0	0.0	-1.0244681105453495	-0.9261996305378158	-0.09826848000753363	0.0	0.0	0.3333333333333333	0.0	0.0	0.6666666666666666	-5.551115123125783e-17	-1.0	6.0	1.0	5.0	2.0	0.0
2023-02-04	13:30	Sparta Rotterdam	Feyenoord	1	3	A	1	1	D	7	22	5	5	9	7	4	8	1	1	0	0	5.25	3.8	1.57	5.5	3.9	1.62	5.25	3.8	1.63	5.72	3.99	1.65	5.5	3.8	1.6	5.25	3.9	1.55	5.8	4.1	1.66	5.43	3.91	1.62	1.83	2.02	1.86	2.04	1.86	2.08	1.79	2.01	1.0	1.82	2.08	1.84	2.08	1.84	2.11	1.8	2.05	7	4.33	1.45	6.75	4.2	1.49	5.25	3.8	1.63	7.3	4.31	1.52	7.5	4.2	1.44	7.0	4.33	1.45	7.5	4.55	1.63	6.91	4.28	1.49	1.73	2.08	1.8	2.1	1.82	2.17	1.75	2.07	1.25	1.83	2.07	1.83	2.1	1.85	2.22	1.77	2.08	eredivisie																																																									0	1	0	Feyenoord	0	0	1	0	3	8.0	10.0	0	0	0	2023	1	0	26.0	211.0	sparta_rotterdam	1.3571428571428572	38	0.5	14	14.857142857142858	416	5.107142857142857	0.10714285714285714	0.0	0.2156862745098039	2.0	60	1.0333333333333334	31	15.3	459	6.233333333333333	0.3333333333333333	0.8333333333333334	0.14814814814814814	0.19047619047619047	0.2631578947368421	0.6369426751592356	0.17465638128137945	0.2413015794019058	0.5840420393167147	0.09057676037226825	-0.25	-0.030000000000000027	0.0	-0.01581980919481102	-0.052900635842520916	-0.021856315334936288	1.381578947368421	0.41315789473684217	3.343949044585987	0.041497592382188975	1.925	0.030219780219780112				0	Unknown	Unknown	Normal	3.2375	0.15497285364835034	5.0	1.5	5.4375	0.15566382172346205	11.0	1.5	0.06430185816395746	0.14998304668742932	0.38415384510782935	0.40156125004078386	0.8240892066877492	0.006252384491944883	0.029915341397889397	0.19365555284898608	0.7701767212611796	0.849407598362167	0.5	0.0	0.5	-0.8002144611503833	-0.9261996305378158	0.12598516938743254	0.0	0.0	0.25	0.25	0.0	0.0	-0.75	-0.75	8.0	10.0	-2.0	2.0	3.0
2023-02-04	11:15	Go Ahead Eagles	Ajax	0	0	D	0	0	D	5	9	2	4	8	12	2	6	2	1	0	0	7.5	5.0	1.33	8.25	5.25	1.35	7.75	5.25	1.35	8.41	5.58	1.36	8.5	5.0	1.33	8.0	5.0	1.3	8.5	5.7	1.38	8.05	5.24	1.34	1.53	2.4	1.56	2.53	1.59	2.55	1.53	2.44	1.5	1.88	2.02	1.88	2.02	1.9	2.04	1.86	1.98	6	5.0	1.45	5.75	4.75	1.49	7.75	5.25	1.35	6.61	5.07	1.46	7.0	4.5	1.42	5.75	4.5	1.5	8.0	5.4	1.51	6.46	4.86	1.45	1.5	2.5	1.53	2.63	1.57	2.66	1.52	2.5	1.25	1.8	2.1	1.85	1.98	2.0	2.12	1.86	1.98	eredivisie																																																									0	0	1		0	0	1	1	1	1.0	7.0	0	0	1	2023	0	0	147.0	55.0	go_ahead_eagles	1.7096774193548387	53	0.7741935483870968	24	15.096774193548388	468	6.193548387096774	-0.0967741935483871	0.12903225806451613	0.15789473684210525	2.0344827586206895	59	0.8620689655172413	25	12.96551724137931	376	5.517241379310345	0.3448275862068966	0.5172413793103449	0.30833333333333335	0.13333333333333333	0.2	0.7518796992481203	0.12286374133949193	0.1842956120092379	0.6928406466512702	0.08521303258145352	-1.0	0.0	0.0	-0.010469591993841398	-0.05903905259685005	-0.015704387990762098	1.5	0.266	5.639097744360902	0.0702614379084967	1.9649999999999999	0.026964398567516312				0	Unknown	Unknown	Normal	3.25	0.1485148514851485	3.0	-0.5	3.5666666666666664	0.23504309447622407	10.0	1.0	0.053645314345586885	0.14283552852090559	0.3999713834157911	0.4035477737177165	0.7184276239787974	0.041786804903123725	0.12257869679520716	0.37921473092528774	0.4564197673763814	0.9149668596330368	0.0	0.0	0.0	-1.0244681105453495	-0.9261996305378158	-0.09826848000753363	0.0	0.0	0.5	0.0	0.5	0.0	-0.5	-0.5	1.0	7.0	-6.0	0.0	2.0
2023-02-09	20:00	Heracles	Excelsior	3	1	H	0	1	A	15	9	5	3	6	11	8	1	1	4	0	1	1.8	3.8	4.33	1.83	3.9	3.9	1.83	3.8	3.9	1.84	3.92	4.34	1.8	3.3	3.7	1.8	3.8	4.1	1.85	4.09	4.4	1.81	3.85	4.1	1.57	2.35	1.63	2.39	1.63	2.45	1.59	2.34	-0.5	1.75	2.05	1.83	2.07	1.85	2.09	1.81	2.03	1.8	3.8	4.33	1.8	3.9	4.1	1.77	3.8	4.1	1.83	3.93	4.38	1.7	3.7	3.8	1.75	4.0	4.2	1.83	4.13	4.5	1.78	3.93	4.16	1.57	2.35	1.61	2.42	1.68	2.55	1.57	2.39	-0.75	2.04	1.86	2.05	1.86	2.08	1.88	1.99	1.84	eredivisie																																																									1	0	0	Heracles	0	1	0	3	0	3.0	4.0	0	0	0	2023	3	0	30.0	183.0	heracles	2.1052631578947367	40	0.7894736842105263	15	14.842105263157896	282	5.368421052631579	-0.3157894736842105	0.21052631578947367	-0.1987179487179487	1.2272727272727273	27	0.6818181818181818	15	9.545454545454545	210	4.090909090909091	-0.5454545454545454	-1.4545454545454546	-0.5625	0.5555555555555556	0.2631578947368421	0.23094688221709006	0.5292717447246527	0.2507076685537828	0.22002058672156458	0.04966033250948776	0.0	0.6299999999999999	0.5	-0.02628381083090292	-0.010926295495525484	-0.012450226183059299	0.4736842105263158	1.1394736842105264	0.41570438799076215	0.06247459005285272	1.96	0.059233449477351874				0	Unknown	Unknown	Normal	3.3999999999999995	0.15267175572519084	2.0	1.0	2.2666666666666666	0.19653335090512614	5.0	-0.3333333333333333	0.0333732699603261	0.11346911786510873	0.4115146674574607	0.4416429447171045	0.8931044848817233	0.10447774175506606	0.23515897592943355	0.4659342193559972	0.19442906295950316	0.35232059401140264	1.5	0.0	1.5	-0.35170716236045074	-0.9261996305378158	0.5744924681773651	1.0	0.0	0.0	0.3333333333333333	0.0	0.0	-1.0	-0.6666666666666667	3.0	4.0	-1.0	1.0	1.0
2023-02-09	19:00	Waalwijk	PSV Eindhoven	0	4	A	0	1	A	10	22	3	9	1	13	4	8	0	0	0	0	8.0	5.5	1.33	7.75	5.5	1.35	7.25	5.75	1.35	8.33	5.63	1.36	7.0	5.0	1.29	9.0	5.5	1.3	9.0	5.85	1.37	7.93	5.61	1.33	1.36	3.1	1.38	3.17	1.4	3.27	1.36	3.08	1.5	1.99	1.91	1.97	1.93	2.02	1.94	1.95	1.88	9.5	6.0	1.25	9.25	6.25	1.27	8.75	6.5	1.27	10.21	6.39	1.28	9.0	5.5	1.2	9.5	6.5	1.25	10.5	6.62	1.3	9.64	6.33	1.26	1.25	4.0	1.29	3.75	1.32	4.0	1.28	3.61	1.75	2.03	1.87	2.02	1.88	2.04	1.98	1.96	1.86	eredivisie																																																									0	1	0	PSV Eindhoven	0	1	0	0	3	13.0	9.0	0	0	0	2023	6	3	36.0	36.0	waalwijk	1.76	44	0.84	21	13.2	330	4.56	0.28	0.44	0.19642857142857142	2.5806451612903225	80	1.0	31	17.806451612903224	552	6.870967741935484	0.5161290322580645	1.5161290322580645	0.32666666666666666	0.125	0.18181818181818182	0.7518796992481203	0.11806956662093454	0.17173755144863206	0.7101928819304333	0.05869788106630214	1.0	0.040000000000000036	0.5	-0.006930433379065459	-0.041686817317686975	-0.010080630369549759	1.4545454545454546	0.24181818181818182	6.015037593984962	0.057874762808349134	2.23	0.026072772238153963				0	Unknown	Unknown	Normal	3.2099999999999995	0.23453526004828693	7.0	1.6	3.5199999999999996	0.13799341833014528	7.0	0.0	0.07260999235675762	0.1659319059679663	0.37924820740433873	0.38220989427093743	0.9038759126610827	0.08267549228551223	0.14637463939262813	0.3309040191660983	0.4400458491557614	0.8511684839244115	2.0	1.5	0.5	0.32105378582444816	-0.2509806691142683	0.5720344549387164	3.0	2.0	0.16666666666666666	0.2	0.0	0.2	-0.6333333333333334	-0.8	13.0	9.0	4.0	4.0	3.0
2023-02-09	15:30	Almere City	Zwolle	1	2	A	0	1	A	10	13	3	6	12	10	7	4	3	4	0	1	3.2	3.6	2.15	3.1	3.7	2.15	3.1	3.6	2.15	3.26	3.66	2.23	3.1	3.2	2.05	3.13	3.6	2.15	3.28	3.76	2.25	3.15	3.63	2.16	1.65	2.2	1.68	2.29	1.69	2.32	1.65	2.23	0.25	1.99	1.91	1.97	1.93	2.0	1.94	1.93	1.88	2.8	3.5	2.4	2.85	3.5	2.35	2.85	3.4	2.35	2.9	3.64	2.45	2.7	3.2	2.25	2.75	3.6	2.38	3.0	3.72	2.46	2.84	3.53	2.36	1.65	2.2	1.68	2.29	1.9	2.31	1.66	2.2	0.25	1.78	2.13	1.81	2.12	1.82	2.16	1.78	2.05	eredivisie																																																									0	1	0	Zwolle	0	1	0	0	3		0.0	0	0	0	2023	0	0		30.0	almere_city	0.8666666666666667	13	0.3333333333333333	5	13.533333333333333	203	3.533333333333333	-0.4	-0.8666666666666667	-0.6666666666666666	1.25	30	0.4166666666666667	10	9.666666666666666	232	3.7916666666666665	-0.5	-1.1666666666666667	-0.4230769230769231	0.3125	0.2777777777777778	0.46511627906976744	0.29609793420045905	0.2631981637337414	0.4407039020657995	0.05539405684754528	0.10000000000000009	0.10000000000000009	0.3999999999999999	-0.016402065799540955	-0.024412377003967922	-0.014579614044036404	0.888888888888889	0.5972222222222222	1.488372093023256	0.06060606060606055	1.925	0.026072772238153963				0	Unknown	Unknown	Normal	1.5	0.15	3.0	0.0	3.05	0.07633587786259542	1.0	-1.0	0.3	0.35	0.25	0.1	1.5	0.04735892439114093	0.14444471939297984	0.44422769743316015	0.3639686587827191	0.7669442376530646	0.0	0.0	0.0	-1.0244681105453495	-0.9261996305378158	-0.09826848000753363	0.0	-1.0	0.3	0.0	0.2	0.0	-0.7	-0.8	5.0	0.0	5.0	1.5	0.0
2023-02-09	17:45	Go Ahead Eagles	Heerenveen	3	2	H	2	1	H	21	13	7	3	10	9	9	8	3	0	0	1	2.25	3.6	3.0	2.2	3.6	3.0	2.25	3.55	2.95	2.21	3.76	3.24	2.05	3.5	2.88	2.2	3.6	3.1	2.28	3.8	3.26	2.2	3.64	3.06	1.62	2.25	1.67	2.31	1.68	2.38	1.62	2.27	-0.25	1.93	1.97	1.93	1.98	1.98	2.0	1.9	1.9	1.95	3.6	3.6	1.98	3.7	3.6	2.0	3.6	3.45	2.02	3.77	3.72	1.91	3.4	3.3	2.0	3.7	3.5	2.14	3.84	3.8	2.01	3.67	3.54	1.67	2.15	1.72	2.21	1.75	2.25	1.68	2.18	-0.5	2.01	1.89	2.02	1.88	2.07	1.91	2.0	1.83	eredivisie																																																									1	0	0	Go Ahead Eagles	1	0	0	3	0	2.0	5.0	0	0	0	2023	1	1	5.0	36.0	go_ahead_eagles	1.7096774193548387	53	0.7741935483870968	24	15.096774193548388	468	6.193548387096774	-0.0967741935483871	0.12903225806451613	0.15789473684210525	1.1666666666666667	35	0.4666666666666667	14	11.866666666666667	356	3.8666666666666667	-0.26666666666666666	-0.7666666666666667	0.13333333333333333	0.4444444444444444	0.2777777777777778	0.3333333333333333	0.42105263157894735	0.2631578947368421	0.3157894736842105	0.05555555555555558	0.20000000000000018	0.1200000000000001	0.10000000000000009	-0.023391812865497075	-0.017543859649122806	-0.0146198830409357	0.625	0.8333333333333333	0.75	0.061728395061728225	1.935	0.02574892822387631				0	Unknown	Unknown	Normal	2.566666666666667	0.099009900990099	3.0	-0.3333333333333333	1.4500000000000002	0.05833672500339167	2.0	-1.0	0.13616161353445863	0.21570137044548457	0.3678488441463606	0.2802881718736962	0.7233512237225345	0.2641878444211923	0.323559088532728	0.3372065281162884	0.07504653892979132	0.6850141157764247	0.5	0.5	0.0	-0.8002144611503833	-0.7011266433966333	-0.09908781775374997	0.0	0.0	0.6666666666666666	0.5	0.6666666666666666	0.5	0.16666666666666663	0.16666666666666663	2.0	5.0	-3.0	0.0	1.0
2023-02-11	19:00	Ajax	Volendam	2	0	H	0	0	D	30	7	10	3	6	6	9	4	0	1	0	0	1.3	6.0	9.5	1.27	6.25	9.5	1.3	6.0	7.75	1.31	6.42	8.49	1.25	6.5	8.5	1.22	6.0	9.0	1.32	6.7	10.0	1.28	6.36	8.68	1.29	3.6	1.31	3.59	1.32	3.73	1.29	3.48	-1.75	1.96	1.94	1.95	1.93	1.96	1.98	1.88	1.93	1.22	7.0	11.0	1.22	7.25	11.0	1.25	7.0	9.0	1.21	8.38	11.13	1.17	7.0	11.0	1.18	7.5	12.0	1.25	8.38	12.0	1.22	7.32	10.5	1.22	4.2	1.21	4.65	1.25	4.65	1.21	4.21	-2.0	1.86	2.04	1.82	2.06	1.98	2.06	1.85	1.96	eredivisie																																																									1	0	0	Ajax	0	0	1	3	0	8.0	2.0	0	0	0	2023	0	1	125.0	7.0	ajax	2.0606060606060606	68	1.0606060606060606	35	17.636363636363637	582	5.909090909090909	0.696969696969697	1.0606060606060606	0.3492063492063492	0.9583333333333334	23	0.5	12	9.166666666666666	220	3.4166666666666665	-0.875	-1.375	-0.7	0.7692307692307692	0.16666666666666666	0.10526315789473684	0.7388204795852236	0.16007777057679845	0.10110174983797797	0.04116059379217263	0.050000000000000044	1.0	-0.5	-0.030410289645545596	-0.004161408056758867	-0.006588896089868207	0.21666666666666667	1.5833333333333333	0.1368421052631579	0.05297157622739013	2.4450000000000003	0.025667999158426325				0	Unknown	Unknown	Normal	4.71	0.12052294990344055	8.0	1.6	2.4124999999999996	0.04504504504504505	2.0	-1.5	0.014389953335187491	0.05486431596094404	0.26386759452859343	0.6668781361752749	1.1831020349849868	0.12057816440517827	0.2303095333513906	0.41294733596260585	0.23616496628082528	0.44638331737033204	0.0	0.5	-0.5	-1.0244681105453495	-0.7011266433966333	-0.32334146714871614	0.0	0.0	0.4	0.25	0.0	0.75	0.15000000000000002	-0.75	8.0	2.0	6.0	2.0	0.0
2023-02-12	17:45	Volendam	Zwolle	0	5	A	0	0	D	9	20	3	10	5	4	6	5	2	0	0	0	2.6	3.75	2.55	2.5	3.7	2.55	2.6	3.6	2.5	2.68	3.72	2.59	2.5	3.6	2.4	2.63	3.6	2.5	2.71	3.8	2.6	2.61	3.69	2.51	1.57	2.35	1.62	2.4	1.63	2.45	1.57	2.37	0.0	1.99	1.91	1.99	1.92	2.02	1.92	1.95	1.88	2.88	3.8	2.3	2.75	3.75	2.3	2.6	3.65	2.45	2.82	3.85	2.42	2.6	3.6	2.3	2.75	3.7	2.38	2.88	3.97	2.55	2.72	3.76	2.39	1.53	2.4	1.56	2.55	1.58	2.6	1.53	2.48	0.25	1.83	2.07	1.81	2.11	1.89	2.23	1.78	2.07	eredivisie																																																									0	1	0	Zwolle	0	0	1	0	3	0.0	3.0	0	0	0	2023	0	3	63.0	3.0	volendam	1.1818181818181819	26	0.36363636363636365	8	12.590909090909092	277	4.045454545454546	-0.45454545454545453	-1.2272727272727273	-0.16666666666666666	1.25	30	0.4166666666666667	10	9.666666666666666	232	3.7916666666666665	-0.5	-1.1666666666666667	-0.4230769230769231	0.3846153846153846	0.26666666666666666	0.3921568627450981	0.3686036426712923	0.255565192252096	0.37583116507661185	0.04343891402714917	0.10000000000000009	0.1499999999999999	0.1499999999999999	-0.016011741944092273	-0.01632569766848624	-0.011101474414570656	0.6933333333333334	0.6799999999999999	1.019607843137255	0.06247459005285272	1.96	0.026072772238153963				0	Unknown	Unknown	Normal	2.65	0.0657922483235629	4.0	-2.25	3.2249999999999996	0.11450381679389313	3.0	0.0	0.112445191142593	0.20545717463625038	0.3902428288138373	0.29185480540731934	0.4612516627594025	0.040366097175733515	0.1289569186290443	0.4278711824453104	0.4028058017499118	1.0450388113548132	0.0	1.0	-1.0	-1.0244681105453495	-0.2509806691142683	-0.7734874414310812	0.0	0.0	0.0	0.0	0.5	0.0	-1.0	-0.5	0.0	3.0	-3.0	0.0	1.0
2023-02-12	19:00	Waalwijk	Excelsior	2	2	D	1	0	H	17	13	8	6	4	4	2	2	0	0	0	0	2.05	4.0	3.25	2.0	3.9	3.3	2.05	3.8	3.25	2.12	3.92	3.31	1.95	3.8	3.1	2.1	3.6	3.3	2.14	4.0	3.34	2.06	3.83	3.26	1.57	2.35	1.62	2.41	1.62	2.45	1.56	2.37	-0.25	1.85	2.05	1.86	2.05	1.88	2.06	1.81	2.01	1.95	3.8	3.5	2.0	3.7	3.4	2.05	3.7	3.3	2.04	3.78	3.57	1.95	3.7	3.2	2.0	3.75	3.4	2.13	3.98	3.6	2.03	3.76	3.39	1.65	2.2	1.68	2.28	1.77	2.38	1.63	2.27	-0.5	2.05	1.85	2.04	1.87	2.09	1.9	2.03	1.82	eredivisie																																																									0	0	1		1	0	0	1	1	10.0	4.0	1	0	0	2023	6	0	3.0	3.0	waalwijk	1.76	44	0.84	21	13.2	330	4.56	0.28	0.44	0.19642857142857142	1.2272727272727273	27	0.6818181818181818	15	9.545454545454545	210	4.090909090909091	-0.5454545454545454	-1.4545454545454546	-0.5625	0.48780487804878053	0.25	0.3076923076923077	0.4665769403319875	0.23912068192014357	0.294302377747869	0.045497185741088186	0.09999999999999987	0.1499999999999999	0.20000000000000018	-0.021227937716793044	-0.013389929944438717	-0.010879318079856426	0.5125	0.8125	0.6307692307692307	0.06247459005285272	1.96	0.028345418589321048				0	Unknown	Unknown	Normal	2.55	0.18928639127000638	4.0	0.2	2.1875	0.17487254065137206	4.0	-0.75	0.09740734287443617	0.21363269486959577	0.4324913602115606	0.2564686020444076	0.8005716883172834	0.11392682421292795	0.24572784184550056	0.4610313281910898	0.17931400575048176	0.43007419925131757	1.5	0.0	1.5	0.32105378582444816	-0.9261996305378158	1.247253416362264	-1.0	-2.0	0.14285714285714285	0.25	0.14285714285714285	0.0	-0.8571428571428572	-0.6071428571428572	10.0	4.0	6.0	3.0	1.0
2023-02-12	20:00	Heracles	Sparta Rotterdam	0	1	A	0	0	D	13	10	3	4	11	7	6	3	1	0	0	0	2.7	3.6	2.45	2.65	3.6	2.45	2.65	3.6	2.5	2.68	3.75	2.58	2.6	3.5	2.38	2.7	3.5	2.5	2.73	3.77	2.59	2.65	3.67	2.48	1.62	2.25	1.67	2.31	1.69	2.31	1.64	2.25	0.0	2.03	1.87	1.99	1.92	2.04	1.92	1.98	1.86	2.55	3.6	2.55	2.6	3.5	2.55	2.6	3.55	2.5	2.64	3.62	2.68	2.5	3.5	2.45	2.5	3.6	2.6	2.71	3.71	2.71	2.58	3.6	2.57	1.67	2.15	1.72	2.21	1.77	2.33	1.69	2.14	0.0	1.92	1.98	1.93	1.97	1.97	2.0	1.92	1.91	eredivisie																																																									0	1	0	Sparta Rotterdam	0	0	1	0	3	6.0	5.0	0	0	0	2023	6	0	3.0	33.0	heracles	2.1052631578947367	40	0.7894736842105263	15	14.842105263157896	282	5.368421052631579	-0.3157894736842105	0.21052631578947367	-0.1987179487179487	1.2758620689655173	37	0.4482758620689655	13	11.379310344827585	330	4.137931034482759	-0.2413793103448276	-0.1724137931034483	-0.2	0.37037037037037035	0.2777777777777778	0.4081632653061224	0.3506261180679785	0.2629695885509839	0.38640429338103754	0.0563114134542706	0.10000000000000009	0.07000000000000028	0.10000000000000009	-0.01974425230239185	-0.021758971925084858	-0.014808189226793889	0.75	0.6805555555555556	1.1020408163265305	0.061728395061728225	1.935	0.02737019572719368				0	Unknown	Unknown	Normal	3.3249999999999997	0.1756736262069663	5.0	1.5	2.52	0.12054016027525963	5.0	0.0	0.036073738896024055	0.11974264665910264	0.4190659640529823	0.42511765039189103	1.1413491010217305	0.11078344165105447	0.2135215515196105	0.41395941457854313	0.2617355922507919	0.7306808463663081	2.0	0.0	2.0	0.32105378582444816	-0.9261996305378158	1.247253416362264	3.0	-1.0	0.0	0.4	0.0	0.4	-0.6	-0.6	6.0	5.0	1.0	2.0	1.0
2023-02-12	19:00	For Sittard	Vitesse	3	1	H	2	0	H	15	8	11	4	16	14	5	4	1	3	0	1	2.0	3.6	3.6	2.05	3.6	3.4	2.05	3.5	3.4	2.02	3.63	3.86	1.91	3.5	3.5	2.0	3.5	3.6	2.05	3.75	3.92	2.0	3.6	3.62	1.85	2.0	1.88	2.0	1.9	2.07	1.83	1.98	-0.5	2.03	1.87	2.02	1.88	2.05	1.89	2.0	1.84	2.0	3.6	3.6	2.0	3.6	3.6	2.05	3.5	3.4	2.06	3.57	3.79	1.95	3.5	3.4	2.05	3.5	3.5	2.11	3.69	3.79	2.02	3.57	3.57	1.88	1.98	1.91	1.98	1.97	2.02	1.84	1.94	-0.5	2.09	1.81	2.06	1.85	2.11	1.85	2.02	1.8	eredivisie																																																									1	0	0	For Sittard	1	0	0	3	0	6.0	4.0	0	0	0	2023	3	3	8.0	33.0	for_sittard	1.4285714285714286	50	0.6857142857142857	24	13.8	483	4.457142857142857	0.4	0.02857142857142857	0.574074074074074	1.1666666666666667	21	0.5	9	13.777777777777779	248	4.944444444444445	-0.3888888888888889	-0.8333333333333334	-0.5	0.5	0.2777777777777778	0.2777777777777778	0.47368421052631576	0.2631578947368421	0.2631578947368421	0.05555555555555558	0.09000000000000008	0.10000000000000009	0.10000000000000009	-0.026315789473684237	-0.0146198830409357	-0.0146198830409357	0.5555555555555556	1.0	0.5555555555555556	0.04054054054054035	1.925	0.02737019572719368				0	Unknown	Unknown	Normal	2.96	0.16177600347689167	5.0	0.2	3.5699999999999994	0.10805967474575513	4.0	-0.4	0.08320818159860814	0.17917029610703344	0.3929773062739706	0.3446442160203878	0.6730799638013668	0.0339258545326	0.10882362099243266	0.384425425542291	0.4728250989326764	0.7915258448837814	1.5	1.0	0.5	-0.35170716236045074	-0.2509806691142683	-0.10072649324618244	2.0	1.0	0.2	0.14285714285714285	0.2	0.42857142857142855	-0.3714285714285714	-0.6571428571428573	6.0	4.0	2.0	2.0	1.0
2023-03-02	19:00	For Sittard	Sparta Rotterdam	0	0	D	0	0	D	14	8	7	2	6	7	3	3	0	0	0	0	2.45	3.2	2.9	2.45	3.2	2.9	2.45	3.2	2.95	2.59	3.28	2.97	2.5	3.1	2.88	2.4	3.13	2.8	2.6	3.3	3.01	2.49	3.19	2.92	2.15	1.67	2.21	1.72	2.28	1.74	2.17	1.69	0.0	1.78	2.13	1.83	2.1	1.82	2.17	1.78	2.1	2.5	3.2	3.0	2.45	3.2	2.9	2.5	3.15	2.85	2.56	3.23	3.03	2.55	3.1	2.8	2.4	3.13	2.88	2.59	3.3	3.05	2.5	3.19	2.94	2.15	1.67	2.22	1.71	2.35	1.74	2.17	1.69	0.0	1.79	2.11	1.81	2.14	1.81	2.14	1.78	2.09	eredivisie																																																									0	0	1		0	0	1	1	1	9.0	7.0	0	0	0	2023	6	3	18.0	18.0	for_sittard	1.4285714285714286	50	0.6857142857142857	24	13.8	483	4.457142857142857	0.4	0.02857142857142857	0.574074074074074	1.2758620689655173	37	0.4482758620689655	13	11.379310344827585	330	4.137931034482759	-0.2413793103448276	-0.1724137931034483	-0.2	0.4081632653061224	0.3125	0.3448275862068966	0.38307533539731675	0.2932920536635707	0.3236326109391125	0.06549085151301903	-0.04999999999999982	0.020000000000000018	0.10000000000000009	-0.02508792990880565	-0.021194975267784077	-0.019207946336429305	0.765625	0.9062499999999999	0.8448275862068967	0.06391867427934828	1.91	0.03128132088410629				0	Unknown	Unknown	Normal	3.15	0.1642440220692984	8.0	0.8	2.28	0.11385207424811386	2.0	0.2	0.08170234381787675	0.1734467585617035	0.37217387877947966	0.3726770188409401	0.8008816618993967	0.12346228781947846	0.23739308893647787	0.4301103911072855	0.2090342321367582	0.7869762154080556	2.0	1.0	1.0	0.32105378582444816	-0.2509806691142683	0.5720344549387164	4.0	0.0	0.16666666666666666	0.5	0.16666666666666666	0.3333333333333333	-0.5000000000000001	-0.33333333333333337	9.0	7.0	2.0	3.0	2.0
2023-03-03	19:00	Utrecht	For Sittard	1	2	A	0	0	D	13	9	5	5	3	10	3	1	2	1	0	0	1.57	4.2	5.75	1.58	4.2	5.5	1.6	4.0	5.25	1.61	4.29	5.6	1.55	4.0	5.8	1.53	4.0	5.25	1.62	4.5	5.8	1.57	4.22	5.52	1.7	2.1	1.72	2.2	1.74	2.25	1.69	2.15	-1.0	1.99	1.91	2.0	1.91	2.02	1.95	1.96	1.88	1.6	4.0	5.5	1.58	4.2	5.5	1.6	4.0	5.25	1.64	4.22	5.46	1.55	3.9	6.0	1.55	4.0	5.25	1.64	4.5	6.0	1.58	4.2	5.48	1.7	2.1	1.72	2.22	1.77	2.28	1.68	2.18	-1.0	2.06	1.84	2.04	1.87	2.09	1.94	1.98	1.88	eredivisie																																																									0	1	0	For Sittard	0	0	1	0	3	7.0	4.0	0	0	0	2023	1	0	27.0	52.0	utrecht	1.6774193548387097	52	0.5161290322580645	16	14.741935483870968	457	5.483870967741935	0.12903225806451613	0.6451612903225806	-7.93016446160826e-18	1.0526315789473684	20	0.3684210526315789	7	8.842105263157896	168	3.263157894736842	-0.5263157894736842	-1.0	-0.35	0.6369426751592356	0.23809523809523808	0.17391304347826086	0.6072187370353144	0.2269841469393913	0.1657971160252945	0.04895095673273442	0.020000000000000018	-0.04999999999999982	0.20000000000000018	-0.029723938123921267	-0.008115927452966354	-0.01111109115584677	0.3738095238095238	1.369047619047619	0.27304347826086955	0.06442577030812324	1.9	0.026072772238153963				0	Unknown	Unknown	Normal	3.275	0.06805930143786318	2.0	0.25	1.7333333333333334	0.1234567901234568	3.0	-1.0	0.04493050490708297	0.1323837672568484	0.41170397990655966	0.41098174792950903	1.185272122138034	0.19489236468500493	0.2995959969544189	0.3964730331716486	0.10903860518892756	0.712398713460773	0.5	0.0	0.5	-0.8002144611503833	-0.9261996305378158	0.12598516938743254	0.0	-4.0	0.5	0.0	0.25	0.3333333333333333	-0.16666666666666674	-0.75	7.0	4.0	3.0	2.0	1.0
2023-03-03	19:00	Vitesse	AZ Alkmaar	0	1	A	0	1	A	12	16	1	6	7	13	4	6	0	1	0	0	3.2	3.4	2.25	3.1	3.4	2.25	3.05	3.3	2.25	3.26	3.53	2.28	3.1	3.3	2.25	3.0	3.4	2.15	3.28	3.56	2.3	3.13	3.42	2.25	1.88	1.98	1.9	1.99	1.92	2.0	1.85	1.95	0.25	1.93	1.97	1.93	1.97	1.96	2.0	1.89	1.96	3.1	3.3	2.38	2.95	3.4	2.35	3.0	3.3	2.35	3.19	3.39	2.39	3.0	3.3	2.3	2.88	3.3	2.25	3.2	3.56	2.42	3.03	3.37	2.34	1.9	1.95	1.93	1.96	1.95	2.01	1.86	1.94	0.25	1.85	2.05	1.87	2.05	1.89	2.08	1.82	2.02	eredivisie																																																									0	1	0	AZ Alkmaar	0	1	0	0	3	0.0	12.0	0	0	0	2023	0	0	174.0	82.0	vitesse	0.8571428571428571	12	0.5	7	13.214285714285714	185	4.285714285714286	-0.21428571428571427	-1.1428571428571428	0.25	1.3103448275862069	38	0.7931034482758621	23	12.862068965517242	373	5.206896551724138	0.3793103448275862	0.10344827586206896	0.4230769230769231	0.3125	0.29411764705882354	0.4444444444444444	0.29731830547998445	0.27982899339292655	0.42285270112708895	0.051062091503268014	0.10000000000000009	0.0	0.10000000000000009	-0.015181694520015554	-0.021591743317355472	-0.014288653665896989	0.9411764705882354	0.6617647058823529	1.4222222222222223	0.03696539866752646	1.93	0.02574892822387631				0	Unknown	Unknown	Normal	2.2666666666666666	0.10626337359010625	3.0	-2.6666666666666665	3.31	0.16550350177192033	4.0	1.2	0.12260324083542946	0.240993543371509	0.4319059801523036	0.20449723564075786	0.7384799520801405	0.04771758040855176	0.13111189314600363	0.399576018450359	0.42159450799508563	1.1257442523964718	0.0	0.0	0.0	-1.0244681105453495	-0.9261996305378158	-0.09826848000753363	0.0	0.0	0.0	0.4	0.3333333333333333	0.0	-1.0	-0.2666666666666667	0.0	12.0	-12.0	0.0	4.0
2023-03-09	13:30	Volendam	Twente	0	2	A	0	1	A	7	12	2	4	10	7	1	5	1	2	0	0	5.5	4.5	1.53	5.0	4.5	1.57	5.0	4.4	1.57	5.22	4.57	1.61	4.75	3.8	1.53	4.8	4.33	1.53	5.5	4.65	1.62	5.05	4.47	1.57	1.44	2.7	1.47	2.79	1.49	2.82	1.45	2.72	1.0	1.93	1.97	1.92	1.99	1.95	1.99	1.9	1.92	6.5	4.75	1.45	6.0	4.75	1.49	6.0	4.8	1.45	6.58	5.07	1.47	6.0	4.4	1.36	6.5	5.0	1.4	6.8	5.2	1.5	6.33	4.87	1.45	1.4	2.88	1.45	2.87	1.48	3.05	1.43	2.8	1.25	1.95	1.95	1.94	1.96	1.99	1.97	1.92	1.91	eredivisie																																																									0	1	0	Twente	0	1	0	0	3	0.0	6.0	0	0	0	2023	0	1	25.0	64.0	volendam	1.1818181818181819	26	0.36363636363636365	8	12.590909090909092	277	4.045454545454546	-0.45454545454545453	-1.2272727272727273	-0.16666666666666666	1.6774193548387097	52	0.8387096774193549	26	13.387096774193548	415	4.354838709677419	0.25806451612903225	0.4838709677419355	0.15789473684210525	0.18181818181818182	0.2222222222222222	0.6535947712418301	0.17191011235955056	0.21011235955056176	0.6179775280898876	0.05763517528223416	0.75	0.0	0.7000000000000002	-0.009908069458631263	-0.03561724315194248	-0.012109862671660448	1.2222222222222223	0.34	3.5947712418300655	0.06481481481481488	2.0700000000000003	0.02574892822387631				0	Unknown	Unknown	Normal	2.51	0.05263379865885032	2.0	-2.8	2.75	0.046765062203287425	2.0	-0.2	0.11841096723137712	0.2198526276277406	0.4014587939903433	0.26027761115053893	0.4050529192108323	0.13109504730444602	0.21531551885039196	0.3517725395526022	0.3018168942925599	0.9241307150948938	0.0	0.5	-0.5	-1.0244681105453495	-0.7011266433966333	-0.32334146714871614	-5.0	0.0	0.0	0.4	0.6	0.4	-0.6	0.0	0.0	6.0	-6.0	0.0	1.0
2023-03-09	15:45	Vitesse	AZ Alkmaar	0	2	A	0	0	D	4	16	2	7	12	10	0	9	3	0	0	0	3.75	3.8	1.91	3.7	3.7	1.95	3.6	3.65	1.95	3.62	3.83	2.04	3.4	3.25	1.91	3.4	3.6	1.93	3.75	3.9	2.05	3.56	3.72	1.97	1.65	2.2	1.7	2.23	1.71	2.28	1.64	2.22	0.5	1.9	2.0	1.88	2.04	1.93	2.04	1.86	1.97	2.8	3.5	2.38	2.8	3.5	2.37	2.75	3.5	2.4	2.96	3.57	2.44	2.62	3.3	2.25	2.88	3.6	2.3	3.08	3.7	2.47	2.84	3.56	2.38	1.75	2.05	1.78	2.12	1.81	2.25	1.71	2.13	0.25	1.78	2.13	1.81	2.11	1.88	2.16	1.79	2.06	eredivisie																																																									0	1	0	AZ Alkmaar	0	0	1	0	3	0.0	12.0	0	1	0	2023	0	3	6.0	6.0	vitesse	0.8571428571428571	12	0.5	7	13.214285714285714	185	4.285714285714286	-0.21428571428571427	-1.1428571428571428	0.25	1.3103448275862069	38	0.7931034482758621	23	12.862068965517242	373	5.206896551724138	0.3793103448275862	0.10344827586206896	0.4230769230769231	0.26666666666666666	0.2631578947368421	0.5235602094240838	0.25315219476465356	0.24982124483353968	0.49702656040180676	0.05338477082759252	0.3500000000000001	0.0	0.5499999999999998	-0.013514471902013103	-0.026533649022277006	-0.013336649903302411	0.986842105263158	0.5026315789473684	1.9633507853403143	0.06060606060606055	1.925	0.02631578947368407				0	Unknown	Unknown	Normal	2.0875	0.07969753019257969	3.0	-2.25	3.3	0.11685715973029118	4.0	0.8	0.14501442408325788	0.2629912473864947	0.4206029099013241	0.17139141862892332	0.6582589085818641	0.047958736531417814	0.13176899334204792	0.40075493465079487	0.4195173354757394	1.1747990374811743	0.0	1.5	-1.5	-1.0244681105453495	-0.2509806691142683	-0.7734874414310812	-1.0	1.0	0.0	0.5	0.5	0.0	-1.0	0.0	0.0	12.0	-12.0	0.0	4.0
2023-03-09	13:30	For Sittard	Ajax	0	0	D	0	0	D	12	12	4	4	20	7	3	7	3	2	0	0	6.5	5.5	1.4	7.0	5.25	1.4	6.75	5.25	1.4	7.39	5.51	1.4	6.5	4.4	1.35	6.5	5.0	1.36	7.5	5.7	1.41	6.89	5.25	1.39	1.4	2.88	1.43	2.97	1.43	3.1	1.39	2.95	1.5	1.84	2.06	1.85	2.07	1.85	2.11	1.81	2.02	4.75	4.33	1.65	4.6	4.2	1.65	4.9	4.3	1.6	4.81	4.32	1.69	4.75	4.0	1.5	5.0	4.2	1.62	5.75	4.75	1.69	4.95	4.34	1.61	1.57	2.35	1.6	2.44	1.6	2.7	1.54	2.45	1.0	1.73	2.08	1.77	2.15	2.02	2.2	1.82	2.02	eredivisie																																																									0	0	1		0	0	1	1	1	7.0	8.0	0	1	0	2023	7	1	7.0	33.0	for_sittard	1.4285714285714286	50	0.6857142857142857	24	13.8	483	4.457142857142857	0.4	0.02857142857142857	0.574074074074074	2.0344827586206895	59	0.8620689655172413	25	12.96551724137931	376	5.517241379310345	0.3448275862068966	0.5172413793103449	0.30833333333333335	0.15384615384615385	0.18181818181818182	0.7142857142857143	0.14652711703139867	0.1731684110371075	0.6803044719314938	0.049950049950050035	0.0	0.04999999999999982	1.0999999999999996	-0.007319036814755181	-0.03398124235422051	-0.008649770781074317	1.1818181818181819	0.2545454545454545	4.642857142857143	0.06150793650793651	2.1399999999999997	0.02891515407344869				0	Unknown	Unknown	Normal	3.1	0.1443435245568606	6.0	0.4	3.25	0.17628232085716805	7.0	0.75	0.08264375602519994	0.1762425617898097	0.3782623467003342	0.3628513354846562	0.8617364531686974	0.05640481460804373	0.14958285773701752	0.40153426492130945	0.3924780627336293	1.1368576993888233	1.75	0.5	1.25	0.5453074352194144	-0.7011266433966333	1.2464340786160477	4.0	0.0	0.2857142857142857	0.25	0.2857142857142857	0.25	-0.4642857142857143	-0.4642857142857143	7.0	8.0	-1.0	2.0	2.0
2023-03-09	11:15	Utrecht	Feyenoord	1	5	A	1	2	A	5	21	1	11	13	13	5	8	1	0	0	0	4.75	4.5	1.62	4.6	4.33	1.63	4.5	4.3	1.65	4.89	4.55	1.65	4.33	4.0	1.55	4.6	4.2	1.57	5.0	4.7	1.67	4.69	4.36	1.63	1.48	2.6	1.5	2.71	1.51	2.75	1.48	2.62	1.0	1.83	2.07	1.85	2.07	1.85	2.1	1.81	2.03	4.33	4.33	1.7	4.4	4.1	1.71	4.3	4.1	1.7	4.66	4.3	1.71	4.0	3.75	1.65	4.5	4.2	1.67	4.66	4.4	1.73	4.4	4.14	1.7	1.53	2.4	1.56	2.56	1.56	2.56	1.52	2.47	0.75	2.01	1.89	2.01	1.9	2.05	1.92	1.95	1.87	eredivisie																																																									0	1	0	Feyenoord	0	1	0	0	3	7.0	13.0	0	0	0	2023	1	3	6.0	33.0	utrecht	1.6774193548387097	52	0.5161290322580645	16	14.741935483870968	457	5.483870967741935	0.12903225806451613	0.6451612903225806	-7.93016446160826e-18	2.0	60	1.0333333333333334	31	15.3	459	6.233333333333333	0.3333333333333333	0.8333333333333334	0.14814814814814814	0.21052631578947367	0.2222222222222222	0.6172839506172839	0.2004950495049505	0.21163366336633663	0.5878712871287128	0.0500324886289798	0.41999999999999993	0.07000000000000006	0.5	-0.010031266284523166	-0.029412663488571078	-0.010588558855885583	1.0555555555555556	0.36000000000000004	2.9320987654320985	0.06029106029106024	2.04	0.029539874871307603				0	Unknown	Unknown	Normal	3.2299999999999995	0.06971461672280962	2.0	0.0	5.140000000000001	0.15168037864573797	10.0	1.6	0.045416188803894565	0.13479595768407468	0.41820872341187976	0.401579130100151	1.1624778344294184	0.00885284794863329	0.03914348752086719	0.22452208617688213	0.7274815783536173	0.8911341247513462	0.3333333333333333	1.5	-1.1666666666666667	-0.8002144611503833	-0.2509806691142683	-0.549233792036115	-1.0	2.0	0.4	0.2	0.2	0.0	-0.6	-0.6000000000000001	7.0	13.0	-6.0	2.0	4.0
2023-03-12	13:30	Go Ahead Eagles	Twente	1	3	A	0	2	A	15	13	9	5	7	17	4	4	1	0	0	0	3.8	4.0	1.85	3.7	3.7	1.93	3.65	3.75	1.9	3.87	3.82	1.96	3.6	3.7	1.83	3.7	3.6	1.85	3.92	4.0	1.97	3.73	3.81	1.91	1.67	2.15	1.71	2.23	1.72	2.25	1.68	2.18	0.5	1.98	1.92	1.94	1.96	2.0	1.96	1.92	1.9	3.5	3.8	2.0	3.5	3.6	2.05	3.55	3.65	1.95	3.66	3.69	2.07	3.4	3.6	1.91	3.5	3.6	2.0	3.8	3.87	2.08	3.57	3.69	1.99	1.75	2.05	1.8	2.09	1.9	2.12	1.77	2.04	0.5	1.85	2.05	1.85	2.07	1.9	2.08	1.84	2.0	eredivisie																																																									0	1	0	Twente	0	1	0	0	3	5.0	6.0	0	0	1	2023	4	4	31.0	3.0	go_ahead_eagles	1.7096774193548387	53	0.7741935483870968	24	15.096774193548388	468	6.193548387096774	-0.0967741935483871	0.12903225806451613	0.15789473684210525	1.6774193548387097	52	0.8387096774193549	26	13.387096774193548	415	4.354838709677419	0.25806451612903225	0.4838709677419355	0.15789473684210525	0.2631578947368421	0.25	0.5405405405405405	0.249746878164023	0.23725953425582186	0.5129935875801553	0.053698435277382384	0.19999999999999973	0.020000000000000018	0.2999999999999998	-0.013411016572819096	-0.027546952960385118	-0.012740465744178142	0.95	0.4625	2.054054054054054	0.06391867427934828	1.91	0.025883838383838453				0	Unknown	Unknown	Normal	3.0625	0.10980244943925671	3.0	0.0	2.87	0.06455573787043775	3.0	0.0	0.10476301124680715	0.17379622282074583	0.3447072578228187	0.37673350810962836	0.7807839920407208	0.11888270629999025	0.19980366622720047	0.3552723699575878	0.32604125751522145	1.068885955826844	1.3333333333333333	1.3333333333333333	0.0	-0.12745351296548443	-0.025907681973085794	-0.10154583099239864	1.0	2.0	0.5	0.5	0.5	0.3333333333333333	-0.16666666666666674	0.0	5.0	6.0	-1.0	1.0	1.0
2023-03-12	11:15	Feyenoord	PSV Eindhoven	1	2	A	0	0	D	14	14	3	7	10	13	10	5	1	3	0	0	2.2	3.6	3.0	2.25	3.7	2.9	2.25	3.6	2.95	2.22	3.93	3.1	2.1	3.7	2.88	2.15	3.6	2.88	2.28	4.0	3.1	2.21	3.77	2.96	1.57	2.35	1.57	2.51	1.6	2.55	1.55	2.4	-0.25	1.97	1.93	1.94	1.96	2.0	1.97	1.93	1.88	2.0	3.75	3.4	2.05	3.8	3.2	2.1	3.7	3.1	2.07	3.94	3.44	2.05	3.7	3.0	2.05	3.8	3.25	2.16	3.99	3.44	2.08	3.81	3.25	1.5	2.5	1.53	2.61	1.55	2.66	1.52	2.51	-0.25	1.75	2.05	1.81	2.1	1.87	2.14	1.81	2.01	eredivisie																																																									0	1	0	PSV Eindhoven	0	0	1	0	3	9.0	12.0	0	0	0	2023	0	6	123.0	31.0	feyenoord	2.5185185185185186	68	1.1851851851851851	32	20.703703703703702	559	7.148148148148148	0.9629629629629629	1.7037037037037037	0.5873015873015873	2.5806451612903225	80	1.0	31	17.806451612903224	552	6.870967741935484	0.5161290322580645	1.5161290322580645	0.32666666666666666	0.45454545454545453	0.2777777777777778	0.3333333333333333	0.4265402843601896	0.26066350710900477	0.3127962085308057	0.06565656565656552	0.10000000000000009	0.1200000000000001	-0.10000000000000009	-0.028005170185264938	-0.020537124802527618	-0.017114270668773024	0.6111111111111112	0.8333333333333333	0.7333333333333334	0.06247459005285272	1.96	0.02574892822387631				0	Unknown	Unknown	Normal	4.816666666666666	0.09225532745374294	6.0	2.0	4.0	0.1741925133527697	9.0	1.4	0.008847358681666815	0.04115508784312987	0.24738504368762593	0.7026125097875774	1.0921784898912514	0.07315718129570804	0.12057473445242332	0.2783925047491611	0.5278755795027076	0.7846358180077175	0.0	2.0	-2.0	-1.0244681105453495	0.42423829230927923	-1.4487064028546288	0.0	6.0	1.0	0.3333333333333333	0.0	0.16666666666666666	0.16666666666666663	-0.6666666666666667	9.0	12.0	-3.0	3.0	4.0
2023-03-12	13:30	Nijmegen	Ajax	1	2	A	0	0	D	7	22	3	10	4	7	2	6	0	0	0	0	4.33	4.33	1.7	4.4	4.33	1.68	4.2	4.2	1.7	4.32	4.39	1.75	4.0	4.33	1.62	4.2	4.1	1.65	4.6	4.5	1.75	4.25	4.35	1.7	1.44	2.7	1.5	2.69	1.51	2.88	1.45	2.69	0.75	1.99	1.91	1.95	1.95	2.04	1.95	1.94	1.87	3.6	4.0	1.91	3.5	4.0	1.9	3.7	4.0	1.83	3.53	4.16	1.98	3.3	4.0	1.83	3.5	4.0	1.9	4.27	4.4	1.99	3.69	4.13	1.86	1.44	2.7	1.47	2.78	1.5	2.8	1.44	2.71	0.75	1.7	2.1	1.71	2.24	1.96	2.28	1.77	2.07	eredivisie																																																									0	1	0	Ajax	0	0	1	0	3	2.0	9.0	0	0	0	2023	0	2	61.0	3.0	nijmegen	1.896551724137931	55	0.4827586206896552	14	14.758620689655173	428	5.620689655172414	-0.1724137931034483	0.3793103448275862	-0.2427536231884058	2.0344827586206895	59	0.8620689655172413	25	12.96551724137931	376	5.517241379310345	0.3448275862068966	0.5172413793103449	0.30833333333333335	0.23094688221709006	0.23094688221709006	0.5882352941176471	0.21992238033635186	0.21992238033635186	0.5601552393272963	0.050129058551827255	0.33000000000000007	0.07999999999999985	0.0	-0.011024501880738197	-0.028080054790350806	-0.011024501880738197	1.0	0.3926096997690531	2.547058823529412	0.06481481481481488	2.0700000000000003	0.026072772238153963				0	Unknown	Unknown	Normal	3.2699999999999996	0.07733068008593029	4.0	-1.0	3.12	0.14102585668573445	3.0	0.6	0.046102332109012385	0.13417257363133894	0.41079858728783847	0.40892650697181016	0.9786343555843755	0.059978567329301756	0.1582885468610676	0.414950764499775	0.36678212130985555	1.123130781006855	0.0	0.6666666666666666	-0.6666666666666666	-1.0244681105453495	-0.4760536562554508	-0.5484144542898987	-4.0	0.0	0.0	0.4	0.16666666666666666	0.4	-0.6	-0.43333333333333335	2.0	9.0	-7.0	0.0	2.0
2023-03-12	15:45	Utrecht	AZ Alkmaar	1	1	D	0	1	A	15	20	4	9	10	13	7	5	0	1	0	0	4.0	3.75	1.83	4.1	3.75	1.83	3.85	3.75	1.85	4.24	3.75	1.9	3.75	3.8	1.75	4.0	3.5	1.8	4.35	4.0	1.91	4.02	3.75	1.85	1.85	2.0	1.85	2.04	1.89	2.16	1.79	2.02	0.5	2.03	1.87	2.01	1.9	2.1	1.9	1.99	1.85	4.0	3.6	1.91	4.1	3.5	1.88	3.95	3.55	1.9	4.38	3.62	1.91	3.75	3.7	1.8	4.2	3.6	1.85	4.5	3.7	1.92	4.17	3.59	1.88	2.0	1.85	2.02	1.87	2.13	1.89	1.98	1.82	0.5	2.0	1.9	2.0	1.91	2.02	1.91	1.95	1.88	eredivisie																																																									0	0	1		0	1	0	1	1	4.0	12.0	0	1	0	2023	1	6	3.0	3.0	utrecht	1.6774193548387097	52	0.5161290322580645	16	14.741935483870968	457	5.483870967741935	0.12903225806451613	0.6451612903225806	-7.93016446160826e-18	1.3103448275862069	38	0.7931034482758621	23	12.862068965517242	373	5.206896551724138	0.3793103448275862	0.10344827586206896	0.4230769230769231	0.25	0.26666666666666666	0.5464480874316939	0.23515805705474174	0.2508352608583912	0.5140066820868672	0.06311475409836054	0.25	0.08000000000000007	-0.04999999999999982	-0.014841942945258257	-0.03244140534482676	-0.015831405808275467	1.0666666666666667	0.48800000000000004	2.1857923497267757	0.04054054054054035	1.925	0.02737019572719368				0	Unknown	Unknown	Normal	2.58	0.08902980548488162	2.0	-1.0	3.3200000000000003	0.10196678088943727	4.0	0.6	0.12758464011328766	0.193866902285914	0.39190681268542205	0.2866416449153763	0.8572910184050269	0.04759227110423913	0.130669902397482	0.3983133582588103	0.4234244682394685	1.2201345867178846	0.25	2.0	-1.75	-0.8002144611503833	0.42423829230927923	-1.2244527534596625	-5.0	3.0	0.3333333333333333	0.5714285714285714	0.16666666666666666	0.0	-0.6666666666666667	-0.261904761904762	4.0	12.0	-8.0	1.0	4.0
2023-04-02	17:45	Volendam	AZ Alkmaar	1	1	D	0	0	D	9	13	2	3	12	10	2	6	1	3	1	0	5.25	4.5	1.57	5.0	4.6	1.57	5.0	4.4	1.57	5.04	4.82	1.6	5.25	4.2	1.55	5.0	4.2	1.53	5.3	5.0	1.6	5.02	4.59	1.56	1.48	2.6	1.5	2.7	1.51	2.75	1.48	2.6	1.0	1.95	1.95	1.96	1.94	2.02	1.98	1.93	1.91	6	4.75	1.45	5.5	4.75	1.5	5.25	4.4	1.55	5.59	4.86	1.55	5.8	4.5	1.47	5.75	4.5	1.44	6.2	5.2	1.55	5.72	4.79	1.49	1.44	2.7	1.47	2.81	1.48	2.9	1.45	2.74	1.25	1.84	2.06	1.8	2.11	1.91	2.11	1.83	2.03	eredivisie																																																									0	0	1		0	0	1	1	1	0.0	13.0	0	0	0	2023	0	7	24.0	21.0	volendam	1.1818181818181819	26	0.36363636363636365	8	12.590909090909092	277	4.045454545454546	-0.45454545454545453	-1.2272727272727273	-0.16666666666666666	1.3103448275862069	38	0.7931034482758621	23	12.862068965517242	373	5.206896551724138	0.3793103448275862	0.10344827586206896	0.4230769230769231	0.19047619047619047	0.2222222222222222	0.6369426751592356	0.18146792525524946	0.2117125794644577	0.6068194952802928	0.049641087857648314	0.0	0.020000000000000018	0.2999999999999998	-0.009008265220941003	-0.030123179878942863	-0.010509642757764504	1.1666666666666667	0.3488888888888889	3.343949044585987	0.06029106029106024	2.04	0.025641025641025772				0	Unknown	Unknown	Normal	2.51	0.05263379865885032	0.0	-2.8	3.69	0.09538810402582146	4.0	1.0	0.11841096723137715	0.2198526276277406	0.4014587939903433	0.26027761115053893	0.534647849080698	0.04137551856935956	0.11230039878131097	0.35575157278629843	0.49057250986303097	1.2441316947204175	0.0	1.75	-1.75	-1.0244681105453495	0.6493112794504617	-1.6737793899958113	-7.0	3.0	0.0	0.5	0.6666666666666666	0.0	-1.0	0.16666666666666663	0.0	13.0	-13.0	0.0	4.0
2023-04-02	19:00	FC Emmen	Vitesse	2	2	D	1	2	A	6	14	3	8	7	9	6	4	1	4	0	0	2.7	3.3	2.63	2.65	3.3	2.6	2.65	3.2	2.6	2.79	3.27	2.75	2.7	3.1	2.62	2.63	3.13	2.55	2.81	3.35	2.77	2.71	3.24	2.64	2.1	1.7	2.19	1.74	2.21	1.78	2.12	1.72	0.0	1.98	1.92	1.97	1.93	2.02	1.94	1.95	1.89	2.9	3.3	2.5	2.95	3.2	2.45	2.9	3.2	2.4	3.06	3.29	2.52	2.9	3.2	2.4	2.88	3.13	2.38	3.1	3.35	2.54	2.95	3.22	2.43	2.15	1.67	2.2	1.73	2.35	1.74	2.15	1.69	0.25	1.77	2.14	1.79	2.15	1.81	2.16	1.77	2.11	eredivisie																																																									0	0	1		0	1	0	1	1	2.0	3.0	0	0	0	2023	0	3	112.0	49.0	fc_emmen	0.875	7	0.25	2	11.0	88	3.375	-0.75	-0.625	-0.6666666666666666	1.1666666666666667	21	0.5	9	13.777777777777779	248	4.944444444444445	-0.3888888888888889	-0.8333333333333334	-0.5	0.37037037037037035	0.30303030303030304	0.3802281368821293	0.3515188335358444	0.28760631834750905	0.3608748481166464	0.05362881028280286	0.0	0.009999999999999787	0.19999999999999973	-0.01885153683452595	-0.019353288765482923	-0.01542398468279399	0.8181818181818182	0.796969696969697	1.0266159695817492	0.06442577030812324	1.9	0.025883838383838453				0	Unknown	Unknown	Normal	2.433333333333333	0.06622516556291391	3.0	-1.0	3.25	0.09314707237440686	4.0	-0.8	0.10315744020505763	0.22023414317204904	0.4406525354900799	0.2359558811328134	1.0897809386161312	0.051612331833833645	0.1405752240611737	0.40416086086104447	0.4036515832439481	0.8027417238100577	0.0	0.75	-0.75	-1.0244681105453495	-0.2509806691142683	-0.7734874414310812	0.0	-1.0	0.3333333333333333	0.125	0.6666666666666666	0.375	-0.2916666666666667	-0.20833333333333337	2.0	3.0	-1.0	0.0	1.0
2023-04-02	19:00	Utrecht	Heerenveen	1	0	H	0	0	D	12	9	7	5	10	10	4	3	1	2	0	0	1.8	3.6	4.5	1.83	3.6	4.2	1.9	3.5	4.1	1.83	3.74	4.64	1.83	3.5	4.2	1.75	3.5	4.2	1.9	3.75	4.64	1.82	3.62	4.29	1.95	1.9	1.94	1.94	1.99	1.95	1.91	1.88	-0.5	1.77	2.02	1.82	2.08	1.87	2.12	1.82	2.02	1.65	4.0	5.25	1.65	4.0	5.0	1.6	4.0	5.25	1.66	4.06	5.44	1.62	3.9	5.25	1.57	3.8	5.25	1.69	4.2	5.8	1.63	4.0	5.22	1.83	2.02	1.84	2.06	1.99	2.07	1.82	1.99	-0.75	1.84	2.06	1.85	2.07	1.86	2.11	1.81	2.04	eredivisie																																																									1	0	0	Utrecht	0	0	1	3	0	5.0	5.0	0	0	0	2023	2	1	21.0	52.0	utrecht	1.6774193548387097	52	0.5161290322580645	16	14.741935483870968	457	5.483870967741935	0.12903225806451613	0.6451612903225806	-7.93016446160826e-18	1.1666666666666667	35	0.4666666666666667	14	11.866666666666667	356	3.8666666666666667	-0.26666666666666666	-0.7666666666666667	0.13333333333333333	0.5555555555555556	0.2777777777777778	0.2222222222222222	0.5263157894736842	0.2631578947368421	0.21052631578947367	0.05555555555555558	-0.030000000000000027	0.2999999999999998	0.10000000000000009	-0.0292397660818714	-0.011695906432748537	-0.0146198830409357	0.5	1.25	0.4	0.03913630229419707	1.9249999999999998	0.06002125636292455				0	Unknown	Unknown	Normal	2.66	0.08425682057944639	3.0	-0.8	1.6300000000000001	0.0772037311477515	3.0	-1.0	0.12217228439978933	0.18473787060668076	0.3888576569615004	0.30423218803202956	0.78030227092252	0.2304241079800638	0.30367077706749074	0.3636891445295055	0.10221597042293998	0.6233134451188573	0.4	0.3333333333333333	0.06666666666666671	-0.575960811755417	-0.7011266433966333	0.1251658316412163	-5.0	-1.0	0.2857142857142857	0.4	0.14285714285714285	0.4	-0.3142857142857143	-0.4571428571428572	5.0	5.0	0.0	1.0	1.0
2023-04-02	20:00	Excelsior	Waalwijk	0	0	D	0	0	D	15	17	3	6	5	7	10	0	1	2	0	0	2.63	3.6	2.55	2.7	3.5	2.5	2.65	3.4	2.5	2.77	3.66	2.54	2.62	3.5	2.5	2.63	3.4	2.4	2.82	3.7	2.57	2.7	3.53	2.5	1.73	2.08	1.77	2.14	1.81	2.16	1.76	2.06	0.0	2.01	1.89	2.04	1.87	2.04	1.94	1.99	1.86	2.75	3.6	2.45	2.75	3.6	2.4	2.7	3.55	2.4	2.84	3.71	2.46	2.75	3.4	2.4	2.6	3.5	2.4	2.98	3.78	2.59	2.74	3.62	2.42	1.62	2.25	1.68	2.28	1.7	2.33	1.66	2.22	0.0	2.1	1.8	2.1	1.82	2.16	1.91	2.04	1.83	eredivisie																																																									0	0	1		0	0	1	1	1	10.0	3.0	0	0	1	2023	4	0	82.0	144.0	excelsior	1.0	23	0.34782608695652173	8	13.478260869565217	310	4.521739130434782	-0.21739130434782608	-0.391304347826087	-0.018518518518518528	1.3157894736842106	25	0.2631578947368421	5	12.210526315789474	232	4.7894736842105265	-0.8421052631578947	-1.0	-1.1736111111111112	0.3802281368821293	0.2777777777777778	0.3921568627450981	0.36206590546056916	0.26450925871147135	0.3734248358279596	0.05016277740500508	0.009999999999999787	0.04999999999999982	0.10000000000000009	-0.01816223142156015	-0.01873202691713849	-0.013268519066306439	0.7305555555555555	0.7083333333333333	1.031372549019608	0.058803912850155626	1.905	0.026612966911474523				0	Unknown	Unknown	Normal	2.45	0.1110784714242578	5.0	0.6	2.5	0.11450381679389313	3.0	0.0	0.14970674600836037	0.21909617983173146	0.36805943788876944	0.26313763627113873	0.7166189977049805	0.09481649798882727	0.2109395794933407	0.44527517606476374	0.24896874645306832	0.3787496551846845	1.3333333333333333	0.0	1.3333333333333333	-0.12745351296548443	-0.9261996305378158	0.7987461175723314	1.0	0.0	0.16666666666666666	0.0	0.5	0.5	-0.33333333333333337	-0.5	10.0	3.0	7.0	3.0	1.0
2023-04-03	19:00	Feyenoord	Groningen	1	0	H	0	0	D	23	6	6	0	10	10	14	3	1	4	0	1	1.2	7.0	13.0	1.21	7.25	12.0	1.22	7.0	11.0	1.22	7.32	12.92	1.2	6.5	13.0	1.17	6.5	13.0	1.23	7.7	14.5	1.2	6.96	12.56	1.4	2.88	1.43	2.91	1.45	2.98	1.41	2.85	-2.0	2.01	1.89	2.01	1.88	2.04	1.96	1.98	1.87	1.18	7.5	13.0	1.18	7.75	14.5	1.17	7.5	13.0	1.18	8.08	15.34	1.17	7.0	15.0	1.14	7.0	13.0	1.21	8.1	16.5	1.17	7.46	14.32	1.4	2.88	1.39	3.07	1.44	3.07	1.4	2.91	-2.0	1.86	2.04	1.84	2.06	1.93	2.06	1.85	1.99	eredivisie																																																									1	0	0	Feyenoord	0	0	1	3	0	9.0	3.0	0	0	0	2023	0	0	22.0	58.0	feyenoord	2.5185185185185186	68	1.1851851851851851	32	20.703703703703702	559	7.148148148148148	0.9629629629629629	1.7037037037037037	0.5873015873015873	0.75	15	0.35	7	11.9	238	4.3	-0.55	-1.45	-0.14285714285714285	0.8333333333333334	0.14285714285714285	0.07692307692307693	0.7913043478260869	0.13565217391304346	0.07304347826086957	0.05311355311355315	0.0	0.0	0.5	-0.04202898550724643	-0.0038795986622073564	-0.007204968944099388	0.17142857142857143	1.8571428571428572	0.0923076923076923	0.06150793650793651	2.1399999999999997	0.026612966911474523				0	Unknown	Unknown	Normal	4.225	0.08692199204420792	5.0	1.25	2.1	0.1051001160540052	3.0	-0.6666666666666666	0.028208915636092735	0.08372113761321183	0.3031627839592807	0.5849071627914147	0.9609717528362032	0.18411969814784848	0.2510083256869556	0.36895663639663123	0.19591533976856468	0.8319797500733248	0.0	0.0	0.0	-1.0244681105453495	-0.9261996305378158	-0.09826848000753363	-1.0	-2.0	0.75	0.3333333333333333	0.0	0.0	-0.25	-0.6666666666666667	9.0	3.0	6.0	3.0	1.0
2023-04-03	17:45	Volendam	FC Emmen	3	1	H	0	0	D	22	21	10	7	7	4	9	3	0	1	0	0	2.6	3.5	2.63	2.6	3.4	2.65	2.6	3.35	2.6	2.7	3.46	2.72	2.6	3.25	2.62	2.55	3.3	2.55	2.73	3.5	2.72	2.61	3.39	2.64	1.93	1.93	1.97	1.92	1.97	1.96	1.9	1.9	0.0	1.94	1.96	1.94	1.96	1.96	1.99	1.92	1.93	2.4	3.5	2.8	2.45	3.3	2.9	2.4	3.3	2.9	2.46	3.42	3.05	2.35	3.2	3.0	2.38	3.25	2.8	2.6	3.6	3.06	2.41	3.33	2.92	1.98	1.88	2.0	1.88	2.13	1.9	1.98	1.83	-0.25	2.08	1.82	2.11	1.81	2.14	1.85	2.07	1.78	eredivisie																																																									1	0	0	Volendam	0	0	1	3	0	1.0	6.0	0	0	0	2023	1	3	1.0	89.0	volendam	1.1818181818181819	26	0.36363636363636365	8	12.590909090909092	277	4.045454545454546	-0.45454545454545453	-1.2272727272727273	-0.16666666666666666	1.0	7	0.14285714285714285	1	11.714285714285714	82	3.857142857142857	-0.5714285714285714	-1.1428571428571428	-0.8	0.3846153846153846	0.2857142857142857	0.3802281368821293	0.3661058743984409	0.2719643638388418	0.3619297617627173	0.05055780721179959	0.0	0.009999999999999787	0.25	-0.018509510216943692	-0.018298375119412014	-0.013749921875443882	0.7428571428571429	0.7514285714285714	0.9885931558935362	0.0362694300518136	1.93	0.025667999158426325				0	Unknown	Unknown	Normal	2.15	0.04407746949183413	1.0	-2.4	2.45	0.11260230553955863	4.0	-0.8	0.15211561683824298	0.26176568981300863	0.3984069736956866	0.18771171965306183	0.6500294427900628	0.11891966534358629	0.21997038930121046	0.41251389283824613	0.24859605251695718	1.0361310954765401	0.25	1.5	-1.25	-0.8002144611503833	-0.2509806691142683	-0.549233792036115	-7.0	1.0	0.0	0.2	0.5714285714285714	0.0	-1.0	-0.2285714285714286	1.0	6.0	-5.0	0.0	2.0
2023-04-03	20:00	Twente	Heerenveen	3	3	D	1	1	D	18	18	5	5	8	8	6	6	0	3	0	0	1.55	4.0	6.5	1.55	4.2	5.75	1.55	4.1	5.75	1.58	4.33	5.99	1.55	3.9	5.8	1.5	3.9	5.75	1.58	4.4	6.5	1.55	4.18	5.81	1.85	2.0	1.87	2.02	1.89	2.1	1.81	2.0	-1.0	1.98	1.92	1.97	1.93	2.02	1.95	1.94	1.9	1.53	4.0	6.5	1.55	4.0	6.0	1.55	4.1	6.0	1.57	4.2	6.37	1.53	3.8	6.5	1.5	4.0	5.75	1.59	4.3	6.75	1.54	4.1	6.11	1.88	1.98	1.9	1.99	1.97	2.05	1.85	1.95	-1.0	1.95	1.95	1.96	1.94	2.01	2.02	1.93	1.91	eredivisie																																																									0	0	1		0	0	1	1	1	7.0	4.0	0	0	0	2023	0	1	296.0	1.0	twente	2.740740740740741	74	1.2592592592592593	34	21.962962962962962	593	7.7407407407407405	0.8888888888888888	1.8888888888888888	0.5333333333333333	1.1666666666666667	35	0.4666666666666667	14	11.866666666666667	356	3.8666666666666667	-0.26666666666666666	-0.7666666666666667	0.13333333333333333	0.6451612903225806	0.25	0.15384615384615385	0.6150206978119456	0.23832052040212892	0.1466587817859255	0.04900744416873448	0.0	0.7000000000000002	0.10000000000000009	-0.030140592510635056	-0.0071873720602283475	-0.011679479597871079	0.3875	1.625	0.23846153846153847	0.04054054054054035	1.925	0.025883838383838453				0	Unknown	Unknown	Normal	4.083333333333333	0.10438115430878066	6.0	1.3333333333333333	1.9299999999999997	0.0772037311477515	3.0	-1.2	0.01906543271635462	0.07347290374882774	0.33191486347988514	0.5755468000549325	1.108268389961175	0.18122699671633904	0.26828946303233614	0.3992030006248234	0.1512805396265014	0.608695835892109	0.0	0.25	-0.25	-1.0244681105453495	-0.7011266433966333	-0.32334146714871614	0.0	-2.0	0.3333333333333333	0.3333333333333333	0.0	0.5	-0.16666666666666669	-0.6666666666666667	7.0	4.0	3.0	2.0	1.0
2023-04-11	17:45	Waalwijk	Feyenoord	1	2	A	1	1	D	5	27	1	12	6	5	2	10	0	2	1	0	13.0	7.0	1.2	12.0	7.0	1.21	12.0	7.25	1.2	13.32	7.51	1.21	13.0	7.0	1.14	15.0	7.0	1.18	15.0	7.9	1.22	12.88	7.12	1.2	1.33	3.4	1.34	3.39	1.36	3.45	1.33	3.24	2.0	2.01	1.89	1.99	1.89	2.05	1.95	1.95	1.87	15.0	7.5	1.17	14.5	7.5	1.18	11.0	7.0	1.2	14.74	8.98	1.17	13.0	7.5	1.12	17.0	8.0	1.14	17.0	8.98	1.21	14.14	7.68	1.17	1.29	3.6	1.29	3.7	1.34	3.7	1.29	3.43	2.25	1.94	1.96	1.92	1.97	1.96	2.12	1.86	1.96	eredivisie																																																									0	1	0	Feyenoord	0	0	1	0	3	10.0	15.0	0	0	0	2023	7	6	58.0	33.0	waalwijk	1.76	44	0.84	21	13.2	330	4.56	0.28	0.44	0.19642857142857142	2.0	60	1.0333333333333334	31	15.3	459	6.233333333333333	0.3333333333333333	0.8333333333333334	0.14814814814814814	0.07692307692307693	0.14285714285714285	0.8333333333333334	0.07304347826086957	0.13565217391304346	0.7913043478260869	0.05311355311355315	0.0	0.06000000000000005	0.0	-0.0038795986622073564	-0.04202898550724643	-0.007204968944099388	1.8571428571428572	0.17142857142857143	10.833333333333334	0.045997346306943854	2.365	0.026612966911474523				0	Unknown	Unknown	Normal	3.02	0.17664216809946742	3.0	0.2	5.390000000000001	0.18860253938616625	13.0	2.4	0.07633231062738524	0.17354260391141013	0.3962970785385406	0.353828006922664	0.688082551197372	0.007554960631975827	0.033694877262179235	0.20047621247922276	0.7582739496266222	0.8200419860655632	1.4	2.0	-0.6000000000000001	0.5453074352194144	0.42423829230927923	0.12106914291013515	-1.0	6.0	0.125	0.16666666666666666	0.125	0.0	-0.875	-0.7083333333333334	10.0	15.0	-5.0	3.0	5.0
2023-04-11	15:30	Heracles	PSV Eindhoven	0	6	A	0	2	A	7	34	1	11	9	7	1	7	1	0	1	0	13.0	7.0	1.2	11.5	7.0	1.22	10.0	7.0	1.22	12.28	7.36	1.22	12.0	6.5	1.17	13.0	7.0	1.18	13.0	7.7	1.23	11.44	7.15	1.21	1.25	4.0	1.28	3.81	1.3	4.0	1.26	3.75	2.0	1.99	1.91	1.98	1.9	2.02	1.92	1.96	1.87	12.0	6.5	1.22	11.0	7.25	1.22	10.0	7.0	1.22	11.48	7.91	1.21	11.0	7.0	1.17	12.0	7.0	1.2	15.0	8.2	1.25	11.55	7.24	1.21	1.3	3.5	1.3	3.67	1.34	4.0	1.29	3.54	2.0	1.91	1.99	1.93	1.96	2.15	2.04	1.92	1.92	eredivisie																																																									0	1	0	PSV Eindhoven	0	1	0	0	3	6.0	15.0	0	0	0	2023	6	9	58.0	30.0	heracles	2.1052631578947367	40	0.7894736842105263	15	14.842105263157896	282	5.368421052631579	-0.3157894736842105	0.21052631578947367	-0.1987179487179487	2.5806451612903225	80	1.0	31	17.806451612903224	552	6.870967741935484	0.5161290322580645	1.5161290322580645	0.32666666666666666	0.07692307692307693	0.14285714285714285	0.8333333333333334	0.07304347826086957	0.13565217391304346	0.7913043478260869	0.05311355311355315	1.0	0.030000000000000027	0.5	-0.0038795986622073564	-0.04202898550724643	-0.007204968944099388	1.8571428571428572	0.17142857142857143	10.833333333333334	0.050000000000000044	2.625	0.026072772238153963				0	Unknown	Unknown	Normal	3.0	0.1171157508046442	5.0	0.6666666666666666	4.09	0.18729413210649176	10.0	1.8	0.055838880002532586	0.15453427484158233	0.43591717942944624	0.35370966572643886	1.1358702942823689	0.07073847459131825	0.11426630793695199	0.26811021857437706	0.5468849988973528	0.8575327494298508	1.5	2.25	-0.75	0.32105378582444816	1.0994572537328267	-0.7784034679083784	2.0	7.0	0.0	0.2857142857142857	0.3333333333333333	0.14285714285714285	-0.8571428571428572	-0.38095238095238104	6.0	15.0	-9.0	2.0	5.0
2023-04-11	17:45	Excelsior	AZ Alkmaar	1	1	D	0	0	D	15	11	5	4	11	9	3	7	2	3	0	0	7.5	5.0	1.4	7.25	4.8	1.41	7.0	4.9	1.4	7.81	5.17	1.41	7.5	4.75	1.33	8.5	4.8	1.36	8.5	5.3	1.43	7.36	4.99	1.39	1.53	2.4	1.56	2.54	1.57	2.63	1.52	2.49	1.25	2.03	1.87	2.02	1.88	2.04	1.89	1.98	1.84	8.5	5.0	1.36	7.75	5.25	1.36	7.5	5.25	1.37	9.11	5.56	1.35	8.0	5.0	1.3	7.5	5.25	1.36	9.2	5.56	1.39	8.13	5.25	1.35	1.53	2.4	1.52	2.63	1.56	2.65	1.52	2.51	1.5	1.92	1.98	1.93	1.98	1.96	2.07	1.86	1.98	eredivisie																																																									0	0	1		0	0	1	1	1	11.0	11.0	0	0	0	2023	5	8	9.0	9.0	excelsior	1.0	23	0.34782608695652173	8	13.478260869565217	310	4.521739130434782	-0.21739130434782608	-0.391304347826087	-0.018518518518518528	1.3103448275862069	38	0.7931034482758621	23	12.862068965517242	373	5.206896551724138	0.3793103448275862	0.10344827586206896	0.4230769230769231	0.13333333333333333	0.2	0.7142857142857143	0.12727272727272726	0.19090909090909092	0.6818181818181818	0.04761904761904767	0.0	0.06999999999999984	0.25	-0.006060606060606072	-0.032467532467532534	-0.009090909090909094	1.5	0.27999999999999997	5.357142857142858	0.0702614379084967	1.9649999999999999	0.02737019572719368				0	Unknown	Unknown	Normal	2.67	0.1110784714242578	2.0	0.8	3.4599999999999995	0.0822864852720994	4.0	0.8	0.11840902158983146	0.19089244594511828	0.3888331228026289	0.3018654096624214	0.6541823996195589	0.05440987432800579	0.13598573662699637	0.3695266063227029	0.4400777827222949	1.3352106127438181	1.25	1.6	-0.3500000000000001	0.09680013642948185	0.8743842665916443	-0.7775841301621624	1.0	3.0	0.2857142857142857	0.4444444444444444	0.5714285714285714	0.0	-0.7142857142857143	0.015873015873015817	11.0	11.0	0.0	3.0	3.0
2023-04-11	20:00	Go Ahead Eagles	Vitesse	5	1	H	1	0	H	22	13	14	3	5	13	4	6	0	4	0	0	1.91	3.6	4.0	1.9	3.75	3.75	1.95	3.7	3.6	1.96	3.91	3.81	1.91	3.6	3.5	1.93	3.6	3.8	1.99	3.94	4.0	1.94	3.75	3.71	1.7	2.1	1.74	2.19	1.75	2.2	1.71	2.13	-0.5	1.96	1.94	1.96	1.94	1.99	2.0	1.94	1.91	2.0	3.6	3.5	2.0	3.7	3.5	2.0	3.65	3.45	2.02	3.8	3.69	1.91	3.6	3.4	2.0	3.7	3.5	2.11	3.8	4.0	2.0	3.69	3.55	1.7	2.1	1.73	2.19	1.82	2.28	1.7	2.15	-0.5	2.08	1.82	2.02	1.88	2.12	1.95	2.01	1.83	eredivisie																																																									1	0	0	Go Ahead Eagles	1	0	0	3	0	5.0	4.0	0	0	0	2023	4	4	30.0	9.0	go_ahead_eagles	1.7096774193548387	53	0.7741935483870968	24	15.096774193548388	468	6.193548387096774	-0.0967741935483871	0.12903225806451613	0.15789473684210525	1.1666666666666667	21	0.5	9	13.777777777777779	248	4.944444444444445	-0.3888888888888889	-0.8333333333333334	-0.5	0.5235602094240838	0.2777777777777778	0.25	0.49799419006778256	0.2642135841748513	0.23779222575736617	0.05133798720186156	0.0	0.5	0.0	-0.025566019356301206	-0.012207774242633834	-0.013564193602926489	0.5305555555555556	1.1111111111111112	0.4775	0.06442577030812324	1.9	0.025667999158426325				0	Unknown	Unknown	Normal	3.38	0.10108699266398816	4.0	-0.4	3.5	0.121515866700648	6.0	-0.6	0.08572272938355442	0.14792926805200213	0.3284859693827651	0.43786203318167843	0.7679525345283416	0.04414350600824272	0.12229108208079989	0.37730802050333273	0.4562573914076246	0.8738212875580297	1.0	0.8	0.19999999999999996	-0.12745351296548443	-0.025907681973085794	-0.10154583099239864	-1.0	-1.0	0.4	0.1111111111111111	0.4	0.3333333333333333	-0.2666666666666667	-0.4888888888888889	5.0	4.0	1.0	1.0	1.0
2023-05-02	11:15	Cambuur	Ajax	0	5	A	0	2	A	4	20	1	5	18	6	3	6	3	1	0	0	9.0	5.75	1.22	11.0	6.0	1.26	10.0	6.0	1.27	11.76	5.97	1.27	11.0	5.5	1.25	10.5	5.75	1.22	12.0	6.75	1.29	10.69	6.0	1.25	1.5	2.5	1.54	2.57	1.56	2.7	1.51	2.52	1.75	1.92	1.98	1.91	1.98	1.98	2.0	1.89	1.96	12	6.0	1.25	11.5	6.25	1.24	11.0	6.0	1.25	12.54	6.32	1.25	12.0	5.8	1.22	11.0	6.0	1.2	13.0	6.75	1.27	11.73	6.2	1.24	1.48	2.6	1.48	2.74	1.5	2.8	1.48	2.63	1.75	2.0	1.9	1.99	1.9	2.06	1.92	1.98	1.87	eredivisie																																																									0	1	0	Ajax	0	1	0	0	3	3.0	9.0	0	0	0	2023	0	5	118.0	51.0	cambuur	0.8888888888888888	8	0.2222222222222222	2	12.333333333333334	111	3.7777777777777777	-0.8888888888888888	-1.1111111111111112	0.16666666666666666	2.0344827586206895	59	0.8620689655172413	25	12.96551724137931	376	5.517241379310345	0.3448275862068966	0.5172413793103449	0.30833333333333335	0.1111111111111111	0.17391304347826086	0.819672131147541	0.10058068678758333	0.15743064018926087	0.7419886730231559	0.10469628573691292	-2.0	-0.030000000000000027	0.25	-0.01053042432352777	-0.07768345812438515	-0.016482403288999997	1.565217391304348	0.21217391304347827	7.377049180327869	0.06666666666666665	2.0	0.025883838383838453				0	Unknown	Unknown	Normal	3.1	0.07385603425207385	1.0	-0.4	3.6799999999999997	0.11939030485929832	2.0	0.6	0.08320704976768376	0.17737745552649323	0.3791918929098882	0.3602236017959348	0.7455701525089393	0.04964311640951457	0.13018947984986867	0.3554702137706528	0.4646971899699639	0.9984074257884223	0.0	1.25	-1.25	-1.0244681105453495	0.19916530516809672	-1.2236334157134463	-1.0	1.0	0.2	0.3333333333333333	0.6	0.3333333333333333	-0.46666666666666673	-0.06666666666666671	3.0	9.0	-6.0	1.0	2.0
2023-05-02	13:30	Feyenoord	PSV Eindhoven	2	2	D	0	1	A	35	7	7	4	7	14	12	1	2	7	0	1	2.1	3.6	3.1	2.15	3.5	3.2	2.2	3.45	3.1	2.25	3.54	3.31	2.15	3.5	3.1	2.1	3.5	3.0	2.26	3.7	3.31	2.18	3.53	3.16	1.73	2.08	1.76	2.15	1.8	2.2	1.74	2.1	-0.25	1.93	1.97	1.94	1.96	1.95	2.01	1.9	1.93	2.4	3.4	2.9	2.4	3.4	2.87	2.4	3.4	2.8	2.45	3.46	3.03	2.35	3.25	3.0	2.3	3.4	2.75	2.48	3.5	3.07	2.4	3.39	2.93	1.83	2.02	1.83	2.06	1.99	2.08	1.81	2.0	-0.25	2.1	1.8	2.1	1.82	2.14	1.83	2.08	1.79	eredivisie																																																									0	0	1		0	1	0	1	1	12.0	15.0	0	1	0	2023	3	12	29.0	21.0	feyenoord	2.5185185185185186	68	1.1851851851851851	32	20.703703703703702	559	7.148148148148148	0.9629629629629629	1.7037037037037037	0.5873015873015873	2.5806451612903225	80	1.0	31	17.806451612903224	552	6.870967741935484	0.5161290322580645	1.5161290322580645	0.32666666666666666	0.47619047619047616	0.2777777777777778	0.3225806451612903	0.4423305588585018	0.2580261593341261	0.2996432818073722	0.07654889912954421	-0.04999999999999982	0.0	0.10000000000000009	-0.033859917331974354	-0.022937363353918105	-0.019751618443651697	0.5833333333333334	0.8611111111111112	0.6774193548387097	0.058803912850155626	1.905	0.02574892822387631				0	Unknown	Unknown	Normal	4.26	0.078195602293375	5.0	1.2	5.299999999999999	0.14405337539324925	12.0	2.8	0.025022600489487873	0.0777809692052697	0.30116025462986445	0.5960361756753779	1.0740567679664845	0.010641667086646343	0.043009449941845176	0.22014338373500206	0.7262054992365063	0.8526096935871456	1.0	2.4	-1.4	-0.35170716236045074	1.7746762151563742	-2.126383377516825	0.0	13.0	0.8	0.375	0.0	0.125	-0.07499999999999996	-0.625	12.0	15.0	-3.0	4.0	5.0
2023-05-02	13:30	Go Ahead Eagles	Nijmegen	1	0	H	1	0	H	11	7	2	0	13	16	2	6	0	4	0	0	2.4	3.4	2.7	2.45	3.4	2.8	2.45	3.35	2.8	2.51	3.5	2.91	2.45	3.25	2.8	2.4	3.25	2.75	2.52	3.65	2.92	2.44	3.39	2.81	2.0	1.85	2.03	1.86	2.04	1.9	1.96	1.84	0.0	1.82	2.08	1.82	2.11	1.84	2.13	1.79	2.07	2.5	3.4	2.8	2.55	3.2	2.8	2.5	3.25	2.8	2.57	3.44	2.88	2.55	3.2	2.75	2.45	3.2	2.7	2.59	3.47	2.91	2.53	3.31	2.81	2.05	1.75	2.08	1.81	2.24	1.84	2.06	1.77	0.0	1.85	2.05	1.85	2.07	1.87	2.07	1.83	2.02	eredivisie																																																									1	0	0	Go Ahead Eagles	1	0	0	3	0	8.0	6.0	0	0	0	2023	7	1	21.0	113.0	go_ahead_eagles	1.7096774193548387	53	0.7741935483870968	24	15.096774193548388	468	6.193548387096774	-0.0967741935483871	0.12903225806451613	0.15789473684210525	1.3	39	0.36666666666666664	11	12.333333333333334	370	4.666666666666667	-0.16666666666666666	0.13333333333333333	-0.04761904761904761	0.4166666666666667	0.29411764705882354	0.37037037037037035	0.3853904282115869	0.27204030226700254	0.34256926952141054	0.08115468409586057	-0.050000000000000266	-0.09999999999999964	0.1499999999999999	-0.03127623845507976	-0.027801100848959814	-0.022077344791820996	0.7058823529411765	0.7941176470588236	0.8888888888888888	0.04054054054054035	1.925	0.030219780219780112				0	Unknown	Unknown	Normal	4.32	0.0869299208482093	9.0	0.6	3.1375	0.09088209004425724	2.0	0.25	0.06774415971032509	0.1055562994641217	0.24843275360351974	0.5782667872220335	0.8069556794174657	0.1294866136627696	0.1942321498354337	0.3126886386151032	0.3635925978866935	0.5907291955101582	1.4	0.5	0.8999999999999999	0.5453074352194144	-0.7011266433966333	1.2464340786160477	3.0	0.0	0.3333333333333333	0.5	0.3333333333333333	0.25	-0.4166666666666667	-0.16666666666666674	8.0	6.0	2.0	2.0	1.0
2023-05-02	15:45	Groningen	Twente	1	1	D	0	1	A	19	9	7	1	8	14	5	5	0	1	0	0	5.0	3.75	1.6	5.25	3.9	1.63	5.0	3.85	1.65	5.46	4.22	1.64	5.5	3.75	1.6	5.25	3.8	1.57	5.75	4.35	1.65	5.27	4.01	1.62	1.9	1.95	1.91	1.98	1.94	2.02	1.87	1.93	1.0	1.75	2.05	1.82	2.11	1.85	2.16	1.79	2.06	5.5	4.0	1.62	5.5	3.9	1.6	5.5	4.0	1.6	5.88	4.17	1.61	5.8	3.8	1.57	5.5	3.8	1.55	5.91	4.2	1.65	5.62	4.03	1.59	1.9	1.95	1.89	2.0	1.97	2.04	1.88	1.93	1.0	1.75	2.05	1.87	2.05	1.91	2.15	1.83	2.02	eredivisie																																																									0	0	1		0	1	0	1	1	1.0	9.0	0	0	0	2023	0	7	296.0	51.0	groningen	1.4761904761904763	31	0.9047619047619048	19	14.19047619047619	298	5.333333333333333	0.38095238095238093	0.14285714285714285	0.4375	1.6774193548387097	52	0.8387096774193549	26	13.387096774193548	415	4.354838709677419	0.25806451612903225	0.4838709677419355	0.15789473684210525	0.2	0.26666666666666666	0.625	0.183206106870229	0.2442748091603053	0.5725190839694656	0.09166666666666679	-0.5	0.0	0.0	-0.016793893129771004	-0.0524809160305344	-0.022391857506361357	1.3333333333333333	0.4266666666666667	3.125	0.03913630229419707	1.9249999999999998	0.059233449477351874				0	Unknown	Unknown	Normal	2.75	0.07846738862762286	4.0	-1.25	3.2399999999999998	0.11035726458799502	5.0	0.8	0.16321305062559918	0.18551411759408745	0.31709535157196717	0.33417748020834614	0.671034777059359	0.06811564879577801	0.1564059992468679	0.3833971563227199	0.39208119563463417	1.1109470394804788	0.0	1.75	-1.75	-1.0244681105453495	0.6493112794504617	-1.6737793899958113	0.0	4.0	0.0	0.42857142857142855	0.25	0.2857142857142857	-0.7142857142857143	-0.32142857142857145	1.0	9.0	-8.0	0.0	2.0
2023-05-03	11:15	Excelsior	Sparta Rotterdam	1	4	A	1	1	D	17	14	5	7	7	4	4	4	0	0	0	0	3.4	3.5	2.1	3.3	3.4	2.15	3.2	3.4	2.15	3.46	3.56	2.18	3.2	3.4	2.15	3.13	3.3	2.15	3.5	3.65	2.19	3.32	3.49	2.14	1.95	1.9	1.95	1.93	2.0	1.95	1.93	1.87	0.25	2.03	1.87	2.02	1.88	2.04	1.91	1.98	1.86	4	3.5	1.91	3.9	3.4	1.95	3.7	3.45	2.0	4.09	3.61	1.97	4.0	3.4	1.91	3.6	3.4	1.93	4.1	3.61	2.01	3.9	3.48	1.96	2.05	1.8	2.08	1.81	2.09	1.85	2.02	1.79	0.5	1.95	1.95	1.93	1.97	1.96	2.0	1.89	1.96	eredivisie																																																									0	1	0	Sparta Rotterdam	0	0	1	0	3	9.0	7.0	1	0	0	2023	6	4	22.0	62.0	excelsior	1.0	23	0.34782608695652173	8	13.478260869565217	310	4.521739130434782	-0.21739130434782608	-0.391304347826087	-0.018518518518518528	1.2758620689655173	37	0.4482758620689655	13	11.379310344827585	330	4.137931034482759	-0.2413793103448276	-0.1724137931034483	-0.2	0.29411764705882354	0.2857142857142857	0.47619047619047616	0.2785145888594165	0.27055702917771884	0.4509283819628648	0.056022408963585235	0.19999999999999973	-0.04999999999999982	0.10000000000000009	-0.01560305819940705	-0.025262094227611387	-0.015157256536566854	0.9714285714285714	0.6	1.6190476190476188	0.03913630229419707	1.9249999999999998	0.02737019572719368				0	Unknown	Unknown	Normal	2.78	0.09378915339180241	3.0	0.6	2.25	0.11385207424811386	2.0	0.2	0.1127227606082259	0.1798047041562727	0.38107021923650225	0.3264023159989991	0.6553536566121722	0.1296783381250136	0.24095566713615796	0.42437415934328004	0.20499183539554838	0.6173295081959858	1.2	1.0	0.19999999999999996	0.32105378582444816	-0.025907681973085794	0.34696146779753395	1.0	0.0	0.25	0.5714285714285714	0.5	0.42857142857142855	-0.3214285714285714	0.0714285714285714	9.0	7.0	2.0	2.0	2.0
2023-05-03	19:00	Cambuur	Go Ahead Eagles	4	1	H	2	1	H	15	18	7	3	10	13	4	6	1	1	0	0	2.88	3.25	2.5	2.8	3.4	2.5	2.8	3.2	2.5	2.99	3.44	2.49	2.8	3.25	2.45	2.75	3.25	2.4	3.01	3.6	2.55	2.84	3.35	2.46	1.98	1.88	2.01	1.88	2.02	1.91	1.94	1.85	0.0	2.09	1.81	2.14	1.78	2.14	1.83	2.07	1.79	2.7	3.2	2.75	2.65	3.2	2.7	2.7	3.15	2.65	2.74	3.37	2.74	2.62	3.2	2.62	2.6	3.2	2.55	2.91	3.45	2.76	2.69	3.26	2.67	2.05	1.75	2.08	1.81	2.13	1.86	2.04	1.78	0.0	1.95	1.95	1.95	1.95	2.01	1.98	1.93	1.93	eredivisie																																																									1	0	0	Cambuur	1	0	0	3	0	0.0	5.0	0	0	1	2023	0	0	1.0	121.0	cambuur	0.8888888888888888	8	0.2222222222222222	2	12.333333333333334	111	3.7777777777777777	-0.8888888888888888	-1.1111111111111112	0.16666666666666666	1.2142857142857142	34	0.5714285714285714	16	11.821428571428571	331	3.7142857142857144	-0.07142857142857142	-0.25	-0.25	0.3472222222222222	0.3076923076923077	0.4	0.32914725541827017	0.29167510633988253	0.3791776382418473	0.05491452991452994	0.08000000000000007	0.04999999999999982	0.0	-0.01807496680395204	-0.02082236175815272	-0.01601720135242518	0.8861538461538461	0.7692307692307693	1.152	0.03696539866752646	1.93	0.030955087366835166				0	Unknown	Unknown	Normal	2.75	0.019801980198019802	1.0	-2.0	1.69	0.15185537667684923	4.0	-0.6	0.16126336059110696	0.20718993912569603	0.31834943855960673	0.31319726172359036	0.6016429524419264	0.2255790213983088	0.2894892113898267	0.37211195056804414	0.11281981664382043	0.4609334062431298	0.0	0.0	0.0	-1.0244681105453495	-0.9261996305378158	-0.09826848000753363	-6.0	-2.0	0.16666666666666666	0.0	0.6666666666666666	0.2	-0.6333333333333334	-0.33333333333333337	0.0	5.0	-5.0	0.0	1.0
2023-05-03	15:45	Ajax	Nijmegen	1	0	H	0	0	D	19	5	7	2	17	17	10	2	1	3	0	0	1.22	6.5	11.0	1.23	6.75	11.5	1.22	6.75	10.0	1.25	6.6	11.8	1.22	5.8	12.0	1.2	6.0	11.0	1.26	6.9	12.5	1.23	6.5	11.24	1.4	2.88	1.49	2.69	1.49	3.0	1.42	2.81	-2.0	2.02	1.77	2.07	1.81	2.12	1.84	2.05	1.79	1.18	7.0	13.0	1.18	7.5	15.0	1.2	7.0	12.0	1.19	7.39	13.8	1.18	6.5	15.0	1.17	6.5	13.0	1.25	7.88	15.9	1.19	7.06	13.52	1.44	2.7	1.47	2.76	1.53	3.08	1.44	2.75	-2.0	1.93	1.97	1.92	1.97	2.08	2.05	1.95	1.9	eredivisie																																																									1	0	0	Ajax	0	0	1	3	0	10.0	6.0	0	0	0	2023	3	1	81.0	1.0	ajax	2.0606060606060606	68	1.0606060606060606	35	17.636363636363637	582	5.909090909090909	0.696969696969697	1.0606060606060606	0.3492063492063492	1.3	39	0.36666666666666664	11	12.333333333333334	370	4.666666666666667	-0.16666666666666666	0.13333333333333333	-0.04761904761904761	0.819672131147541	0.15384615384615385	0.09090909090909091	0.7700592353257942	0.14453419493807215	0.08540656973613354	0.0644273759027858	0.0	-1.0	0.7000000000000002	-0.04961289582174677	-0.005502521172957367	-0.009311958908081702	0.18769230769230769	1.6923076923076923	0.1109090909090909	0.06150793650793651	2.1399999999999997	0.06002125636292455				0	Unknown	Unknown	Normal	5.0600000000000005	0.12515397779028242	9.0	2.0	2.65	0.07270567203540579	2.0	0.0	0.01296030213315888	0.04859967646885028	0.23355469086770014	0.7048853305302907	1.0205132315093046	0.20290635168849755	0.2249076623991443	0.2801612160845434	0.2920247698278147	0.6005489313986501	1.5	0.3333333333333333	1.1666666666666667	-0.35170716236045074	-0.7011266433966333	0.3494194810361826	2.0	-1.0	0.5	0.4	0.0	0.4	-0.09999999999999998	-0.6	10.0	6.0	4.0	3.0	1.0
2023-05-03	13:30	Waalwijk	PSV Eindhoven	0	1	A	0	1	A	10	23	3	7	9	8	2	4	2	4	0	0	6.0	4.75	1.44	6.0	5.0	1.46	6.25	4.8	1.45	6.49	5.13	1.47	6.5	4.6	1.42	6.5	4.5	1.4	6.75	5.3	1.47	6.33	4.88	1.44	1.53	2.4	1.57	2.51	1.58	2.55	1.55	2.42	1.25	1.88	2.02	1.91	1.99	1.94	2.05	1.88	1.97	6	5.0	1.4	6.25	5.0	1.43	6.25	5.0	1.43	6.65	5.2	1.45	7.0	4.8	1.4	6.5	4.8	1.36	7.15	5.31	1.46	6.48	5.04	1.42	1.44	2.7	1.47	2.79	1.53	2.95	1.46	2.68	1.25	1.99	1.91	1.98	1.93	2.02	1.94	1.96	1.88	eredivisie																																																									0	1	0	PSV Eindhoven	0	1	0	0	3	7.0	13.0	0	1	0	2023	7	13	22.0	1.0	waalwijk	1.76	44	0.84	21	13.2	330	4.56	0.28	0.44	0.19642857142857142	2.5806451612903225	80	1.0	31	17.806451612903224	552	6.870967741935484	0.5161290322580645	1.5161290322580645	0.32666666666666666	0.16666666666666666	0.21052631578947367	0.6944444444444444	0.15552523874488405	0.1964529331514325	0.6480218281036836	0.07163742690058461	-0.5	0.020000000000000018	0.15000000000000036	-0.011141427921782604	-0.046422616340760836	-0.01407338263804117	1.263157894736842	0.30315789473684207	4.166666666666667	0.0702614379084967	1.9649999999999999	0.026964398567516312				0	Unknown	Unknown	Normal	2.36	0.18077013507573161	3.0	-0.4	4.9799999999999995	0.18796904331381614	10.0	2.6	0.15866241372015968	0.23311867666026442	0.371219212547623	0.23699969707195284	0.5470919613469429	0.030188247443174842	0.07614574022004643	0.23635843404829796	0.6573075782884807	0.5601024536692137	1.1666666666666667	2.1666666666666665	-0.9999999999999998	0.5453074352194144	1.999749202297557	-1.4544417670781424	-2.0	13.0	0.1111111111111111	0.3333333333333333	0.1111111111111111	0.1111111111111111	-0.7777777777777777	-0.5555555555555556	7.0	13.0	-6.0	2.0	4.0
2023-05-05	19:00	Waalwijk	Volendam	4	1	H	2	0	H	11	15	4	4	7	8	4	8	1	0	0	0	1.8	4.0	4.0	1.88	3.9	3.7	1.83	3.9	3.75	1.92	4.14	3.74	1.85	3.75	3.8	1.85	4.0	3.75	1.94	4.2	4.25	1.86	4.01	3.76	1.5	2.5	1.55	2.58	1.56	2.6	1.52	2.49	-0.5	1.82	2.08	1.92	1.98	1.95	2.1	1.87	1.97	1.95	3.8	3.3	1.98	4.0	3.3	2.0	3.9	3.25	2.04	4.09	3.42	1.95	3.75	3.4	2.0	3.9	3.3	2.08	4.1	3.55	1.99	3.95	3.34	1.44	2.7	1.46	2.82	1.55	2.88	1.45	2.69	-0.5	2.04	1.86	2.04	1.88	2.07	1.91	1.98	1.85	eredivisie																																																									1	0	0	Waalwijk	1	0	0	3	0	4.0	2.0	0	0	0	2023	7	1	2.0	83.0	waalwijk	1.76	44	0.84	21	13.2	330	4.56	0.28	0.44	0.19642857142857142	0.9583333333333334	23	0.5	12	9.166666666666666	220	3.4166666666666665	-0.875	-1.375	-0.7	0.5555555555555556	0.25	0.25	0.5263157894736842	0.23684210526315788	0.23684210526315788	0.05555555555555558	-0.050000000000000044	0.20000000000000018	0.25	-0.0292397660818714	-0.013157894736842118	-0.013157894736842118	0.45	1.0	0.45	0.06666666666666665	2.0	0.030219780219780112				0	Unknown	Unknown	Normal	2.37	0.0824094793380267	3.0	-1.0	2.28	0.03603603603603604	2.0	-1.6	0.157342337790398	0.23176587383661906	0.372065443165052	0.23882634520793095	0.3353556660464766	0.13121732021423166	0.24506850688876827	0.41462012989110786	0.20909404300589224	0.37373839872910697	1.0	0.3333333333333333	0.6666666666666667	0.5453074352194144	-0.7011266433966333	1.2464340786160477	-3.0	-2.0	0.1	0.2	0.2	0.8	-0.09999999999999995	-0.6000000000000001	4.0	2.0	2.0	1.0	0.0
2023-05-11	13:30	Zwolle	For Sittard	2	0	H	1	0	H	15	8	6	2	11	9	2	2	3	1	0	0	2.2	3.5	3.2	2.2	3.6	3.1	2.2	3.55	3.0	2.23	3.68	3.25	2.1	3.5	3.0	2.1	3.4	3.1	2.24	3.72	3.28	2.2	3.57	3.13	1.8	2.0	1.81	2.09	1.81	2.11	1.77	2.04	-0.25	1.92	1.98	1.93	1.97	1.95	2.0	1.89	1.92	2.25	3.5	3.2	2.2	3.5	3.1	2.25	3.45	3.0	2.31	3.5	3.24	2.15	3.5	2.9	2.2	3.5	3.13	2.33	3.65	3.45	2.24	3.52	3.11	1.8	2.05	1.87	2.02	1.9	2.12	1.81	2.0	-0.25	1.98	1.92	1.99	1.92	2.0	1.98	1.93	1.89	eredivisie																																																									1	0	0	Zwolle	1	0	0	3	0		7.0	0	0	0	2023	0	3		69.0	zwolle	1.2105263157894737	23	0.5263157894736842	10	13.263157894736842	252	4.526315789473684	0.05263157894736842	-0.05263157894736842	0.2166666666666667	1.0526315789473684	20	0.3684210526315789	7	8.842105263157896	168	3.263157894736842	-0.5263157894736842	-1.0	-0.35	0.45454545454545453	0.2857142857142857	0.3125	0.4317656129529684	0.27139552814186585	0.2968388589051658	0.05275974025974017	0.10000000000000009	0.20000000000000018	0.0	-0.02277984159248614	-0.015661141094834186	-0.014318757572419849	0.6285714285714287	0.9142857142857144	0.6875	0.05555555555555558	1.9	0.025883838383838453				0	Unknown	Unknown	Normal	1.5	0.15	3.0	0.0	1.9625	0.14753764753764753	3.0	-0.5	0.3	0.35	0.25	0.1	1.5	0.16383207677886108	0.2715034263683488	0.4141563170454155	0.1505081798073746	0.7533374038369327	0.0	1.0	-1.0	-1.0244681105453495	-0.2509806691142683	-0.7734874414310812	0.0	-3.0	0.3	0.0	0.2	0.25	-0.45	-0.8	5.0	7.0	-2.0	1.5	2.0
2023-05-11	15:45	Sparta Rotterdam	Almere City	1	2	A	0	1	A	24	11	6	4	2	13	10	3	0	0	0	0	1.67	4.0	5.0	1.68	4.0	4.6	1.67	3.95	4.7	1.71	4.27	4.71	1.62	3.9	4.5	1.65	3.75	4.6	1.73	4.3	5.0	1.69	4.01	4.66	1.73	2.08	1.75	2.17	1.79	2.19	1.73	2.11	-0.75	1.91	1.99	1.89	2.01	1.95	2.01	1.86	1.95	1.7	4.0	4.75	1.7	3.9	4.75	1.7	3.9	4.6	1.75	3.98	4.79	1.65	3.8	4.5	1.67	3.9	5.0	1.76	4.2	5.14	1.71	3.96	4.67	1.75	2.05	1.82	2.06	1.9	2.15	1.77	2.04	-0.75	1.95	1.95	1.96	1.94	1.97	2.04	1.9	1.92	eredivisie																																																									0	1	0	Almere City	0	1	0	0	3	8.0	0.0	0	0	0	2023	1	0	96.0	119.0	sparta_rotterdam	1.3571428571428572	38	0.5	14	14.857142857142858	416	5.107142857142857	0.10714285714285714	0.0	0.2156862745098039	0.5833333333333334	7	0.4166666666666667	5	10.333333333333334	124	2.8333333333333335	-0.6666666666666666	-1.25	0.0	0.5988023952095809	0.25	0.2	0.5709391949757351	0.2383671139023694	0.19069369112189552	0.04880239520958085	0.04999999999999982	0.5	0.10000000000000009	-0.02786320023384581	-0.009306308878104491	-0.011632886097630607	0.4175	1.25	0.33399999999999996	0.058803912850155626	1.905	0.026072772238153963				0	Unknown	Unknown	Normal	3.08	0.15214729700318733	3.0	0.8	2.0	0.0	0.0	-3.0	0.06870020383104006	0.162270294734635	0.40142227704111255	0.3676072243932124	0.7668948371766849	0.1353352832366127	0.2706705664732254	0.45111761078870893	0.14287653950145296	0.3797978212871326	0.3333333333333333	0.0	0.3333333333333333	-0.8002144611503833	-0.9261996305378158	0.12598516938743254	-2.0	-3.0	0.2	0.0	0.0	1.0	0.2	-1.0	8.0	0.0	8.0	2.0	0.0
2023-05-11	15:45	Ajax	Heerenveen	4	1	H	2	1	H	14	12	8	3	10	8	5	8	1	2	0	0	1.5	4.75	6.0	1.47	4.8	5.75	1.47	4.8	5.75	1.5	5.4	5.64	1.4	4.8	5.5	1.44	4.6	5.75	1.51	5.5	6.0	1.47	4.97	5.68	1.4	2.88	1.41	3.04	1.44	3.12	1.4	2.9	-1.25	1.98	1.92	1.99	1.92	2.0	1.93	1.95	1.87	1.4	5.25	7.0	1.38	5.25	7.0	1.4	5.25	6.5	1.41	5.6	7.02	1.33	5.0	7.0	1.36	5.25	7.5	1.43	5.8	7.5	1.39	5.33	6.94	1.36	3.1	1.4	3.03	1.41	3.17	1.38	3.0	-1.5	2.02	1.88	2.04	1.87	2.04	1.91	1.98	1.85	eredivisie																																																									1	0	0	Ajax	1	0	0	3	0	10.0	2.0	1	0	0	2023	6	2	8.0	38.0	ajax	2.0606060606060606	68	1.0606060606060606	35	17.636363636363637	582	5.909090909090909	0.696969696969697	1.0606060606060606	0.3492063492063492	1.1666666666666667	35	0.4666666666666667	14	11.866666666666667	356	3.8666666666666667	-0.26666666666666666	-0.7666666666666667	0.13333333333333333	0.6666666666666666	0.21052631578947367	0.16666666666666666	0.638655462184874	0.20168067226890757	0.1596638655462185	0.04385964912280693	0.10000000000000009	0.5	-0.04999999999999982	-0.028011204481792618	-0.007002801120448154	-0.008845643520566104	0.3157894736842105	1.263157894736842	0.25	0.06150793650793651	2.1399999999999997	0.025883838383838453				0	Unknown	Unknown	Normal	4.93	0.09942608695613964	8.0	1.4	2.2	0.08566154439377838	5.0	-1.4	0.014194075249437759	0.0530906564147823	0.2484711886653923	0.6842440796703876	1.0898063974234455	0.16481129297472014	0.23993056750741926	0.3852837001906734	0.20997443932718723	0.42455869042407884	2.0	0.4	1.6	0.32105378582444816	-0.4760536562554508	0.7971074420798989	3.0	-2.0	0.5714285714285714	0.2857142857142857	0.0	0.42857142857142855	0.0	-0.7142857142857143	10.0	2.0	8.0	3.0	0.0
2023-05-11	13:30	Nijmegen	Volendam	3	3	D	1	1	D	13	15	7	7	6	11	8	4	4	2	1	0	1.6	4.33	5.0	1.65	4.1	4.8	1.6	4.2	4.9	1.63	4.42	5.21	1.55	4.2	4.75	1.57	4.1	4.8	1.65	4.5	5.21	1.61	4.29	4.93	1.57	2.35	1.62	2.4	1.63	2.45	1.57	2.37	-1.0	2.04	1.86	2.05	1.87	2.11	1.87	2.02	1.82	1.55	4.5	5.25	1.55	4.4	5.5	1.53	4.5	5.5	1.56	4.71	5.55	1.5	4.2	5.5	1.53	4.4	5.5	1.6	4.71	6.1	1.54	4.47	5.42	1.5	2.5	1.52	2.64	1.56	2.64	1.51	2.49	-1.0	1.9	2.0	1.91	2.0	1.96	2.04	1.88	1.95	eredivisie																																																									0	0	1		0	0	1	1	1	2.0	2.0	0	0	0	2023	0	1	60.0	6.0	nijmegen	1.896551724137931	55	0.4827586206896552	14	14.758620689655173	428	5.620689655172414	-0.1724137931034483	0.3793103448275862	-0.2427536231884058	0.9583333333333334	23	0.5	12	9.166666666666666	220	3.4166666666666665	-0.875	-1.375	-0.7	0.625	0.23094688221709006	0.2	0.5918858330143802	0.2187107004210181	0.1894034665646017	0.0559468822170901	0.050000000000000044	0.25	0.1299999999999999	-0.03311416698561975	-0.01059653343539832	-0.012236181796071971	0.3695150115473441	1.1547344110854503	0.32	0.06247459005285272	1.96	0.027830487033523088				0	Unknown	Unknown	Normal	3.12	0.10549969417043734	4.0	-1.0	2.44	0.04928106914861882	1.0	-1.8	0.06444012107432165	0.15395095452704535	0.40100512081897755	0.38060380357965545	0.734692894365055	0.11773067857491673	0.22555027465523209	0.41382111749580963	0.24289792927404164	0.5125983122090085	0.0	0.25	-0.25	-1.0244681105453495	-0.7011266433966333	-0.32334146714871614	-5.0	-5.0	0.0	0.16666666666666666	0.14285714285714285	0.6666666666666666	-0.33333333333333337	-0.6904761904761906	2.0	2.0	0.0	0.0	0.0
2023-05-11	11:15	Utrecht	Twente	1	1	D	1	1	D	14	10	6	1	6	10	5	2	3	4	0	1	5.0	4.0	1.67	4.6	4.0	1.68	4.6	3.9	1.7	4.98	4.06	1.71	4.6	3.9	1.6	4.5	3.8	1.65	5.0	4.2	1.76	4.68	3.99	1.69	1.7	2.1	1.76	2.15	1.77	2.23	1.71	2.13	0.75	1.99	1.91	1.99	1.92	2.0	1.95	1.94	1.87	4.0	3.8	1.85	4.0	3.7	1.85	3.95	3.7	1.85	4.24	3.72	1.91	3.8	3.7	1.8	4.1	3.6	1.85	4.4	3.99	1.92	4.1	3.73	1.85	1.85	2.0	1.85	2.05	1.92	2.16	1.82	1.99	0.5	1.99	1.91	2.0	1.91	2.04	1.95	1.98	1.87	eredivisie																																																									0	0	1		0	0	1	1	1	5.0	9.0	0	0	0	2023	5	8	39.0	9.0	utrecht	1.6774193548387097	52	0.5161290322580645	16	14.741935483870968	457	5.483870967741935	0.12903225806451613	0.6451612903225806	-7.93016446160826e-18	1.6774193548387097	52	0.8387096774193549	26	13.387096774193548	415	4.354838709677419	0.25806451612903225	0.4838709677419355	0.15789473684210525	0.2	0.25	0.5988023952095809	0.19069369112189552	0.2383671139023694	0.5709391949757351	0.04880239520958085	0.40000000000000036	0.06999999999999984	0.10000000000000009	-0.009306308878104491	-0.02786320023384581	-0.011632886097630607	1.25	0.4175	2.9940119760479043	0.06442577030812324	1.9	0.026072772238153963				0	Unknown	Unknown	Normal	2.8	0.08425682057944639	3.0	-0.8	3.15	0.11253330636799719	6.0	0.8	0.11690256896585391	0.1728309681055971	0.37527535282596547	0.33499111010258353	0.7980987303123285	0.0888799033572691	0.16591980028398567	0.36410317663743347	0.38109711972131183	0.9552396224341229	0.8333333333333334	1.6	-0.7666666666666667	0.09680013642948185	0.8743842665916443	-0.7775841301621624	-4.0	4.0	0.375	0.375	0.125	0.25	-0.375	-0.5	5.0	9.0	-4.0	1.0	2.0
2023-06-01	19:00	Twente	FC Emmen	2	0	H	1	0	H	20	5	3	1	9	10	11	3	1	2	0	0	1.4	4.33	7.5	1.43	4.5	7.5	1.45	4.3	7.0	1.45	4.62	7.88	1.4	4.33	8.0	1.4	4.5	7.5	1.45	4.75	8.1	1.42	4.52	7.6	1.88	1.98	1.89	2.0	1.92	2.05	1.83	1.98	-1.25	2.06	1.84	2.07	1.85	2.09	1.9	1.99	1.85	1.45	4.2	6.5	1.46	4.5	6.75	1.45	4.5	6.75	1.46	4.59	7.67	1.42	4.33	7.5	1.44	4.4	7.0	1.51	4.75	8.0	1.44	4.54	7.19	1.8	2.0	1.82	2.07	1.9	2.13	1.77	2.06	-1.25	2.07	1.83	2.07	1.85	2.08	1.91	2.01	1.84	eredivisie																																																									1	0	0	Twente	1	0	0	3	0	8.0	3.0	0	0	0	2023	1	3	59.0	59.0	twente	2.740740740740741	74	1.2592592592592593	34	21.962962962962962	593	7.7407407407407405	0.8888888888888888	1.8888888888888888	0.5333333333333333	1.0	7	0.14285714285714285	1	11.714285714285714	82	3.857142857142857	-0.5714285714285714	-1.1428571428571428	-0.8	0.7142857142857143	0.23094688221709006	0.13333333333333333	0.6622550319146767	0.21412402879458367	0.12362093929073965	0.07856592983613764	0.0	-0.5	0.0	-0.052030682371037584	-0.009712394042593678	-0.01682285342250639	0.3233256351039261	1.7321016166281755	0.18666666666666665	0.03696539866752646	1.93	0.02891515407344869				0	Unknown	Unknown	Normal	3.9499999999999997	0.11972232981998328	6.0	1.0	2.6399999999999997	0.10883594541275785	4.0	-1.4	0.021480234450825822	0.08059779550475829	0.3477326008031938	0.5501893692412221	1.0076829414722408	0.11556836173089831	0.2099134651284657	0.3896649951669641	0.2848531779736719	0.7915067695664509	0.5	1.0	-0.5	-0.8002144611503833	-0.2509806691142683	-0.549233792036115	0.0	-1.0	0.25	0.16666666666666666	0.0	0.0	-0.75	-0.8333333333333334	8.0	3.0	5.0	2.0	1.0
2023-06-05	20:00	Ajax	AZ Alkmaar	0	0	D	0	0	D	18	11	3	4	10	10	8	2	1	2	0	0	1.57	4.5	5.25	1.53	4.6	5.25	1.55	4.4	5.25	1.58	4.7	5.37	1.53	4.2	5.5	1.55	4.2	5.75	1.59	4.75	5.75	1.56	4.46	5.35	1.53	2.4	1.57	2.51	1.61	2.55	1.55	2.42	-1.0	1.94	1.96	1.93	1.97	1.97	1.97	1.91	1.92	1.7	4.2	4.5	1.7	4.1	4.5	1.6	4.2	4.7	1.72	4.22	4.68	1.65	4.0	4.6	1.7	4.1	4.4	1.75	4.5	5.1	1.67	4.22	4.63	1.57	2.35	1.6	2.45	1.68	2.5	1.58	2.36	-0.75	1.92	1.98	1.91	1.99	1.96	2.11	1.85	1.99	eredivisie																																																									0	0	1		0	0	1	1	1	13.0	9.0	0	0	0	2023	9	9	25.0	55.0	ajax	2.0606060606060606	68	1.0606060606060606	35	17.636363636363637	582	5.909090909090909	0.696969696969697	1.0606060606060606	0.3492063492063492	1.3103448275862069	38	0.7931034482758621	23	12.862068965517242	373	5.206896551724138	0.3793103448275862	0.10344827586206896	0.4230769230769231	0.6369426751592356	0.2222222222222222	0.19047619047619047	0.6068194952802928	0.2117125794644577	0.18146792525524946	0.049641087857648314	0.040000000000000036	-0.25	0.2999999999999998	-0.030123179878942863	-0.009008265220941003	-0.010509642757764504	0.3488888888888889	1.1666666666666667	0.29904761904761906	0.0702614379084967	1.9649999999999999	0.025667999158426325				0	Unknown	Unknown	Normal	5.140000000000001	0.14197927844550134	7.0	2.2	3.55	0.08050252309209763	3.0	0.6	0.008622765240125268	0.038690101017748266	0.22479041578073447	0.727896717961392	0.9502634151424276	0.045079893335224705	0.12424692546794605	0.37251258113741614	0.45816060005941317	1.2041527926176854	2.25	1.5	0.75	0.993814734009347	1.0994572537328267	-0.10564251972347971	6.0	3.0	0.5	0.4	0.0	0.0	-0.5	-0.6	13.0	9.0	4.0	4.0	2.0
2023-06-05	19:00	Nijmegen	Heerenveen	2	3	A	1	1	D	11	10	3	4	14	19	4	3	0	2	0	0	2.1	3.4	3.5	2.15	3.6	3.2	2.15	3.45	3.15	2.22	3.65	3.29	2.15	3.4	3.2	2.1	3.5	3.3	2.23	3.73	3.5	2.15	3.56	3.23	1.75	2.05	1.82	2.06	1.83	2.11	1.77	2.03	-0.25	1.89	2.01	1.93	1.98	1.93	2.05	1.86	1.96	2.1	3.4	3.5	2.15	3.5	3.25	2.15	3.4	3.25	2.15	3.66	3.44	2.15	3.4	3.25	2.1	3.6	3.25	2.17	3.7	3.6	2.12	3.54	3.35	1.73	2.08	1.78	2.12	1.9	2.2	1.75	2.07	-0.25	1.86	2.04	1.87	2.04	1.88	2.08	1.84	2.0	eredivisie																																																									0	1	0	Heerenveen	0	0	1	0	3	2.0	2.0	0	0	1	2023	1	2	25.0	25.0	nijmegen	1.896551724137931	55	0.4827586206896552	14	14.758620689655173	428	5.620689655172414	-0.1724137931034483	0.3793103448275862	-0.2427536231884058	1.1666666666666667	35	0.4666666666666667	14	11.866666666666667	356	3.8666666666666667	-0.26666666666666666	-0.7666666666666667	0.13333333333333333	0.47619047619047616	0.29411764705882354	0.2857142857142857	0.4509283819628648	0.2785145888594165	0.27055702917771884	0.056022408963585235	-0.04999999999999982	0.2999999999999998	0.0	-0.025262094227611387	-0.015157256536566854	-0.01560305819940705	0.6176470588235294	1.0294117647058825	0.6	0.059233449477351874	1.9	0.026612966911474523				0	Unknown	Unknown	Normal	3.15	0.1380561877754118	5.0	-1.0	2.48	0.1021904700136131	4.0	-1.0	0.06367892575606496	0.1519161837570015	0.3975113411247858	0.3868935493621477	0.6129578262190994	0.10040815149734768	0.21469968012897472	0.43903055703155414	0.24586161134212348	0.48795881871407165	0.2	0.3333333333333333	-0.1333333333333333	-0.8002144611503833	-0.4760536562554508	-0.3241608048949325	-5.0	-5.0	0.0	0.25	0.125	0.375	-0.625	-0.625	2.0	2.0	0.0	0.0	0.0
2023-06-05	19:00	Cambuur	Utrecht	0	3	A	0	2	A	5	10	0	1	7	6	4	0	0	1	0	0	4.2	4.0	1.8	3.9	3.9	1.83	3.95	3.8	1.83	4.16	4.01	1.85	4.0	3.7	1.83	4.1	3.8	1.8	4.25	4.25	1.86	4.07	3.92	1.81	1.62	2.25	1.68	2.28	1.69	2.35	1.63	2.25	0.5	2.02	1.77	2.06	1.85	2.1	1.86	2.03	1.81	4.2	4.33	1.75	4.33	3.9	1.75	4.1	4.0	1.7	4.38	4.17	1.78	4.5	3.8	1.7	4.33	4.0	1.73	4.5	4.37	1.8	4.29	4.02	1.74	1.6	2.3	1.64	2.36	1.68	2.41	1.61	2.29	0.75	1.92	1.98	1.91	1.99	1.94	2.0	1.9	1.93	eredivisie																																																									0	1	0	Utrecht	0	1	0	0	3	3.0	10.0	0	0	0	2023	3	0	33.0	176.0	cambuur	0.8888888888888888	8	0.2222222222222222	2	12.333333333333334	111	3.7777777777777777	-0.8888888888888888	-1.1111111111111112	0.16666666666666666	1.9285714285714286	54	0.6785714285714286	19	12.964285714285714	363	4.535714285714286	0.03571428571428571	0.42857142857142855	0.17592592592592593	0.23809523809523808	0.25	0.5555555555555556	0.22813688212927755	0.23954372623574144	0.532319391634981	0.04365079365079372	0.20000000000000018	-0.030000000000000027	0.2999999999999998	-0.009958355965960536	-0.023236163920574593	-0.010456273764258561	1.05	0.45	2.3333333333333335	0.061728395061728225	1.935	0.06002125636292455				0	Unknown	Unknown	Normal	2.8	0.07278211264835092	5.0	-1.2	4.2875	0.17213291009812481	7.0	1.5	0.16016959565211647	0.2041057439402006	0.3123565485093353	0.3233681118983477	0.7486322864105132	0.03657898057859747	0.095138224841712	0.29563615930143455	0.572646635278256	0.8984727344391572	0.75	0.0	0.75	-0.35170716236045074	-0.9261996305378158	0.5744924681773651	-3.0	0.0	0.14285714285714285	0.5	0.5714285714285714	0.0	-0.8571428571428572	0.0714285714285714	3.0	10.0	-7.0	1.0	3.0
2023-06-05	17:45	Sparta Rotterdam	PSV Eindhoven	0	1	A	0	0	D	5	21	0	4	7	15	2	4	1	1	0	0	6.0	4.33	1.53	5.75	4.6	1.51	5.75	4.4	1.53	5.97	4.57	1.55	6.0	4.33	1.5	6.0	4.33	1.5	6.2	4.7	1.56	5.83	4.47	1.52	1.57	2.35	1.64	2.36	1.68	2.41	1.61	2.31	1.0	2.06	1.84	2.01	1.9	2.07	1.9	2.0	1.84	5.75	4.5	1.55	5.5	4.5	1.53	5.75	4.4	1.53	5.79	4.58	1.56	6.0	4.2	1.5	5.75	4.5	1.5	6.25	4.7	1.56	5.72	4.53	1.52	1.53	2.4	1.57	2.52	1.59	2.56	1.54	2.44	1.0	1.97	1.93	1.99	1.91	2.14	1.94	2.0	1.84	eredivisie																																																									0	1	0	PSV Eindhoven	0	0	1	0	3	5.0	13.0	0	0	0	2023	1	16	25.0	33.0	sparta_rotterdam	1.3571428571428572	38	0.5	14	14.857142857142858	416	5.107142857142857	0.10714285714285714	0.0	0.2156862745098039	2.5806451612903225	80	1.0	31	17.806451612903224	552	6.870967741935484	0.5161290322580645	1.5161290322580645	0.32666666666666666	0.16666666666666666	0.23094688221709006	0.6535947712418301	0.15854770503220061	0.21969658895916944	0.6217557060086298	0.05120832012558685	0.0	0.030000000000000027	0.0	-0.008118961634466043	-0.03183906523320024	-0.011250293257920624	1.3856812933025404	0.3533487297921478	3.9215686274509802	0.06247459005285272	1.96	0.02891515407344869				0	Unknown	Unknown	Normal	3.05	0.10746591973957817	3.0	-0.2	4.66	0.16475454201166545	9.0	2.4	0.06900968275257982	0.16337610182364762	0.404941408891454	0.3626728065323185	0.8510761434659587	0.03156923705654675	0.08214648179995941	0.26483441702498167	0.6214498641185122	0.6878094616998882	0.25	2.2857142857142856	-2.0357142857142856	-0.8002144611503833	2.6749681637211045	-3.4751826248714877	-3.0	14.0	0.16666666666666666	0.4	0.0	0.1	-0.7333333333333334	-0.6	5.0	13.0	-8.0	1.0	4.0
2023-06-10	19:00	Volendam	Utrecht	1	0	H	0	0	D	15	7	5	3	20	11	6	0	3	2	0	1	3.8	4.0	1.83	3.75	4.0	1.85	3.75	3.95	1.83	3.93	4.23	1.85	3.8	4.0	1.8	3.8	4.0	1.83	4.0	4.23	1.91	3.84	4.04	1.84	1.5	2.5	1.54	2.59	1.57	2.65	1.52	2.52	0.75	1.78	2.03	1.83	2.08	1.83	2.14	1.78	2.04	4.0	4.2	1.75	3.9	4.0	1.82	3.85	3.95	1.83	4.24	4.33	1.78	3.9	4.0	1.75	4.1	4.0	1.75	4.24	4.33	1.91	3.97	4.11	1.79	1.5	2.5	1.53	2.6	1.56	2.75	1.5	2.54	0.75	1.93	1.97	1.93	1.98	1.95	2.13	1.84	1.98	eredivisie																																																									1	0	0	Volendam	0	0	1	3	0	4.0	13.0	0	1	1	2023	4	3	68.0	5.0	volendam	1.1818181818181819	26	0.36363636363636365	8	12.590909090909092	277	4.045454545454546	-0.45454545454545453	-1.2272727272727273	-0.16666666666666666	1.9285714285714286	54	0.6785714285714286	19	12.964285714285714	363	4.535714285714286	0.03571428571428571	0.42857142857142855	0.17592592592592593	0.2631578947368421	0.25	0.5464480874316939	0.2483544819162652	0.23593675782045195	0.5157087602632829	0.059605982168535965	0.0	0.030000000000000027	0.0	-0.0148034128205769	-0.03073932716841099	-0.014063242179548047	0.95	0.4575	2.076502732240437	0.06666666666666665	2.0	0.054408590247412514				0	Unknown	Unknown	Normal	2.5100000000000002	0.0491273432449903	4.0	-1.8	3.7	0.19711226867255927	9.0	1.8	0.14873642764057635	0.2497913995067984	0.3591207160216691	0.24235145683095602	0.49267095273025346	0.08111123659205628	0.1461054502477603	0.3050164068200826	0.4677669063401009	1.1159850573609722	0.8	1.5	-0.7	-0.12745351296548443	-0.2509806691142683	0.12352715614878387	-5.0	3.0	0.0	0.6	0.5	0.0	-1.0	0.09999999999999998	4.0	13.0	-9.0	1.0	4.0
2023-06-12	18:00	AZ Alkmaar	Nijmegen	1	2	A	0	2	A	26	4	4	2	4	6	13	1	0	1	0	0	1.25	6.0	10.0	1.28	5.75	10.0	1.27	6.0	10.0	1.28	6.15	10.59	1.25	5.8	10.0	1.22	5.75	10.5	1.29	6.4	13.0	1.27	5.89	10.46	1.53	2.4	1.56	2.5	1.58	2.55	1.53	2.47	-1.75	2.03	1.87	2.02	1.88	2.04	1.95	1.97	1.85	1.25	5.75	10.0	1.27	6.0	11.0	1.25	6.0	10.0	1.27	6.24	11.45	1.25	5.8	11.0	1.25	5.75	11.5	1.29	6.39	12.0	1.26	5.86	10.91	1.53	2.4	1.57	2.49	1.61	2.52	1.54	2.44	-1.75	2.03	1.87	2.03	1.87	2.05	1.89	1.99	1.83	eredivisie																																																									0	1	0	Nijmegen	0	1	0	0	3	9.0	5.0	0	0	1	2023	4	1	153.0	40.0	az_alkmaar	1.8666666666666667	56	0.9666666666666667	29	17.266666666666666	518	6.3	0.4666666666666667	0.9333333333333333	0.3083333333333333	1.3	39	0.36666666666666664	11	12.333333333333334	370	4.666666666666667	-0.16666666666666666	0.13333333333333333	-0.04761904761904761	0.8	0.16666666666666666	0.1	0.75	0.15625	0.09375	0.06666666666666665	0.0	0.0	0.20000000000000018	-0.050000000000000044	-0.0062500000000000056	-0.010416666666666657	0.20833333333333334	1.6666666666666667	0.125	0.0702614379084967	1.9649999999999999	0.02737019572719368				0	Unknown	Unknown	Normal	4.54	0.11971022773434414	6.0	1.2	2.67	0.02392518423052774	1.0	-0.2	0.030315788990656845	0.0853633178181756	0.2873038745018864	0.5970170186892811	1.1730901185437868	0.1965709773313221	0.22396263484449527	0.28583618766517094	0.2936302001590117	0.6382415632820024	1.3333333333333333	0.25	1.0833333333333333	-0.12745351296548443	-0.7011266433966333	0.5736731304311489	4.0	-2.0	0.4	0.3333333333333333	0.0	0.5	-0.09999999999999998	-0.6666666666666667	9.0	5.0	4.0	2.0	1.0
2023-06-12	19:00	Waalwijk	Ajax	2	3	A	1	2	A	10	16	2	6	12	9	8	9	2	0	0	0	4.75	4.33	1.6	5.25	4.5	1.55	4.7	4.4	1.6	5.15	4.57	1.62	5.0	4.5	1.53	5.25	4.33	1.57	5.25	4.7	1.64	4.94	4.5	1.59	1.44	2.7	1.48	2.75	1.48	2.88	1.42	2.76	1.0	1.91	1.99	1.91	2.0	1.92	2.0	1.87	1.94	5.25	4.5	1.53	5.25	4.6	1.55	4.8	4.3	1.6	5.54	4.79	1.56	5.5	4.5	1.5	5.5	4.6	1.5	5.77	4.79	1.6	5.32	4.61	1.53	1.4	2.88	1.42	2.97	1.45	2.97	1.41	2.83	1.0	2.01	1.89	2.03	1.88	2.06	1.9	1.98	1.84	eredivisie																																																									0	1	0	Ajax	0	1	0	0	3	4.0	9.0	0	0	0	2023	10	8	38.0	41.0	waalwijk	1.76	44	0.84	21	13.2	330	4.56	0.28	0.44	0.19642857142857142	2.0344827586206895	59	0.8620689655172413	25	12.96551724137931	376	5.517241379310345	0.3448275862068966	0.5172413793103449	0.30833333333333335	0.21052631578947367	0.23094688221709006	0.625	0.1974042256129703	0.216551979598524	0.5860437947885057	0.06647319800656382	-0.25	0.07000000000000006	-0.16999999999999993	-0.01312209017650337	-0.038956205211494344	-0.014394902618566047	1.0969976905311778	0.3695150115473441	2.96875	0.06481481481481488	2.0700000000000003	0.026072772238153963				0	Unknown	Unknown	Normal	2.3899999999999997	0.13467957121207896	5.0	-0.6	3.4200000000000004	0.12725673188646613	7.0	1.2	0.15561574685729526	0.22926375556965045	0.3720647967844732	0.24305570078858105	0.41852718294808644	0.05306479889146511	0.14135436246115657	0.3860216678176521	0.4195591708297262	1.243832751701489	1.25	1.6	-0.3500000000000001	1.2180683834043133	0.8743842665916443	0.3436841168126691	0.0	6.0	0.1	0.42857142857142855	0.2	0.2857142857142857	-0.6142857142857143	-0.3714285714285715	4.0	9.0	-5.0	1.0	2.0
2023-07-01	20:00	PSV Eindhoven	Sparta Rotterdam	0	0	D	0	0	D	17	12	4	4	7	16	5	4	1	3	0	0	1.22	7.0	11.0	1.23	6.5	12.0	1.22	6.5	11.0	1.23	6.61	14.11	1.2	5.8	15.0	1.2	6.0	15.0	1.24	7.0	15.0	1.22	6.42	12.72	1.5	2.5	1.5	2.65	1.54	2.69	1.49	2.57	-1.75	1.86	2.04	1.86	2.03	1.88	2.06	1.84	2.01	1.25	6.5	10.0	1.27	5.75	10.5	1.27	6.0	10.0	1.25	6.3	12.85	1.24	5.8	11.0	1.22	6.0	11.0	1.28	6.69	13.0	1.25	6.05	11.28	1.5	2.5	1.5	2.66	1.54	2.66	1.51	2.52	-1.75	1.96	1.94	1.97	1.92	2.02	1.95	1.96	1.89	eredivisie																																																									0	0	1		0	0	1	1	1	6.0	7.0	0	0	0	2023	0	7	202.0	59.0	psv_eindhoven	3.2962962962962963	89	1.6296296296296295	44	20.296296296296298	548	8.25925925925926	1.1851851851851851	2.4444444444444446	0.8927536231884057	1.2758620689655173	37	0.4482758620689655	13	11.379310344827585	330	4.137931034482759	-0.2413793103448276	-0.1724137931034483	-0.2	0.819672131147541	0.14285714285714285	0.09090909090909091	0.7780921584478578	0.13561034761519808	0.08629749393694423	0.05343836491377463	0.020000000000000018	-4.0	1.2000000000000002	-0.041579972699683165	-0.004611596972146678	-0.00724679524194477	0.1742857142857143	1.5714285714285714	0.1109090909090909	0.06666666666666665	2.0	0.027830487033523088				0	Unknown	Unknown	Normal	3.2499999999999996	0.13083823373212441	5.0	1.0	2.38	0.09851759082852406	5.0	0.0	0.07709136852677555	0.15965622491138862	0.3619346527202703	0.4013177538415655	1.268121761925223	0.12578184461701578	0.231253253647554	0.4101311131207043	0.2328337886147259	0.5880357027256061	0.0	1.4	-1.4	-1.0244681105453495	0.6493112794504617	-1.6737793899958113	0.0	3.0	0.3333333333333333	0.5	0.3333333333333333	0.375	-0.2916666666666667	-0.16666666666666674	6.0	7.0	-1.0	2.0	2.0
2023-07-01	19:00	For Sittard	Go Ahead Eagles	0	2	A	0	2	A	9	20	2	6	14	10	4	10	4	2	0	0	2.55	3.4	2.7	2.55	3.6	2.6	2.5	3.35	2.65	2.66	3.56	2.7	2.55	3.4	2.62	2.55	3.4	2.63	2.66	3.6	2.8	2.54	3.46	2.67	1.83	2.02	1.81	2.09	1.86	2.11	1.79	2.02	0.0	1.89	2.01	1.93	1.97	1.93	2.03	1.88	1.97	2.3	3.5	3.0	2.35	3.5	2.9	2.35	3.4	2.85	2.38	3.55	3.08	2.3	3.3	3.0	2.3	3.5	2.9	2.45	3.6	3.15	2.34	3.48	2.95	1.8	2.0	1.85	2.05	1.85	2.13	1.79	2.02	-0.25	2.04	1.86	2.05	1.88	2.06	1.89	2.01	1.83	eredivisie																																																									0	1	0	Go Ahead Eagles	0	1	0	0	3	8.0	4.0	0	0	0	2023	8	0	114.0	59.0	for_sittard	1.4285714285714286	50	0.6857142857142857	24	13.8	483	4.457142857142857	0.4	0.02857142857142857	0.574074074074074	1.2142857142857142	34	0.5714285714285714	16	11.821428571428571	331	3.7142857142857144	-0.07142857142857142	-0.25	-0.25	0.3921568627450981	0.29411764705882354	0.37037037037037035	0.3711340206185567	0.27835051546391754	0.35051546391752575	0.056644880174292034	0.0	0.08000000000000007	0.0	-0.021022842126541375	-0.0198549064528446	-0.015767131594906003	0.75	0.7941176470588236	0.9444444444444443	0.041497592382188975	1.925	0.026612966911474523				0	Unknown	Unknown	Normal	3.2699999999999996	0.1443435245568606	3.0	0.6	2.13	0.09838897140149724	5.0	-1.2	0.06274368297797768	0.1540439422536075	0.3877234381420386	0.3954889366263763	0.9755925956176977	0.13273873022107327	0.25459452330955246	0.4368955192314371	0.17577122723793714	0.5616742547433102	1.6	0.0	1.6	0.7695610846143807	-0.9261996305378158	1.6957607151521965	4.0	-5.0	0.375	0.0	0.375	0.16666666666666666	-0.45833333333333337	-0.625	8.0	4.0	4.0	2.0	1.0
2023-07-01	15:30	Waalwijk	Heerenveen	0	0	D	0	0	D	6	18	2	9	10	9	3	7	1	1	0	0	2.5	3.5	2.7	2.45	3.5	2.7	2.45	3.45	2.7	2.49	3.63	2.86	2.4	3.5	2.7	2.4	3.5	2.7	2.5	3.7	2.86	2.44	3.54	2.75	1.67	2.15	1.79	2.11	1.79	2.18	1.73	2.11	0.0	1.86	2.04	1.83	2.1	1.86	2.1	1.81	2.05	2.7	3.5	2.55	2.85	3.4	2.4	2.75	3.45	2.4	2.96	3.54	2.46	2.88	3.3	2.38	2.8	3.4	2.4	2.96	3.56	2.59	2.84	3.46	2.43	1.73	2.08	1.9	1.99	1.96	2.08	1.84	1.96	0.0	2.02	1.88	2.14	1.78	2.14	1.88	2.08	1.79	eredivisie																																																									0	0	1		0	0	1	1	1	4.0	4.0	0	0	0	2023	10	5	19.0	26.0	waalwijk	1.76	44	0.84	21	13.2	330	4.56	0.28	0.44	0.19642857142857142	1.1666666666666667	35	0.4666666666666667	14	11.866666666666667	356	3.8666666666666667	-0.26666666666666666	-0.7666666666666667	0.13333333333333333	0.4	0.2857142857142857	0.37037037037037035	0.3787575150300601	0.2705410821643286	0.3507014028056112	0.05608465608465618	0.10000000000000009	0.0	0.0	-0.021242484969939912	-0.019668967564759166	-0.015173203549957104	0.7142857142857143	0.7714285714285715	0.9259259259259258	0.06391867427934828	1.91	0.027830487033523088				0	Unknown	Unknown	Normal	2.32	0.17428353160811855	6.0	0.0	2.6399999999999997	0.13961838862965054	7.0	-0.8	0.16640547095028135	0.23859484327658054	0.36370805424957886	0.23129163152355928	0.46854574893572404	0.07817243855629911	0.193637411949603	0.45383581780518156	0.2743543316889164	0.6886881067451408	1.1111111111111112	0.7142857142857143	0.39682539682539686	1.2180683834043133	0.19916530516809672	1.0189030782362165	-1.0	-4.0	0.1	0.2222222222222222	0.2	0.3333333333333333	-0.5666666666666668	-0.5777777777777778	4.0	4.0	0.0	1.0	1.0
2023-07-01	17:45	AZ Alkmaar	Vitesse	1	1	D	0	0	D	15	13	5	3	11	14	7	4	2	1	0	0	1.53	4.5	5.5	1.53	4.33	5.75	1.53	4.4	5.5	1.54	4.5	6.21	1.52	4.2	5.8	1.5	4.2	6.0	1.55	4.6	6.21	1.53	4.41	5.76	1.6	2.3	1.64	2.36	1.66	2.41	1.6	2.3	-1.0	1.88	2.02	1.89	2.02	1.91	2.04	1.87	1.97	1.53	4.33	5.25	1.55	4.4	5.5	1.55	4.4	5.25	1.56	4.53	5.83	1.55	4.2	5.5	1.53	4.2	5.5	1.6	4.6	6.0	1.54	4.38	5.57	1.57	2.35	1.58	2.49	1.63	2.53	1.58	2.36	-1.0	1.91	1.99	1.93	1.98	1.99	2.01	1.9	1.94	eredivisie																																																									0	0	1		0	0	1	1	1	8.0	4.0	0	0	0	2023	4	4	19.0	81.0	az_alkmaar	1.8666666666666667	56	0.9666666666666667	29	17.266666666666666	518	6.3	0.4666666666666667	0.9333333333333333	0.3083333333333333	1.1666666666666667	21	0.5	9	13.777777777777779	248	4.944444444444445	-0.3888888888888889	-0.8333333333333334	-0.5	0.6535947712418301	0.2222222222222222	0.18181818181818182	0.6179775280898876	0.21011235955056176	0.17191011235955056	0.05763517528223416	0.010000000000000009	-0.2999999999999998	0.2999999999999998	-0.03561724315194248	-0.009908069458631263	-0.012109862671660448	0.34	1.2222222222222223	0.2781818181818182	0.05978260869565233	1.95	0.026964398567516312				0	Unknown	Unknown	Normal	3.8299999999999996	0.12072854471096103	6.0	1.0	3.1100000000000003	0.127733268517511	4.0	-1.0	0.033873694742980465	0.09922140263721768	0.34513591964996565	0.5217689829698362	1.4142087262089515	0.06050362664891247	0.15544562757161545	0.4101838295468127	0.3738669162326594	0.7425591232087974	1.0	0.6666666666666666	0.33333333333333337	-0.12745351296548443	-0.025907681973085794	-0.10154583099239864	3.0	-5.0	0.3333333333333333	0.1	0.0	0.3	-0.36666666666666664	-0.9	8.0	4.0	4.0	2.0	1.0
2023-07-04	19:00	Groningen	Utrecht	1	2	A	1	1	D	6	16	1	4	12	9	2	7	4	1	0	0	3.1	3.5	2.25	3.0	3.5	2.3	3.0	3.3	2.3	3.08	3.59	2.36	3.0	3.4	2.25	2.9	3.5	2.3	3.2	3.59	2.36	3.04	3.47	2.28	1.83	2.02	1.85	2.05	1.86	2.06	1.8	2.0	0.25	1.85	2.05	1.87	2.04	1.88	2.06	1.84	1.98	3.1	3.5	2.25	3.1	3.4	2.25	3.0	3.4	2.25	3.26	3.53	2.28	3.1	3.4	2.2	3.1	3.5	2.2	3.26	3.6	2.35	3.09	3.48	2.26	1.88	1.98	1.9	1.99	1.91	2.04	1.83	1.97	0.25	1.91	1.99	1.93	1.97	1.93	2.04	1.88	1.95	eredivisie																																																									0	1	0	Utrecht	0	0	1	0	3	2.0	10.0	0	0	0	2023	1	3	63.0	24.0	groningen	1.4761904761904763	31	0.9047619047619048	19	14.19047619047619	298	5.333333333333333	0.38095238095238093	0.14285714285714285	0.4375	1.9285714285714286	54	0.6785714285714286	19	12.964285714285714	363	4.535714285714286	0.03571428571428571	0.42857142857142855	0.17592592592592593	0.3225806451612903	0.2857142857142857	0.4444444444444444	0.306420233463035	0.2714007782101167	0.42217898832684825	0.05273937532002049	0.10000000000000009	0.0	0.10000000000000009	-0.016160411698255328	-0.022265456117596172	-0.014313507504168987	0.8857142857142858	0.6428571428571429	1.3777777777777778	0.041497592382188975	1.925	0.028345418589321048				0	Unknown	Unknown	Normal	3.07	0.07324511509057996	5.0	-1.0	2.76	0.1664609276763907	7.0	1.4	0.1331518030165753	0.15964022102028746	0.3135124257158357	0.3936955502473015	0.8117436527017349	0.11554992084839806	0.2048874568577464	0.36856626078077837	0.3109963615130772	1.1955824098959535	0.5	1.0	-0.5	-0.8002144611503833	-0.2509806691142683	-0.549233792036115	0.0	2.0	0.0	0.5	0.2	0.16666666666666666	-0.8333333333333334	-0.30000000000000004	2.0	10.0	-8.0	0.0	3.0
2023-07-05	15:45	For Sittard	Vitesse	2	0	H	0	0	D	7	14	4	2	12	11	5	8	2	1	0	0	3.4	3.5	2.1	3.1	3.7	2.15	3.1	3.5	2.2	3.46	3.61	2.16	3.25	3.4	2.15	3.2	3.5	2.05	3.51	3.7	2.2	3.3	3.56	2.12	1.75	2.05	1.81	2.08	1.83	2.11	1.77	2.04	0.25	2.04	1.86	2.04	1.87	2.06	1.89	1.99	1.83	3.2	3.5	2.2	3.1	3.5	2.2	3.2	3.45	2.15	3.24	3.64	2.25	3.1	3.4	2.2	3.1	3.5	2.2	3.48	3.68	2.27	3.14	3.55	2.21	1.73	2.08	1.78	2.12	1.82	2.18	1.74	2.08	0.25	1.93	1.97	1.95	1.95	2.01	2.0	1.92	1.92	eredivisie																																																									1	0	0	For Sittard	0	0	1	3	0	8.0	5.0	1	0	0	2023	8	5	4.0	4.0	for_sittard	1.4285714285714286	50	0.6857142857142857	24	13.8	483	4.457142857142857	0.4	0.02857142857142857	0.574074074074074	1.1666666666666667	21	0.5	9	13.777777777777779	248	4.944444444444445	-0.3888888888888889	-0.8333333333333334	-0.5	0.29411764705882354	0.2857142857142857	0.47619047619047616	0.2785145888594165	0.27055702917771884	0.4509283819628648	0.056022408963585235	0.1499999999999999	-0.04999999999999982	0.10000000000000009	-0.01560305819940705	-0.025262094227611387	-0.015157256536566854	0.9714285714285714	0.6	1.6190476190476188	0.059233449477351874	1.9	0.027830487033523088				0	Unknown	Unknown	Normal	3.19	0.11380917341182242	0.0	0.4	2.7699999999999996	0.14300044409003007	4.0	-0.8	0.07605592992958622	0.16451671471725218	0.3767510291811322	0.3826763261720294	0.8818078502836963	0.07609298416412369	0.186157010354934	0.43695168407757884	0.3007983214033635	0.6819585246419976	1.3333333333333333	0.7142857142857143	0.619047619047619	0.7695610846143807	0.19916530516809672	0.570395779446284	2.0	-5.0	0.3333333333333333	0.1	0.4444444444444444	0.2	-0.46666666666666673	-0.4555555555555556	8.0	5.0	3.0	2.0	1.0
2023-07-05	13:30	Go Ahead Eagles	Groningen	1	1	D	1	1	D	14	7	6	2	11	13	6	5	1	4	0	0	1.7	3.8	5.0	1.7	4.0	4.5	1.7	3.85	4.4	1.75	4.15	4.59	1.67	3.8	4.75	1.67	3.7	4.6	1.76	4.2	5.0	1.71	3.97	4.59	1.75	2.05	1.85	2.05	1.86	2.08	1.79	2.01	-0.75	1.94	1.96	1.96	1.94	1.96	1.98	1.9	1.92	1.6	4.2	5.25	1.61	4.2	5.0	1.63	4.1	5.25	1.62	4.28	5.57	1.6	3.9	5.25	1.57	4.1	5.5	1.64	4.3	5.6	1.61	4.13	5.33	1.73	2.08	1.78	2.12	1.9	2.15	1.76	2.06	-1.0	2.02	1.88	2.04	1.87	2.07	1.89	2.01	1.83	eredivisie																																																									0	0	1		0	0	1	1	1	10.0	3.0	0	0	0	2023	10	0	64.0	93.0	go_ahead_eagles	1.7096774193548387	53	0.7741935483870968	24	15.096774193548388	468	6.193548387096774	-0.0967741935483871	0.12903225806451613	0.15789473684210525	0.75	15	0.35	7	11.9	238	4.3	-0.55	-1.45	-0.14285714285714285	0.5882352941176471	0.2631578947368421	0.2	0.5594817432273262	0.2502944640753828	0.19022379269729095	0.05139318885448918	0.030000000000000027	0.25	0.0	-0.028753550890320834	-0.009776207302709061	-0.012863430661459285	0.4473684210526316	1.3157894736842106	0.33999999999999997	0.059233449477351874	1.9	0.025667999158426325				0	Unknown	Unknown	Normal	3.8599999999999994	0.1049479388662273	7.0	0.8	1.725	0.0788250870405039	2.0	-0.75	0.09748940227429015	0.15147430539444864	0.2681915178617367	0.4828447744695247	0.9541341350915928	0.275292682634393	0.2705779896793207	0.30635330564655083	0.1477760220397355	0.6455408003079992	1.6666666666666667	0.0	1.6666666666666667	1.2180683834043133	-0.9261996305378158	2.144268013942129	4.0	-3.0	0.42857142857142855	0.25	0.2857142857142857	0.25	-0.32142857142857145	-0.4642857142857143	10.0	3.0	7.0	3.0	1.0
2023-07-05	13:30	Excelsior	Feyenoord	0	2	A	0	1	A	9	8	4	3	11	10	4	2	0	0	0	0	9.5	8.0	1.22	10.0	6.75	1.24	10.0	7.0	1.22	12.34	7.42	1.22	12.0	6.5	1.2	9.0	5.75	1.25	13.0	8.0	1.24	11.52	7.07	1.21	1.33	3.4	1.37	3.19	1.38	3.6	1.35	3.16	2.0	1.92	1.98	1.93	1.96	2.02	2.06	1.88	1.95	9.5	8.0	1.22	10.5	7.0	1.23	10.0	7.0	1.22	11.34	7.2	1.23	11.0	6.5	1.22	10.5	6.5	1.22	13.0	8.0	1.26	10.99	7.02	1.22	1.3	3.5	1.37	3.18	1.38	3.5	1.33	3.24	2.0	1.91	1.99	1.88	2.02	1.91	2.05	1.85	1.98	eredivisie																																																									0	1	0	Feyenoord	0	1	0	0	3	6.0	15.0	0	0	0	2023	6	9	63.0	85.0	excelsior	1.0	23	0.34782608695652173	8	13.478260869565217	310	4.521739130434782	-0.21739130434782608	-0.391304347826087	-0.018518518518518528	2.0	60	1.0333333333333334	31	15.3	459	6.233333333333333	0.3333333333333333	0.8333333333333334	0.14814814814814814	0.10526315789473684	0.125	0.819672131147541	0.10025680534155111	0.11905495634309195	0.780688238315357	0.04993528904227773	-2.5	0.020000000000000018	1.5	-0.005006352553185725	-0.03898389283218395	-0.005945043656908053	1.1875	0.1525	7.786885245901639	0.045997346306943854	2.365	0.025883838383838453				0	Unknown	Unknown	Normal	2.8299999999999996	0.05143100577049688	2.0	-0.4	5.54	0.16873065235560764	10.0	2.4	0.11091944708816626	0.1756213827109852	0.3760447996500585	0.3374143705507901	0.6800532438943704	0.007329821363777989	0.0324614385771198	0.19169827934522096	0.7685104607138812	0.8177257884655708	1.0	2.25	-1.25	0.32105378582444816	1.0994572537328267	-0.7784034679083784	-2.0	7.0	0.2222222222222222	0.14285714285714285	0.4444444444444444	0.0	-0.7777777777777778	-0.41269841269841273	6.0	15.0	-9.0	1.0	5.0
2023-07-05	11:15	FC Emmen	Twente	0	3	A	0	0	D	11	16	4	4	6	16	2	2	0	2	0	0	4.5	4.0	1.73	4.33	3.8	1.77	4.1	3.8	1.77	4.84	3.96	1.75	4.4	3.7	1.75	4.4	3.75	1.67	4.9	4.1	1.79	4.51	3.88	1.74	1.73	2.08	1.79	2.11	1.8	2.15	1.74	2.07	0.75	1.94	1.96	1.94	1.96	1.95	1.98	1.9	1.92	4.75	4.0	1.73	4.5	4.0	1.71	4.4	4.0	1.7	4.78	3.99	1.75	4.6	3.8	1.7	4.6	3.9	1.7	5.1	4.1	1.75	4.64	3.96	1.71	1.7	2.1	1.79	2.11	1.8	2.25	1.73	2.11	0.75	1.97	1.93	1.94	1.96	2.01	1.96	1.93	1.91	eredivisie																																																									0	1	0	Twente	0	0	1	0	3	3.0	9.0	0	0	0	2023	1	9	94.0	55.0	fc_emmen	0.875	7	0.25	2	11.0	88	3.375	-0.75	-0.625	-0.6666666666666666	1.6774193548387097	52	0.8387096774193549	26	13.387096774193548	415	4.354838709677419	0.25806451612903225	0.4838709677419355	0.15789473684210525	0.2222222222222222	0.25	0.5780346820809249	0.21158844213423023	0.238036997401009	0.5503745604647607	0.05025690430314711	0.09999999999999964	-0.020000000000000018	0.2999999999999998	-0.010633780087991984	-0.027660121616164157	-0.011963002598990996	1.125	0.4325	2.601156069364162	0.058803912850155626	1.905	0.025667999158426325				0	Unknown	Unknown	Normal	2.2375	0.13163608728693954	5.0	-0.75	2.73	0.12063938013326844	5.0	0.8	0.12538055730898176	0.24439619468509785	0.4317927276351855	0.1984305203707349	0.9003419129220627	0.13437882821083383	0.2140101815575095	0.35137238206352833	0.30023860816812836	0.7503432561883808	0.5	1.5	-1.0	-0.8002144611503833	1.0994572537328267	-1.89967171488321	0.0	4.0	0.25	0.3333333333333333	0.5	0.2222222222222222	-0.5277777777777778	-0.16666666666666669	3.0	9.0	-6.0	0.0	2.0
2023-07-10	17:45	Almere City	Waalwijk	1	0	H	1	0	H	18	13	6	4	12	8	4	3	1	1	0	0	2.3	3.8	2.75				2.3	3.7	2.8	2.37	3.92	2.85	2.25	3.9	2.7	2.3	3.6	2.88	2.39	3.96	2.88	2.32	3.79	2.79	1.57	2.35	1.59	2.48	1.6	2.5	1.57	2.4	-0.25	2.08	1.82	2.08	1.84	2.08	1.84	2.02	1.8	2.25	3.75	3.0				2.25	3.6	2.9	2.32	3.73	3.04	2.2	3.7	2.88	2.25	3.7	2.9	2.34	3.85	3.04	2.27	3.71	2.92	1.67	2.15	1.69	2.26	1.77	2.36	1.64	2.24	-0.25	1.99	1.91	2.02	1.88	2.03	1.93	1.97	1.85	eredivisie																																																									1	0	0	Almere City	1	0	0	3	0	0.0	4.0	0	0	0	2023	0	1	151.0	99.0	almere_city	0.8666666666666667	13	0.3333333333333333	5	13.533333333333333	203	3.533333333333333	-0.4	-0.8666666666666667	-0.6666666666666666	1.3157894736842106	25	0.2631578947368421	5	12.210526315789474	232	4.7894736842105265	-0.8421052631578947	-1.0	-1.1736111111111112	0.4347826086956522	0.2631578947368421	0.36363636363636365	0.4095630021555947	0.24789339604154412	0.34254360180286103	0.06157686706885812	0.04999999999999982	0.04999999999999982	-0.10000000000000009	-0.025219606540057504	-0.021092761833502616	-0.015264498695297973	0.6052631578947368	0.7236842105263158	0.8363636363636363	0.06247459005285272	1.96	0.030219780219780112				0	Unknown	Unknown	Normal	2.05	0.09900990099009901	1.0	-1.0	2.933333333333333	0.07633587786259542	3.0	0.0	0.12873490358780423	0.26390655235499866	0.455348763875854	0.15200978018134315	0.637103176503765	0.07066792261127337	0.16896269734670355	0.4188851634932098	0.3414842165488132	0.6012293297585011	0.0	0.5	-0.5	-1.0244681105453495	-0.7011266433966333	-0.32334146714871614	-1.0	0.0	0.0	0.3333333333333333	0.0	0.6666666666666666	-0.33333333333333337	-0.6666666666666667	0.0	4.0	-4.0	0.0	1.0
2023-07-10	20:00	Vitesse	Excelsior	0	0	D	0	0	D	21	11	7	5	9	10	11	5	2	0	0	0	1.73	4.33	4.0	1.7	4.1	4.5	1.73	4.1	4.2	1.78	4.2	4.38	1.7	4.0	4.33	1.75	3.8	4.5	1.8	4.33	4.7	1.73	4.09	4.33	1.65	2.2	1.69	2.26	1.7	2.38	1.64	2.25	-0.75	1.98	1.92	1.99	1.92	1.99	1.94	1.93	1.89	1.8	4.2	3.8	1.8	3.9	4.0	1.77	3.95	3.95	1.84	4.0	4.22	1.73	3.9	4.2	1.73	4.0	4.33	1.9	4.3	4.5	1.78	4.0	4.14	1.7	2.1	1.74	2.18	1.82	2.28	1.68	2.17	-0.75	2.05	1.75	2.08	1.83	2.18	1.93	1.99	1.83	eredivisie																																																									0	0	1		0	0	1	1	1	0.0	5.0	0	0	0	2023	0	1	123.0	148.0	vitesse	0.8571428571428571	12	0.5	7	13.214285714285714	185	4.285714285714286	-0.21428571428571427	-1.1428571428571428	0.25	1.2272727272727273	27	0.6818181818181818	15	9.545454545454545	210	4.090909090909091	-0.5454545454545454	-1.4545454545454546	-0.5625	0.5780346820809249	0.23094688221709006	0.25	0.54584017471928	0.21808394971463146	0.23607587556608858	0.05898156429801493	0.030000000000000027	-0.33000000000000007	0.33000000000000007	-0.032194507361644864	-0.013924124433911417	-0.012862932502458596	0.3995381062355658	0.9237875288683602	0.4325	0.06060606060606055	1.925	0.025883838383838453				0	Unknown	Unknown	Normal	1.8900000000000001	0.06375802415406376	1.0	-2.2	2.4299999999999997	0.17043238366613583	4.0	-0.6	0.1825857560062222	0.28362463632277324	0.39152810946193173	0.1422614982090728	0.5721818021219267	0.09781611336240757	0.21927609704942216	0.45112799604436393	0.23177979354380632	0.4327988316483481	0.0	0.3333333333333333	-0.3333333333333333	-1.0244681105453495	-0.7011266433966333	-0.32334146714871614	-3.0	-2.0	0.0	0.2	0.6	0.0	-1.0	-0.2	0.0	5.0	-5.0	0.0	1.0
2023-07-10	15:30	Heerenveen	Nijmegen	1	1	D	1	1	D	18	9	7	3	4	12	7	1	1	0	0	0	2.15	3.6	3.2	2.15	3.7	3.1	2.15	3.6	3.05	2.18	3.7	3.34	2.1	3.7	3.1	2.1	3.6	3.25	2.2	3.85	3.35	2.14	3.66	3.18	1.67	2.15	1.71	2.22	1.72	2.3	1.67	2.19	-0.25	1.89	2.01	1.89	2.01	1.9	2.02	1.85	1.96	2.05	3.5	3.6	2.1	3.5	3.4	2.1	3.4	3.4	2.1	3.54	3.7	2.05	3.5	3.4	2.05	3.5	3.5	2.16	3.62	3.75	2.08	3.5	3.49	1.93	1.93	1.96	1.93	1.97	1.98	1.9	1.9	-0.25	1.81	2.09	1.81	2.1	1.85	2.13	1.79	2.03	eredivisie																																																									0	0	1		0	0	1	1	1	5.0	7.0	0	0	1	2023	3	4	179.0	28.0	heerenveen	1.7692307692307692	46	1.0384615384615385	27	15.384615384615385	400	5.5	0.19230769230769232	0.34615384615384615	0.03571428571428571	1.3	39	0.36666666666666664	11	12.333333333333334	370	4.666666666666667	-0.16666666666666666	0.13333333333333333	-0.04761904761904761	0.46511627906976744	0.2777777777777778	0.3125	0.4407039020657995	0.2631981637337414	0.29609793420045905	0.05539405684754528	0.04999999999999982	0.10000000000000009	-0.10000000000000009	-0.024412377003967922	-0.016402065799540955	-0.014579614044036404	0.5972222222222222	0.888888888888889	0.6718749999999999	0.06391867427934828	1.91	0.026612966911474523				0	Unknown	Unknown	Normal	2.2875	0.049668874172185434	3.0	0.5	2.5100000000000002	0.12148615984028384	2.0	0.0	0.157667783078891	0.2528879493563533	0.36981128857015727	0.21963297899459838	1.0173841253176472	0.23323147022641103	0.24035819795347146	0.252691325691737	0.27371900612838057	0.4208005291151493	1.5	0.8	0.7	-0.35170716236045074	-0.025907681973085794	-0.32579948038736495	3.0	-1.0	0.75	0.2857142857142857	0.75	0.42857142857142855	0.1785714285714286	0.0357142857142857	5.0	7.0	-2.0	1.0	2.0
2023-07-10	19:00	Go Ahead Eagles	Heracles	4	0	H	2	0	H	22	17	13	8	10	11	9	5	0	2	0	0	1.8	4.0	4.2	1.82	3.9	3.9	1.83	3.85	3.9	1.84	4.12	4.11	1.75	4.0	4.0	1.8	3.8	4.1	1.85	4.2	4.2	1.81	3.98	4.0	1.57	2.35	1.61	2.42	1.62	2.45	1.59	2.33	-0.75	2.07	1.83	2.07	1.85	2.08	1.85	2.02	1.8	1.83	4.0	4.0	1.83	3.9	3.9	1.8	3.85	3.95	1.86	4.06	4.07	1.75	4.0	4.0	1.8	3.9	4.0	1.87	4.2	4.33	1.81	3.98	4.04	1.6	2.3	1.63	2.38	1.68	2.55	1.58	2.35	-0.75	2.05	1.75	2.1	1.81	2.18	1.88	2.01	1.8	eredivisie																																																									1	0	0	Go Ahead Eagles	1	0	0	3	0	10.0		0	0	0	2023	11	0	5.0		go_ahead_eagles	1.7096774193548387	53	0.7741935483870968	24	15.096774193548388	468	6.193548387096774	-0.0967741935483871	0.12903225806451613	0.15789473684210525	0.6	15	0.32	8	8.88	222	2.64	-0.52	-1.72	-0.6	0.5555555555555556	0.25	0.23809523809523808	0.532319391634981	0.23954372623574144	0.22813688212927755	0.04365079365079372	0.050000000000000044	0.20000000000000018	0.0	-0.023236163920574593	-0.009958355965960536	-0.010456273764258561	0.45	1.05	0.42857142857142855	0.06247459005285272	1.96	0.029539874871307603				0	Unknown	Unknown	Normal	4.319999999999999	0.11913233602934788	7.0	0.8	1.5	0.15	3.0	0.0	0.043290036576313425	0.10032586293114307	0.28761965324030714	0.5687644472522364	1.128010413699073	0.3	0.35	0.25	0.1	1.5	1.5714285714285714	0.0	1.5714285714285714	1.4423220327992796	-0.9261996305378158	2.3685216633370954	4.0	0.0	0.375	0.3	0.25	0.2	-0.42500000000000004	-0.45	10.0	5.0	5.0	3.0	1.0
2023-07-12	20:00	Feyenoord	Volendam	3	1	H	1	1	D	30	2	10	2	4	5	12	3	1	1	0	0	1.06	12.0	26.0	1.07	14.0	31.0	1.07	13.0	24.0	1.06	17.73	29.18	1.03	12.0	26.0	1.05	11.0	21.0	1.08	19.0	37.0	1.06	13.87	28.04	1.14	5.5	1.14	5.99	1.15	6.25	1.13	5.33	-3.25	2.01	1.89	2.03	1.85	2.04	1.93	1.96	1.85	1.05	17.0	34.0	1.05	17.0	41.0	1.04	16.0	29.0	1.04	21.68	41.53	1.02	13.0	29.0	1.04	15.0	31.0	1.08	25.0	61.0	1.04	16.94	37.11	1.14	5.5	1.13	6.38	1.15	6.5	1.13	5.73	-3.5	2.04	1.86	2.03	1.86	2.14	1.94	1.99	1.84	eredivisie																																																									1	0	0	Feyenoord	0	0	1	3	0	10.0	3.0	0	0	0	2023	4	2	71.0	62.0	feyenoord	2.5185185185185186	68	1.1851851851851851	32	20.703703703703702	559	7.148148148148148	0.9629629629629629	1.7037037037037037	0.5873015873015873	0.9583333333333334	23	0.5	12	9.166666666666666	220	3.4166666666666665	-0.875	-1.375	-0.7	0.9433962264150942	0.08333333333333333	0.038461538461538464	0.8856591347791528	0.0782332235721585	0.03610764164868854	0.06519109820996616	0.030000000000000027	0.0	0.0	-0.05773709163594143	-0.0023538968128499205	-0.005100109761174823	0.08833333333333333	2.1666666666666665	0.04076923076923077	0.05901116427432229	3.32	0.026612966911474523				0	Unknown	Unknown	Normal	4.5600000000000005	0.06969111617694859	4.0	0.8	2.45	0.08901616848636718	4.0	-1.0	0.023208055199090482	0.07048799481852386	0.2712517156304014	0.6350522343519842	0.9294037532301307	0.11753323664083322	0.2249727981300603	0.4126064825826454	0.24488748264646115	0.5563213761549942	1.0	0.4	0.6	-0.12745351296548443	-0.4760536562554508	0.34860014328996636	0.0	-5.0	0.6666666666666666	0.14285714285714285	0.0	0.5714285714285714	0.23809523809523803	-0.8571428571428572	10.0	3.0	7.0	3.0	0.0
2023-07-12	17:45	PSV Eindhoven	Heerenveen	2	0	H	1	0	H	30	12	8	1	4	10	11	2	2	1	0	0	1.18	7.0	13.0	1.18	8.0	13.5	1.2	7.75	12.0	1.17	9.01	14.21	1.14	7.0	13.0	1.14	7.5	13.0	1.19	9.4	17.0	1.17	7.89	13.61	1.3	3.5	1.29	3.71	1.33	3.71	1.29	3.47	-2.25	2.04	1.86	2.01	1.88	2.07	1.88	2.0	1.82	1.2	8.0	11.0	1.18	8.25	12.5	1.2	7.5	12.0	1.17	8.45	14.87	1.12	7.5	13.0	1.15	8.0	15.0	1.2	9.3	17.0	1.17	8.0	13.72	1.29	3.6	1.3	3.61	1.31	3.82	1.28	3.58	-2.25	2.03	1.78	2.07	1.83	2.09	1.9	2.0	1.82	eredivisie																																																									1	0	0	PSV Eindhoven	1	0	0	3	0	7.0	5.0	0	0	0	2023	1	6	11.0	11.0	psv_eindhoven	3.2962962962962963	89	1.6296296296296295	44	20.296296296296298	548	8.25925925925926	1.1851851851851851	2.4444444444444446	0.8927536231884057	1.1666666666666667	35	0.4666666666666667	14	11.866666666666667	356	3.8666666666666667	-0.26666666666666666	-0.7666666666666667	0.13333333333333333	0.8474576271186441	0.14285714285714285	0.07692307692307693	0.794066317626527	0.1338568935427574	0.07207678883071553	0.06723784689886392	0.040000000000000036	0.0	0.0	-0.05339130949211712	-0.0048462880923614005	-0.00900024931438545	0.16857142857142857	1.8571428571428572	0.09076923076923077	0.05494505494505475	2.4	0.027830487033523088				0	Unknown	Unknown	Normal	3.2124999999999995	0.09812867529909332	1.0	0.75	3.1599999999999997	0.10908403748461235	4.0	-0.6	0.06908082699347111	0.15465530053854876	0.38148554343656743	0.3947783290314127	1.2243985151179473	0.06051528789899959	0.1558264805480562	0.40590562099899313	0.37775261055395104	0.8380040109379083	0.5	0.75	-0.25	-0.8002144611503833	0.42423829230927923	-1.2244527534596625	0.0	-4.0	0.5	0.3	0.5	0.4	-0.09999999999999998	-0.2	7.0	5.0	2.0	2.0	1.0
2023-08-01	13:30	Nijmegen	Ajax	1	1	D	0	1	A	6	21	1	7	9	14	1	9	1	3	0	0	6.5	6.0	1.36	7.25	5.25	1.38	7.0	5.25	1.37	8.16	5.32	1.39	8.0	4.8	1.35	8.0	5.0	1.33	8.5	6.0	1.39	7.62	5.21	1.36	1.44	2.7	1.47	2.78	1.49	2.82	1.46	2.67	1.5	1.88	2.02	1.92	1.98	1.92	2.05	1.86	1.98	4.5	5.0	1.57	5.5	4.4	1.55	5.25	4.4	1.55	5.68	4.48	1.58	5.25	4.5	1.52	5.5	4.33	1.53	6.0	5.13	1.58	5.4	4.56	1.54	1.57	2.35	1.6	2.46	1.61	2.53	1.56	2.38	1.0	1.9	2.0	1.91	2.0	2.07	2.03	1.94	1.9	eredivisie																																																									0	0	1		0	1	0	1	1	1.0	11.0	0	1	0	2023	1	11	57.0	50.0	nijmegen	1.896551724137931	55	0.4827586206896552	14	14.758620689655173	428	5.620689655172414	-0.1724137931034483	0.3793103448275862	-0.2427536231884058	2.0344827586206895	59	0.8620689655172413	25	12.96551724137931	376	5.517241379310345	0.3448275862068966	0.5172413793103449	0.30833333333333335	0.15384615384615385	0.16666666666666666	0.7352941176470588	0.14571428571428574	0.1578571428571429	0.6964285714285715	0.05580693815987914	-1.5	0.010000000000000009	1.2000000000000002	-0.008131868131868114	-0.03886554621848726	-0.008809523809523767	1.0833333333333333	0.22666666666666668	4.779411764705882	0.06481481481481488	2.0700000000000003	0.026964398567516312				0	Unknown	Unknown	Normal	2.7199999999999998	0.1650424500557917	6.0	-1.2	3.6100000000000003	0.10511787203774836	10.0	1.4	0.08426204550832417	0.19033541084911243	0.4288968047796626	0.2965057388629008	0.5900504952285942	0.045223931944191484	0.12448944838551856	0.36895009877693596	0.461336520893354	1.3667054934493614	0.16666666666666666	1.8333333333333333	-1.6666666666666665	-0.8002144611503833	1.5496032280151917	-2.349817689165575	-6.0	7.0	0.0	0.375	0.1111111111111111	0.25	-0.75	-0.5138888888888888	1.0	11.0	-10.0	0.0	3.0
2023-08-01	11:15	Utrecht	Feyenoord	1	1	D	1	0	H	8	10	4	4	9	4	5	2	2	1	0	0	4.0	3.8	1.83	4.0	4.0	1.8	3.75	3.85	1.85	3.98	4.24	1.85	3.9	3.75	1.83	3.9	3.9	1.8	4.1	4.25	1.86	3.92	4.01	1.81	1.57	2.35	1.62	2.4	1.62	2.45	1.57	2.37	0.5	1.98	1.83	2.07	1.85	2.08	1.86	2.02	1.81	#	3.75	1.91	3.6	3.8	1.95	3.55	3.75	1.95	3.78	3.86	1.98	3.6	3.6	1.95	3.6	3.7	1.93	3.81	3.9	2.05	3.61	3.78	1.95	1.65	2.2	1.69	2.26	1.7	2.33	1.65	2.22	0.5	1.91	1.99	1.93	1.98	1.93	2.02	1.89	1.95	eredivisie																																																									0	0	1		1	0	0	1	1	5.0	15.0	0	1	0	2023	6	12	82.0	27.0	utrecht	1.6774193548387097	52	0.5161290322580645	16	14.741935483870968	457	5.483870967741935	0.12903225806451613	0.6451612903225806	-7.93016446160826e-18	2.0	60	1.0333333333333334	31	15.3	459	6.233333333333333	0.3333333333333333	0.8333333333333334	0.14814814814814814	0.25	0.2631578947368421	0.5464480874316939	0.23593675782045195	0.2483544819162652	0.5157087602632829	0.059605982168535965	0.10000000000000009	0.0	0.04999999999999982	-0.014063242179548047	-0.03073932716841099	-0.0148034128205769	1.0526315789473684	0.4815789473684211	2.1857923497267757	0.06247459005285272	1.96	0.0514985924821989				0	Unknown	Unknown	Normal	2.79	0.09844121774256695	3.0	-0.8	4.609999999999999	0.20079735108897304	9.0	2.4	0.11719711771946972	0.17357464234671005	0.37638707877141186	0.3328411611624083	0.8139686232879366	0.038476566787908	0.08868471916229118	0.258583495085365	0.6142552189644359	0.9088192193878595	0.8571428571428571	2.4	-1.5428571428571427	0.32105378582444816	1.7746762151563742	-1.453622429331926	-4.0	9.0	0.3333333333333333	0.25	0.1111111111111111	0.0	-0.6666666666666667	-0.6388888888888888	5.0	15.0	-10.0	1.0	5.0
2023-08-01	13:30	Cambuur	Volendam	0	3	A	0	2	A	9	9	4	5	13	9	7	4	3	1	0	0	1.91	3.5	4.0	1.93	3.9	3.5	1.95	3.65	3.6	1.94	3.84	3.93	1.88	3.7	3.7	1.87	3.75	3.7	2.0	3.95	4.0	1.91	3.77	3.73	1.62	2.25	1.63	2.38	1.7	2.43	1.63	2.29	-0.5	1.92	1.98	1.94	1.96	1.96	2.01	1.91	1.92	1.91	3.6	4.0	1.88	3.75	3.8	1.9	3.7	3.7	1.91	3.87	4.04	1.88	3.5	3.9	1.87	3.75	3.7	1.95	3.87	4.1	1.9	3.76	3.86	1.65	2.2	1.68	2.27	1.7	2.34	1.66	2.22	-0.5	1.92	1.98	1.91	2.0	1.94	2.0	1.89	1.94	eredivisie																																																									0	1	0	Volendam	0	1	0	0	3	3.0	2.0	0	0	0	2023	3	2	57.0	20.0	cambuur	0.8888888888888888	8	0.2222222222222222	2	12.333333333333334	111	3.7777777777777777	-0.8888888888888888	-1.1111111111111112	0.16666666666666666	0.9583333333333334	23	0.5	12	9.166666666666666	220	3.4166666666666665	-0.875	-1.375	-0.7	0.5235602094240838	0.2857142857142857	0.25	0.4942630185348632	0.26972639011473964	0.23601059135039718	0.059274495138369465	0.030000000000000027	0.2999999999999998	-0.20000000000000018	-0.02929719088922056	-0.013989408649602825	-0.015987895599546054	0.5457142857142857	1.1428571428571428	0.4775	0.061728395061728225	1.935	0.025883838383838453				0	Unknown	Unknown	Normal	1.8	0.07278211264835092	4.0	-1.4	2.2	0.14821822768842635	5.0	-1.4	0.2806583733069503	0.2602633613291534	0.2950199892137847	0.16405827615011154	0.7370873075469764	0.17555033703425366	0.24806714904076443	0.3629846911054589	0.21339782281952302	0.4615447520035187	0.6	0.3333333333333333	0.26666666666666666	-0.35170716236045074	-0.4760536562554508	0.12434649389500008	-6.0	-7.0	0.125	0.125	0.625	0.5	-0.375	-0.25	3.0	2.0	1.0	1.0	0.0
2023-08-01	15:45	Excelsior	Groningen	1	0	H	0	0	D	14	11	3	4	11	11	4	6	2	3	0	0	2.7	3.4	2.6	2.65	3.7	2.45	2.6	3.5	2.5	2.68	3.79	2.56	2.62	3.6	2.45	2.6	3.6	2.45	2.75	3.9	2.6	2.64	3.65	2.48	1.6	2.3	1.66	2.32	1.68	2.38	1.61	2.3	0.0	1.99	1.91	2.0	1.91	2.01	1.92	1.98	1.87	2.45	3.4	2.8	2.45	3.5	2.75	2.45	3.4	2.75	2.43	3.67	2.91	2.4	3.4	2.75	2.4	3.5	2.7	2.52	3.7	2.91	2.43	3.54	2.78	1.7	2.1	1.72	2.21	1.77	2.23	1.7	2.14	0.0	1.81	2.09	1.78	2.14	1.84	2.16	1.8	2.06	eredivisie																																																									1	0	0	Excelsior	0	0	1	3	0	5.0	4.0	0	0	0	2023	6	1	27.0	27.0	excelsior	1.0	23	0.34782608695652173	8	13.478260869565217	310	4.521739130434782	-0.21739130434782608	-0.391304347826087	-0.018518518518518528	0.75	15	0.35	7	11.9	238	4.3	-0.55	-1.45	-0.14285714285714285	0.37037037037037035	0.29411764705882354	0.3846153846153846	0.3530351437699681	0.2803514376996806	0.36661341853035145	0.049103402044578415	0.08000000000000007	0.1499999999999999	-0.20000000000000018	-0.017335226600402265	-0.018001966085033128	-0.013766209359142967	0.7941176470588236	0.7647058823529412	1.0384615384615385	0.05978260869565233	1.95	0.026072772238153963				0	Unknown	Unknown	Normal	3.1	0.05143100577049688	2.0	-0.8	1.6600000000000001	0.09122908371691016	2.0	-0.6	0.05362301114182676	0.14825965636711969	0.4237872594990213	0.3743300729920323	0.9469068716297933	0.26955353889583566	0.2855095416471064	0.3159710517516545	0.12896586770540347	0.6008953828087075	0.8571428571428571	0.25	0.6071428571428571	0.32105378582444816	-0.7011266433966333	1.0221804292210814	-4.0	-3.0	0.2	0.2	0.5	0.2	-0.6000000000000001	-0.3	5.0	4.0	1.0	1.0	1.0
2023-08-04	19:00	PSV Eindhoven	Excelsior	4	0	H	1	0	H	21	5	9	2	6	9	7	1	0	4	0	0	1.08	13.0	19.0	1.09	12.0	29.0	1.08	11.0	23.0	1.1	10.64	26.86	1.08	9.5	26.0	1.08	9.0	18.0	1.1	13.0	41.0	1.08	11.06	26.84	1.25	4.0	1.26	3.93	1.28	4.3	1.25	3.85	-2.75	1.92	1.98	1.93	1.93	1.95	2.04	1.9	1.94	1.1	12.0	17.0	1.09	12.0	23.0	1.09	11.0	20.0	1.09	11.64	28.21	1.07	10.0	26.0	1.09	10.5	20.0	1.11	13.1	31.0	1.09	11.22	24.2	1.18	4.5	1.2	4.62	1.23	5.4	1.19	4.5	-2.75	1.9	2.0	1.85	2.03	1.96	2.23	1.87	1.97	eredivisie																																																									1	0	0	PSV Eindhoven	1	0	0	3	0	10.0	6.0	0	0	0	2023	4	2	23.0	25.0	psv_eindhoven	3.2962962962962963	89	1.6296296296296295	44	20.296296296296298	548	8.25925925925926	1.1851851851851851	2.4444444444444446	0.8927536231884057	1.2272727272727273	27	0.6818181818181818	15	9.545454545454545	210	4.090909090909091	-0.5454545454545454	-1.4545454545454546	-0.5625	0.9259259259259258	0.07692307692307693	0.05263157894736842	0.8772552919448786	0.07287967040772839	0.049865037647393105	0.055480581796371053	0.0	-7.0	3.5	-0.04867063398104721	-0.002766541299975313	-0.004043406515348541	0.08307692307692308	1.4615384615384615	0.056842105263157895	0.050000000000000044	2.625	0.025883838383838453				0	Unknown	Unknown	Normal	3.7299999999999995	0.09179197678412515	2.0	1.0	2.5199999999999996	0.1308284232700962	3.0	0.0	0.055870172543852056	0.12723620393547494	0.3350635376286904	0.48183008589198256	1.1327358871023365	0.09124138687949276	0.2087027423691621	0.4486905188535468	0.2513653518977984	0.46869961724964126	1.3333333333333333	0.5	0.8333333333333333	-0.12745351296548443	-0.4760536562554508	0.34860014328996636	2.0	-2.0	0.6	0.3333333333333333	0.4	0.16666666666666666	-0.2333333333333334	-0.26666666666666666	10.0	6.0	4.0	3.0	1.0
2023-08-04	17:45	Vitesse	Go Ahead Eagles	2	0	H	1	0	H	19	9	9	1	10	8	6	2	0	1	0	0	2.0	3.3	4.0	2.05	3.5	3.5	2.1	3.4	3.45	2.08	3.52	3.8	2.05	3.4	3.5	2.05	3.4	3.6	2.12	3.58	4.0	2.05	3.45	3.6	1.98	1.88	1.97	1.91	2.02	1.92	1.93	1.86	-0.5	2.07	1.83	2.08	1.84	2.13	1.84	2.05	1.8	2.15	3.3	3.5	2.15	3.4	3.4	2.15	3.3	3.35	2.18	3.46	3.58	2.1	3.25	3.5	2.1	3.4	3.5	2.2	3.52	3.81	2.13	3.38	3.44	1.95	1.9	1.99	1.9	1.99	1.94	1.92	1.86	-0.25	1.85	2.05	1.85	2.04	1.9	2.12	1.83	2.01	eredivisie																																																									1	0	0	Vitesse	1	0	0	3	0	1.0	6.0	0	0	0	2023	1	3	25.0	34.0	vitesse	0.8571428571428571	12	0.5	7	13.214285714285714	185	4.285714285714286	-0.21428571428571427	-1.1428571428571428	0.25	1.2142857142857142	34	0.5714285714285714	16	11.821428571428571	331	3.7142857142857144	-0.07142857142857142	-0.25	-0.25	0.5	0.30303030303030304	0.25	0.47482014388489213	0.2877697841726619	0.23741007194244607	0.05303030303030298	-0.04999999999999982	0.5	-0.10000000000000009	-0.025179856115107868	-0.012589928057553934	-0.015260518857641125	0.6060606060606061	1.2121212121212122	0.5	0.03696539866752646	1.93	0.029539874871307603				0	Unknown	Unknown	Normal	2.17	0.06375802415406376	0.0	-1.4	2.55	0.10302229334141597	4.0	-0.8	0.17612877150958467	0.26624395238584386	0.3594185623205381	0.19820871378403337	0.5628342407546529	0.10898620865410298	0.21405000384435166	0.4126041764695489	0.2643596110319965	0.7740578098430971	0.25	0.75	-0.5	-0.8002144611503833	-0.2509806691142683	-0.549233792036115	-3.0	-3.0	0.16666666666666666	0.14285714285714285	0.6666666666666666	0.14285714285714285	-0.6904761904761906	-0.19047619047619052	1.0	6.0	-5.0	0.0	2.0
2023-08-04	19:00	AZ Alkmaar	Sparta Rotterdam	0	1	A	0	1	A	16	11	3	3	16	5	4	4	2	2	0	0	1.5	4.5	6.0	1.44	4.5	7.0	1.5	4.3	6.25	1.52	4.53	6.56	1.44	4.2	7.0	1.45	4.33	7.0	1.52	4.6	7.2	1.48	4.39	6.5	1.75	2.05	1.8	2.09	1.85	2.11	1.77	2.04	-1.0	1.83	2.07	1.85	2.06	1.85	2.13	1.8	2.06	1.6	4.2	5.25	1.58	4.1	5.5	1.55	4.1	5.75	1.6	4.16	6.02	1.55	3.9	5.8	1.55	4.0	6.0	1.61	4.45	6.4	1.56	4.12	5.86	1.93	1.93	1.95	1.93	1.97	2.0	1.89	1.91	-1.0	2.05	1.85	2.04	1.87	2.08	1.91	1.98	1.86	eredivisie																																																									0	1	0	Sparta Rotterdam	0	1	0	0	3	6.0	8.0	0	0	0	2023	5	8	34.0	34.0	az_alkmaar	1.8666666666666667	56	0.9666666666666667	29	17.266666666666666	518	6.3	0.4666666666666667	0.9333333333333333	0.3083333333333333	1.2758620689655173	37	0.4482758620689655	13	11.379310344827585	330	4.137931034482759	-0.2413793103448276	-0.1724137931034483	-0.2	0.6666666666666666	0.2222222222222222	0.16666666666666666	0.631578947368421	0.21052631578947367	0.15789473684210525	0.05555555555555558	0.06000000000000005	-1.0	0.2999999999999998	-0.03508771929824561	-0.008771929824561403	-0.011695906432748537	0.3333333333333333	1.3333333333333333	0.25	0.059233449477351874	1.9	0.029539874871307603				0	Unknown	Unknown	Normal	3.54	0.11303116944658047	6.0	0.6	2.6	0.09851759082852406	4.0	0.6	0.039809480888985706	0.11587507725224293	0.37889127284437485	0.4654241690143965	1.420885483086329	0.0960105282301966	0.20293646627447867	0.4285480366333368	0.27250496886198794	0.7308878596718417	1.0	1.3333333333333333	-0.33333333333333326	0.09680013642948185	0.8743842665916443	-0.7775841301621624	3.0	3.0	0.2857142857142857	0.5555555555555556	0.0	0.4444444444444444	-0.2698412698412699	-0.4444444444444444	6.0	8.0	-2.0	1.0	2.0
2023-08-04	20:00	Heerenveen	Volendam	2	1	H	2	1	H	15	9	9	5	8	13	4	2	1	0	0	0	1.55	4.5	5.5	1.58	4.4	5.25	1.6	4.3	5.0	1.6	4.49	5.47	1.53	4.2	5.5	1.55	4.2	5.75	1.6	4.55	5.75	1.57	4.36	5.31	1.57	2.35	1.61	2.41	1.62	2.45	1.57	2.36	-1.0	1.96	1.94	1.98	1.93	2.0	1.97	1.93	1.91	1.53	4.5	5.75	1.53	4.4	5.75	1.53	4.3	5.75	1.56	4.42	6.08	1.5	4.2	6.0	1.5	4.33	6.0	1.57	4.6	6.4	1.53	4.36	5.86	1.67	2.15	1.72	2.22	1.73	2.31	1.67	2.19	-1.0	1.91	1.99	1.92	1.99	1.95	2.0	1.88	1.96	eredivisie																																																									1	0	0	Heerenveen	1	0	0	3	0	6.0	4.0	0	0	0	2023	4	5	25.0	3.0	heerenveen	1.7692307692307692	46	1.0384615384615385	27	15.384615384615385	400	5.5	0.19230769230769232	0.34615384615384615	0.03571428571428571	0.9583333333333334	23	0.5	12	9.166666666666666	220	3.4166666666666665	-0.875	-1.375	-0.7	0.6451612903225806	0.2222222222222222	0.18181818181818182	0.6149068322981366	0.21180124223602484	0.17329192546583852	0.049201694362984716	0.020000000000000018	0.0	0.2999999999999998	-0.030254458024444042	-0.008526256352343303	-0.01042097998619737	0.34444444444444444	1.2222222222222223	0.2818181818181818	0.06247459005285272	1.96	0.025667999158426325				0	Unknown	Unknown	Normal	2.68	0.050784823094654416	4.0	0.4	2.43	0.2141522936224923	7.0	-0.8	0.12898707324491268	0.21443495830773202	0.3581138977266064	0.29846407072074893	1.0483395879710793	0.14505454761665362	0.2185732439182632	0.3811194957887071	0.2552527126763761	0.6174224927293093	1.3333333333333333	0.7142857142857143	0.619047619047619	-0.12745351296548443	0.19916530516809672	-0.3266188181335812	3.0	-4.0	0.6	0.2222222222222222	0.6	0.4444444444444444	0.0444444444444444	-0.1777777777777778	6.0	4.0	2.0	1.0	1.0
2023-08-10	13:30	For Sittard	Twente	0	3	A	0	1	A	3	15	1	6	13	16	3	7	2	2	1	0	3.6	4.0	1.91	3.8	3.8	1.87	3.5	3.85	1.95	3.95	3.83	1.94	3.7	3.8	1.85	3.7	3.6	1.85	3.95	4.0	1.97	3.72	3.83	1.91	1.7	2.1	1.75	2.17	1.75	2.2	1.7	2.13	0.5	1.98	1.92	1.96	1.94	1.99	1.95	1.93	1.9	4.33	4.2	1.73	4.4	3.8	1.75	4.2	3.95	1.73	4.8	4.04	1.74	4.33	3.8	1.73	4.6	3.9	1.7	4.8	4.27	1.92	4.39	3.96	1.75	1.73	2.08	1.76	2.15	1.8	2.2	1.73	2.1	0.75	1.96	1.94	1.96	1.94	1.98	2.1	1.88	1.93	eredivisie																																																									0	1	0	Twente	0	1	0	0	3	8.0	11.0	0	0	0	2023	11	12	36.0	36.0	for_sittard	1.4285714285714286	50	0.6857142857142857	24	13.8	483	4.457142857142857	0.4	0.02857142857142857	0.574074074074074	1.6774193548387097	52	0.8387096774193549	26	13.387096774193548	415	4.354838709677419	0.25806451612903225	0.4838709677419355	0.15789473684210525	0.2777777777777778	0.25	0.5235602094240838	0.2642135841748513	0.23779222575736617	0.49799419006778256	0.05133798720186156	-0.10000000000000009	0.05999999999999983	0.20000000000000018	-0.013564193602926489	-0.025566019356301206	-0.012207774242633834	0.9	0.4775	1.8848167539267018	0.06442577030812324	1.9	0.025883838383838453				0	Unknown	Unknown	Normal	3.0999999999999996	0.09607312750676243	2.0	0.4	2.25	0.15790646087861007	5.0	1.4	0.08493088237995197	0.17612676492291646	0.3746272973054805	0.3643150553916511	0.9725639159773035	0.1434329256958841	0.23900451516020618	0.40411212504543953	0.21345043409847025	0.7761677739651447	1.5714285714285714	1.7142857142857142	-0.1428571428571428	1.4423220327992796	1.7746762151563742	-0.3323541823570946	4.0	7.0	0.4	0.4	0.4	0.2	-0.4	-0.19999999999999996	8.0	11.0	-3.0	2.0	3.0
2023-08-10	13:30	Ajax	AZ Alkmaar	1	2	A	0	1	A	6	12	1	4	7	12	6	4	2	1	0	0	2.25	3.8	2.9	2.25	3.75	2.9	2.25	3.7	2.8	2.26	3.98	2.98	2.2	3.9	2.75	2.15	3.6	2.88	2.28	4.0	3.0	2.23	3.8	2.9	1.53	2.4	1.56	2.55	1.62	2.55	1.54	2.43	-0.25	1.98	1.92	1.99	1.92	2.0	1.92	1.94	1.87	2.6	3.6	2.55	2.55	3.5	2.6	2.5	3.55	2.55	2.7	3.74	2.56	2.5	3.6	2.6	2.55	3.6	2.55	2.7	3.86	2.82	2.55	3.64	2.6	1.67	2.15	1.69	2.26	1.71	2.5	1.67	2.19	0.0	1.99	1.91	2.01	1.9	2.01	1.99	1.9	1.93	eredivisie																																																									0	1	0	AZ Alkmaar	0	1	0	0	3	13.0	7.0	0	0	1	2023	10	10	66.0	66.0	ajax	2.0606060606060606	68	1.0606060606060606	35	17.636363636363637	582	5.909090909090909	0.696969696969697	1.0606060606060606	0.3492063492063492	1.3103448275862069	38	0.7931034482758621	23	12.862068965517242	373	5.206896551724138	0.3793103448275862	0.10344827586206896	0.4230769230769231	0.4444444444444444	0.2631578947368421	0.3448275862068966	0.42230312320367885	0.2500479018969151	0.3276489748994061	0.05242992538818303	0.04999999999999982	0.1499999999999999	-0.10000000000000009	-0.022141321240765566	-0.017178611307490488	-0.013109992839926976	0.5921052631578948	0.7631578947368421	0.7758620689655172	0.0702614379084967	1.9649999999999999	0.025883838383838453				0	Unknown	Unknown	Normal	4.47	0.13024907316690895	5.0	2.2	3.31	0.06808016284365041	2.0	0.4	0.019785743287833817	0.06914486992739949	0.29248584303822306	0.6185835437465437	1.116710369586658	0.05655218776593658	0.14699401519184427	0.39097777477933554	0.4054760222628836	1.095401695253241	2.0	1.4285714285714286	0.5714285714285714	1.2180683834043133	1.3245302408740092	-0.10646185746969583	6.0	3.0	0.5555555555555556	0.5	0.1111111111111111	0.1	-0.34444444444444444	-0.38888888888888884	13.0	7.0	6.0	4.0	1.0
2023-08-10	15:45	Sparta Rotterdam	PSV Eindhoven	0	4	A	0	0	D	8	30	3	11	12	14	1	8	3	1	0	0	9.0	4.75	1.36	7.75	5.25	1.35	7.5	5.25	1.35	8.72	5.45	1.36	7.5	5.5	1.33	8.0	5.0	1.3	9.0	5.6	1.37	8.12	5.27	1.35	1.48	2.6	1.53	2.61	1.53	2.75	1.49	2.61	1.5	1.9	2.0	1.93	1.98	1.96	2.0	1.88	1.94	7.5	5.5	1.36	7.5	5.25	1.36	7.0	5.25	1.37	8.1	5.68	1.37	8.5	5.5	1.3	8.0	5.25	1.33	8.5	5.68	1.41	7.62	5.33	1.36	1.4	2.88	1.43	2.96	1.53	3.0	1.42	2.81	1.5	1.92	1.98	1.91	1.98	1.96	2.06	1.86	1.97	eredivisie																																																									0	1	0	PSV Eindhoven	0	0	1	0	3	2.0	13.0	0	1	1	2023	1	19	66.0	66.0	sparta_rotterdam	1.3571428571428572	38	0.5	14	14.857142857142858	416	5.107142857142857	0.10714285714285714	0.0	0.2156862745098039	2.5806451612903225	80	1.0	31	17.806451612903224	552	6.870967741935484	0.5161290322580645	1.5161290322580645	0.32666666666666666	0.1111111111111111	0.21052631578947367	0.7352941176470588	0.10512611879576893	0.19918633034987795	0.6956875508543532	0.05693154454764349	1.5	0.030000000000000027	-0.75	-0.0059849923153421775	-0.03960656679270558	-0.011339985439595718	1.894736842105263	0.28631578947368425	6.617647058823529	0.06029106029106024	2.04	0.02631578947368407				0	Unknown	Unknown	Normal	2.57	0.06773082040182984	2.0	-0.8	4.29	0.138034119974823	4.0	1.8	0.17931117068382507	0.19211570016219476	0.33162531460044353	0.2969478145535366	0.5810979142980119	0.03665908354112815	0.09820412862621208	0.30715670555710306	0.5579800822755567	0.9200756362648272	0.2	2.375	-2.175	-0.8002144611503833	3.350187125144652	-4.150401586295035	-4.0	15.0	0.14285714285714285	0.5	0.14285714285714285	0.0	-0.8571428571428572	-0.3571428571428572	2.0	13.0	-11.0	0.0	4.0
2023-08-10	11:15	Zwolle	Feyenoord	0	2	A	0	1	A	4	13	1	5	11	6	3	4	1	0	0	0	10.0	5.75	1.29	9.0	6.0	1.29	8.25	6.0	1.3	9.24	6.0	1.31	9.0	6.0	1.29	8.5	5.75	1.25	10.0	6.2	1.32	9.03	5.9	1.29	1.36	3.1	1.37	3.17	1.38	3.33	1.34	3.19	1.75	1.88	2.02	1.91	1.98	1.91	2.02	1.86	1.94	10.0	6.0	1.29	9.25	6.0	1.28	9.0	5.75	1.3	10.94	6.39	1.27	10.0	6.5	1.22	10.5	6.0	1.25	11.0	6.5	1.34	9.91	6.14	1.27	1.36	3.1	1.36	3.23	1.39	3.46	1.35	3.16	1.75	1.95	1.95	1.96	1.93	2.04	1.96	1.92	1.9	eredivisie																																																									0	1	0	Feyenoord	0	1	0	0	3	3.0	13.0	0	0	0	2023	3	13	91.0	9.0	zwolle	1.2105263157894737	23	0.5263157894736842	10	13.263157894736842	252	4.526315789473684	0.05263157894736842	-0.05263157894736842	0.2166666666666667	2.0	60	1.0333333333333334	31	15.3	459	6.233333333333333	0.3333333333333333	0.8333333333333334	0.14814814814814814	0.1	0.17391304347826086	0.7751937984496123	0.09531917627782954	0.1657724804831818	0.7389083432389886	0.04910684192787329	1.0	0.0	-0.25	-0.004680823722170463	-0.03628545521062376	-0.008140562995079065	1.7391304347826086	0.22434782608695653	7.751937984496124	0.057874762808349134	2.23	0.026964398567516312				0	Unknown	Unknown	Normal	3.5999999999999996	0.13245033112582782	2.0	2.0	4.21	0.1584875300447568	5.0	1.8	0.02732372244729257	0.09836540081025322	0.38952698720860285	0.48478388953385143	1.5328539287151102	0.054164689465176816	0.12142527762650894	0.29400984159338794	0.5304001913149262	0.9306457866064223	1.5	2.1666666666666665	-0.6666666666666665	-0.35170716236045074	1.999749202297557	-2.3514563646580076	2.0	9.0	1.0	0.2222222222222222	0.0	0.0	0.0	-0.7777777777777778	3.0	13.0	-10.0	1.0	4.0
2023-08-12	19:00	Twente	Excelsior	4	2	H	1	2	A	31	5	9	4	5	7	10	2	2	4	0	1	1.22	6.5	12.0	1.24	6.25	11.5	1.25	6.0	10.0	1.26	6.73	10.6	1.18	6.5	11.0	1.22	6.5	12.0	1.29	7.1	13.0	1.24	6.34	11.11	1.48	2.6	1.52	2.59	1.54	2.81	1.47	2.6	-1.75	1.93	1.97	1.93	1.95	1.96	1.99	1.87	1.94	1.25	6.5	10.0	1.26	6.25	10.5	1.25	6.0	10.0	1.25	6.91	10.94	1.2	6.0	11.0	1.22	6.5	11.5	1.29	7.1	15.0	1.24	6.38	11.12	1.44	2.7	1.49	2.68	1.52	2.75	1.47	2.62	-1.75	1.92	1.98	1.9	1.99	1.96	2.05	1.87	1.95	eredivisie																																																									1	0	0	Twente	0	1	0	3	0	11.0	3.0	0	0	1	2023	4	2	72.0	8.0	twente	2.740740740740741	74	1.2592592592592593	34	21.962962962962962	593	7.7407407407407405	0.8888888888888888	1.8888888888888888	0.5333333333333333	1.2272727272727273	27	0.6818181818181818	15	9.545454545454545	210	4.090909090909091	-0.5454545454545454	-1.4545454545454546	-0.5625	0.819672131147541	0.15384615384615385	0.08333333333333333	0.7755791985681615	0.14557024957740877	0.07885055185442974	0.05685161832702823	0.040000000000000036	1.0	0.0	-0.04409293257937952	-0.004482781478903589	-0.008275904268745082	0.18769230769230769	1.8461538461538463	0.10166666666666667	0.06029106029106024	2.04	0.02574892822387631				0	Unknown	Unknown	Normal	3.7699999999999996	0.11567836136842442	6.0	1.2	2.34	0.07449039510108213	2.0	-1.2	0.026655972438888842	0.09336718028240261	0.36703162012918705	0.5129452271495215	1.1996309822287663	0.1269889436113368	0.2295576533618382	0.4176056877137862	0.22584771531303885	0.452761223648953	1.3333333333333333	0.4	0.9333333333333332	-0.12745351296548443	-0.4760536562554508	0.34860014328996636	2.0	-6.0	0.4	0.2857142857142857	0.0	0.2857142857142857	-0.3142857142857143	-0.7142857142857143	11.0	3.0	8.0	3.0	0.0
2023-09-04	13:30	FC Emmen	Nijmegen	0	0	D	0	0	D	14	22	4	3	18	15	2	5	1	1	0	0	2.9	3.3	2.45	2.87	3.4	2.37	2.8	3.3	2.45	2.91	3.57	2.48	2.88	3.3	2.38	2.75	3.3	2.38	2.91	3.6	2.48	2.84	3.42	2.41	1.93	1.93	1.93	1.95	1.97	1.96	1.9	1.89	0.0	2.05	1.75	2.12	1.81	2.14	1.82	2.07	1.77	2.8	3.25	2.55	2.75	3.25	2.55	2.75	3.2	2.5	2.84	3.45	2.6	2.75	3.2	2.55	2.8	3.3	2.5	3.0	3.47	2.65	2.8	3.3	2.55	2.05	1.75	2.07	1.81	2.11	1.86	2.04	1.78	0.0	2.03	1.87	2.04	1.87	2.12	1.9	2.02	1.83	eredivisie																																																									0	0	1		0	0	1	1	1	3.0	5.0	0	0	0	2023	1	5	61.0	56.0	fc_emmen	0.875	7	0.25	2	11.0	88	3.375	-0.75	-0.625	-0.6666666666666666	1.3	39	0.36666666666666664	11	12.333333333333334	370	4.666666666666667	-0.16666666666666666	0.13333333333333333	-0.04761904761904761	0.3448275862068966	0.30303030303030304	0.4081632653061224	0.32653473344103395	0.28695476575121165	0.3865105008077544	0.056021154543322016	0.020000000000000018	0.07000000000000028	0.0	-0.01829285276586262	-0.021652764498368005	-0.01607553727909139	0.8787878787878788	0.7424242424242425	1.183673469387755	0.0362694300518136	1.93	0.059233449477351874				0	Unknown	Unknown	Normal	2.29	0.10530886982955164	5.0	-1.2	1.67	0.13480617316029717	3.0	-0.2	0.11672144557196515	0.23655945506002768	0.4394899096980325	0.20722918966997472	0.8957245348527572	0.2612595881897062	0.2932209032950654	0.3173443042855988	0.1281752042296296	0.4323062216885156	0.3333333333333333	0.8333333333333334	-0.5	-0.8002144611503833	0.19916530516809672	-0.99937976631848	-3.0	-1.0	0.2	0.25	0.6	0.375	-0.425	-0.15000000000000002	3.0	5.0	-2.0	0.0	1.0
2023-09-04	11:15	Twente	Cambuur	4	0	H	3	0	H	30	8	10	3	15	10	7	2	1	2	0	0	1.29	5.5	12.0	1.27	6.0	10.5	1.27	5.75	10.0	1.27	5.95	11.83	1.27	5.25	11.0	1.25	5.25	10.0	1.29	6.2	12.0	1.27	5.73	10.81	1.57	2.35	1.6	2.41	1.64	2.47	1.59	2.35	-1.5	1.83	2.07	1.83	2.05	1.87	2.12	1.81	2.03	1.2	7.0	15.0	1.2	7.0	13.5	1.22	6.25	12.0	1.21	6.92	15.43	1.18	6.0	17.0	1.18	6.5	17.0	1.25	7.2	17.0	1.2	6.69	14.29	1.44	2.7	1.49	2.68	1.57	2.79	1.48	2.62	-2.0	1.97	1.93	2.04	1.86	2.22	1.96	2.0	1.84	eredivisie																																																									1	0	0	Twente	1	0	0	3	0	11.0	1.0	0	0	0	2023	7	0	23.0	328.0	twente	2.740740740740741	74	1.2592592592592593	34	21.962962962962962	593	7.7407407407407405	0.8888888888888888	1.8888888888888888	0.5333333333333333	0.3333333333333333	2	0.16666666666666666	1	8.666666666666666	52	3.6666666666666665	-1.0	-2.0	0.0	0.7751937984496123	0.18181818181818182	0.08333333333333333	0.7451312447078747	0.1747671464860288	0.08010160880609654	0.040345313601127364	0.020000000000000018	1.0	0.25	-0.030062553741737608	-0.0032317245272367873	-0.007051035332153011	0.23454545454545456	2.1818181818181817	0.1075	0.06247459005285272	1.96	0.029539874871307603				0	Unknown	Unknown	Normal	4.24	0.10825266276651649	9.0	1.0	1.8	0.0	0.0	-1.6666666666666667	0.022993680976973508	0.07999155702495983	0.3194702537663846	0.5775445082316821	0.9996103300169736	0.16949278184339003	0.2967490866003309	0.4223443086866013	0.11141382286967771	0.30235973996950843	1.75	0.0	1.75	0.5453074352194144	-0.9261996305378158	1.4715070657572302	4.0	0.0	0.3333333333333333	0.3333333333333333	0.0	1.0	0.3333333333333333	-0.6666666666666667	11.0	1.0	10.0	3.0	0.0
2023-09-04	15:45	Ajax	For Sittard	4	0	H	2	0	H	31	9	8	1	10	4	17	4	0	1	0	0	1.13	10.0	15.0	1.13	9.75	18.0	1.12	9.5	17.0	1.13	11.21	16.35	1.12	8.0	17.0	1.09	8.5	17.0	1.14	11.21	23.0	1.12	9.4	17.4	1.29	3.6	1.3	3.61	1.33	3.65	1.3	3.44	-2.5	2.04	1.86	2.05	1.84	2.06	1.9	2.0	1.83	1.17	9.0	11.0	1.16	9.0	14.0	1.15	9.5	12.0	1.15	9.86	15.51	1.12	8.5	17.0	1.12	9.0	17.0	1.17	11.0	19.0	1.14	9.13	15.45	1.25	4.0	1.27	3.78	1.29	4.0	1.26	3.8	-2.25	1.92	1.98	1.91	1.98	1.93	2.06	1.85	1.99	eredivisie																																																									1	0	0	Ajax	1	0	0	3	0	10.0	7.0	0	0	1	2023	10	3	25.0	116.0	ajax	2.0606060606060606	68	1.0606060606060606	35	17.636363636363637	582	5.909090909090909	0.696969696969697	1.0606060606060606	0.3492063492063492	1.0526315789473684	20	0.3684210526315789	7	8.842105263157896	168	3.263157894736842	-0.5263157894736842	-1.0	-0.35	0.8849557522123894	0.1	0.06666666666666667	0.8415147265077139	0.09509116409537166	0.06339410939691444	0.051622418879056164	0.009999999999999787	-2.0	2.0	-0.04344102570467556	-0.00327255726975223	-0.004908835904628345	0.11299999999999999	1.5	0.07533333333333332	0.05297157622739013	2.4450000000000003	0.027830487033523088				0	Unknown	Unknown	Normal	3.7699999999999996	0.1132847146317161	5.0	1.0	1.8699999999999999	0.11803011803011802	2.0	-0.8	0.09479823458465496	0.13223173978010277	0.28101119233404004	0.49195883330120227	0.9266716357584656	0.17569169345277486	0.284141789139208	0.4066314826864275	0.13353503472158973	0.6882621938284195	1.6666666666666667	0.75	0.9166666666666667	1.2180683834043133	-0.2509806691142683	1.4690490525185815	5.0	-5.0	0.5	0.0	0.1	0.4	-0.09999999999999998	-0.9	10.0	7.0	3.0	3.0	2.0
2023-09-04	19:00	Feyenoord	Waalwijk	5	1	H	3	0	H	22	6	10	2	7	9	7	4	1	1	0	0	1.18	7.5	13.0	1.18	8.25	13.5	1.17	8.0	12.0	1.17	8.69	14.84	1.17	7.0	15.0	1.14	7.5	13.0	1.19	8.7	17.0	1.17	7.89	14.08	1.3	3.5	1.33	3.46	1.34	3.65	1.31	3.36	-2.25	2.05	1.85	2.01	1.88	2.08	2.04	2.0	1.84	1.17	8.0	13.0	1.17	8.5	14.5	1.2	7.5	11.0	1.16	8.84	16.33	1.14	7.5	17.0	1.13	8.5	17.0	1.2	9.5	19.0	1.15	8.33	15.63	1.29	3.6	1.29	3.75	1.36	3.75	1.31	3.39	-2.25	1.93	1.97	1.91	1.98	1.98	2.0	1.92	1.91	eredivisie																																																									1	0	0	Feyenoord	1	0	0	3	0	10.0	4.0	0	0	0	2023	7	1	54.0	56.0	feyenoord	2.5185185185185186	68	1.1851851851851851	32	20.703703703703702	559	7.148148148148148	0.9629629629629629	1.7037037037037037	0.5873015873015873	1.3157894736842106	25	0.2631578947368421	5	12.210526315789474	232	4.7894736842105265	-0.8421052631578947	-1.0	-1.1736111111111112	0.8474576271186441	0.13333333333333333	0.07692307692307693	0.8012162051113485	0.12605801627085214	0.07272577861779932	0.05771403737505443	0.010000000000000009	-2.0	0.5	-0.04624142200729564	-0.004197298305277611	-0.00727531706248119	0.15733333333333333	1.7333333333333334	0.09076923076923077	0.05494505494505475	2.4	0.028345418589321048				0	Unknown	Unknown	Normal	4.95	0.08014599800844234	6.0	1.0	2.875	0.05725190839694656	0.0	-0.25	0.02139530216091547	0.06282630978008878	0.23630997939600856	0.6794684086629872	0.8474811070084194	0.06980232014339247	0.17208574410935876	0.43052181723969163	0.32759011850755715	0.5959794377998107	1.4	0.3333333333333333	1.0666666666666667	0.5453074352194144	-0.7011266433966333	1.2464340786160477	2.0	-1.0	0.5714285714285714	0.25	0.0	0.75	0.3214285714285714	-0.75	10.0	4.0	6.0	3.0	1.0
2023-09-12	20:00	AZ Alkmaar	Almere City	4	1	H	1	0	H	13	13	7	6	9	17	6	5	2	5	0	0	1.18	7.0	15.0	1.21	7.0	13.5	1.2	7.0	13.0	1.19	7.88	14.68	1.14	6.5	15.0	1.17	7.0	17.0	1.25	8.2	17.0	1.19	7.06	14.44	1.48	2.6	1.49	2.69	1.52	2.72	1.47	2.61	-2.0	1.98	1.92	1.95	1.93	2.0	1.94	1.92	1.88	1.22	6.5	12.0	1.24	6.25	12.5	1.22	6.5	11.0	1.23	6.66	13.31	1.18	6.0	12.0	1.22	6.0	13.0	1.25	7.0	14.0	1.22	6.41	12.46	1.57	2.35	1.58	2.47	1.61	2.5	1.56	2.42	-1.75	1.92	1.98	1.93	1.96	1.98	2.0	1.88	1.94	eredivisie																																																									1	0	0	AZ Alkmaar	1	0	0	3	0	5.0	3.0	0	0	0	2023	5	3	39.0	124.0	az_alkmaar	1.8666666666666667	56	0.9666666666666667	29	17.266666666666666	518	6.3	0.4666666666666667	0.9333333333333333	0.3083333333333333	0.5833333333333334	7	0.4166666666666667	5	10.333333333333334	124	2.8333333333333335	-0.6666666666666666	-1.25	0.0	0.8474576271186441	0.14285714285714285	0.06666666666666667	0.8017715332926084	0.13515577275503968	0.06307269395235185	0.0569814366424537	0.040000000000000036	0.0	0.5	-0.04568609382603572	-0.0035939727143148165	-0.007701370102103172	0.16857142857142857	2.142857142857143	0.07866666666666666	0.06029106029106024	2.04	0.025883838383838453				0	Unknown	Unknown	Normal	3.6199999999999997	0.09650224382674576	2.0	0.4	2.25	0.0900900900900901	2.0	-1.0	0.03285987858869875	0.10589056912143166	0.3789553810674415	0.4822941712224281	1.3831109165986615	0.10871014093025574	0.2379415315164862	0.4606981243690646	0.19265020318419346	0.39180554576996784	0.8333333333333334	1.0	-0.16666666666666663	0.09680013642948185	-0.2509806691142683	0.3477808055437501	2.0	-2.0	0.25	0.0	0.125	0.5	-0.25	-0.875	5.0	3.0	2.0	1.0	1.0
2023-09-12	19:00	Zwolle	Nijmegen	1	3	A	0	1	A	16	17	3	9	12	3	1	6	1	0	0	0	2.38	3.5	2.9	2.37	3.5	2.8	2.35	3.45	2.85	2.34	3.69	3.04	2.2	3.6	2.75	2.3	3.4	3.0	2.42	3.75	3.05	2.32	3.54	2.91	1.8	2.0	1.79	2.11	1.82	2.13	1.76	2.04	-0.25	2.04	1.86	2.03	1.88	2.11	1.89	2.0	1.82	2.15	3.6	3.2	2.1	3.7	3.2	2.2	3.6	3.05	2.14	3.76	3.4	2.05	3.6	3.0	2.1	3.6	3.3	2.25	3.76	3.41	2.13	3.64	3.24	1.67	2.15	1.69	2.26	1.77	2.33	1.67	2.2	-0.25	1.85	2.05	1.86	2.05	1.88	2.11	1.84	1.99	eredivisie																																																									0	1	0	Nijmegen	0	1	0	0	3	3.0	5.0	0	0	0	2023	3	6	33.0	8.0	zwolle	1.2105263157894737	23	0.5263157894736842	10	13.263157894736842	252	4.526315789473684	0.05263157894736842	-0.05263157894736842	0.2166666666666667	1.3	39	0.36666666666666664	11	12.333333333333334	370	4.666666666666667	-0.16666666666666666	0.13333333333333333	-0.04761904761904761	0.42016806722689076	0.2857142857142857	0.3448275862068966	0.39988968560397137	0.2719249862107005	0.3281853281853282	0.05070993914807298	0.17999999999999972	0.1499999999999999	-0.10000000000000009	-0.020278381622919395	-0.01664225802156838	-0.013789299503585206	0.6799999999999999	0.8285714285714285	0.8206896551724138	0.05555555555555558	1.9	0.027830487033523088				0	Unknown	Unknown	Normal	2.175	0.06622516556291391	2.0	0.0	1.64	0.11953899758777808	3.0	-0.2	0.24984513759415364	0.22632015768300717	0.27779667670330793	0.24603802801953134	0.9119428726029867	0.26233977576398537	0.295730314812663	0.32036482292380747	0.1215650864995442	0.49341973186200694	1.0	0.8571428571428571	0.1428571428571429	-0.35170716236045074	0.42423829230927923	-0.77594545466973	0.0	-1.0	0.5	0.3333333333333333	0.5	0.4444444444444444	-0.05555555555555558	-0.16666666666666669	3.0	5.0	-2.0	1.0	1.0
2023-09-12	17:45	Ajax	Sparta Rotterdam	2	1	H	2	0	H	23	10	6	2	6	7	7	7	0	1	0	0	1.4	4.75	7.5	1.4	5.25	7.0	1.4	5.0	7.0	1.4	5.68	7.01	1.33	5.0	7.0	1.36	5.0	7.5	1.45	5.8	8.0	1.39	5.18	7.03	1.44	2.7	1.45	2.87	1.47	2.9	1.43	2.74	-1.5	2.03	1.78	2.07	1.85	2.08	1.86	2.02	1.81	1.4	5.25	6.5	1.4	5.25	6.75	1.37	5.25	7.0	1.4	5.58	7.15	1.33	5.0	7.0	1.36	5.25	7.5	1.45	5.9	8.5	1.37	5.39	7.31	1.44	2.7	1.46	2.85	1.48	2.93	1.43	2.79	-1.5	2.03	1.78	2.09	1.81	2.11	1.93	1.98	1.85	eredivisie																																																									1	0	0	Ajax	1	0	0	3	0	10.0	11.0	0	0	0	2023	13	11	8.0	39.0	ajax	2.0606060606060606	68	1.0606060606060606	35	17.636363636363637	582	5.909090909090909	0.696969696969697	1.0606060606060606	0.3492063492063492	1.2758620689655173	37	0.4482758620689655	13	11.379310344827585	330	4.137931034482759	-0.2413793103448276	-0.1724137931034483	-0.2	0.7142857142857143	0.21052631578947367	0.13333333333333333	0.6750355281856939	0.19895783988630977	0.1260066319279962	0.05814536340852139	0.06999999999999984	0.5	-0.25	-0.0392501861000204	-0.007326701405337144	-0.0115684759031639	0.29473684210526313	1.5789473684210527	0.18666666666666665	0.06481481481481488	2.0700000000000003	0.054408590247412514				0	Unknown	Unknown	Normal	3.65	0.12571915075567588	5.0	1.4	2.5	0.0945575868685201	5.0	1.0	0.09504543570981312	0.13350981371537857	0.2891865841265879	0.4822581664482204	0.9754055666658165	0.10517711717281006	0.2155795111950547	0.42754037954786506	0.25170299208427016	0.8105433412023191	1.8571428571428572	1.5714285714285714	0.2857142857142858	1.8908293315892124	1.5496032280151917	0.3412261035740207	9.0	4.0	0.6	0.6	0.1	0.4	0.0	-0.30000000000000004	10.0	11.0	-1.0	3.0	3.0
2023-10-02	19:00	AZ Alkmaar	Excelsior	5	0	H	5	0	H	21	3	11	1	9	9	10	0	0	1	0	0	1.29	6.5	8.0	1.27	6.0	10.0	1.27	6.0	9.0	1.28	6.19	10.66	1.25	5.5	11.0	1.25	5.5	9.0	1.29	6.5	11.0	1.26	6.07	10.14	1.4	2.88	1.45	2.84	1.47	2.92	1.43	2.8	-1.75	1.97	1.93	1.95	1.93	2.0	1.98	1.94	1.9	1.29	6.5	8.5	1.28	5.75	10.5	1.27	6.0	9.5	1.28	6.05	10.79	1.24	5.8	11.0	1.22	5.75	9.5	1.29	6.83	12.5	1.26	6.1	10.59	1.44	2.7	1.47	2.75	1.48	3.1	1.44	2.75	-1.75	2.03	1.87	2.0	1.89	2.06	2.1	1.94	1.91	eredivisie																																																									1	0	0	AZ Alkmaar	1	0	0	3	0	7.0	2.0	0	0	1	2023	8	2	20.0	51.0	az_alkmaar	1.8666666666666667	56	0.9666666666666667	29	17.266666666666666	518	6.3	0.4666666666666667	0.9333333333333333	0.3083333333333333	1.2272727272727273	27	0.6818181818181818	15	9.545454545454545	210	4.090909090909091	-0.5454545454545454	-1.4545454545454546	-0.5625	0.7751937984496123	0.15384615384615385	0.125	0.7354501096103528	0.14595856021497775	0.11859133017466941	0.05403995229576619	0.040000000000000036	-3.0	1.0	-0.039743688839259494	-0.006408669825330587	-0.00788759363117611	0.19846153846153847	1.2307692307692308	0.16125	0.06150793650793651	2.1399999999999997	0.02574892822387631				0	Unknown	Unknown	Normal	3.4599999999999995	0.14809227313104012	5.0	1.0	2.26	0.13094374567207975	2.0	-1.6	0.035449986883130044	0.11391272252413258	0.39831049904453175	0.4523267915482057	1.2928833522219638	0.1368508987113031	0.2402746605539498	0.4120977578462176	0.21077668288852952	0.3500348006261397	1.1428571428571428	0.3333333333333333	0.8095238095238095	0.7695610846143807	-0.4760536562554508	1.2456147408698315	5.0	-8.0	0.2222222222222222	0.25	0.1111111111111111	0.25	-0.5277777777777778	-0.6388888888888888	7.0	2.0	5.0	2.0	0.0
2023-10-11	19:00	For Sittard	Heracles	4	1	H	4	0	H	15	7	8	3	10	10	9	7	0	4	0	0	1.73	3.8	4.75	1.75	3.9	4.4	1.73	3.8	4.3	1.76	4.06	4.61	1.67	3.9	4.2	1.73	3.9	4.5	1.8	4.1	4.75	1.75	3.92	4.43	1.7	2.1	1.73	2.19	1.8	2.25	1.68	2.16	-0.75	1.97	1.93	1.98	1.93	1.99	1.94	1.94	1.87	1.67	4.0	5.0	1.7	3.9	4.75	1.7	3.85	4.7	1.69	4.05	5.24	1.65	3.8	4.4	1.7	3.8	4.8	1.77	4.1	5.24	1.7	3.91	4.81	1.75	2.05	1.81	2.08	1.85	2.22	1.74	2.07	-0.75	1.89	2.01	1.88	2.04	1.94	2.04	1.89	1.93	eredivisie																																																									1	0	0	For Sittard	1	0	0	3	0	5.0	0.0	0	0	0	2023	11	0	62.0	93.0	for_sittard	1.4285714285714286	50	0.6857142857142857	24	13.8	483	4.457142857142857	0.4	0.02857142857142857	0.574074074074074	0.6	15	0.32	8	8.88	222	2.64	-0.52	-1.72	-0.6	0.5780346820809249	0.2631578947368421	0.21052631578947367	0.5496094879953717	0.25021695111368236	0.20017356089094587	0.05171889260724072	0.06000000000000005	0.5499999999999998	-0.10000000000000009	-0.028425194085553218	-0.0103527548985278	-0.012940943623159729	0.45526315789473687	1.25	0.3642105263157895	0.06442577030812324	1.9	0.02574892822387631				0	Unknown	Unknown	Normal	2.1599999999999997	0.056338028169014086	2.0	-0.6	4.5	0.0	0.0	-4.0	0.18839040753227287	0.23891219433247826	0.36363602545378426	0.2090613726814646	0.8522206845481468	0.011108996538242306	0.049990484422090385	0.28119647487425836	0.657704044165409	0.10862029834956524	1.375	0.0	1.375	1.4423220327992796	-0.9261996305378158	2.3685216633370954	1.0	-4.0	0.4	0.0	0.5	1.0	0.4	-0.5	5.0	0.0	5.0	1.0	0.0
2023-10-12	15:45	Vitesse	Heracles	2	0	H	1	0	H	12	12	2	3	12	7	3	5	2	1	0	0	1.95	3.6	3.8	1.98	3.75	3.4	2.0	3.55	3.5	2.04	3.78	3.65	1.91	3.7	3.3	1.93	3.6	3.4	2.04	3.85	3.8	1.98	3.68	3.57	1.67	2.15	1.69	2.27	1.71	2.31	1.67	2.2	-0.5	2.01	1.89	2.04	1.87	2.04	1.89	1.98	1.85	2.15	3.5	3.25	2.15	3.5	3.2	2.2	3.5	3.1	2.23	3.56	3.35	2.05	3.5	3.1	2.15	3.5	3.25	2.23	3.66	3.8	2.17	3.54	3.24	1.73	2.08	1.78	2.12	1.9	2.2	1.74	2.1	-0.25	1.9	2.0	1.93	1.98	1.93	2.05	1.88	1.94	eredivisie																																																									1	0	0	Vitesse	1	0	0	3	0	4.0	0.0	0	0	0	2023	4	0	69.0	1.0	vitesse	0.8571428571428571	12	0.5	7	13.214285714285714	185	4.285714285714286	-0.21428571428571427	-1.1428571428571428	0.25	0.6	15	0.32	8	8.88	222	2.64	-0.52	-1.72	-0.6	0.5128205128205129	0.2777777777777778	0.2631578947368421	0.4866595517609392	0.26360725720384204	0.24973319103521877	0.05375618533513271	0.040000000000000036	0.5	-0.10000000000000009	-0.026160961059573662	-0.013424703701623325	-0.014170520573935752	0.5416666666666666	1.0555555555555556	0.5131578947368421	0.06391867427934828	1.91	0.026612966911474523				0	Unknown	Unknown	Normal	2.79	0.04074438857498315	2.0	-0.4	3.125	0.07042253521126761	1.0	-3.5	0.14895582388153322	0.2172304912478225	0.3140141950817941	0.3197994897888502	0.7118289320084553	0.09244146999434372	0.17704744273018466	0.351253890239687	0.3792571970357846	0.22082783776895604	0.8	0.0	0.8	-0.12745351296548443	-0.9261996305378158	0.7987461175723314	-1.0	-7.0	0.2857142857142857	0.0	0.5714285714285714	0.5	-0.2142857142857143	-0.4285714285714286	4.0	0.0	4.0	1.0	0.0
2023-10-12	11:15	Go Ahead Eagles	Utrecht	0	2	A	0	2	A	22	12	7	3	8	7	11	1	0	0	0	0	2.15	3.4	3.4	2.15	3.6	3.2	2.15	3.5	3.2	2.22	3.62	3.32	2.05	3.6	3.0	2.1	3.4	3.1	2.25	3.65	3.4	2.16	3.54	3.22	1.75	2.05	1.77	2.13	1.79	2.17	1.73	2.09	-0.25	1.9	2.0	1.93	1.98	1.93	2.02	1.87	1.94	2.3	3.5	3.0	2.3	3.5	2.95	2.35	3.5	2.85	2.36	3.52	3.12	2.15	3.5	2.88	2.3	3.5	2.9	2.41	3.65	3.4	2.31	3.51	2.99	1.73	2.08	1.76	2.15	1.79	2.23	1.73	2.11	-0.25	2.03	1.87	2.04	1.88	2.09	1.96	1.99	1.84	eredivisie																																																									0	1	0	Utrecht	0	1	0	0	3	10.0	10.0	0	0	0	2023	14	6	94.0	100.0	go_ahead_eagles	1.7096774193548387	53	0.7741935483870968	24	15.096774193548388	468	6.193548387096774	-0.0967741935483871	0.12903225806451613	0.15789473684210525	1.9285714285714286	54	0.6785714285714286	19	12.964285714285714	363	4.535714285714286	0.03571428571428571	0.42857142857142855	0.17592592592592593	0.46511627906976744	0.29411764705882354	0.29411764705882354	0.44155844155844154	0.2792207792207792	0.2792207792207792	0.05335157318741457	0.10000000000000009	0.3999999999999999	-0.20000000000000018	-0.023557837511325896	-0.014896867838044336	-0.014896867838044336	0.6323529411764706	1.0	0.6323529411764706	0.059233449477351874	1.9	0.02631578947368407				0	Unknown	Unknown	Normal	4.76	0.12689541209462635	6.0	1.4	2.4699999999999998	0.1813553994170662	5.0	1.4	0.041410771623701124	0.09229039442990525	0.24990131935461535	0.6163975145917784	0.9720268565268297	0.12317162112789175	0.22436577327481277	0.4007522196058383	0.25171038599145723	1.3920353530574618	1.75	1.5	0.25	2.1150829809841785	0.42423829230927923	1.6908446886748991	8.0	3.0	0.4444444444444444	0.42857142857142855	0.2222222222222222	0.14285714285714285	-0.4126984126984128	-0.34920634920634924	10.0	10.0	0.0	3.0	3.0
2023-10-12	13:30	For Sittard	Waalwijk	1	0	H	0	0	D	11	13	3	2	9	10	9	6	2	2	0	0	1.91	3.6	4.0	1.93	3.7	3.7	1.95	3.6	3.65	1.95	3.82	3.91	1.83	3.7	3.6	1.87	3.6	3.6	1.98	3.83	4.2	1.92	3.69	3.77	1.75	2.05	1.78	2.12	1.8	2.14	1.74	2.06	-0.5	1.95	1.95	1.95	1.95	1.98	1.96	1.93	1.9	2.05	3.6	3.4	2.1	3.6	3.3	2.1	3.55	3.25	2.13	3.63	3.52	2.0	3.7	3.1	2.05	3.6	3.4	2.16	3.7	4.2	2.08	3.61	3.42	1.75	2.05	1.8	2.09	1.85	2.14	1.76	2.07	-0.25	1.86	2.04	1.85	2.07	1.87	2.15	1.81	2.02	eredivisie																																																									1	0	0	For Sittard	0	0	1	3	0	7.0	4.0	0	0	0	2023	14	1	1.0	38.0	for_sittard	1.4285714285714286	50	0.6857142857142857	24	13.8	483	4.457142857142857	0.4	0.02857142857142857	0.574074074074074	1.3157894736842106	25	0.2631578947368421	5	12.210526315789474	232	4.7894736842105265	-0.8421052631578947	-1.0	-1.1736111111111112	0.5235602094240838	0.2777777777777778	0.25	0.49799419006778256	0.2642135841748513	0.23779222575736617	0.05133798720186156	0.07999999999999985	0.3999999999999999	-0.10000000000000009	-0.025566019356301206	-0.012207774242633834	-0.013564193602926489	0.5305555555555556	1.1111111111111112	0.4775	0.059233449477351874	1.9	0.025641025641025772				0	Unknown	Unknown	Normal	2.25	0.10931816061934523	6.0	0.0	2.5599999999999996	0.07858841196345889	1.0	-1.0	0.1868481720470376	0.23419575802542064	0.35266349113007095	0.2262925787974707	0.805260880748057	0.1103482147215165	0.20852686147633026	0.41043373845769227	0.27069118534446096	0.495745907069667	1.5555555555555556	0.25	1.3055555555555556	2.1150829809841785	-0.7011266433966333	2.8162096243808117	4.0	-5.0	0.3	0.2	0.5	0.6	-0.10000000000000003	-0.3	7.0	4.0	3.0	2.0	1.0
2023-11-02	20:00	FC Emmen	For Sittard	0	1	A	0	0	D	10	14	2	4	7	7	3	6	1	1	0	0	2.15	3.4	3.3	2.15	3.4	3.3	2.2	3.35	3.25	2.21	3.52	3.43	2.2	3.2	3.3	2.1	3.25	3.3	2.23	3.53	3.47	2.17	3.39	3.34	2.05	1.75	2.09	1.81	2.13	1.81	2.05	1.77	-0.25	1.89	2.01	1.91	2.0	1.91	2.06	1.87	1.97	2.15	3.5	3.3	2.2	3.3	3.25	2.2	3.3	3.2	2.29	3.46	3.31	2.2	3.2	3.3	2.15	3.2	3.2	2.29	3.58	3.4	2.21	3.37	3.29	2.05	1.75	2.11	1.79	2.16	1.82	2.06	1.77	-0.25	1.96	1.94	1.97	1.93	1.97	2.0	1.92	1.93	eredivisie																																																									0	1	0	For Sittard	0	0	1	0	3	3.0	4.0	0	0	0	2023	2	3	59.0	59.0	fc_emmen	0.875	7	0.25	2	11.0	88	3.375	-0.75	-0.625	-0.6666666666666666	1.0526315789473684	20	0.3684210526315789	7	8.842105263157896	168	3.263157894736842	-0.5263157894736842	-1.0	-0.35	0.46511627906976744	0.29411764705882354	0.30303030303030304	0.43785365853658537	0.27687804878048783	0.28526829268292686	0.06226422915889396	-0.050000000000000266	0.0	0.19999999999999973	-0.02726262053318207	-0.017762010347376178	-0.01723959827833571	0.6323529411764706	0.9705882352941176	0.6515151515151515	0.059233449477351874	1.9	0.026612966911474523				0	Unknown	Unknown	Normal	2.4	0.10530886982955164	2.0	-1.2	1.6799999999999997	0.06864740198073532	2.0	-1.8	0.1078036131846359	0.22318343907731078	0.4382846231108862	0.23072832462716725	0.6925851515610332	0.2108320211523461	0.3070145986748286	0.37709405025264353	0.10505932992018183	0.4090605107618835	0.5	0.6	-0.09999999999999998	-0.575960811755417	-0.2509806691142683	-0.3249801426411487	-3.0	-9.0	0.3333333333333333	0.0	0.6666666666666666	0.5	-0.16666666666666669	-0.33333333333333337	3.0	4.0	-1.0	0.0	1.0
2023-11-02	19:00	PSV Eindhoven	Groningen	6	0	H	1	0	H	34	3	13	1	7	6	18	1	0	0	0	0	1.14	7.5	15.0	1.16	8.0	18.0	1.15	8.0	15.0	1.17	7.89	19.0	1.15	7.0	17.0	1.13	7.5	15.0	1.18	8.5	20.0	1.15	7.72	17.07	1.44	2.7	1.46	2.79	1.48	2.9	1.44	2.75	-2.25	2.05	1.85	2.07	1.82	2.08	1.88	2.02	1.83	1.22	6.5	10.0	1.23	6.5	11.5	1.25	6.5	11.0	1.24	6.59	13.06	1.22	6.0	12.0	1.2	6.0	11.0	1.25	7.26	15.0	1.22	6.53	12.33	1.44	2.7	1.45	2.82	1.52	2.96	1.45	2.71	-2.0	2.05	1.75	2.08	1.81	2.16	1.94	2.08	1.78	eredivisie																																																									1	0	0	PSV Eindhoven	1	0	0	3	0	10.0	4.0	0	0	0	2023	7	1	90.0	93.0	psv_eindhoven	3.2962962962962963	89	1.6296296296296295	44	20.296296296296298	548	8.25925925925926	1.1851851851851851	2.4444444444444446	0.8927536231884057	0.75	15	0.35	7	11.9	238	4.3	-0.55	-1.45	-0.14285714285714285	0.8771929824561404	0.13333333333333333	0.06666666666666667	0.8143322475570033	0.1237785016286645	0.06188925081433225	0.07719298245614037	-0.010000000000000009	-2.0	0.5	-0.06286073489913713	-0.0047774158523344185	-0.009554831704668837	0.152	2.0	0.076	0.06481481481481488	2.0700000000000003	0.028345418589321048				0	Unknown	Unknown	Normal	4.14	0.057634596655181024	6.0	1.2	1.97	0.058442198471008525	1.0	-0.6	0.04876723542801509	0.10665828770846102	0.2885743937057017	0.5560000831578222	0.9948185991831686	0.20862233392971516	0.2530712465027006	0.3640706658086264	0.1742357537589579	0.7892686496484997	1.75	0.2	1.55	0.5453074352194144	-0.7011266433966333	1.2464340786160477	6.0	-4.0	0.6666666666666666	0.16666666666666666	0.3333333333333333	0.3333333333333333	-1.1102230246251565e-16	-0.5000000000000001	10.0	4.0	6.0	3.0	1.0
2023-11-02	17:45	Nijmegen	Cambuur	0	0	D	0	0	D	16	13	6	4	14	15	14	4	2	4	0	0	1.7	3.8	5.0	1.72	3.7	4.8	1.73	3.65	4.6	1.73	3.93	5.05	1.7	3.6	4.8	1.67	3.6	4.75	1.74	4.0	5.1	1.71	3.77	4.83	2.0	1.85	1.99	1.9	2.06	1.91	1.96	1.85	-0.75	1.94	1.96	1.94	1.96	1.97	1.97	1.91	1.93	1.57	4.2	5.75	1.58	4.0	5.75	1.57	4.0	5.75	1.61	4.16	5.82	1.57	3.8	5.8	1.53	3.9	5.5	1.62	4.27	6.0	1.58	4.05	5.74	1.9	1.95	1.93	1.96	2.08	1.99	1.91	1.91	-1.0	2.03	1.87	2.06	1.85	2.08	1.9	2.0	1.85	eredivisie																																																									0	0	1		0	0	1	1	1	2.0	1.0	0	0	0	2023	2	0	93.0	59.0	nijmegen	1.896551724137931	55	0.4827586206896552	14	14.758620689655173	428	5.620689655172414	-0.1724137931034483	0.3793103448275862	-0.2427536231884058	0.3333333333333333	2	0.16666666666666666	1	8.666666666666666	52	3.6666666666666665	-1.0	-2.0	0.0	0.5882352941176471	0.2631578947368421	0.2	0.5594817432273262	0.2502944640753828	0.19022379269729095	0.05139318885448918	0.0	0.20000000000000018	0.19999999999999973	-0.028753550890320834	-0.009776207302709061	-0.012863430661459285	0.4473684210526316	1.3157894736842106	0.33999999999999997	0.04054054054054035	1.925	0.025667999158426325				0	Unknown	Unknown	Normal	2.25	0.16477148406202394	6.0	-0.8	1.8125	0.0	0.0	-2.25	0.1542336167189764	0.23947331482064924	0.3905048027826789	0.21578826567769543	0.5864650966712757	0.16642887796094946	0.29528400437030095	0.4255082056101882	0.11277891205856139	0.24907267798395238	0.2857142857142857	0.0	0.2857142857142857	-0.575960811755417	-0.9261996305378158	0.3502388187823988	-6.0	-4.0	0.0	0.25	0.1	1.0	0.0	-0.65	2.0	1.0	1.0	0.0	0.0
2023-11-03	17:45	For Sittard	Twente	0	3	A	0	0	D	10	17	3	5	15	8	0	4	3	2	0	0	3.75	3.8	1.91	3.6	3.6	1.98	3.45	3.6	2.0	3.75	3.76	2.02	3.6	3.5	2.0	3.5	3.5	1.93	3.78	3.85	2.02	3.61	3.66	1.97	1.75	2.05	1.83	2.05	1.83	2.09	1.78	2.02	0.5	1.9	2.0	1.89	2.02	1.95	2.02	1.87	1.98	4	3.8	1.83	4.2	3.7	1.82	3.95	3.65	1.83	4.45	3.8	1.85	4.2	3.6	1.8	4.2	3.6	1.75	4.45	3.9	1.94	4.18	3.69	1.83	1.95	1.9	1.95	1.93	2.0	2.04	1.89	1.91	0.75	1.77	2.02	1.81	2.09	1.88	2.14	1.78	2.07	eredivisie																																																									0	1	0	Twente	0	0	1	0	3	9.0	11.0	0	1	0	2023	17	15	22.0	85.0	for_sittard	1.4285714285714286	50	0.6857142857142857	24	13.8	483	4.457142857142857	0.4	0.02857142857142857	0.574074074074074	1.6774193548387097	52	0.8387096774193549	26	13.387096774193548	415	4.354838709677419	0.25806451612903225	0.4838709677419355	0.15789473684210525	0.26666666666666666	0.2631578947368421	0.5235602094240838	0.25315219476465356	0.24982124483353968	0.49702656040180676	0.05338477082759252	0.1499999999999999	-0.09000000000000008	0.2999999999999998	-0.013514471902013103	-0.026533649022277006	-0.013336649903302411	0.986842105263158	0.5026315789473684	1.9633507853403143	0.059233449477351874	1.9	0.02631578947368407				0	Unknown	Unknown	Normal	2.16	0.12733617863736324	5.0	0.2	2.45	0.164583708976689	7.0	1.6	0.1952902879588702	0.24566168519657072	0.3513737152152151	0.20767431162934394	0.84932568694664	0.1340429545424758	0.22005533465080324	0.3882941699244326	0.2576075408822884	0.8092009517778053	1.7	1.875	-0.17500000000000004	2.7878439291690773	2.449895176579922	0.33794875258915535	5.0	10.0	0.4	0.4	0.4	0.2	-0.4	-0.19999999999999996	9.0	11.0	-2.0	3.0	3.0
2023-11-03	15:30	FC Emmen	Excelsior	2	0	H	0	0	D	9	11	4	4	10	14	2	6	1	3	0	0	1.7	3.8	5.0	1.75	3.7	4.6	1.75	3.65	4.4	1.79	3.84	4.77	1.78	3.6	4.4	1.7	3.7	4.33	1.81	4.0	5.0	1.75	3.76	4.56	1.88	1.98	1.89	2.0	1.9	2.07	1.82	1.98	-0.75	2.01	1.89	2.02	1.89	2.07	1.95	1.98	1.87	1.67	3.8	5.25	1.68	3.8	5.0	1.67	3.8	4.9	1.69	3.94	5.41	1.67	3.7	5.0	1.65	3.7	4.8	1.7	3.95	5.6	1.67	3.83	5.11	1.93	1.93	1.94	1.94	2.08	1.97	1.9	1.89	-0.75	1.86	2.04	1.88	2.03	1.9	2.06	1.85	2.0	eredivisie																																																									1	0	0	FC Emmen	0	0	1	3	0	3.0	2.0	0	0	0	2023	2	2	1.0	32.0	fc_emmen	0.875	7	0.25	2	11.0	88	3.375	-0.75	-0.625	-0.6666666666666666	1.2272727272727273	27	0.6818181818181818	15	9.545454545454545	210	4.090909090909091	-0.5454545454545454	-1.4545454545454546	-0.5625	0.5882352941176471	0.2631578947368421	0.2	0.5594817432273262	0.2502944640753828	0.19022379269729095	0.05139318885448918	-0.08000000000000007	0.5999999999999996	0.19999999999999973	-0.028753550890320834	-0.009776207302709061	-0.012863430661459285	0.4473684210526316	1.3157894736842106	0.33999999999999997	0.03696539866752646	1.93	0.026612966911474523				0	Unknown	Unknown	Normal	2.38	0.10530886982955164	0.0	-0.8	1.9999999999999996	0.10896572369405777	2.0	-2.2	0.11128054035086551	0.22578823749546945	0.4353066896970922	0.22762453245657294	0.7590259942603564	0.21280523974620355	0.2526537236141416	0.3496685550231969	0.18487248161645797	0.2232650218471426	0.4	0.2857142857142857	0.11428571428571432	-0.575960811755417	-0.4760536562554508	-0.0999071554999662	-4.0	-13.0	0.2857142857142857	0.2222222222222222	0.7142857142857143	0.3333333333333333	-0.38095238095238104	-0.06349206349206349	3.0	2.0	1.0	0.0	0.0
2023-11-03	20:00	Sparta Rotterdam	Vitesse	3	1	H	2	1	H	19	9	10	2	12	13	7	3	0	1	0	1	2.4	3.5	2.88	2.45	3.4	2.85	2.45	3.3	2.8	2.48	3.38	3.0	2.45	3.2	2.88	2.4	3.2	2.8	2.53	3.5	3.03	2.45	3.3	2.88	2.1	1.7	2.16	1.74	2.25	1.8	2.11	1.72	-0.25	2.05	1.75	2.14	1.79	2.17	1.81	2.1	1.76	2.8	3.5	2.5	2.7	3.2	2.65	2.75	3.2	2.5	2.87	3.31	2.65	2.75	3.3	2.45	2.75	3.13	2.5	2.87	3.54	2.81	2.77	3.26	2.56	2.1	1.7	2.17	1.75	2.25	1.78	2.14	1.7	0.0	2.03	1.87	2.04	1.88	2.07	1.88	2.02	1.84	eredivisie																																																									1	0	0	Sparta Rotterdam	1	0	0	3	0	1.0	2.0	0	0	0	2023	1	5	85.0	121.0	sparta_rotterdam	1.3571428571428572	38	0.5	14	14.857142857142858	416	5.107142857142857	0.10714285714285714	0.0	0.2156862745098039	1.1666666666666667	21	0.5	9	13.777777777777779	248	4.944444444444445	-0.3888888888888889	-0.8333333333333334	-0.5	0.4166666666666667	0.2857142857142857	0.3472222222222222	0.3969754253308129	0.27221172022684315	0.3308128544423441	0.04960317460317443	-0.050000000000000266	0.0	0.2999999999999998	-0.01969124133585376	-0.016409367779878115	-0.013502565487442553	0.6857142857142857	0.8228571428571428	0.8333333333333334	0.06442577030812324	1.9	0.059233449477351874				0	Unknown	Unknown	Normal	2.58	0.04971280238381181	1.0	-1.6	2.6399999999999997	0.08359450349597067	2.0	-1.6	0.1776988263022333	0.1907858519384658	0.33293435022256285	0.29858097153673807	0.48391477780121867	0.08779869757337855	0.20242838655749723	0.4360951653501585	0.2736777505189656	0.7138713046557091	0.16666666666666666	0.625	-0.45833333333333337	-0.8002144611503833	0.19916530516809672	-0.99937976631848	-8.0	-7.0	0.125	0.0	0.25	0.3	-0.575	-0.75	1.0	2.0	-1.0	0.0	0.0
2023-11-03	19:00	AZ Alkmaar	Groningen	1	0	H	1	0	H	10	11	3	2	7	8	5	2	0	1	0	0	1.33	5.0	9.5	1.35	5.25	8.75	1.33	5.25	8.75	1.33	5.56	10.06	1.32	4.8	9.5	1.29	5.0	9.0	1.36	5.6	11.0	1.32	5.24	9.23	1.6	2.3	1.63	2.38	1.67	2.38	1.63	2.27	-1.5	1.99	1.91	2.01	1.89	2.02	1.94	1.96	1.88	1.36	4.75	9.5	1.37	5.0	8.0	1.37	4.9	8.0	1.35	5.25	9.76	1.35	4.6	9.0	1.33	4.6	8.0	1.38	5.3	10.3	1.35	4.93	8.81	1.67	2.15	1.7	2.24	1.75	2.32	1.69	2.16	-1.5	2.0	1.8	2.08	1.83	2.12	1.9	2.03	1.81	eredivisie																																																									1	0	0	AZ Alkmaar	1	0	0	3	0	7.0	1.0	0	0	0	2023	11	1	32.0	1.0	az_alkmaar	1.8666666666666667	56	0.9666666666666667	29	17.266666666666666	518	6.3	0.4666666666666667	0.9333333333333333	0.3083333333333333	0.75	15	0.35	7	11.9	238	4.3	-0.55	-1.45	-0.14285714285714285	0.7518796992481203	0.2	0.10526315789473684	0.7112375533428166	0.18918918918918923	0.09957325746799432	0.05714285714285694	0.010000000000000009	0.0	0.20000000000000018	-0.040642145905303684	-0.005689900426742514	-0.010810810810810784	0.266	1.9	0.14	0.05978260869565233	1.95	0.026072772238153963				0	Unknown	Unknown	Normal	3.9200000000000004	0.12936993558061122	9.0	1.2	1.69	0.03864021827298872	1.0	-2.0	0.030772929231060675	0.09804014873254728	0.3490769140328126	0.5221100080035794	1.1258523297988092	0.28728450856435755	0.2681558870106329	0.2998362411497083	0.14472336327530125	0.5495948840086748	1.375	0.16666666666666666	1.2083333333333333	1.4423220327992796	-0.7011266433966333	2.143448676195913	10.0	-10.0	0.3	0.14285714285714285	0.1	0.42857142857142855	-0.2714285714285714	-0.7571428571428571	7.0	1.0	6.0	2.0	0.0
2023-11-08	19:00	Volendam	Vitesse	1	2	A	1	0	H	4	13	4	9	12	10	3	7	3	1	1	0	3.4	3.75	2.0	3.3	3.7	2.05	3.35	3.6	2.05	3.47	3.88	2.07	3.2	3.5	1.91	3.3	3.8	2.05	3.6	3.92	2.11	3.37	3.74	2.04	1.57	2.35	1.6	2.46	1.6	2.5	1.56	2.39	0.25	2.05	1.75	2.11	1.81	2.14	1.85	2.05	1.78	3.75	3.75	1.85	3.6	3.8	1.93	3.6	3.65	1.95	3.85	3.95	1.96	3.4	3.5	1.83	3.6	3.9	1.9	4.0	4.0	1.98	3.73	3.83	1.91	1.57	2.35	1.59	2.48	1.61	2.55	1.56	2.4	0.5	1.97	1.93	1.94	1.96	2.01	1.96	1.93	1.9	eredivisie																																																									0	1	0	Vitesse	1	0	0	0	3	7.0	2.0	0	0	0	2023	7	5	151.0	5.0	volendam	1.1818181818181819	26	0.36363636363636365	8	12.590909090909092	277	4.045454545454546	-0.45454545454545453	-1.2272727272727273	-0.16666666666666666	1.1666666666666667	21	0.5	9	13.777777777777779	248	4.944444444444445	-0.3888888888888889	-0.8333333333333334	-0.5	0.29411764705882354	0.26666666666666666	0.5	0.27726432532347506	0.2513863216266174	0.47134935304990755	0.0607843137254902	0.19999999999999973	0.09000000000000008	0.25	-0.01685332173534848	-0.02865064695009245	-0.01528034504004927	0.9066666666666666	0.5333333333333333	1.7	0.06247459005285272	1.96	0.059233449477351874				0	Unknown	Unknown	Normal	2.78	0.06237237635757309	5.0	-0.8	2.52	0.0808811674493013	2.0	-1.6	0.12657754536239374	0.21815855929281644	0.35625352463706356	0.2990103707077263	0.7088218245220442	0.10601736949984286	0.2182818826363601	0.42238981555821997	0.25331093230557705	0.6997051737407132	1.1666666666666667	0.5555555555555556	0.6111111111111112	0.5453074352194144	0.19916530516809672	0.34614213005131766	-4.0	-9.0	0.1111111111111111	0.0	0.4444444444444444	0.3	-0.5888888888888888	-0.5555555555555556	7.0	2.0	5.0	2.0	0.0
2023-11-11	19:00	Twente	Nijmegen	3	3	D	1	0	H	35	14	7	8	9	14	13	3	1	3	0	0	1.33	5.0	10.0	1.32	5.5	9.0	1.33	5.5	8.5	1.32	5.81	9.83	1.25	5.5	9.5	1.3	5.25	10.0	1.36	5.9	10.0	1.31	5.47	9.22	1.57	2.35	1.61	2.41	1.63	2.63	1.57	2.37	-1.5	1.92	1.98	1.94	1.96	1.97	1.99	1.9	1.92	1.36	5.0	8.5	1.34	5.25	8.75	1.35	5.25	8.25	1.35	5.45	9.37	1.29	5.0	8.5	1.33	5.25	9.0	1.41	6.0	11.0	1.33	5.29	9.19	1.62	2.25	1.66	2.33	1.67	2.45	1.61	2.3	-1.5	2.02	1.88	2.05	1.86	2.12	2.0	1.95	1.88	eredivisie																																																									0	0	1		1	0	0	1	1	11.0	8.0	0	0	0	2023	10	9	68.0	60.0	twente	2.740740740740741	74	1.2592592592592593	34	21.962962962962962	593	7.7407407407407405	0.8888888888888888	1.8888888888888888	0.5333333333333333	1.3	39	0.36666666666666664	11	12.333333333333334	370	4.666666666666667	-0.16666666666666666	0.13333333333333333	-0.04761904761904761	0.7518796992481203	0.2	0.1	0.7147962830593281	0.1901358112937813	0.09506790564689065	0.0518796992481203	0.08000000000000007	0.5	-0.5	-0.037083416188792184	-0.004932094353109359	-0.009864188706218718	0.266	2.0	0.133	0.06247459005285272	1.96	0.025883838383838453				0	Unknown	Unknown	Normal	4.83	0.11273128834240534	10.0	1.6	2.4699999999999998	0.1546267168860237	4.0	0.4	0.017549440884721136	0.06155153382132067	0.26054785474780645	0.6603511705461518	0.9530101918485785	0.1645883905155486	0.23380189850461464	0.3385386055839485	0.26307110539588824	0.5228773351108897	2.0	1.125	0.875	1.2180683834043133	1.0994572537328267	0.11861112967148668	8.0	1.0	0.42857142857142855	0.3	0.0	0.4	-0.17142857142857143	-0.7	11.0	8.0	3.0	3.0	2.0
2023-11-11	17:45	Waalwijk	Go Ahead Eagles	0	1	A	0	1	A	19	9	5	2	8	5	7	0	1	0	0	0	2.88	3.6	2.38	2.8	3.7	2.35	2.75	3.55	2.4	2.89	3.74	2.42	2.7	3.7	2.2	2.88	3.5	2.38	2.91	3.77	2.43	2.82	3.65	2.36	1.65	2.2	1.7	2.25	1.71	2.3	1.66	2.21	0.25	1.85	2.05	1.82	2.1	1.87	2.11	1.8	2.02	3.1	3.6	2.2	3.1	3.6	2.15	3.05	3.55	2.2	3.22	3.8	2.2	2.9	3.6	2.1	3.1	3.7	2.15	3.23	3.85	2.25	3.1	3.67	2.18	1.65	2.2	1.67	2.3	1.7	2.31	1.65	2.23	0.25	1.96	1.94	1.98	1.93	1.98	1.96	1.93	1.89	eredivisie																																																									0	1	0	Go Ahead Eagles	0	1	0	0	3	4.0	6.0	1	0	0	2023	11	3	133.0	99.0	waalwijk	1.76	44	0.84	21	13.2	330	4.56	0.28	0.44	0.19642857142857142	1.2142857142857142	34	0.5714285714285714	16	11.821428571428571	331	3.7142857142857144	-0.07142857142857142	-0.25	-0.25	0.3472222222222222	0.2777777777777778	0.42016806722689076	0.332216638749302	0.2657733109994416	0.40201005025125625	0.04516806722689082	0.17999999999999972	0.17999999999999972	-0.10000000000000009	-0.015005583472920192	-0.018158016975634517	-0.012004466778336165	0.7999999999999999	0.6611111111111111	1.2100840336134453	0.06060606060606055	1.925	0.028345418589321048				0	Unknown	Unknown	Normal	1.6800000000000002	0.15089171874262147	6.0	0.0	2.5	0.10302229334141597	3.0	-0.8	0.2186900302494354	0.2994550125810057	0.3734850439406662	0.1083699132288927	0.3708939816459442	0.12166113599645505	0.21873715501487023	0.40071677797444377	0.25888493101423093	0.7579699818175151	1.1	0.6	0.5000000000000001	1.4423220327992796	-0.2509806691142683	1.6933027019135478	-1.0	-5.0	0.2	0.125	0.3	0.25	-0.55	-0.575	4.0	6.0	-2.0	1.0	2.0
2023-11-11	20:00	Vitesse	Heerenveen	1	3	A	1	1	D	9	19	5	7	10	3	4	7	2	1	1	0	2.38	3.5	2.9	2.35	3.6	2.8	2.4	3.45	2.75	2.38	3.7	2.97	2.3	3.6	2.62	2.38	3.5	2.88	2.47	3.75	2.97	2.37	3.59	2.83	1.7	2.1	1.75	2.17	1.75	2.25	1.69	2.12	-0.25	2.07	1.83	2.07	1.85	2.09	1.85	2.03	1.79	2.3	3.4	3.1	2.3	3.3	3.1	2.3	3.3	3.0	2.39	3.33	3.23	2.25	3.3	2.9	2.3	3.3	3.1	2.39	3.69	3.23	2.31	3.41	3.06	2.03	1.83	2.09	1.82	2.11	2.19	1.95	1.85	-0.25	2.04	1.86	2.04	1.87	2.06	1.89	1.99	1.83	eredivisie																																																									0	1	0	Heerenveen	0	0	1	0	3	7.0	5.0	0	0	0	2023	7	6	30.0	122.0	vitesse	0.8571428571428571	12	0.5	7	13.214285714285714	185	4.285714285714286	-0.21428571428571427	-1.1428571428571428	0.25	1.1666666666666667	35	0.4666666666666667	14	11.866666666666667	356	3.8666666666666667	-0.26666666666666666	-0.7666666666666667	0.13333333333333333	0.42016806722689076	0.2857142857142857	0.3448275862068966	0.39988968560397137	0.2719249862107005	0.3281853281853282	0.05070993914807298	0.08000000000000007	0.2799999999999998	-0.10000000000000009	-0.020278381622919395	-0.01664225802156838	-0.013789299503585206	0.6799999999999999	0.8285714285714285	0.8206896551724138	0.06442577030812324	1.9	0.029539874871307603				0	Unknown	Unknown	Normal	2.8299999999999996	0.054000259616632774	4.0	0.2	2.94	0.10908403748461235	3.0	-0.8	0.14233284291551335	0.21195416837449405	0.31949182835582396	0.32622116035416865	0.7223955089283463	0.08883464005226228	0.18417820951231886	0.38980312709532705	0.3371840233400918	0.729698941722051	1.1666666666666667	0.6666666666666666	0.5000000000000001	0.5453074352194144	0.42423829230927923	0.12106914291013515	1.0	-6.0	0.375	0.2	0.5	0.4	-0.22499999999999998	-0.3	7.0	5.0	2.0	2.0	1.0
2023-12-02	11:15	Sparta Rotterdam	Go Ahead Eagles	2	1	H	1	0	H	19	18	6	4	12	13	7	4	1	3	0	0	1.95	3.3	3.8	2.0	3.3	3.8	2.05	3.3	3.65	2.08	3.34	4.04	2.0	3.2	3.9	1.95	3.2	3.75	2.09	3.45	4.04	2.02	3.32	3.82	2.2	1.65	2.3	1.67	2.32	1.73	2.21	1.66	-0.5	2.04	1.86	2.08	1.84	2.08	1.88	2.03	1.82	2.05	3.2	4.0	2.05	3.2	3.9	2.05	3.15	3.75	2.1	3.23	4.13	2.0	3.1	4.0	2.0	3.1	3.75	2.1	3.39	4.33	2.05	3.24	3.89	2.4	1.53	2.44	1.6	2.51	1.67	2.35	1.59	-0.5	2.08	1.82	2.1	1.83	2.1	1.85	2.06	1.8	eredivisie																																																									1	0	0	Sparta Rotterdam	1	0	0	3	0	3.0	6.0	0	0	0	2023	4	6	29.0	21.0	sparta_rotterdam	1.3571428571428572	38	0.5	14	14.857142857142858	416	5.107142857142857	0.10714285714285714	0.0	0.2156862745098039	1.2142857142857142	34	0.5714285714285714	16	11.821428571428571	331	3.7142857142857144	-0.07142857142857142	-0.25	-0.25	0.5128205128205129	0.30303030303030304	0.2631578947368421	0.4752700397953383	0.2808413871517908	0.24388857305287093	0.07900871058765802	-0.050000000000000044	-0.10000000000000009	0.09999999999999964	-0.03755047302517461	-0.019269321683971163	-0.02218891587851224	0.5909090909090909	1.1515151515151516	0.5131578947368421	0.06060606060606055	1.925	0.027830487033523088				0	Unknown	Unknown	Normal	2.9400000000000004	0.06788138183667405	3.0	-1.2	2.32	0.07094626126538388	3.0	-0.8	0.1731373980012973	0.17599067919443684	0.2919059328610862	0.3589659899431797	0.5113762864456928	0.14562343987060636	0.24230154146121055	0.3859121635813952	0.22616285508678788	0.7350103542681179	0.5714285714285714	1.0	-0.4285714285714286	-0.12745351296548443	0.42423829230927923	-0.5516918052747637	-6.0	-4.0	0.1111111111111111	0.2222222222222222	0.2222222222222222	0.2222222222222222	-0.6666666666666667	-0.5555555555555556	3.0	6.0	-3.0	1.0	2.0
2023-12-02	13:30	Vitesse	Utrecht	2	0	H	0	0	D	13	11	4	4	10	11	3	8	1	2	1	0	2.45	3.5	2.63	2.45	3.5	2.75	2.45	3.4	2.7	2.55	3.6	2.79	2.4	3.5	2.7	2.4	3.4	2.63	2.6	3.7	2.79	2.47	3.51	2.71	1.83	2.02	1.85	2.05	1.92	2.06	1.83	1.98	0.0	1.87	2.03	1.87	2.04	1.89	2.08	1.84	2.01	2.55	3.4	2.75	2.5	3.4	2.7	2.5	3.35	2.65	2.58	3.48	2.84	2.45	3.3	2.75	2.4	3.4	2.63	2.62	3.63	2.86	2.52	3.42	2.73	1.85	2.0	1.87	2.02	1.89	2.05	1.83	1.98	0.0	1.86	2.04	1.86	2.05	1.89	2.07	1.85	2.01	eredivisie																																																									1	0	0	Vitesse	0	0	1	3	0	7.0	12.0	0	0	0	2023	7	9	21.0	51.0	vitesse	0.8571428571428571	12	0.5	7	13.214285714285714	185	4.285714285714286	-0.21428571428571427	-1.1428571428571428	0.25	1.9285714285714286	54	0.6785714285714286	19	12.964285714285714	363	4.535714285714286	0.03571428571428571	0.42857142857142855	0.17592592592592593	0.4081632653061224	0.2857142857142857	0.3802281368821293	0.3800028897558156	0.2660020228290709	0.35399508741511343	0.07410568790253746	0.050000000000000266	-0.07000000000000028	0.0	-0.028160375550306815	-0.02623304946701588	-0.01971226288521477	0.7000000000000001	0.7514285714285714	0.9315589353612168	0.041497592382188975	1.925	0.02737019572719368				0	Unknown	Unknown	Normal	3.05	0.07597828159465474	5.0	0.0	2.4899999999999998	0.17837721462069958	4.0	1.8	0.11401349076225065	0.18360243941023138	0.3355943222594901	0.36678974756802785	0.7295079546865917	0.12095463448556525	0.22170723648504803	0.4016957684682434	0.25564236056114337	1.2194612655289172	1.0	1.8	-0.8	0.5453074352194144	1.0994572537328267	-0.5541498185134123	-1.0	5.0	0.3333333333333333	0.5	0.4444444444444444	0.125	-0.5416666666666667	-0.05555555555555558	7.0	12.0	-5.0	2.0	4.0
2023-12-02	13:30	Heerenveen	Feyenoord	1	2	A	0	2	A	13	13	4	3	9	12	5	7	1	1	0	0	4.75	3.8	1.67	4.75	3.75	1.73	4.5	3.75	1.73	5.02	4.01	1.72	4.75	3.7	1.7	4.75	3.7	1.65	5.1	4.1	1.75	4.79	3.87	1.7	1.83	2.02	1.85	2.05	1.87	2.06	1.81	2.0	0.75	2.0	1.9	2.0	1.91	2.03	1.92	1.95	1.88	5.75	4.33	1.53	5.75	4.2	1.55	5.5	4.2	1.55	6.1	4.33	1.57	5.8	4.0	1.53	5.5	4.1	1.5	6.25	4.45	1.58	5.81	4.25	1.55	1.67	2.15	1.72	2.21	1.76	2.25	1.7	2.16	1.0	1.98	1.92	1.96	1.93	2.01	1.99	1.94	1.91	eredivisie																																																									0	1	0	Feyenoord	0	1	0	0	3	8.0	13.0	0	0	0	2023	7	16	120.0	114.0	heerenveen	1.7692307692307692	46	1.0384615384615385	27	15.384615384615385	400	5.5	0.19230769230769232	0.34615384615384615	0.03571428571428571	2.0	60	1.0333333333333334	31	15.3	459	6.233333333333333	0.3333333333333333	0.8333333333333334	0.14814814814814814	0.21052631578947367	0.2631578947368421	0.5988023952095809	0.1962973846605936	0.24537173082574198	0.5583308845136645	0.0724866057358966	0.0	-0.030000000000000027	0.09999999999999964	-0.014228931128880073	-0.04047151069591637	-0.017786163911100106	1.25	0.4394736842105263	2.8443113772455093	0.041497592382188975	1.925	0.02631578947368407				0	Unknown	Unknown	Normal	3.25	0.07727488931981999	6.0	0.6	4.029999999999999	0.16187255992282665	5.0	1.8	0.09783961598670406	0.16381964834336632	0.325143117197046	0.41319761847288367	0.9700920769703508	0.05978553398832762	0.13510300710254924	0.3132577371823267	0.49185372172679653	1.122129681052428	1.75	2.2857142857142856	-0.5357142857142856	0.5453074352194144	2.6749681637211045	-2.12966072850169	4.0	11.0	0.5	0.3	0.5	0.0	-0.5	-0.2	8.0	13.0	-5.0	2.0	4.0
2023-12-02	15:45	Twente	Volendam	3	0	H	3	0	H	18	9	9	2	11	7	9	2	1	0	0	0	1.25	6.0	10.0	1.24	6.25	11.5	1.25	6.25	10.0	1.26	6.1	12.84	1.24	5.8	11.0	1.2	6.0	11.0	1.26	6.5	14.0	1.24	6.14	11.56	1.44	2.7	1.49	2.7	1.49	2.86	1.45	2.7	-1.75			1.9	1.98	1.92	2.06	1.86	1.97	1.25	6.0	11.0	1.25	6.25	11.5	1.25	6.0	10.0	1.26	6.01	12.46	1.25	5.5	11.0	1.22	5.75	10.0	1.28	6.4	12.51	1.24	6.06	11.11	1.48	2.6	1.52	2.61	1.52	2.79	1.47	2.62	-1.75	1.96	1.94	1.96	1.93	1.98	2.02	1.92	1.93	eredivisie																																																									1	0	0	Twente	1	0	0	3	0	11.0	4.0	0	0	0	2023	11	5	21.0	120.0	twente	2.740740740740741	74	1.2592592592592593	34	21.962962962962962	593	7.7407407407407405	0.8888888888888888	1.8888888888888888	0.5333333333333333	0.9583333333333334	23	0.5	12	9.166666666666666	220	3.4166666666666665	-0.875	-1.375	-0.7	0.8	0.16666666666666666	0.1	0.75	0.15625	0.09375	0.06666666666666665	0.010000000000000009	-1.0	0.20000000000000018	-0.050000000000000044	-0.0062500000000000056	-0.010416666666666657	0.20833333333333334	1.6666666666666667	0.125	0.06481481481481488	2.0700000000000003					0	Unknown	Unknown	Normal	5.06	0.12244523163568441	11.0	1.6	2.61	0.23613031560051426	5.0	-0.6	0.016424659578598826	0.056751926871167556	0.238770603262989	0.6880528102872446	0.8114798201151384	0.1244300015386505	0.19519750663263508	0.3902984684010272	0.2900740234276872	0.6776260342332883	1.8333333333333333	0.625	1.2083333333333333	1.4423220327992796	0.19916530516809672	1.2431567276311828	8.0	-5.0	0.375	0.2	0.0	0.4	-0.22499999999999998	-0.8	11.0	4.0	7.0	3.0	1.0
2023-12-02	15:45	Ajax	Waalwijk	3	1	H	0	1	A	17	6	5	3	11	11	10	2	2	2	0	0	1.14	8.0	17.0	1.14	9.0	17.5	1.15	8.75	15.0	1.16	8.23	18.71	1.12	7.5	19.0	1.11	8.0	15.0	1.17	9.0	19.5	1.14	8.26	17.12	1.3	3.5	1.36	3.24	1.36	3.5	1.32	3.32	-2.25			1.88	2.0	1.9	2.04	1.86	1.98	1.14	7.5	17.0	1.15	8.75	17.0	1.17	8.0	13.0	1.15	8.49	20.3	1.12	7.5	19.0	1.11	8.0	15.0	1.17	9.5	20.3	1.14	8.33	17.32	1.33	3.4	1.36	3.27	1.36	3.46	1.33	3.29	-2.25	1.91	1.99	1.89	1.99	1.94	2.04	1.88	1.97	eredivisie																																																									1	0	0	Ajax	0	1	0	3	0	10.0	1.0	0	0	0	2023	16	1	81.0	51.0	ajax	2.0606060606060606	68	1.0606060606060606	35	17.636363636363637	582	5.909090909090909	0.696969696969697	1.0606060606060606	0.3492063492063492	1.3157894736842106	25	0.2631578947368421	5	12.210526315789474	232	4.7894736842105265	-0.8421052631578947	-1.0	-1.1736111111111112	0.8771929824561404	0.125	0.058823529411764705	0.8267477203647416	0.11781155015197567	0.05544072948328267	0.06101651186790513	0.019999999999999796	-2.0	0.5	-0.05044526209139877	-0.003382799928482033	-0.007188449848024331	0.1425	2.125	0.06705882352941175	0.05494505494505475	2.4					0	Unknown	Unknown	Normal	3.66	0.1325639638832115	7.0	1.4	2.35	0.03278688524590164	1.0	-1.4	0.09491954117433084	0.13308494588506134	0.2879804671307658	0.484015045809842	0.9397702710779339	0.12794348649061085	0.2337720308923794	0.411811721128802	0.22647276148820775	0.6302929849522292	2.0	0.2	1.8	2.563590279774111	-0.7011266433966333	3.2647169231707442	10.0	-6.0	0.5	0.16666666666666666	0.1	0.6666666666666666	0.16666666666666663	-0.7333333333333334	10.0	1.0	9.0	3.0	0.0
2023-12-03	15:45	PSV Eindhoven	Cambuur	5	2	H	1	1	D	25	12	16	5	13	8	6	5	1	1	0	0	1.14	7.5	19.0	1.15	8.25	18.0	1.15	8.25	16.0	1.14	9.75	18.69	1.12	7.5	19.0	1.11	7.5	17.0	1.16	10.0	21.0	1.14	8.49	17.56	1.36	3.1	1.37	3.18	1.4	3.39	1.36	3.09	-2.25	1.93	1.97	1.91	1.98	2.0	1.98	1.91	1.93	1.14	8.0	19.0	1.14	9.0	17.0	1.15	8.5	16.0	1.14	9.76	19.75	1.12	7.5	19.0	1.1	8.0	17.0	1.16	10.0	21.0	1.13	8.8	18.59	1.33	3.4	1.37	3.17	1.38	3.5	1.34	3.21	-2.25	1.88	2.02	1.91	1.98	1.92	2.05	1.86	1.98	eredivisie																																																									1	0	0	PSV Eindhoven	0	0	1	3	0	10.0	2.0	0	0	0	2023	10	1	31.0	31.0	psv_eindhoven	3.2962962962962963	89	1.6296296296296295	44	20.296296296296298	548	8.25925925925926	1.1851851851851851	2.4444444444444446	0.8927536231884057	0.3333333333333333	2	0.16666666666666666	1	8.666666666666666	52	3.6666666666666665	-1.0	-2.0	0.0	0.8771929824561404	0.13333333333333333	0.05263157894736842	0.8250825082508252	0.1254125412541254	0.0495049504950495	0.06315789473684208	0.019999999999999796	0.0	0.0	-0.05211047420531523	-0.003126628452318918	-0.007920792079207928	0.152	2.533333333333333	0.06	0.057874762808349134	2.23	0.02574892822387631				0	Unknown	Unknown	Normal	4.76	0.08639434432375556	12.0	2.2	1.9899999999999998	0.0	0.0	-1.8	0.047272092351095585	0.09962549432747095	0.24852583847096965	0.6045765748504637	0.856907341069801	0.1465842049167095	0.27251818037570563	0.43349292018397795	0.14740469452360688	0.327801509758871	2.0	0.3333333333333333	1.6666666666666667	1.2180683834043133	-0.7011266433966333	1.9191950268009466	12.0	-4.0	0.7142857142857143	0.4	0.2857142857142857	1.0	0.7142857142857143	-0.3142857142857143	10.0	2.0	8.0	3.0	0.0
2023-12-03	13:30	Heerenveen	Ajax	2	4	A	1	3	A	6	13	4	6	13	11	5	8	2	2	0	0	6.5	5.0	1.44	6.5	4.8	1.44	6.75	4.8	1.43	7.24	5.09	1.43	7.0	4.5	1.42	7.0	4.6	1.36	7.4	5.2	1.45	6.86	4.86	1.42	1.53	2.4	1.57	2.52	1.58	2.55	1.55	2.42	1.25	1.96	1.94	1.98	1.93	2.0	1.97	1.93	1.9	8	5.0	1.36	7.5	5.0	1.38	7.25	5.0	1.37	8.36	5.27	1.38	8.5	4.75	1.35	7.5	4.8	1.33	8.73	5.4	1.39	7.84	5.1	1.36	1.53	2.4	1.56	2.53	1.58	2.56	1.53	2.45	1.5	1.82	2.08	1.82	2.08	1.88	2.12	1.82	2.03	eredivisie																																																									0	1	0	Ajax	0	1	0	0	3	7.0	11.0	0	0	0	2023	7	12	1.0	124.0	heerenveen	1.7692307692307692	46	1.0384615384615385	27	15.384615384615385	400	5.5	0.19230769230769232	0.34615384615384615	0.03571428571428571	2.0344827586206895	59	0.8620689655172413	25	12.96551724137931	376	5.517241379310345	0.3448275862068966	0.5172413793103449	0.30833333333333335	0.15384615384615385	0.2	0.6944444444444444	0.14675907052588666	0.19078679168365267	0.6624541377904606	0.04829059829059834	-0.5	0.020000000000000018	0.5	-0.007087083320267196	-0.031990306653983835	-0.009213208316347338	1.3	0.288	4.513888888888889	0.0702614379084967	1.9649999999999999	0.025667999158426325				0	Unknown	Unknown	Normal	3.4300000000000006	0.09254206489233907	4.0	0.4	4.0600000000000005	0.11459654502353034	9.0	1.4	0.07822094089033671	0.14060302546306003	0.33253852923880295	0.4486375044078003	0.9353456357017226	0.027285604076401255	0.08798653626233477	0.3303080251654996	0.5544198344957643	1.2811924357798323	1.4	1.7142857142857142	-0.3142857142857143	0.5453074352194144	1.7746762151563742	-1.22936877993696	3.0	7.0	0.42857142857142855	0.3333333333333333	0.42857142857142855	0.2222222222222222	-0.34920634920634924	-0.23809523809523808	7.0	11.0	-4.0	2.0	3.0
2023-12-03	11:15	Nijmegen	Utrecht	2	2	D	1	0	H	11	12	6	6	11	19	3	7	1	3	0	0	2.4	3.5	2.88	2.5	3.3	2.85	2.45	3.25	2.85	2.58	3.34	2.94	2.4	3.3	2.88	2.4	3.3	2.7	2.6	3.55	2.96	2.47	3.31	2.86	1.95	1.9	1.98	1.91	1.99	1.94	1.91	1.88	0.0	1.81	2.09	1.83	2.09	1.83	2.12	1.8	2.07	2.55	3.6	2.63	2.5	3.4	2.7	2.5	3.3	2.7	2.52	3.53	2.88	2.5	3.3	2.7	2.45	3.4	2.6	2.66	3.67	2.88	2.54	3.41	2.7	1.73	2.08	1.79	2.1	1.87	2.14	1.78	2.02	0.0	1.86	2.04	1.83	2.09	1.91	2.12	1.86	1.99	eredivisie																																																									0	0	1		1	0	0	1	1	3.0	9.0	0	0	0	2023	3	9	31.0	1.0	nijmegen	1.896551724137931	55	0.4827586206896552	14	14.758620689655173	428	5.620689655172414	-0.1724137931034483	0.3793103448275862	-0.2427536231884058	1.9285714285714286	54	0.6785714285714286	19	12.964285714285714	363	4.535714285714286	0.03571428571428571	0.42857142857142855	0.17592592592592593	0.4166666666666667	0.2857142857142857	0.3472222222222222	0.3969754253308129	0.27221172022684315	0.3308128544423441	0.04960317460317443	0.0	0.0	0.20000000000000018	-0.01969124133585376	-0.016409367779878115	-0.013502565487442553	0.6857142857142857	0.8228571428571428	0.8333333333333334	0.03913630229419707	1.9249999999999998	0.030955087366835166				0	Unknown	Unknown	Normal	2.46	0.14279346208400198	3.0	-0.4	2.17	0.11730851233062323	4.0	0.6	0.14504807940095837	0.22032358148667272	0.3726541029973004	0.2619742361150686	0.5858157060641249	0.13405709912999275	0.24916014196755323	0.4298193166622739	0.18696344224018016	1.1743881886233707	0.375	1.5	-1.125	-0.35170716236045074	1.0994572537328267	-1.4511644160932775	-6.0	3.0	0.1	0.4444444444444444	0.2	0.2222222222222222	-0.6777777777777778	-0.3555555555555556	3.0	9.0	-6.0	0.0	3.0
2023-12-03	19:00	Feyenoord	Volendam	2	1	H	0	1	A	25	9	8	2	6	6	9	2	1	1	0	1	1.13	8.0	21.0	1.13	9.75	17.5	1.12	9.0	16.0	1.13	10.63	19.22	1.12	8.0	19.0	1.09	8.5	17.0	1.14	11.0	23.0	1.12	9.4	18.19	1.29	3.6	1.28	3.84	1.29	4.0	1.27	3.68	-2.5	2.0	1.9	1.97	1.92	2.02	1.95	1.95	1.89	1.14	7.5	19.0	1.14	9.0	18.0	1.12	9.0	16.0	1.12	10.59	19.87	1.11	8.0	21.0	1.09	8.5	17.0	1.16	11.0	22.0	1.12	9.12	18.64	1.29	3.6	1.31	3.58	1.35	3.75	1.29	3.49	-2.5	2.03	1.87	2.01	1.88	2.06	1.92	1.98	1.86	eredivisie																																																									1	0	0	Feyenoord	0	1	0	3	0	10.0	4.0	1	0	0	2023	10	5	90.0	1.0	feyenoord	2.5185185185185186	68	1.1851851851851851	32	20.703703703703702	559	7.148148148148148	0.9629629629629629	1.7037037037037037	0.5873015873015873	0.9583333333333334	23	0.5	12	9.166666666666666	220	3.4166666666666665	-0.875	-1.375	-0.7	0.8849557522123894	0.125	0.047619047619047616	0.8367784031478807	0.11819494944463814	0.04502664740748119	0.057574799831437096	0.009999999999999787	2.0	0.0	-0.04817734906450877	-0.0025924002115664257	-0.006805050555361861	0.14125	2.625	0.05380952380952381	0.05297157622739013	2.4450000000000003	0.02631578947368407				0	Unknown	Unknown	Normal	5.0	0.0994208408126969	10.0	1.2	2.35	0.2228852824879315	4.0	-0.6	0.021205234314259254	0.06195773828868597	0.2318922383278069	0.6849447890692478	0.8370596464610314	0.15380466112630015	0.2278909247582086	0.3785430097319003	0.23976140438359095	0.49049080497809844	1.6666666666666667	0.5555555555555556	1.1111111111111112	1.2180683834043133	0.19916530516809672	1.0189030782362165	6.0	-8.0	0.5	0.2	0.0	0.4	-0.09999999999999998	-0.8	10.0	4.0	6.0	3.0	1.0
2023-12-05	19:00	Twente	Nijmegen	4	0	H	1	0	H	26	7	11	2	16	7	7	3	2	1	0	0	1.44	4.75	6.5	1.47	4.75	6.25	1.47	4.4	6.25	1.47	5.02	6.59	1.42	4.6	6.5	1.4	4.8	7.0	1.49	5.02	7.0	1.45	4.81	6.49	1.5	2.5	1.55	2.58	1.57	2.58	1.52	2.5	-1.25	1.96	1.94	1.99	1.92	1.99	1.97	1.94	1.89	1.4	5.0	6.5	1.44	4.8	6.5	1.43	4.8	6.75	1.45	5.18	6.7	1.44	4.5	6.5	1.4	4.8	7.5	1.48	5.2	7.5	1.44	4.9	6.62	1.44	2.7	1.49	2.74	1.55	2.76	1.48	2.6	-1.25	1.92	1.98	1.93	1.98	2.0	2.02	1.92	1.91	eredivisie																																																									1	0	0	Twente	1	0	0	3	0	13.0	9.0	0	0	1	2023	14	10	3.0	24.0	twente	2.740740740740741	74	1.2592592592592593	34	21.962962962962962	593	7.7407407407407405	0.8888888888888888	1.8888888888888888	0.5333333333333333	1.3	39	0.36666666666666664	11	12.333333333333334	370	4.666666666666667	-0.16666666666666666	0.13333333333333333	-0.04761904761904761	0.6944444444444444	0.21052631578947367	0.15384615384615385	0.6558682952734998	0.19883165161975572	0.14530005310674457	0.058816914080071836	0.020000000000000018	0.0	0.15000000000000036	-0.03857614917094465	-0.008546100739409285	-0.011694664169717955	0.30315789473684207	1.368421052631579	0.22153846153846152	0.06666666666666665	2.0	0.025667999158426325				0	Unknown	Unknown	Normal	5.340000000000001	0.12244523163568441	10.0	2.2	3.07	0.1971799083753854	6.0	0.6	0.012096413433561366	0.04337000755641916	0.20572716593865142	0.738806413071368	0.8800501343973396	0.1073486634972037	0.17411157217488743	0.34130312648962297	0.3772366378382859	0.5181289471125403	2.0	1.1111111111111112	0.8888888888888888	2.1150829809841785	1.3245302408740092	0.7905527401101693	11.0	1.0	0.4444444444444444	0.3	0.0	0.4	-0.15555555555555556	-0.7	13.0	9.0	4.0	4.0	2.0
2023-12-08	19:00	Ajax	Heracles	4	1	H	1	1	D	31	7	13	2	11	14	13	4	2	5	0	0	1.2	7.0	13.0	1.18	8.0	13.5	1.2	7.5	12.0	1.19	8.58	12.96	1.12	7.0	11.0	1.17	7.0	17.0	1.2	9.0	17.0	1.18	7.73	13.26	1.33	3.4	1.35	3.28	1.39	3.4	1.34	3.2	-2.0	1.87	2.03	1.87	2.02	1.88	2.08	1.83	2.0	1.25	6.0	10.0	1.27	6.25	9.75	1.25	6.5	10.0	1.24	7.31	10.97	1.2	5.8	8.5	1.22	6.5	11.5	1.28	8.1	13.0	1.24	6.72	10.63	1.36	3.1	1.37	3.21	1.38	3.33	1.35	3.14	-1.75	1.93	1.97	1.86	2.03	1.95	2.17	1.84	1.99	eredivisie																																																									1	0	0	Ajax	0	0	1	3	0	10.0	0.0	0	0	0	2023	19	0	6.0	57.0	ajax	2.0606060606060606	68	1.0606060606060606	35	17.636363636363637	582	5.909090909090909	0.696969696969697	1.0606060606060606	0.3492063492063492	0.6	15	0.32	8	8.88	222	2.64	-0.52	-1.72	-0.6	0.8333333333333334	0.14285714285714285	0.07692307692307693	0.7913043478260869	0.13565217391304346	0.07304347826086957	0.05311355311355315	0.07999999999999985	2.0	0.0	-0.04202898550724643	-0.0038795986622073564	-0.007204968944099388	0.17142857142857143	1.8571428571428572	0.0923076923076923	0.045997346306943854	2.365	0.02737019572719368				0	Unknown	Unknown	Normal	3.5100000000000002	0.11091409452897487	9.0	1.2	2.8333333333333335	0.04694835680751174	1.0	-3.0	0.09826955308584888	0.1423931504567269	0.30573346705643145	0.4536038294009927	1.0243610887848518	0.0967607215168506	0.19708104690818803	0.38979780267691916	0.3163604288980422	0.6038484388108999	2.111111111111111	0.0	2.111111111111111	3.23635122795901	-0.9261996305378158	4.162550858496826	12.0	-9.0	0.5	0.0	0.1	0.6666666666666666	0.16666666666666663	-0.9	10.0	0.0	10.0	3.0	0.0
2023-12-08	15:30	PSV Eindhoven	Utrecht	2	0	H	1	0	H	23	7	8	1	15	14	4	2	2	1	0	0	1.36	5.0	8.5	1.36	5.25	7.75	1.37	5.0	7.25	1.37	5.75	7.93	1.3	4.75	7.0	1.36	5.0	8.0	1.38	5.9	8.7	1.36	5.21	7.94	1.5	2.5	1.49	2.71	1.52	2.72	1.49	2.58	-1.5	2.01	1.89	2.01	1.9	2.03	1.93	1.97	1.85	1.3	5.25	9.5	1.29	5.75	9.5	1.3	5.5	8.75	1.3	6.22	9.78	1.22	5.0	9.0	1.25	5.75	10.5	1.34	6.22	11.1	1.29	5.73	9.43	1.44	2.7	1.45	2.86	1.51	2.86	1.45	2.7	-1.5	1.78	2.03	1.83	2.08	1.89	2.15	1.82	2.01	eredivisie																																																									1	0	0	PSV Eindhoven	1	0	0	3	0	13.0	7.0	0	0	0	2023	13	10	5.0	5.0	psv_eindhoven	3.2962962962962963	89	1.6296296296296295	44	20.296296296296298	548	8.25925925925926	1.1851851851851851	2.4444444444444446	0.8927536231884057	1.9285714285714286	54	0.6785714285714286	19	12.964285714285714	363	4.535714285714286	0.03571428571428571	0.42857142857142855	0.17592592592592593	0.7352941176470588	0.2	0.11764705882352941	0.6983240223463686	0.18994413407821228	0.11173184357541899	0.05294117647058827	0.06000000000000005	1.5	0.25	-0.036970095300690176	-0.0059152152481104225	-0.010055865921787727	0.272	1.7	0.16	0.06666666666666665	2.0	0.026612966911474523				0	Unknown	Unknown	Normal	6.04	0.12623498177395479	15.0	3.0	2.56	0.09096042297623326	4.0	0.0	0.010796095368164425	0.038004829553228925	0.17318145328495432	0.7780176217936523	0.6701180681569313	0.08958568048106244	0.20350816207798092	0.4456599528132347	0.26124620462772186	0.94521475749722	2.1666666666666665	1.4285714285714286	0.7380952380952379	1.8908293315892124	1.3245302408740092	0.5662990907152032	15.0	3.0	0.625	0.4	0.25	0.2	-0.17500000000000004	-0.35	13.0	7.0	6.0	4.0	2.0
2023-12-08	17:45	Heerenveen	Waalwijk	3	1	H	3	0	H	19	13	9	5	9	8	7	2	0	1	0	0	1.73	4.0	4.5	1.75	4.1	4.2	1.75	3.95	4.1	1.78	4.1	4.46	1.65	3.75	4.0	1.75	4.0	4.2	1.8	4.15	4.5	1.75	4.03	4.26	1.57	2.35	1.63	2.39	1.64	2.48	1.57	2.36	-0.75	1.98	1.92	2.0	1.91	2.02	1.96	1.94	1.87	1.57	4.33	5.5	1.57	4.33	5.5	1.6	4.2	5.0	1.58	4.42	5.74	1.5	3.9	4.8	1.53	4.33	5.75	1.67	4.5	5.78	1.57	4.32	5.37	1.57	2.35	1.59	2.47	1.62	2.55	1.56	2.4	-1.0	1.95	1.95	1.96	1.94	2.09	2.0	1.94	1.9	eredivisie																																																									1	0	0	Heerenveen	1	0	0	3	0	7.0	1.0	0	0	1	2023	7	1	5.0	6.0	heerenveen	1.7692307692307692	46	1.0384615384615385	27	15.384615384615385	400	5.5	0.19230769230769232	0.34615384615384615	0.03571428571428571	1.3157894736842106	25	0.2631578947368421	5	12.210526315789474	232	4.7894736842105265	-0.8421052631578947	-1.0	-1.1736111111111112	0.5780346820809249	0.25	0.2222222222222222	0.5503745604647607	0.238036997401009	0.21158844213423023	0.05025690430314711	0.08000000000000007	0.5	0.25	-0.027660121616164157	-0.010633780087991984	-0.011963002598990996	0.4325	1.125	0.3844444444444444	0.06247459005285272	1.96	0.025883838383838453				0	Unknown	Unknown	Normal	3.5800000000000005	0.15811583538414237	5.0	0.2	2.29	0.06557377049180328	2.0	-1.6	0.047987038165621235	0.12311093954265759	0.3593430208415548	0.4695590014501665	0.9942584341389982	0.13789865389745898	0.24166161281848794	0.403589851003629	0.21684988228042407	0.6793015545789085	1.1666666666666667	0.16666666666666666	1.0	0.5453074352194144	-0.7011266433966333	1.2464340786160477	1.0	-8.0	0.375	0.14285714285714285	0.375	0.5714285714285714	-0.0535714285714286	-0.48214285714285715	7.0	1.0	6.0	2.0	0.0
2023-12-08	20:00	Zwolle	Sparta Rotterdam	1	2	A	0	1	A	20	9	7	4	8	15	7	1	2	4	0	0	2.6	3.4	2.7	2.45	3.5	2.7	2.5	3.4	2.7	2.51	3.51	2.91	2.25	3.25	2.7	2.45	3.4	2.8	2.6	3.57	2.91	2.47	3.43	2.78	1.75	2.05	1.8	2.1	1.81	2.13	1.76	2.04	0.0	1.82	2.08	1.81	2.11	1.85	2.11	1.81	2.03	2.5	3.6	2.55	2.55	3.5	2.6	2.5	3.45	2.6	2.62	3.62	2.7	2.45	3.2	2.5	2.55	3.5	2.63	2.76	3.74	2.76	2.57	3.52	2.64	1.75	2.05	1.78	2.12	1.82	2.16	1.75	2.07	0.0	1.96	1.94	1.92	1.98	1.99	2.01	1.89	1.95	eredivisie																																																									0	1	0	Sparta Rotterdam	0	1	0	0	3	3.0	8.0	0	0	0	2023	3	11	87.0	87.0	zwolle	1.2105263157894737	23	0.5263157894736842	10	13.263157894736842	252	4.526315789473684	0.05263157894736842	-0.05263157894736842	0.2166666666666667	1.2758620689655173	37	0.4482758620689655	13	11.379310344827585	330	4.137931034482759	-0.2413793103448276	-0.1724137931034483	-0.2	0.3846153846153846	0.29411764705882354	0.37037037037037035	0.36661341853035134	0.28035143769968046	0.353035143769968	0.04910340204457864	0.3500000000000001	0.0	0.1499999999999999	-0.01800196608503324	-0.017335226600402376	-0.013766209359143078	0.7647058823529412	0.7941176470588236	0.9629629629629629	0.059233449477351874	1.9	0.030219780219780112				0	Unknown	Unknown	Normal	2.3333333333333335	0.06485404412268796	3.0	-0.6666666666666666	2.3600000000000003	0.09455758686852009	2.0	0.6	0.19011382941624563	0.21328867665871756	0.34093317402444406	0.2556643199005928	0.722397260517103	0.12357023132547451	0.2341472917940665	0.41619701581767865	0.22608546106278035	0.6394692561008118	0.75	1.375	-0.625	-0.35170716236045074	1.5496032280151917	-1.9013103903756425	-2.0	3.0	0.3333333333333333	0.6	0.3333333333333333	0.4	-0.26666666666666666	-0.06666666666666676	3.0	8.0	-5.0	1.0	2.0
2023-12-11	11:15	PSV Eindhoven	Zwolle	4	0	H	2	0	H	21	3	6	2	8	7	12	0	0	2	0	0	1.1	11.0	21.0	1.1	11.5	21.0	1.1	10.0	19.0	1.1	12.68	22.26	1.06	10.0	21.0	1.06	10.0	20.0	1.1	14.0	28.0	1.09	11.03	22.12	1.22	4.2	1.24	4.09	1.24	4.33	1.22	4.01	-2.75	1.99	1.91	1.98	1.89	2.02	1.92	1.95	1.86	1.07	13.0	26.0	1.08	13.0	31.0	1.07	12.0	23.0	1.07	15.68	32.0	1.03	11.0	29.0	1.06	12.0	26.0	1.09	17.0	34.0	1.07	12.9	27.7	1.18	4.5	1.18	5.0	1.23	5.05	1.18	4.59	-3.0	1.96	1.94	1.89	1.97	2.19	1.97	1.94	1.89	eredivisie																																																									1	0	0	PSV Eindhoven	1	0	0	3	0	15.0	6.0	0	0	0	2023	16	6	3.0	302.0	psv_eindhoven	3.2962962962962963	89	1.6296296296296295	44	20.296296296296298	548	8.25925925925926	1.1851851851851851	2.4444444444444446	0.8927536231884057	1.25	30	0.4166666666666667	10	9.666666666666666	232	3.7916666666666665	-0.5	-1.1666666666666667	-0.4230769230769231	0.9090909090909091	0.09090909090909091	0.047619047619047616	0.8677685950413222	0.08677685950413223	0.04545454545454545	0.04761904761904767	0.040000000000000036	0.0	1.0	-0.04132231404958686	-0.0021645021645021675	-0.004132231404958678	0.1	1.9090909090909092	0.05238095238095238	0.05776736924277914	2.71	0.026072772238153963				0	Unknown	Unknown	Normal	6.4399999999999995	0.1435509990899721	13.0	3.4	3.983333333333333	0.15925461749775296	8.0	1.6666666666666667	0.003005604202555992	0.016293005566049033	0.12796943227350926	0.8527319579578858	0.6747700472679291	0.028272988596643695	0.09346369338988031	0.343625849747711	0.534637468265765	0.9579332296236709	2.2857142857142856	1.5	0.7857142857142856	2.563590279774111	0.42423829230927923	2.1393519874648317	17.0	5.0	0.6666666666666666	0.3333333333333333	0.2222222222222222	0.0	-0.33333333333333337	-0.4444444444444445	15.0	6.0	9.0	5.0	2.0
2023-12-11	13:30	Volendam	Sparta Rotterdam	1	4	A	1	2	A	17	16	1	7	4	10	3	5	0	1	0	0	3.25	3.6	2.15	3.1	3.8	2.1	3.1	3.7	2.1	3.28	3.9	2.14	3.1	3.75	2.0	3.1	3.6	2.05	3.31	3.94	2.15	3.18	3.75	2.1	1.6	2.3	1.65	2.33	1.66	2.38	1.61	2.31	0.25	2.04	1.86	2.04	1.88	2.06	1.88	1.98	1.83	3.0	3.75	2.2	3.0	3.7	2.2	2.95	3.65	2.2	3.16	3.83	2.22	2.88	3.6	2.15	3.1	3.7	2.15	3.26	3.84	2.27	3.04	3.68	2.19	1.62	2.25	1.65	2.33	1.68	2.33	1.62	2.27	0.25	1.96	1.94	1.96	1.94	2.01	1.98	1.91	1.91	eredivisie																																																									0	1	0	Sparta Rotterdam	0	1	0	0	3	7.0	10.0	0	0	0	2023	7	14	33.0	3.0	volendam	1.1818181818181819	26	0.36363636363636365	8	12.590909090909092	277	4.045454545454546	-0.45454545454545453	-1.2272727272727273	-0.16666666666666666	1.2758620689655173	37	0.4482758620689655	13	11.379310344827585	330	4.137931034482759	-0.2413793103448276	-0.1724137931034483	-0.2	0.3076923076923077	0.2777777777777778	0.46511627906976744	0.29287673824614513	0.2644026109166588	0.4427206508371961	0.05058636453985299	0.1499999999999999	0.1499999999999999	-0.1499999999999999	-0.01481556944616258	-0.022395628232571352	-0.013375166861119003	0.9027777777777778	0.5972222222222222	1.5116279069767442	0.05978260869565233	1.95	0.027830487033523088				0	Unknown	Unknown	Normal	2.75	0.11115286416245114	5.0	0.0	2.5200000000000005	0.13851363082456405	4.0	0.8	0.13118250868940834	0.22217927113384728	0.3526799373518606	0.2939582828248838	0.735525294152841	0.0989959680403493	0.21332731186202722	0.4345891601494586	0.2530875599481649	0.6440711410980278	1.0	1.5555555555555556	-0.5555555555555556	0.5453074352194144	2.2248221894387394	-1.679514754219325	-5.0	4.0	0.1	0.5	0.4	0.3	-0.6	-0.09999999999999998	7.0	10.0	-3.0	2.0	3.0
2023-12-11	13:30	Almere City	Ajax	2	2	D	0	0	D	13	22	5	13	12	10	4	6	5	2	0	0	5.0	4.75	1.53	5.5	4.6	1.52	5.25	4.6	1.53	5.43	4.87	1.56	5.5	4.5	1.44	5.25	4.33	1.5	6.0	5.0	1.56	5.37	4.68	1.52	1.48	2.6	1.51	2.65	1.52	2.72	1.47	2.62	1.0	2.02	1.88	2.02	1.88	2.14	1.93	2.0	1.84	5.25	4.75	1.53	5.25	4.6	1.53	5.25	4.6	1.53	5.52	4.94	1.54	5.5	4.5	1.44	5.5	4.6	1.5	5.8	5.0	1.57	5.4	4.7	1.52	1.4	2.88	1.46	2.82	1.49	3.0	1.44	2.76	1.0	2.04	1.86	2.06	1.85	2.06	1.91	2.01	1.83	eredivisie																																																									0	0	1		0	0	1	1	1	3.0	13.0	0	0	0	2023	3	15	154.0	8.0	almere_city	0.8666666666666667	13	0.3333333333333333	5	13.533333333333333	203	3.533333333333333	-0.4	-0.8666666666666667	-0.6666666666666666	2.0344827586206895	59	0.8620689655172413	25	12.96551724137931	376	5.517241379310345	0.3448275862068966	0.5172413793103449	0.30833333333333335	0.2	0.21052631578947367	0.6535947712418301	0.18794853559190536	0.19784056378095297	0.6142109006271417	0.06412108703130381	-0.5	0.09000000000000008	0.25	-0.012051464408094653	-0.0393838706146884	-0.012685752008520707	1.0526315789473684	0.32210526315789473	3.2679738562091503	0.06029106029106024	2.04	0.026964398567516312				0	Unknown	Unknown	Normal	2.9749999999999996	0.0771292598873147	2.0	0.0	4.220000000000001	0.1756652473136067	8.0	1.8	0.07448840751680431	0.17142500349681788	0.4047050789650708	0.349381510021307	0.8043801683618264	0.019105542425599704	0.0720580991639029	0.3188876060942643	0.5899487523162331	1.336807882211278	1.0	1.875	-0.875	-0.35170716236045074	2.449895176579922	-2.8016023389403726	0.0	9.0	0.5	0.3	0.0	0.2	-0.30000000000000004	-0.7	3.0	13.0	-10.0	1.0	4.0
2023-12-11	15:45	Feyenoord	AZ Alkmaar	1	0	H	1	0	H	10	7	5	1	8	13	2	0	2	1	0	0	1.55	4.5	5.25	1.57	4.33	5.25	1.55	4.3	5.25	1.57	4.62	5.58	1.5	4.33	5.0	1.5	4.2	5.5	1.59	4.7	5.75	1.55	4.41	5.36	1.57	2.35	1.63	2.39	1.64	2.45	1.58	2.34	-1.0	1.93	1.97	1.93	1.97	1.96	1.99	1.9	1.92	1.5	4.5	6.0	1.47	4.6	6.25	1.5	4.5	6.0	1.5	4.71	6.66	1.4	4.6	6.0	1.45	4.6	6.5	1.54	4.9	7.0	1.48	4.58	6.32	1.65	2.2	1.67	2.3	1.68	2.47	1.6	2.3	-1.0	1.78	2.03	1.78	2.13	1.85	2.16	1.77	2.09	eredivisie																																																									1	0	0	Feyenoord	1	0	0	3	0	13.0	7.0	0	0	0	2023	13	13	8.0	123.0	feyenoord	2.5185185185185186	68	1.1851851851851851	32	20.703703703703702	559	7.148148148148148	0.9629629629629629	1.7037037037037037	0.5873015873015873	1.3103448275862069	38	0.7931034482758621	23	12.862068965517242	373	5.206896551724138	0.3793103448275862	0.10344827586206896	0.4230769230769231	0.6451612903225806	0.2222222222222222	0.19047619047619047	0.6098741529525653	0.21006776379477252	0.18005808325266215	0.0578597030209933	0.050000000000000044	0.25	0.16999999999999993	-0.03528713737001532	-0.010418107223528317	-0.012154458427449694	0.34444444444444444	1.1666666666666667	0.29523809523809524	0.06247459005285272	1.96	0.02574892822387631				0	Unknown	Unknown	Normal	5.57	0.10117269862965603	10.0	1.6	3.02	0.07629329358642543	3.0	0.2	0.004944835795767199	0.024964970445319267	0.17658554219343778	0.7935046515654757	0.9085516085065095	0.06792242848090466	0.17150415240530817	0.41754505983635426	0.3430283592774329	1.1818754263604347	1.8571428571428572	1.625	0.2321428571428572	1.8908293315892124	1.999749202297557	-0.10891987070834452	7.0	4.0	0.4444444444444444	0.4	0.0	0.1	-0.4555555555555556	-0.6	13.0	7.0	6.0	4.0	1.0
2023-12-11	19:00	Utrecht	Excelsior	2	2	D	0	0	D	13	12	6	6	6	11	13	2	0	1	0	0	1.8	3.8	4.2	1.8	3.9	4.0	1.8	3.8	4.0	1.73	3.84	4.0	1.7	3.9	4.0	1.73	3.75	4.1	1.82	4.2	4.5	1.78	3.93	4.15	1.67	2.15	1.6	2.21	1.67	2.36	1.63	2.25	-0.75	2.05	1.85	1.94	1.8	2.11	1.88	1.99	1.83	1.5	4.5	6.0	1.51	4.5	5.75	1.53	4.4	5.75	1.53	4.63	6.18	1.5	4.33	5.5	1.5	4.5	5.75	1.55	4.7	6.53	1.51	4.52	5.95	1.53	2.4	1.58	2.49	1.61	2.5	1.56	2.41	-1.0	1.82	2.08	1.83	2.09	1.87	2.15	1.81	2.04	eredivisie																																																									0	0	1		0	0	1	1	1	6.0	1.0	0	0	0	2023	7	2	132.0	38.0	utrecht	1.6774193548387097	52	0.5161290322580645	16	14.741935483870968	457	5.483870967741935	0.12903225806451613	0.6451612903225806	-7.93016446160826e-18	1.2272727272727273	27	0.6818181818181818	15	9.545454545454545	210	4.090909090909091	-0.5454545454545454	-1.4545454545454546	-0.5625	0.5555555555555556	0.2631578947368421	0.23809523809523808	0.5256916996047432	0.24901185770750986	0.225296442687747	0.05680868838763575	0.10000000000000009	0.20000000000000018	-0.10000000000000009	-0.029863855950812424	-0.01279879540749107	-0.014146037029332231	0.4736842105263158	1.105263157894737	0.42857142857142855	0.06391867427934828	1.91	0.028345418589321048				0	Unknown	Unknown	Normal	2.62	0.10786540019473922	3.0	-0.6	1.8200000000000003	0.07843137254901963	2.0	-2.6	0.12988596451370832	0.19343908814754096	0.3804980022735538	0.2961769450651969	0.8179180297710463	0.22254758547891812	0.2710023993530693	0.36142134912158885	0.14502866604642387	0.37484551549930645	0.875	0.25	0.625	0.5453074352194144	-0.4760536562554508	1.0213610914748652	-4.0	-15.0	0.3	0.2	0.1	0.4	-0.3	-0.7	6.0	1.0	5.0	1.0	0.0
2024-01-03	19:00	Volendam	Nijmegen	2	5	A	0	3	A	14	20	6	11	6	10	7	5	2	2	0	0	5.25	4.5	1.55	5.25	4.2	1.58				5.32	4.48	1.61	4.8	4.2	1.6	5.5	4.33	1.55	5.5	4.5	1.61	5.2	4.33	1.58	1.53	2.4	1.6	2.46	1.61	2.56	1.57	2.39	1.0	1.93	1.97	1.93	1.97	1.95	2.03	1.88	1.95	5.25	4.5	1.55	5.25	4.2	1.6				5.51	4.47	1.6	4.8	4.2	1.6	5.5	4.33	1.55	5.7	4.62	1.65	5.2	4.29	1.59	1.6	2.3	1.63	2.38	1.68	2.44	1.61	2.31	1.0	1.95	1.95	1.95	1.95	2.0	2.07	1.87	1.97	eredivisie																																																									0	1	0	Nijmegen	0	1	0	0	3	7.0	6.0	0	0	1	2024	0	0	23.0	29.0	volendam	1.1818181818181819	26	0.36363636363636365	8	12.590909090909092	277	4.045454545454546	-0.45454545454545453	-1.2272727272727273	-0.16666666666666666	1.3	39	0.36666666666666664	11	12.333333333333334	370	4.666666666666667	-0.16666666666666666	0.13333333333333333	-0.04761904761904761	0.19047619047619047	0.2222222222222222	0.6451612903225806	0.18005808325266215	0.21006776379477252	0.6098741529525653	0.0578597030209933	0.4500000000000002	-0.050000000000000044	0.2999999999999998	-0.010418107223528317	-0.03528713737001532	-0.012154458427449694	1.1666666666666667	0.34444444444444444	3.3870967741935485	0.0702614379084967	1.9649999999999999	0.02574892822387631				0	Unknown	Unknown	Normal	2.88	0.12284877059519968	3.0	-0.2	3.13	0.0996189327656293	6.0	-0.4	0.10761009661864789	0.2059134317011972	0.37286128289261755	0.31361518878753736	0.6831686570945659	0.09009383954590912	0.1699270836649597	0.35714575218316436	0.38283332460596686	0.4836968136556898	0.0	0.0	0.0	-1.062871318473028	-0.9078149076094607	-0.15505641086356736	0.0	0.0	0.1	0.2	0.3	0.4	-0.5	-0.49999999999999994	7.0	6.0	1.0	2.0	1.0
2024-01-09	11:15	Utrecht	Twente	2	1	H	1	1	D	7	15	4	7	10	6	5	4	0	2	0	0	2.88	3.5	2.4	2.85	3.4	2.4				2.92	3.48	2.38	2.8	3.5	2.38				2.98	3.55	2.42	2.86	3.46	2.38	1.83	2.03	1.83	2.01	1.88	2.06	1.81	1.99	0.25	1.8	2.1	1.8	2.07	1.83	2.12	1.78	2.04	2.8	3.5	2.5	2.75	3.4	2.45				2.85	3.51	2.52	2.62	3.5	2.5				2.85	3.55	2.61	2.76	3.44	2.48	1.83	2.03	1.85	2.05	1.91	2.07	1.79	2.0	0.0	2.08	1.82	2.08	1.84	2.08	1.89	2.03	1.84	eredivisie	2.8	3.3	2.4	2.87	3.54	2.37	2.96	3.45	2.52	1.83	2.0	1.8	2.16	2.63	3.25	2.4	2.74	3.54	2.61	2.88	3.55	2.64	1.87	2.1	2.11	1.88																															1	0	0	Utrecht	0	0	1	3	0	7.0	11.0	0	0	1	2024	0	0	29.0	67.0	utrecht	1.6774193548387097	52	0.5161290322580645	16	14.741935483870968	457	5.483870967741935	0.12903225806451613	0.6451612903225806	-7.93016446160826e-18	1.6774193548387097	52	0.8387096774193549	26	13.387096774193548	415	4.354838709677419	0.25806451612903225	0.4838709677419355	0.15789473684210525	0.3472222222222222	0.2857142857142857	0.4166666666666667	0.33081285444234404	0.2722117202268431	0.39697542533081287	0.04960317460317465	0.08000000000000007	0.020000000000000018	0.0	-0.01640936777987817	-0.019691241335853815	-0.013502565487442608	0.8228571428571428	0.6857142857142857	1.2	0.03905892487011764	1.93	0.03174603174603163				0	Unknown	Unknown	Normal	3.13	0.0991840650652676	4.0	0.2	2.53	0.15386990155737734	9.0	1.8	0.051077632116028206	0.1434723732892792	0.4231706670956501	0.38227932749904253	0.9691965309663036	0.1309202969398612	0.21307087987307413	0.3806869043906406	0.2753219187964241	0.9912330988585655	0.0	0.0	0.0	-1.062871318473028	-0.9078149076094607	-0.15505641086356736	0.0	0.0	0.3	0.5	0.1	0.1	-0.6000000000000001	-0.4	7.0	11.0	-4.0	1.0	3.0
2024-01-09	13:30	Zwolle	Heracles	3	0	H	1	0	H	16	10	5	4	14	16	4	4	1	2	0	0	2.0	3.8	3.5	2.05	3.7	3.4				2.02	3.59	3.58	2.0	3.7	3.3				2.06	3.8	3.68	2.01	3.65	3.49	1.7	2.1	1.74	2.12	1.79	2.19	1.71	2.11	-0.5	2.05	1.85	2.03	1.83	2.06	1.87	2.01	1.83	2.05	3.75	3.4	2.05	3.6	3.5				2.09	3.61	3.58	2.0	3.6	3.4				2.11	3.78	3.66	2.05	3.58	3.47	1.75	2.05	1.81	2.08	1.9	2.11	1.78	2.03	-0.5	2.07	1.83	2.1	1.82	2.11	1.84	2.05	1.8	eredivisie	2.0	3.6	3.5	2.03	3.75	3.43	2.04	3.55	3.85	1.73	2.12	2.04	1.86	1.95	3.4	3.4	2.09	3.78	3.47	2.1	3.75	3.75	1.84	2.14	2.11	1.89																															1	0	0	Zwolle	1	0	0	3	0	3.0	0.0	0	0	0	2024	0	0	32.0	32.0	zwolle	1.2105263157894737	23	0.5263157894736842	10	13.263157894736842	252	4.526315789473684	0.05263157894736842	-0.05263157894736842	0.2166666666666667	0.6	15	0.32	8	8.88	222	2.64	-0.52	-1.72	-0.6	0.5	0.2631578947368421	0.2857142857142857	0.4767025089605736	0.2508960573476703	0.2724014336917563	0.04887218045112762	0.0	0.20000000000000018	0.09999999999999964	-0.02329749103942641	-0.013312852022529409	-0.012261837389171804	0.5263157894736842	0.9210526315789475	0.5714285714285714	0.06442577030812324	1.9	0.028345418589321048				0	Unknown	Unknown	Normal	2.8625	0.061078344037289595	2.0	-0.75	2.475	0.07042253521126761	2.0	-3.0	0.1455050138047831	0.17295891324860313	0.32748833581470205	0.3540477371319118	0.7907203880640254	0.13421978212303956	0.2341197225607033	0.38095886105070664	0.2507016342655505	0.45972533934208765	0.0	0.0	0.0	-1.062871318473028	-0.9078149076094607	-0.15505641086356736	0.0	0.0	0.25	0.0	0.25	0.5	-0.25	-0.75	3.0	0.0	3.0	1.0	0.0
2024-01-09	15:45	PSV Eindhoven	Go Ahead Eagles	3	0	H	2	0	H	19	9	8	2	7	8	5	3	0	3	0	0	1.13	9.5	19.0	1.13	10.0	16.0				1.1	11.19	16.77	1.1	9.0	19.0				1.17	12.0	21.0	1.11	10.07	17.24	1.22	4.2	1.21	4.36	1.33	4.5	1.22	4.04	-2.5	1.91	1.99	1.88	1.95	1.96	2.01	1.88	1.95	1.13	9.5	19.0	1.12	11.0	18.5				1.11	11.97	19.81	1.08	10.0	21.0				1.17	12.0	23.0	1.11	10.33	18.74	1.22	4.2	1.21	4.66	1.33	4.8	1.21	4.27	-2.75	2.03	1.78	2.08	1.81	2.11	1.83	2.03	1.8	eredivisie	1.08	10.5	19.0	1.11	9.8	20.0	1.1	10.0	8.2	1.01	1.34			1.06	10.0	18.0	1.14	9.88	20.0	1.12	12.5	28.0	1.23	5.0	2.1	1.87																															1	0	0	PSV Eindhoven	1	0	0	3	0	15.0	6.0	0	0	0	2024	0	0	29.0	38.0	psv_eindhoven	3.2962962962962963	89	1.6296296296296295	44	20.296296296296298	548	8.25925925925926	1.1851851851851851	2.4444444444444446	0.8927536231884057	1.2142857142857142	34	0.5714285714285714	16	11.821428571428571	331	3.7142857142857144	-0.07142857142857142	-0.25	-0.25	0.8849557522123894	0.10526315789473684	0.05263157894736842	0.8485931219294327	0.10093791871371147	0.05046895935685573	0.042850489054494734	0.029999999999999805	0.0	0.5	-0.03636263028295672	-0.002162619590512685	-0.00432523918102537	0.11894736842105262	2.0	0.05947368421052631	0.05776736924277914	2.71	0.026072772238153963				0	Unknown	Unknown	Normal	6.12	0.16817665448824956	11.0	3.8	2.6	0.06397796700427194	2.0	-0.6	0.005399208617576373	0.02537732659061437	0.16157960342124725	0.8076438613705619	0.8239284735115499	0.1207161030219623	0.20888175224759378	0.38648491346660846	0.2839172312638355	0.6158768857866512	0.0	0.0	0.0	-1.062871318473028	-0.9078149076094607	-0.15505641086356736	0.0	0.0	0.7	0.2	0.2	0.2	-0.10000000000000009	-0.6000000000000001	15.0	6.0	9.0	5.0	2.0
2024-01-12	15:45	Nijmegen	Ajax	1	2	A	1	1	D	21	8	8	6	13	21	7	1	1	5	0	0	4.33	4.0	1.7	4.4	4.0	1.73				4.7	3.95	1.7	4.33	3.9	1.73				4.75	4.1	1.75	4.48	3.94	1.71	1.67	2.15	1.7	2.18	1.72	2.25	1.68	2.17	0.75	1.95	1.95	1.94	1.9	1.98	1.97	1.9	1.89	4.2	3.9	1.75	4.2	3.9	1.78				4.32	3.85	1.84	4.33	3.8	1.73				5.06	4.02	1.84	4.38	3.85	1.76	1.67	2.15	1.72	2.2	1.75	2.28	1.68	2.18	0.75	1.79	1.99	1.83	2.08	2.01	2.09	1.86	1.97	eredivisie	4.4	3.9	1.73	4.39	3.98	1.75	4.7	3.95	1.76	1.68	2.2			4.33	3.7	1.7	4.61	4.0	1.77	4.6	4.1	1.85	1.76	2.26	1.89	2.07																															0	1	0	Ajax	0	0	1	0	3	4.0	11.0	0	1	1	2024	0	0	40.0	32.0	nijmegen	1.896551724137931	55	0.4827586206896552	14	14.758620689655173	428	5.620689655172414	-0.1724137931034483	0.3793103448275862	-0.2427536231884058	2.0344827586206895	59	0.8620689655172413	25	12.96551724137931	376	5.517241379310345	0.3448275862068966	0.5172413793103449	0.30833333333333335	0.23094688221709006	0.25	0.5882352941176471	0.2160033035799371	0.23382357612528193	0.550173120294781	0.06918217633473711	0.0	-0.030000000000000027	0.10000000000000009	-0.014943578637152954	-0.03806217382286603	-0.01617642387471807	1.0825	0.425	2.547058823529412	0.06391867427934828	1.91	0.025641025641025772				0	Unknown	Unknown	Normal	2.75	0.15066048403553095	3.0	-0.2	4.430000000000001	0.1756652473136067	7.0	1.6	0.11844573150654258	0.1855905118251713	0.37465553541556107	0.32130822125272507	0.7187193268982368	0.01867052525826368	0.06982438603045374	0.30469975084217105	0.6068053378691116	1.248706565789788	0.0	0.0	0.0	-1.062871318473028	-0.9078149076094607	-0.15505641086356736	0.0	0.0	0.1	0.3	0.1	0.2	-0.7000000000000001	-0.6000000000000001	4.0	11.0	-7.0	0.0	3.0
2024-01-12	11:15	Utrecht	PSV Eindhoven	2	5	A	1	1	D	10	13	3	8	9	11	4	6	2	4	0	0	6.5	4.33	1.5	5.75	4.4	1.53				5.93	4.53	1.5	5.8	4.4	1.5				6.5	4.65	1.55	5.86	4.47	1.5	1.53	2.4	1.56	2.46	1.58	2.55	1.54	2.42	1.0	2.08	1.82	2.05	1.81	2.09	1.85	2.02	1.79	6.25	4.75	1.45	6.0	4.8	1.47				6.91	4.82	1.46	6.5	4.8	1.4				6.91	5.0	1.51	6.41	4.78	1.45	1.4	2.88	1.44	2.91	1.51	3.0	1.41	2.83	1.25	1.92	1.98	1.94	1.96	1.96	2.01	1.89	1.94	eredivisie	6.0	4.4	1.47	5.6	4.55	1.53	6.4	4.9	1.54	1.57	2.54	1.97	1.77	6.5	4.75	1.4	6.66	4.88	1.48	7.2	5.2	1.49	1.46	3.15	1.99	1.96																															0	1	0	PSV Eindhoven	0	0	1	0	3	9.0	13.0	0	0	0	2024	3	0	3.0	155.0	utrecht	1.6774193548387097	52	0.5161290322580645	16	14.741935483870968	457	5.483870967741935	0.12903225806451613	0.6451612903225806	-7.93016446160826e-18	2.5806451612903225	80	1.0	31	17.806451612903224	552	6.870967741935484	0.5161290322580645	1.5161290322580645	0.32666666666666666	0.15384615384615385	0.23094688221709006	0.6666666666666666	0.14631673800405498	0.2196440639783735	0.6340391980175715	0.05145970272991063	0.7000000000000002	0.0	-0.07000000000000028	-0.007529415842098874	-0.03262746864909516	-0.011302818238716567	1.5011547344110854	0.3464203233256351	4.333333333333333	0.0702614379084967	1.9649999999999999	0.030219780219780112				0	Unknown	Unknown	Normal	2.97	0.14227706012169888	5.0	0.4	4.890000000000001	0.13624339873828287	6.0	2.4	0.06456427375534315	0.1629906055228154	0.42396967949094827	0.34847544123089313	1.0052884579946528	0.03261502739203424	0.08327018586794507	0.2514582666084618	0.6326565201315588	0.793118293080924	1.5	0.0	1.5	-0.4776777168281961	-0.9078149076094607	0.4301371907812646	1.0	0.0	0.3	0.6	0.1	0.0	-0.7	-0.30000000000000004	9.0	13.0	-4.0	2.0	4.0
2024-01-12	13:30	AZ Alkmaar	Heracles	1	0	H	0	0	D	20	7	5	2	8	16	8	1	0	3	0	0	1.33	5.25	8.5	1.34	5.25	8.25				1.33	5.52	7.9	1.33	5.0	8.5				1.36	5.6	9.0	1.33	5.32	8.03	1.53	2.4	1.56	2.47	1.59	2.52	1.54	2.4	-1.5	2.0	1.9	1.95	1.9	2.03	1.92	1.96	1.86	1.4	5.0	7.5	1.4	5.0	7.25				1.41	4.93	7.98	1.36	5.0	7.5				1.43	5.1	8.5	1.39	4.9	7.61	1.53	2.4	1.57	2.51	1.61	2.55	1.55	2.44	-1.25	1.88	2.02	1.86	2.05	1.92	2.05	1.85	1.98	eredivisie	1.3	5.0	8.5	1.35	5.25	8.2	1.36	5.8	9.2	1.59	2.52			1.36	4.75	7.5	1.43	5.08	7.62	1.43	5.1	9.0	1.6	2.62	1.91	2.07																															1	0	0	AZ Alkmaar	0	0	1	3	0	10.0	0.0	0	0	0	2024	0	0	70.0	3.0	az_alkmaar	1.8666666666666667	56	0.9666666666666667	29	17.266666666666666	518	6.3	0.4666666666666667	0.9333333333333333	0.3083333333333333	0.6	15	0.32	8	8.88	222	2.64	-0.52	-1.72	-0.6	0.7518796992481203	0.19047619047619047	0.11764705882352941	0.7093184979137691	0.17969401947148816	0.1109874826147427	0.06000294854784016	0.0	0.0	0.25	-0.04256120133435115	-0.0066595762087867105	-0.010782171004702301	0.25333333333333335	1.619047619047619	0.15647058823529414	0.0702614379084967	1.9649999999999999	0.02631578947368407				0	Unknown	Unknown	Normal	3.53	0.14150908052958888	10.0	1.6	2.46	0.056338028169014086	1.0	-3.0	0.05285678217087468	0.1361689480925597	0.3717682816233758	0.4392059881131899	1.0885932338980766	0.12551941635631417	0.23084039562748063	0.3988234628110282	0.24481672520517703	0.5128035554585209	0.0	0.0	0.0	-1.062871318473028	-0.9078149076094607	-0.15505641086356736	0.0	-3.0	0.4	0.0	0.1	0.6	0.0	-0.9	10.0	0.0	10.0	3.0	0.0
2024-01-12	13:30	Twente	Go Ahead Eagles	3	2	H	1	2	A	26	9	8	4	8	6	12	0	1	2	0	0	1.57	4.5	5.25	1.57	4.2	5.5				1.55	4.29	5.59	1.53	4.2	5.5				1.59	4.5	5.7	1.55	4.28	5.45	1.7	2.1	1.72	2.15	1.76	2.2	1.7	2.12	-1.0	1.99	1.91	1.94	1.91	2.0	1.92	1.93	1.88	1.67	4.33	4.5	1.71	3.9	4.6				1.7	4.09	4.89	1.65	4.0	4.6				1.72	4.42	5.2	1.67	4.03	4.8	1.65	2.2	1.68	2.27	1.77	2.28	1.68	2.17	-0.75	1.88	2.02	1.89	2.01	1.92	2.07	1.85	1.98	eredivisie	1.5	4.33	5.5	1.57	4.3	5.5	1.57	4.4	6.0	1.72	2.2			1.67	3.9	5.0	1.68	4.42	4.76	1.73	4.1	5.4	1.72	2.34	1.92	2.07																															1	0	0	Twente	0	1	0	3	0	13.0	6.0	0	0	1	2024	0	0	38.0	3.0	twente	2.740740740740741	74	1.2592592592592593	34	21.962962962962962	593	7.7407407407407405	0.8888888888888888	1.8888888888888888	0.5333333333333333	1.2142857142857142	34	0.5714285714285714	16	11.821428571428571	331	3.7142857142857144	-0.07142857142857142	-0.25	-0.25	0.6369426751592356	0.2222222222222222	0.19047619047619047	0.6068194952802928	0.2117125794644577	0.18146792525524946	0.049641087857648314	0.040000000000000036	-0.25	0.2999999999999998	-0.030123179878942863	-0.009008265220941003	-0.010509642757764504	0.3488888888888889	1.1666666666666667	0.29904761904761906	0.06442577030812324	1.9	0.026072772238153963				0	Unknown	Unknown	Normal	6.0200000000000005	0.13319607511941517	10.0	2.6	2.35	0.05292824324736587	2.0	-0.6	0.002940732989080424	0.01651993727549291	0.1375940336123467	0.8429452961230799	0.6046767550929403	0.1495265424459257	0.2405173751072256	0.3741171298837982	0.2358389525630505	0.5478797481620667	0.0	0.0	0.0	-1.062871318473028	-0.9078149076094607	-0.15505641086356736	0.0	-3.0	0.5	0.2	0.0	0.3	-0.19999999999999996	-0.8	13.0	6.0	7.0	4.0	2.0
2024-02-02	19:00	Almere City	Excelsior	2	1	H	1	1	D	11	8	2	4	9	14	7	3	1	3	0	0	2.15	3.25	3.5	2.15	3.4	3.3				2.2	3.39	3.6	2.0	3.5	3.2	2.1	3.4	3.5	2.27	3.5	3.65	2.15	3.39	3.43	2.05	1.8	2.06	1.84	2.09	1.88	2.0	1.81	-0.25	1.86	2.04	1.88	2.03	1.92	2.04	1.84	1.99	2.25	3.2	3.4	2.2	3.3	3.25				2.28	3.4	3.38	2.05	3.4	3.2	2.15	3.4	3.3	2.28	3.5	3.41	2.2	3.37	3.31	2.05	1.75	2.04	1.85	2.09	1.87	1.98	1.82	-0.25	1.95	1.95	1.95	1.95	1.98	1.98	1.89	1.93	eredivisie																																																									1	0	0	Almere City	0	0	1	3	0	4.0	1.0	0	0	0	2024	0	0	53.0	53.0	almere_city	0.8666666666666667	13	0.3333333333333333	5	13.533333333333333	203	3.533333333333333	-0.4	-0.8666666666666667	-0.6666666666666666	1.2272727272727273	27	0.6818181818181818	15	9.545454545454545	210	4.090909090909091	-0.5454545454545454	-1.4545454545454546	-0.5625	0.46511627906976744	0.3076923076923077	0.2857142857142857	0.43940125543215836	0.2906808305166586	0.269917914051183	0.0585228724763609	0.1499999999999999	0.2999999999999998	-0.25	-0.02571502363760908	-0.015796371663102715	-0.017011477175649103	0.6615384615384615	1.0769230769230769	0.6142857142857142	0.04336043360433606	1.9249999999999998	0.027830487033523088				0	Unknown	Unknown	Normal	3.0	0.1023100918332734	4.0	0.0	1.9100000000000001	0.11148922378868904	2.0	-2.6	0.06544524647491652	0.1624315754622052	0.4178792851211006	0.3542438929417777	0.5753829278383978	0.2183553547841984	0.26237402693922973	0.3541505678718389	0.165120050404733	0.44432963458010244	0.0	0.0	0.0	-1.062871318473028	-0.9078149076094607	-0.15505641086356736	0.0	0.0	0.3333333333333333	0.2	0.0	0.4	-0.26666666666666666	-0.8	4.0	1.0	3.0	1.0	0.0
2024-02-03	20:00	Sparta Rotterdam	AZ Alkmaar	1	1	D	0	1	A	14	15	6	4	18	5	5	6	0	2	0	0	3.8	3.8	1.85	4.1	3.7	1.85				4.37	3.67	1.89	4.0	3.6	1.83	4.1	3.6	1.85	4.37	3.8	1.9	4.08	3.64	1.86	1.93	1.93	2.0	1.89	2.0	1.93	1.93	1.86	0.5	2.02	1.88	2.01	1.89	2.02	1.9	1.98	1.86	3.5	3.5	2.0	3.6	3.5	2.0				3.84	3.57	2.04	3.75	3.5	1.95	3.6	3.5	2.0	3.84	3.64	2.11	3.63	3.5	2.02	1.95	1.9	1.95	1.93	2.02	1.94	1.92	1.87	0.5	1.86	2.04	1.87	2.04	1.88	2.1	1.82	2.02	eredivisie																																																									0	0	1		0	1	0	1	1	6.0	6.0	0	0	0	2024	0	0	63.0	54.0	sparta_rotterdam	1.3571428571428572	38	0.5	14	14.857142857142858	416	5.107142857142857	0.10714285714285714	0.0	0.2156862745098039	1.3103448275862069	38	0.7931034482758621	23	12.862068965517242	373	5.206896551724138	0.3793103448275862	0.10344827586206896	0.4230769230769231	0.2631578947368421	0.2631578947368421	0.5405405405405405	0.24666666666666667	0.24666666666666667	0.5066666666666666	0.06685633001422464	-0.20000000000000018	0.020000000000000018	0.19999999999999973	-0.016491228070175418	-0.03387387387387386	-0.016491228070175418	1.0	0.48684210526315796	2.054054054054054	0.0362694300518136	1.93	0.026964398567516312				0	Unknown	Unknown	Normal	3.25	0.06065477612913036	5.0	-0.6	2.2	0.06634304483020653	2.0	0.0	0.15954180847917004	0.14835933292073264	0.2661851170908448	0.42591374150925254	0.559589203391198	0.13675009735776728	0.23901769285000335	0.427842589512302	0.19638962027992737	1.1504435263661592	0.0	0.0	0.0	-1.062871318473028	-0.9078149076094607	-0.15505641086356736	0.0	0.0	0.1	0.4	0.2	0.2	-0.7000000000000001	-0.4	6.0	6.0	0.0	2.0	1.0
2024-02-03	19:00	Vitesse	Twente	1	2	A	1	1	D	6	15	3	5	13	11	2	8	0	2	0	0	5.25	4.0	1.62	5.25	4.1	1.6				5.53	4.15	1.64	5.5	4.2	1.55	5.5	3.9	1.62	5.53	4.2	1.65	5.17	4.04	1.63	1.83	2.03	1.84	2.06	1.85	2.09	1.79	2.01	0.75	2.08	1.82	2.11	1.82	2.11	1.84	2.03	1.78	4.5	4.2	1.7	4.6	4.1	1.68				4.96	4.16	1.7	5.0	4.0	1.62	4.75	4.0	1.67	5.0	4.27	1.74	4.61	4.07	1.69	1.62	2.25	1.66	2.32	1.7	2.33	1.64	2.25	0.75	2.04	1.86	2.02	1.88	2.04	1.95	1.96	1.86	eredivisie																																																									0	1	0	Twente	0	0	1	0	3	10.0	10.0	0	0	0	2024	0	0	63.0	25.0	vitesse	0.8571428571428571	12	0.5	7	13.214285714285714	185	4.285714285714286	-0.21428571428571427	-1.1428571428571428	0.25	1.6774193548387097	52	0.8387096774193549	26	13.387096774193548	415	4.354838709677419	0.25806451612903225	0.4838709677419355	0.15789473684210525	0.19047619047619047	0.25	0.6172839506172839	0.18007503126302626	0.236348478532722	0.5835764902042518	0.05776014109347427	-0.25	0.07000000000000006	-0.20000000000000018	-0.010401159213164202	-0.033707460413032075	-0.013651521467277994	1.3125	0.405	3.2407407407407405	0.03905892487011764	1.93	0.030219780219780112				0	Unknown	Unknown	Normal	3.3699999999999997	0.10651263273969291	5.0	0.8	3.07	0.14513691269193815	7.0	1.6	0.06088037657058469	0.14666177787611873	0.3736348964144451	0.41882294913885143	0.909196191843713	0.0774702779229006	0.15665589506058225	0.3868655177333439	0.37900830928317325	1.1864102759291915	0.0	0.0	0.0	-1.062871318473028	-0.9078149076094607	-0.15505641086356736	0.0	-1.0	0.4	0.5	0.4	0.1	-0.5	-0.09999999999999998	10.0	10.0	0.0	3.0	3.0
2024-02-03	17:45	Go Ahead Eagles	Waalwijk	1	0	H	0	0	D	22	19	8	6	15	9	9	7	0	1	0	0	1.67	4.0	5.0	1.7	4.0	4.6				1.71	4.06	4.98	1.67	4.0	4.5	1.67	3.8	5.0	1.72	4.15	5.0	1.69	4.0	4.68	1.73	2.08	1.79	2.11	1.8	2.2	1.72	2.1	-0.75	1.9	2.0	1.91	2.0	1.91	2.0	1.86	1.95	1.91	3.6	3.8	1.98	3.7	3.5				2.02	3.74	3.74	1.91	3.8	3.5	1.95	3.7	3.6	2.06	4.0	4.5	1.93	3.73	3.72	1.67	2.15	1.71	2.22	1.77	2.26	1.68	2.16	-0.5	2.02	1.88	2.02	1.88	2.06	1.97	1.95	1.88	eredivisie																																																									1	0	0	Go Ahead Eagles	0	0	1	3	0	10.0	0.0	0	0	0	2024	0	0	114.0	57.0	go_ahead_eagles	1.7096774193548387	53	0.7741935483870968	24	15.096774193548388	468	6.193548387096774	-0.0967741935483871	0.12903225806451613	0.15789473684210525	1.3157894736842106	25	0.2631578947368421	5	12.210526315789474	232	4.7894736842105265	-0.8421052631578947	-1.0	-1.1736111111111112	0.5988023952095809	0.25	0.2	0.5709391949757351	0.2383671139023694	0.19069369112189552	0.04880239520958085	0.0	0.5	0.0	-0.02786320023384581	-0.009306308878104491	-0.011632886097630607	0.4175	1.25	0.33399999999999996	0.058803912850155626	1.905	0.02631578947368407				0	Unknown	Unknown	Normal	4.76	0.11365037898204355	5.0	1.4	2.14	0.08084094606432238	2.0	-2.0	0.041410771623701124	0.09229039442990525	0.2499013193546153	0.6163975145917784	1.0202318513116035	0.142896284404454	0.2535487700863981	0.4192143628202407	0.1843405826889073	0.5350680967645681	0.0	0.0	0.0	-1.062871318473028	-0.9078149076094607	-0.15505641086356736	0.0	0.0	0.4	0.125	0.3	0.5	-0.09999999999999998	-0.575	10.0	0.0	10.0	3.0	0.0
2024-02-04	19:00	Excelsior	PSV Eindhoven	0	2	A	0	0	D	0	21	0	5	8	4	1	12	1	0	0	0	12.0	8.5	1.18	14.5	8.5	1.17				14.0	9.18	1.16	15.0	8.0	1.14	15.0	8.5	1.14	16.5	9.7	1.18	13.91	8.56	1.16	1.25	4.0	1.23	4.07	1.27	4.25	1.23	3.97	2.25	1.95	1.95	1.93	1.95	2.0	1.96	1.92	1.89	13.0	9.0	1.14	16.0	9.0	1.15				18.13	10.13	1.13	17.0	8.5	1.12	18.0	9.0	1.12	20.0	10.13	1.16	16.27	9.02	1.14	1.25	4.0	1.26	4.01	1.29	4.25	1.25	3.84	2.5	1.87	2.03	1.85	2.04	1.9	2.07	1.83	2.01	eredivisie																																																									0	1	0	PSV Eindhoven	0	0	1	0	3	5.0	13.0	0	0	0	2024	0	3	187.0	23.0	excelsior	1.0	23	0.34782608695652173	8	13.478260869565217	310	4.521739130434782	-0.21739130434782608	-0.391304347826087	-0.018518518518518528	2.5806451612903225	80	1.0	31	17.806451612903224	552	6.870967741935484	0.5161290322580645	1.5161290322580645	0.32666666666666666	0.08333333333333333	0.11764705882352941	0.8474576271186441	0.07948331880497661	0.1122117441952611	0.8083049369997622	0.04843801927550695	-3.0	0.040000000000000036	0.5	-0.0038500145283567183	-0.039152690118881894	-0.005435314628268309	1.411764705882353	0.1388235294117647	10.16949152542373	0.050000000000000044	2.625	0.025641025641025772				0	Unknown	Unknown	Normal	2.8	0.039125336708451884	2.0	-0.8	4.26	0.17738866076510115	10.0	1.8	0.06703078808662347	0.17533229934925557	0.44828881655617697	0.30934809600794394	0.9693624988643726	0.03578752759461798	0.0958300268335676	0.3046365277221904	0.563745917849624	0.9447306663094152	0.0	1.5	-1.5	-1.062871318473028	0.0	-1.062871318473028	0.0	3.0	0.3	0.6	0.4	0.0	-0.7	0.0	5.0	13.0	-8.0	1.0	4.0
2024-02-04	17:45	Vitesse	Sparta Rotterdam	1	4	A	1	3	A	21	12	6	7	6	7	8	4	1	0	0	0	2.7	3.6	2.45	2.7	3.5	2.45				2.79	3.54	2.55	2.62	3.5	2.45	2.7	3.6	2.45	2.8	3.62	2.58	2.72	3.53	2.47	1.75	2.05	1.78	2.04	1.82	2.17	1.73	2.06	0.0	2.05	1.85	2.04	1.87	2.08	1.87	2.02	1.83	2.8	3.75	2.38	2.9	3.5	2.3				2.91	3.66	2.4	2.8	3.6	2.3	2.8	3.5	2.38	3.12	3.76	2.4	2.91	3.57	2.33	1.75	2.05	1.81	2.09	1.85	2.11	1.77	2.04	0.25	1.81	2.09	1.83	2.09	1.89	2.12	1.81	2.02	eredivisie																																																									0	1	0	Sparta Rotterdam	0	1	0	0	3	9.0	10.0	0	1	0	2024	0	0	1.0	55.0	vitesse	0.8571428571428571	12	0.5	7	13.214285714285714	185	4.285714285714286	-0.21428571428571427	-1.1428571428571428	0.25	1.2758620689655173	37	0.4482758620689655	13	11.379310344827585	330	4.137931034482759	-0.2413793103448276	-0.1724137931034483	-0.2	0.37037037037037035	0.2777777777777778	0.4081632653061224	0.3506261180679785	0.2629695885509839	0.38640429338103754	0.0563114134542706	0.08000000000000007	0.0	0.10000000000000009	-0.01974425230239185	-0.021758971925084858	-0.014808189226793889	0.75	0.6805555555555556	1.1020408163265305	0.059233449477351874	1.9	0.028345418589321048				0	Unknown	Unknown	Normal	2.79	0.13929951798559456	4.0	0.6	2.5599999999999996	0.1314654831658706	7.0	0.8	0.09717691741796498	0.20042209173166164	0.39962105745810694	0.3027799333922664	0.8648737821286275	0.09822449568057255	0.21105403826246655	0.4297245803384592	0.2609968857185017	0.7390403678131172	0.0	0.0	0.0	-1.062871318473028	-0.9078149076094607	-0.15505641086356736	-1.0	0.0	0.4	0.4	0.3	0.3	-0.29999999999999993	-0.29999999999999993	9.0	10.0	-1.0	3.0	3.0
2024-02-04	20:00	For Sittard	Nijmegen	1	1	D	0	0	D	30	6	8	1	6	9	9	2	2	1	0	0	2.3	3.4	3.1	2.35	3.25	3.1				2.39	3.28	3.23	2.3	3.3	3.0	2.3	3.3	3.0	2.42	3.4	3.25	2.34	3.3	3.08	2.08	1.73	2.09	1.75	2.2	1.79	2.09	1.73	-0.25	2.04	1.86	2.05	1.86	2.06	1.87	2.01	1.81	2.4	3.4	2.9	2.45	3.3	2.87				2.42	3.36	3.1	2.38	3.3	2.88	2.45	3.3	2.88	2.52	3.48	3.1	2.42	3.35	2.93	2.03	1.83	2.02	1.87	2.06	1.9	1.97	1.83	-0.25	2.06	1.84	2.08	1.83	2.16	1.88	2.06	1.78	eredivisie																																																									0	0	1		0	0	1	1	1	9.0	8.0	0	0	1	2024	0	3	93.0	32.0	for_sittard	1.4285714285714286	50	0.6857142857142857	24	13.8	483	4.457142857142857	0.4	0.02857142857142857	0.574074074074074	1.3	39	0.36666666666666664	11	12.333333333333334	370	4.666666666666667	-0.16666666666666666	0.13333333333333333	-0.04761904761904761	0.4347826086956522	0.29411764705882354	0.3225806451612903	0.41349548842683415	0.2797175362887407	0.3067869752844253	0.05148090091576596	0.0	0.10000000000000009	0.10000000000000009	-0.02128712026881807	-0.015793669876865035	-0.014400110770082852	0.676470588235294	0.911764705882353	0.7419354838709676	0.058803912850155626	1.905	0.027830487033523088				0	Unknown	Unknown	Normal	2.2499999999999996	0.12733617863736324	5.0	0.0	3.9099999999999993	0.12739215456870184	8.0	0.2	0.1806579650775	0.23383610990928072	0.36319235479355044	0.22231357021966874	0.9052358548976638	0.06221500506022404	0.11780967776118265	0.296955639180505	0.5230196779980882	0.4870571832410725	0.0	1.5	-1.5	-1.062871318473028	0.0	-1.062871318473028	0.0	3.0	0.4	0.1	0.5	0.4	-0.19999999999999996	-0.4	9.0	8.0	1.0	3.0	2.0
2024-02-11	17:45	Heracles	NAC Breda	2	0	H	1	0	H	11	11	3	4	16	12	2	5	1	1	0	0	2.4	3.3	3.0	2.4	3.4	2.85				2.35	3.48	2.97	2.3	3.5	2.88				2.42	3.56	3.05	2.36	3.43	2.93	1.85	2.0	1.85	2.0	1.9	2.04	1.84	1.96	-0.25	2.07	1.83	2.05	1.83	2.09	1.85	2.01	1.8	2.2	3.4	3.25	2.15	3.4	3.3				2.22	3.4	3.45	2.2	3.4	3.1				2.26	3.49	3.45	2.2	3.37	3.29	1.95	1.9	1.96	1.93	1.99	1.94	1.92	1.88	-0.25	1.9	2.0	1.92	1.99	1.94	2.04	1.89	1.94	eredivisie	2.3	3.3	2.9	2.35	3.52	2.91	2.38	3.45	3.2	1.77	2.06	2.05	1.86	2.2	3.25	3.3	2.2	3.49	3.45	2.3	3.45	3.5	2.02	1.96	1.98	2.01																															1	0	0	Heracles	1	0	0	3	0	6.0		0	0	0	2024	0	0	306.0		heracles	2.1052631578947367	40	0.7894736842105263	15	14.842105263157896	282	5.368421052631579	-0.3157894736842105	0.21052631578947367	-0.1987179487179487	0.46153846153846156	6	0.23076923076923078	3	10.846153846153847	141	3.769230769230769	-0.6923076923076923	-1.3846153846153846	-0.6666666666666666	0.4166666666666667	0.30303030303030304	0.3333333333333333	0.3956834532374101	0.2877697841726619	0.31654676258992803	0.05303030303030298	0.10000000000000009	0.1200000000000001	-0.20000000000000018	-0.020983213429256575	-0.016786570743405282	-0.015260518857641125	0.7272727272727273	0.9090909090909092	0.7999999999999999	0.04054054054054035	1.925	0.029539874871307603				0	Unknown	Unknown	Normal	2.5124999999999997	0.08783681310348315	3.0	-1.0	1.5	0.15	3.0	0.0	0.12936359727968827	0.207759365272865	0.3920427092387492	0.2708343282086976	0.8576721358535868	0.3	0.35	0.25	0.1	1.5	0.0	0.0	0.0	-1.062871318473028	-0.9078149076094607	-0.15505641086356736	0.0	0.0	0.0	0.3	0.5	0.2	-0.8	-0.2	6.0	5.0	1.0	2.0	1.0
2024-02-11	15:30	Willem II	Twente	0	1	A	0	0	D	8	19	1	6	10	12	4	6	4	1	0	0	5.75	3.6	1.65	5.25	3.8	1.65				5.27	3.82	1.66	5.5	3.75	1.62				5.75	3.95	1.71	5.25	3.79	1.66	1.98	1.88	1.98	1.87	2.02	1.9	1.95	1.85	0.75	2.05	1.85	2.01	1.87	2.09	1.88	1.98	1.84	5.5	3.6	1.7	5.25	3.75	1.66				5.52	3.76	1.7	5.0	3.75	1.65				5.86	3.9	1.74	5.24	3.73	1.68	2.03	1.83	2.02	1.87	2.13	1.89	1.96	1.83	0.75	1.99	1.91	2.0	1.91	2.0	1.93	1.95	1.87	eredivisie	5.5	3.75	1.6	5.25	3.76	1.68	6.2	3.95	1.68	1.97	1.84	2.1	1.83	5.5	3.7	1.62	5.86	3.67	1.7	6.0	3.95	1.72	2.06	1.91	2.07	1.92																															0	1	0	Twente	0	0	1	0	3		12.0	0	0	0	2024	0	3		8.0	willem_ii	0.8	4	0.2	1	8.6	43	3.4	-0.4	-1.2	0.0	1.6774193548387097	52	0.8387096774193549	26	13.387096774193548	415	4.354838709677419	0.25806451612903225	0.4838709677419355	0.15789473684210525	0.17391304347826086	0.2777777777777778	0.6060606060606061	0.1644176873572763	0.26261158397342743	0.5729707286692962	0.05775142731664484	0.25	0.029999999999999805	-0.1499999999999999	-0.009495356120984566	-0.03308987739130986	-0.015166193804350359	1.597222222222222	0.4583333333333333	3.484848484848485	0.03696539866752646	1.93	0.028345418589321048				0	Unknown	Unknown	Normal	1.5	0.15	3.0	0.0	3.45	0.15182499871908392	6.0	1.8	0.3	0.35	0.25	0.1	1.5	0.033377067360066695	0.11186425977681087	0.4036814904841098	0.4510771823790127	1.4122997227006895	0.0	1.0	-1.0	-1.062871318473028	0.0	-1.062871318473028	0.0	0.0	0.3	0.5	0.2	0.1	-0.6000000000000001	-0.30000000000000004	5.0	12.0	-7.0	1.5	4.0
2024-02-11	20:00	For Sittard	Heerenveen	3	0	H	1	0	H	6	11	3	2	8	10	1	8	0	0	0	0	2.05	3.4	3.75	2.15	3.4	3.3				2.09	3.54	3.46	2.1	3.3	3.4				2.17	3.58	3.75	2.1	3.45	3.44	1.93	1.93	1.91	1.94	1.95	1.97	1.89	1.91	-0.25	1.73	2.08	1.83	2.06	1.84	2.12	1.79	2.02	2.15	3.3	3.4	2.1	3.4	3.5				2.18	3.37	3.59	2.1	3.4	3.3				2.21	3.53	3.8	2.12	3.4	3.5	1.93	1.93	1.97	1.92	1.99	1.97	1.9	1.9	-0.25	1.89	2.01	1.88	2.03	1.89	2.14	1.81	2.03	eredivisie	2.1	3.4	3.4	2.14	3.38	3.46	2.1	3.55	3.75	1.92	1.95	1.83	2.12	2.05	3.3	3.6	2.17	3.4	3.63	2.22	3.45	3.75	2.02	1.97	1.9	2.07																															1	0	0	For Sittard	1	0	0	3	0	7.0	7.0	0	0	0	2024	1	0	7.0	92.0	for_sittard	1.4285714285714286	50	0.6857142857142857	24	13.8	483	4.457142857142857	0.4	0.02857142857142857	0.574074074074074	1.1666666666666667	35	0.4666666666666667	14	11.866666666666667	356	3.8666666666666667	-0.26666666666666666	-0.7666666666666667	0.13333333333333333	0.48780487804878053	0.29411764705882354	0.26666666666666666	0.4652011310772599	0.2804889172671714	0.25430995165556874	0.04858919177427068	-0.050000000000000266	0.3500000000000001	0.10000000000000009	-0.022603746971520622	-0.012356715011097918	-0.013628729791652139	0.6029411764705882	1.1029411764705883	0.5466666666666666	0.0362694300518136	1.93	0.058803912850155626				0	Unknown	Unknown	Normal	2.9899999999999998	0.0776426687407744	2.0	-0.4	3.1	0.10734847877933913	3.0	-0.4	0.1567721903759788	0.18591637354766427	0.3012618734117264	0.3560495626646305	0.8323296389815518	0.08567107463751036	0.17501264230282637	0.370602108998965	0.36871417406069823	0.7690075323480793	0.5	0.0	0.5	-0.8678067845914174	-0.9078149076094607	0.04000812301804335	0.0	0.0	0.4	0.1	0.5	0.4	-0.19999999999999996	-0.4	7.0	7.0	0.0	2.0	2.0
2024-02-11	20:00	Feyenoord	AZ Alkmaar	3	2	H	0	1	A	16	9	4	5	12	11	10	0	0	0	0	0	1.67	3.8	5.25	1.66	3.9	5.0				1.65	4.0	5.04	1.62	3.9	5.0				1.69	4.0	5.35	1.66	3.87	5.03	1.7	2.1	1.75	2.11	1.77	2.17	1.72	2.1	-0.75	1.87	2.03	1.85	2.03	1.88	2.06	1.83	1.98	1.67	3.7	5.5	1.63	4.0	5.25				1.67	3.9	5.48	1.57	3.9	5.5				1.7	4.1	6.0	1.64	3.85	5.41	1.83	2.03	1.85	2.04	1.97	2.11	1.83	1.97	-0.75	1.86	2.04	1.87	2.04	1.9	2.12	1.82	2.02	eredivisie	1.62	3.9	5.0	1.68	3.72	5.35	1.7	4.1	5.7	1.72	2.14	1.87	2.04	1.57	3.8	5.0	1.69	3.78	5.82	1.7	4.1	5.8	1.87	2.12	1.87	2.14																															1	0	0	Feyenoord	0	1	0	3	0	13.0	6.0	1	0	0	2024	0	1	62.0	8.0	feyenoord	2.5185185185185186	68	1.1851851851851851	32	20.703703703703702	559	7.148148148148148	0.9629629629629629	1.7037037037037037	0.5873015873015873	1.3103448275862069	38	0.7931034482758621	23	12.862068965517242	373	5.206896551724138	0.3793103448275862	0.10344827586206896	0.4230769230769231	0.5988023952095809	0.2631578947368421	0.19047619047619047	0.5689677299756157	0.2500463444892837	0.1809859255351006	0.052436480422613396	0.04999999999999982	0.25	-0.10000000000000009	-0.029834665233965163	-0.009490264941089871	-0.01311155024755839	0.4394736842105263	1.381578947368421	0.3180952380952381	0.06442577030812324	1.9	0.02737019572719368				0	Unknown	Unknown	Normal	5.24	0.11231667016966715	8.0	1.6	2.31	0.06432090237027023	3.0	0.0	0.015274940056495026	0.049321234994308204	0.2106176177196787	0.7247862072295181	0.9848747217263654	0.1286809089259388	0.22610765424141124	0.4249252393417895	0.22028619749086048	0.9825134541856784	0.0	0.5	-0.5	-1.062871318473028	-0.6052099384063071	-0.45766138006672097	0.0	0.0	0.5	0.4	0.0	0.2	-0.30000000000000004	-0.6	13.0	6.0	7.0	4.0	1.0
2024-02-11	17:45	Ajax	PSV Eindhoven	3	2	H	1	1	D	21	12	8	4	9	14	6	1	2	3	0	0	2.88	3.75	2.25	2.85	3.7	2.3				2.9	3.62	2.33	2.8	3.7	2.25				3.0	3.8	2.35	2.89	3.66	2.29	1.57	2.35	1.59	2.41	1.6	2.5	1.55	2.39	0.25	1.87	2.03	1.83	2.05	1.9	2.07	1.83	1.98	2.55	3.75	2.5	2.65	3.6	2.45				2.68	3.7	2.57	2.5	3.7	2.5				2.82	3.85	2.57	2.64	3.62	2.51	1.53	2.4	1.57	2.54	1.58	2.55	1.54	2.47	0.0	2.0	1.9	2.0	1.91	2.02	1.95	1.96	1.91	eredivisie	2.9	3.6	2.2	2.88	3.8	2.26	3.15	3.85	2.34	1.58	2.38	1.94	2.03	2.63	3.5	2.5	2.62	3.85	2.57	2.78	3.8	2.64	1.58	2.64	2.04	1.95																															1	0	0	Ajax	0	0	1	3	0	12.0	15.0	0	1	0	2024	0	6	65.0	7.0	ajax	2.0606060606060606	68	1.0606060606060606	35	17.636363636363637	582	5.909090909090909	0.696969696969697	1.0606060606060606	0.3492063492063492	2.5806451612903225	80	1.0	31	17.806451612903224	552	6.870967741935484	0.5161290322580645	1.5161290322580645	0.32666666666666666	0.3472222222222222	0.26666666666666666	0.4444444444444444	0.32808398950131235	0.25196850393700787	0.4199475065616798	0.05833333333333335	0.08000000000000007	0.0	0.04999999999999982	-0.019138232720909865	-0.024496937882764636	-0.014698162729658792	0.768	0.6	1.28	0.06247459005285272	1.96	0.02737019572719368				0	Unknown	Unknown	Normal	4.470000000000001	0.13663756719778514	9.0	1.8	4.61	0.14000797856765104	11.0	2.2	0.08679589773668564	0.11015023507547306	0.22400461912873623	0.579049248059105	0.8611961859324969	0.015552189231697034	0.06078372402486563	0.28485159077763794	0.6388124959657995	1.301683291643371	0.0	2.0	-2.0	-1.062871318473028	0.9078149076094607	-1.970686226082489	0.0	5.0	0.5	0.6	0.1	0.0	-0.5	-0.30000000000000004	12.0	15.0	-3.0	4.0	5.0
2024-03-02	20:00	Nijmegen	Heracles	3	1	H	0	1	A	26	7	12	1	0	7	7	6	1	1	0	0	1.73	4.0	4.75	1.7	4.1	4.5				1.74	4.16	4.64	1.62	4.0	4.33	1.7	3.9	4.6	1.75	4.16	4.8	1.71	4.06	4.48	1.62	2.25	1.66	2.31	1.67	2.38	1.62	2.28	-0.75	1.95	1.95	1.94	1.96	1.96	2.0	1.89	1.93	1.53	4.33	6.0	1.58	4.2	5.25				1.57	4.43	5.96	1.5	4.33	5.5	1.53	4.4	5.75	1.62	4.55	6.0	1.55	4.37	5.67	1.57	2.35	1.61	2.42	1.66	2.45	1.59	2.35	-1.0	1.91	1.99	1.93	1.97	1.99	2.02	1.89	1.95	eredivisie																																																									1	0	0	Nijmegen	0	1	0	3	0	3.0	0.0	0	0	0	2024	0	0	50.0	50.0	nijmegen	1.896551724137931	55	0.4827586206896552	14	14.758620689655173	428	5.620689655172414	-0.1724137931034483	0.3793103448275862	-0.2427536231884058	0.6	15	0.32	8	8.88	222	2.64	-0.52	-1.72	-0.6	0.5780346820809249	0.25	0.21052631578947367	0.5565726839985353	0.2407176858293665	0.2027096301720981	0.03856099787039868	0.10999999999999988	0.41999999999999993	0.0	-0.021461998082389577	-0.007816685617375585	-0.009282314170633493	0.4325	1.1875	0.3642105263157895	0.061728395061728225	1.935	0.025641025641025772				0	Unknown	Unknown	Normal	2.9799999999999995	0.11433763030375572	3.0	-0.4	1.8399999999999999	0.056338028169014086	1.0	-2.4	0.1152314989495256	0.1752498538426703	0.34732593201169415	0.3621927151961099	0.7454724544746798	0.172617009836987	0.2898894486467124	0.4134725750705903	0.12402096644571033	0.5637875653978386	0.0	0.0	0.0	-1.062871318473028	-0.9078149076094607	-0.15505641086356736	-1.0	-4.0	0.1	0.0	0.1	0.6666666666666666	-0.23333333333333336	-0.9	3.0	0.0	3.0	0.0	0.0
2024-03-02	15:30	Twente	Waalwijk	3	0	H	1	0	H	16	14	10	5	5	12	9	3	0	1	0	0	1.3	5.5	10.0	1.29	6.0	9.5				1.3	6.15	9.86	1.22	5.5	10.0	1.29	5.5	11.0	1.31	6.2	11.0	1.29	5.74	9.69	1.57	2.35	1.6	2.46	1.6	2.5	1.56	2.4	-1.5	1.85	2.05	1.85	2.06	1.87	2.06	1.84	2.01	1.25	6.0	11.0	1.26	6.0	11.0				1.25	6.52	11.92	1.2	5.8	11.0	1.25	6.0	11.5	1.28	6.7	12.5	1.25	6.06	11.52	1.53	2.4	1.57	2.48	1.61	2.55	1.55	2.44	-1.75	1.99	1.91	1.98	1.91	2.02	1.98	1.95	1.88	eredivisie																																																									1	0	0	Twente	1	0	0	3	0	13.0	0.0	0	0	0	2024	3	0	50.0	28.0	twente	2.740740740740741	74	1.2592592592592593	34	21.962962962962962	593	7.7407407407407405	0.8888888888888888	1.8888888888888888	0.5333333333333333	1.3157894736842106	25	0.2631578947368421	5	12.210526315789474	232	4.7894736842105265	-0.8421052631578947	-1.0	-1.1736111111111112	0.7692307692307692	0.18181818181818182	0.1	0.7318695941450432	0.17298735861610112	0.09514304723885562	0.05104895104895113	0.08000000000000007	0.0	0.0	-0.037361175085726006	-0.004856952761144381	-0.008830823202080701	0.23636363636363636	1.8181818181818181	0.13	0.06247459005285272	1.96	0.028345418589321048				0	Unknown	Unknown	Normal	5.85	0.13046110819773132	10.0	2.4	2.4	0.08084094606432238	2.0	-2.0	0.003457958350357415	0.018984777023229957	0.1512201012445355	0.8263371633818771	0.635687628880451	0.13311830963425092	0.23191030431792053	0.39450639230902085	0.24046499373880775	0.48387811008750636	1.5	0.0	1.5	-0.4776777168281961	-0.9078149076094607	0.4301371907812646	1.0	-1.0	0.4	0.1111111111111111	0.0	0.5555555555555556	-0.0444444444444444	-0.8888888888888888	13.0	0.0	13.0	4.0	0.0
2024-03-02	17:45	For Sittard	Heerenveen	3	3	D	0	2	A	13	10	3	6	10	13	6	0	1	2	0	0	2.4	3.3	3.0	2.37	3.5	2.85				2.41	3.4	3.15	2.3	3.3	2.8	2.38	3.25	3.0	2.43	3.5	3.15	2.39	3.38	2.94	2.03	1.83	2.01	1.88	2.04	1.88	1.96	1.84	-0.25	2.07	1.83	2.07	1.85	2.11	1.85	2.04	1.8	2.2	3.25	3.4	2.2	3.25	3.3				2.27	3.32	3.49	2.2	3.25	3.0	2.15	3.3	3.4	2.4	3.44	3.67	2.23	3.28	3.33	2.1	1.7	2.18	1.74	2.28	1.85	2.12	1.72	-0.25	1.92	1.98	1.94	1.96	1.99	2.0	1.9	1.92	eredivisie																																																									0	0	1		0	1	0	1	1	10.0	7.0	1	0	0	2024	4	0	20.0	20.0	for_sittard	1.4285714285714286	50	0.6857142857142857	24	13.8	483	4.457142857142857	0.4	0.02857142857142857	0.574074074074074	1.1666666666666667	35	0.4666666666666667	14	11.866666666666667	356	3.8666666666666667	-0.26666666666666666	-0.7666666666666667	0.13333333333333333	0.4166666666666667	0.30303030303030304	0.3333333333333333	0.3956834532374101	0.2877697841726619	0.31654676258992803	0.05303030303030298	0.10000000000000009	0.20000000000000018	0.0	-0.020983213429256575	-0.016786570743405282	-0.015260518857641125	0.7272727272727273	0.9090909090909092	0.7999999999999999	0.03905892487011764	1.93	0.029539874871307603				0	Unknown	Unknown	Normal	3.19	0.17600332447847933	4.0	0.8	3.0100000000000002	0.09081955315950443	3.0	-0.4	0.09077301674792641	0.18142689241358106	0.3554692061095741	0.37233088472891845	1.0417740017844563	0.09765100736945483	0.18709059100975858	0.3629159271427588	0.3523424744780278	0.9549639661784612	1.3333333333333333	0.0	1.3333333333333333	-0.2826131829465855	-0.9078149076094607	0.6252017246628752	3.0	-3.0	0.5	0.1	0.5	0.4	-0.09999999999999998	-0.4	10.0	7.0	3.0	3.0	2.0
2024-03-02	19:00	Ajax	PSV Eindhoven	1	1	D	1	1	D	13	18	4	5	8	14	3	5	1	3	0	0	3.3	4.33	1.95	3.25	4.0	1.98				3.49	4.27	1.97	3.25	3.9	1.91	3.4	4.0	1.93	3.51	4.33	2.0	3.37	4.09	1.95	1.4	2.88	1.43	2.94	1.44	3.02	1.41	2.87	0.5	1.95	1.95	1.93	1.97	1.97	2.0	1.9	1.96	3.3	4.33	1.95	3.25	4.0	1.98				3.36	4.38	1.99	3.1	4.0	1.91	3.3	4.0	1.95	3.46	4.4	2.04	3.31	4.16	1.97	1.4	2.88	1.42	2.97	1.45	3.0	1.41	2.86	0.5	1.92	1.98	1.92	1.99	1.95	2.03	1.88	1.97	eredivisie																																																									0	0	1		0	0	1	1	1	15.0	12.0	1	1	0	2024	3	6	20.0	20.0	ajax	2.0606060606060606	68	1.0606060606060606	35	17.636363636363637	582	5.909090909090909	0.696969696969697	1.0606060606060606	0.3492063492063492	2.5806451612903225	80	1.0	31	17.806451612903224	552	6.870967741935484	0.5161290322580645	1.5161290322580645	0.32666666666666666	0.30303030303030304	0.23094688221709006	0.5128205128205129	0.2894831576240679	0.22062226793520184	0.4898945744407303	0.0467976980679059	0.04999999999999982	0.040000000000000036	0.43000000000000016	-0.01354714540623514	-0.022925938379782573	-0.010324614281888217	0.7621247113163971	0.4503464203233256	1.6923076923076923	0.06150793650793651	2.1399999999999997	0.025641025641025772				0	Unknown	Unknown	Normal	5.260000000000001	0.13228670090922948	10.0	2.2	4.18	0.1644078211493118	9.0	1.8	0.01093700965997027	0.0439670920286237	0.22513051993948602	0.71996537837192	0.9201615216814785	0.028676565833939682	0.09118687425335463	0.3281472761434262	0.5519892837692794	1.1698059887953631	1.5	1.5	0.0	-0.4776777168281961	0.9078149076094607	-1.3854926244376569	1.0	4.0	0.4	0.6	0.1	0.0	-0.6	-0.30000000000000004	15.0	12.0	3.0	5.0	4.0
2024-03-03	13:30	Heerenveen	Zwolle	2	0	H	1	0	H	15	11	6	3	18	9	4	6	3	2	0	0	1.62	4.0	5.25	1.65	4.2	4.8				1.66	4.45	4.94	1.6	4.2	4.75	1.6	3.9	4.8	1.66	4.45	5.25	1.63	4.2	4.85	1.65	2.2	1.67	2.3	1.68	2.32	1.63	2.25	-0.75	1.75	1.85	1.81	2.1	1.85	2.16	1.78	2.04	1.44	4.75	7.0	1.44	4.8	6.75				1.45	4.97	7.04	1.44	4.75	6.5	1.4	4.75	7.0	1.49	5.0	7.04	1.44	4.74	6.72	1.53	2.4	1.58	2.5	1.64	2.5	1.57	2.39	-1.25	1.95	1.95	1.95	1.95	2.03	1.98	1.95	1.87	eredivisie																																																									1	0	0	Heerenveen	1	0	0	3	0	7.0	6.0	0	0	0	2024	0	0	86.0	83.0	heerenveen	1.7692307692307692	46	1.0384615384615385	27	15.384615384615385	400	5.5	0.19230769230769232	0.34615384615384615	0.03571428571428571	1.25	30	0.4166666666666667	10	9.666666666666666	232	3.7916666666666665	-0.5	-1.1666666666666667	-0.4230769230769231	0.6172839506172839	0.25	0.19047619047619047	0.5835764902042518	0.236348478532722	0.18007503126302626	0.05776014109347427	0.020000000000000018	0.5	-0.20000000000000018	-0.033707460413032075	-0.010401159213164202	-0.013651521467277994	0.405	1.3125	0.3085714285714286	0.06060606060606055	1.925	0.11196911196911197				0	Unknown	Unknown	Normal	3.7299999999999995	0.14979434861183902	6.0	0.0	3.2375	0.11944096312331473	7.0	0.25	0.04655519305243232	0.11791540557288374	0.3421550715490894	0.4933743298255946	0.8935815371529567	0.11317460174034336	0.16206763033527083	0.3190326275060236	0.4057251404183622	0.7643949393028079	0.0	0.0	0.0	-1.062871318473028	-0.9078149076094607	-0.15505641086356736	0.0	0.0	0.3333333333333333	0.25	0.3333333333333333	0.25	-0.4166666666666667	-0.41666666666666674	7.0	6.0	1.0	2.0	2.0
2024-03-03	19:00	Heracles	Almere City	2	2	D	0	2	A	16	14	5	6	17	12	5	1	2	3	0	1	2.55	3.4	2.7	2.5	3.4	2.75				2.69	3.38	2.78	2.45	3.4	2.7	2.5	3.25	2.63	2.69	3.45	2.78	2.55	3.35	2.71	2.05	1.8	2.06	1.84	2.12	1.95	1.99	1.81	0.0	1.89	2.01	1.92	1.99	1.92	2.02	1.86	1.97	2.6	3.3	2.75	2.65	3.25	2.65				2.7	3.27	2.85	2.5	3.4	2.7	2.6	3.3	2.7	2.71	3.49	2.85	2.62	3.27	2.73	2.05	1.75	2.09	1.8	2.18	1.83	2.05	1.76	0.0	1.9	2.0	1.9	2.01	1.93	2.01	1.88	1.97	eredivisie																																																									0	0	1		0	1	0	1	1	9.0	3.0	0	0	0	2024	3	0	21.0	173.0	heracles	2.1052631578947367	40	0.7894736842105263	15	14.842105263157896	282	5.368421052631579	-0.3157894736842105	0.21052631578947367	-0.1987179487179487	0.5833333333333334	7	0.4166666666666667	5	10.333333333333334	124	2.8333333333333335	-0.6666666666666666	-1.25	0.0	0.3921568627450981	0.29411764705882354	0.37037037037037035	0.3711340206185567	0.27835051546391754	0.35051546391752575	0.056644880174292034	0.09999999999999964	0.0	0.0	-0.021022842126541375	-0.0198549064528446	-0.015767131594906003	0.75	0.7941176470588236	0.9444444444444443	0.04336043360433606	1.9249999999999998	0.026612966911474523				0	Unknown	Unknown	Normal	2.44	0.10630548651882257	2.0	-0.4	2.6333333333333333	0.0855053526809252	3.0	-1.6666666666666667	0.12678770937845002	0.21629568006089572	0.40606774403887086	0.2508488665217834	0.8919985977425622	0.08359785060694587	0.19645072696602706	0.4443036387318633	0.2756477836951638	0.47718391322266457	1.5	0.0	1.5	-0.4776777168281961	-0.9078149076094607	0.4301371907812646	2.0	0.0	0.2	0.0	0.4	0.3333333333333333	-0.46666666666666673	-0.6	9.0	3.0	6.0	3.0	1.0
2024-03-03	11:15	Ajax	Utrecht	2	0	H	1	0	H	14	6	8	2	11	12	1	3	1	2	1	0	1.8	4.0	4.0	1.77	4.1	4.1				1.83	4.31	3.97	1.73	4.2	4.0	1.75	3.9	3.9	1.83	4.33	4.1	1.78	4.14	3.93	1.53	2.4	1.58	2.49	1.59	2.55	1.53	2.45	-0.75	2.03	1.87	2.06	1.86	2.06	1.88	1.97	1.84	2.0	3.8	3.25	2.05	3.6	3.4				2.05	3.77	3.64	2.0	3.9	3.2	1.95	3.7	3.6	2.07	3.96	3.76	2.01	3.71	3.48	1.7	2.1	1.78	2.13	1.85	2.25	1.73	2.09	-0.5	2.04	1.86	2.05	1.87	2.07	1.89	2.01	1.83	eredivisie																																																									1	0	0	Ajax	1	0	0	3	0	13.0	7.0	0	0	0	2024	4	0	1.0	86.0	ajax	2.0606060606060606	68	1.0606060606060606	35	17.636363636363637	582	5.909090909090909	0.696969696969697	1.0606060606060606	0.3492063492063492	1.9285714285714286	54	0.6785714285714286	19	12.964285714285714	363	4.535714285714286	0.03571428571428571	0.42857142857142855	0.17592592592592593	0.5555555555555556	0.25	0.25	0.5263157894736842	0.23684210526315788	0.23684210526315788	0.05555555555555558	0.07000000000000006	0.0	-0.20000000000000018	-0.0292397660818714	-0.013157894736842118	-0.013157894736842118	0.45	1.0	0.45	0.0702614379084967	1.9649999999999999	0.02737019572719368				0	Unknown	Unknown	Normal	4.62	0.12183040381293828	8.0	1.4	2.42	0.09096042297623326	2.0	-0.2	0.02383022324416655	0.07702552402194189	0.2899267203067198	0.6092175324271717	0.9028443074654454	0.1248184416132045	0.21617420918366775	0.41348155142554316	0.24552579777758457	0.8453089841749166	1.3333333333333333	0.0	1.3333333333333333	-0.2826131829465855	-0.9078149076094607	0.6252017246628752	1.0	0.0	0.3	0.4	0.1	0.3	-0.39999999999999997	-0.5	13.0	7.0	6.0	4.0	2.0
2024-03-03	13:30	PSV Eindhoven	Feyenoord	2	2	D	1	1	D	17	9	8	6	10	10	9	2	4	3	0	0	2.05	3.5	3.5	2.05	3.6	3.4				2.08	3.66	3.65	2.0	3.75	3.3	2.0	3.5	3.3	2.1	3.85	3.65	2.04	3.6	3.42	1.75	2.05	1.82	2.07	1.82	2.15	1.74	2.06	-0.25	1.75	2.05	1.79	2.12	1.85	2.12	1.77	2.05	1.83	3.6	4.2	1.85	3.75	3.9				1.88	3.75	4.35	1.91	3.7	3.6	1.85	3.7	4.0	1.93	3.9	4.39	1.88	3.69	3.99	1.67	2.15	1.71	2.23	1.87	2.29	1.7	2.14	-0.5	1.87	2.03	1.88	2.03	1.95	2.07	1.87	1.97	eredivisie																																																									0	0	1		0	0	1	1	1	15.0	13.0	0	0	1	2024	3	0	54.0	92.0	psv_eindhoven	3.2962962962962963	89	1.6296296296296295	44	20.296296296296298	548	8.25925925925926	1.1851851851851851	2.4444444444444446	0.8927536231884057	2.0	60	1.0333333333333334	31	15.3	459	6.233333333333333	0.3333333333333333	0.8333333333333334	0.14814814814814814	0.48780487804878053	0.2857142857142857	0.2857142857142857	0.4605263157894737	0.2697368421052631	0.2697368421052631	0.059233449477352096	0.04999999999999982	0.20000000000000018	-0.25	-0.02727856225930686	-0.01597744360902259	-0.01597744360902259	0.5857142857142856	1.0	0.5857142857142856	0.059233449477351874	1.9	0.059233449477351874				0	Unknown	Unknown	Normal	6.01	0.16167557511056663	9.0	3.6	3.3099999999999996	0.14501354613895487	5.0	1.2	0.006168760358079259	0.028416992747067982	0.17337315274024365	0.792041094154609	0.8463145344501395	0.07833819832775586	0.17682556312695147	0.37965943398116936	0.3651768045641234	1.1561888837289889	1.5	0.0	1.5	-0.4776777168281961	-0.9078149076094607	0.4301371907812646	3.0	0.0	0.8	0.3	0.2	0.0	-0.19999999999999996	-0.5	15.0	13.0	2.0	5.0	4.0
2024-03-03	15:45	For Sittard	Excelsior	5	2	H	4	0	H	17	5	8	2	9	6	6	1	2	3	0	0	1.91	3.8	3.8	1.93	3.6	3.8				1.93	3.7	4.13	1.91	3.7	3.75	1.83	3.5	3.9	1.95	3.8	4.13	1.9	3.65	3.88	1.88	1.98	1.92	1.97	1.93	2.02	1.86	1.94	-0.5	1.92	1.98	1.93	1.97	1.95	1.99	1.91	1.93	1.85	4.0	3.8	1.85	3.7	4.0				1.88	3.81	4.27	1.85	3.6	3.9	1.87	3.6	4.0	1.91	4.0	4.3	1.87	3.7	4.05	1.75	2.05	1.85	2.05	1.94	2.11	1.84	1.95	-0.5	1.88	2.02	1.88	2.03	1.91	2.04	1.87	1.97	eredivisie																																																									1	0	0	For Sittard	1	0	0	3	0	8.0	1.0	0	0	0	2024	5	0	1.0	30.0	for_sittard	1.4285714285714286	50	0.6857142857142857	24	13.8	483	4.457142857142857	0.4	0.02857142857142857	0.574074074074074	1.2272727272727273	27	0.6818181818181818	15	9.545454545454545	210	4.090909090909091	-0.5454545454545454	-1.4545454545454546	-0.5625	0.5235602094240838	0.2631578947368421	0.2631578947368421	0.49868766404199477	0.25065616797900264	0.25065616797900264	0.04987599889776795	0.0	0.04999999999999982	0.09999999999999964	-0.024872545382088995	-0.012501726757839449	-0.012501726757839449	0.5026315789473684	1.0	0.5026315789473684	0.03696539866752646	1.93	0.025883838383838453				0	Unknown	Unknown	Normal	2.8	0.16882471874570543	7.0	0.2	2.1100000000000003	0.13618058181338039	3.0	-2.0	0.10713313738859616	0.2145814379043966	0.3883450151530541	0.28994040955395317	0.958558656639821	0.18027714407422477	0.23884080575972813	0.3863862777391129	0.1944957724269342	0.7044230219471476	1.25	0.0	1.25	-0.08754864906497486	-0.9078149076094607	0.8202662585444859	3.0	-1.0	0.4	0.1	0.4	0.4	-0.19999999999999996	-0.5	8.0	1.0	7.0	2.0	0.0
2024-03-04	20:00	Heerenveen	Twente	3	3	D	2	3	A	9	14	5	6	8	11	3	4	1	2	0	0	3.6	4.0	1.91	3.6	3.8	1.93				3.66	3.92	1.97	3.5	3.8	1.91	3.7	3.75	1.91	3.7	4.0	1.97	3.58	3.82	1.94	1.7	2.1	1.77	2.14	1.78	2.3	1.7	2.14	0.5	1.95	1.95	1.92	1.98	1.96	1.98	1.9	1.93	4.0	4.2	1.8	4.1	3.8	1.82				4.36	3.92	1.81	4.2	3.8	1.75	4.1	3.8	1.8	4.5	4.25	1.88	4.18	3.89	1.8	1.7	2.1	1.76	2.14	1.8	2.17	1.73	2.09	0.75	1.78	2.03	1.85	2.06	1.9	2.14	1.81	2.02	eredivisie																																																									0	0	1		0	1	0	1	1	9.0	12.0	0	0	1	2024	3	6	1.0	22.0	heerenveen	1.7692307692307692	46	1.0384615384615385	27	15.384615384615385	400	5.5	0.19230769230769232	0.34615384615384615	0.03571428571428571	1.6774193548387097	52	0.8387096774193549	26	13.387096774193548	415	4.354838709677419	0.25806451612903225	0.4838709677419355	0.15789473684210525	0.2777777777777778	0.25	0.5235602094240838	0.2642135841748513	0.23779222575736617	0.49799419006778256	0.05133798720186156	0.10000000000000009	0.0	0.20000000000000018	-0.013564193602926489	-0.025566019356301206	-0.012207774242633834	0.9	0.4775	1.8848167539267018	0.06442577030812324	1.9	0.025641025641025772				0	Unknown	Unknown	Normal	3.6	0.16523469108009853	7.0	0.4	3.65	0.12502912216222398	4.0	1.4	0.04916709076009098	0.125463886912285	0.35779560212032935	0.4675734202072947	0.9084884476580724	0.027082781464240736	0.09664452986707986	0.38244315260656225	0.4938295360621172	1.4928648751557456	1.5	1.5	0.0	-0.4776777168281961	0.9078149076094607	-1.3854926244376569	2.0	1.0	0.4	0.5	0.3	0.0	-0.6	-0.19999999999999996	9.0	12.0	-3.0	3.0	4.0
2024-03-04	19:00	Utrecht	Zwolle	5	1	H	0	0	D	18	5	7	2	7	6	5	0	0	1	0	0	1.5	4.5	6.0	1.5	4.5	6.0				1.51	4.65	6.29	1.44	4.5	6.5	1.45	4.5	6.5	1.52	4.7	6.75	1.48	4.54	6.21	1.67	2.15	1.7	2.24	1.7	2.35	1.64	2.2	-1.0	1.75	2.05	1.81	2.1	1.85	2.19	1.78	2.08	1.4	4.75	7.0	1.43	4.75	7.0				1.47	4.67	7.0	1.4	4.6	7.0	1.44	4.6	7.0	1.47	4.99	7.4	1.43	4.68	6.91	1.67	2.15	1.71	2.22	1.79	2.33	1.66	2.2	-1.25	2.01	1.89	2.02	1.89	2.05	1.91	1.96	1.86	eredivisie																																																									1	0	0	Utrecht	0	0	1	3	0	6.0	6.0	0	0	0	2024	3	0	52.0	1.0	utrecht	1.6774193548387097	52	0.5161290322580645	16	14.741935483870968	457	5.483870967741935	0.12903225806451613	0.6451612903225806	-7.93016446160826e-18	1.25	30	0.4166666666666667	10	9.666666666666666	232	3.7916666666666665	-0.5	-1.1666666666666667	-0.4230769230769231	0.6666666666666666	0.2222222222222222	0.16666666666666666	0.631578947368421	0.21052631578947367	0.15789473684210525	0.05555555555555558	0.06000000000000005	-0.5	0.0	-0.03508771929824561	-0.008771929824561403	-0.011695906432748537	0.3333333333333333	1.3333333333333333	0.25	0.06391867427934828	1.91	0.059233449477351874				0	Unknown	Unknown	Normal	2.65	0.16535209489790378	6.0	-0.4	3.02	0.09555277049865178	5.0	-0.2	0.08511302871715291	0.19679839198532373	0.4382836220167678	0.2798049572807555	0.8865779197282843	0.11383651294697408	0.17974229211082035	0.3476596786526905	0.35876151628951514	0.7302940579487089	1.0	0.0	1.0	-0.4776777168281961	-0.9078149076094607	0.4301371907812646	-2.0	-2.0	0.2	0.2	0.1	0.4	-0.39999999999999997	-0.7	6.0	6.0	0.0	1.0	2.0
2024-03-04	17:45	Heracles	AZ Alkmaar	5	0	H	3	0	H	21	18	9	4	10	8	4	6	2	1	0	0	6.5	5.0	1.44	6.5	4.6	1.46				7.0	4.77	1.46	7.0	4.6	1.4	7.5	4.6	1.4	7.5	5.0	1.47	6.86	4.69	1.43	1.65	2.2	1.7	2.24	1.71	2.29	1.66	2.22	1.25	1.92	1.98	1.89	2.02	1.96	2.02	1.87	1.95	6.5	5.0	1.44	6.75	4.6	1.44				7.27	4.65	1.46	7.5	4.5	1.4	7.5	4.6	1.4	7.8	5.07	1.47	6.95	4.64	1.43	1.73	2.08	1.78	2.12	1.78	2.23	1.7	2.13	1.25	1.86	2.04	1.87	2.04	1.91	2.06	1.84	1.98	eredivisie																																																									1	0	0	Heracles	1	0	0	3	0	7.0	5.0	0	0	0	2024	4	1	1.0	22.0	heracles	2.1052631578947367	40	0.7894736842105263	15	14.842105263157896	282	5.368421052631579	-0.3157894736842105	0.21052631578947367	-0.1987179487179487	1.3103448275862069	38	0.7931034482758621	23	12.862068965517242	373	5.206896551724138	0.3793103448275862	0.10344827586206896	0.4230769230769231	0.15384615384615385	0.2	0.6944444444444444	0.14675907052588666	0.19078679168365267	0.6624541377904606	0.04829059829059834	-0.5	0.040000000000000036	0.40000000000000036	-0.007087083320267196	-0.031990306653983835	-0.009213208316347338	1.3	0.288	4.513888888888889	0.06060606060606055	1.925	0.025883838383838453				0	Unknown	Unknown	Normal	2.43	0.10061585587067878	4.0	-0.6	2.34	0.09025892830829615	3.0	-0.2	0.12712992620655378	0.21710837373544015	0.4071052085721873	0.24865649148581878	0.8595773582554147	0.12639415181324495	0.2225102978514895	0.42431074548524866	0.2267848048500168	1.0063167394323842	1.3333333333333333	0.3333333333333333	1.0	-0.2826131829465855	-0.6052099384063071	0.3225967554597216	2.0	-1.0	0.16666666666666666	0.3	0.3333333333333333	0.2	-0.6333333333333334	-0.36666666666666675	7.0	5.0	2.0	2.0	1.0
2024-03-05	19:00	Almere City	Heerenveen	1	1	D	0	0	D	13	18	4	5	14	6	3	9	2	0	1	0	2.8	3.4	2.5	2.7	3.5	2.45				2.88	3.46	2.51	2.62	3.5	2.45	2.75	3.5	2.45	2.88	3.6	2.55	2.77	3.48	2.45	1.75	2.05	1.81	2.08	1.82	2.1	1.76	2.05	0.0	2.07	1.83	2.09	1.83	2.09	1.83	2.03	1.81	2.9	3.4	2.4	2.85	3.5	2.37				3.01	3.51	2.4	2.75	3.5	2.38	2.9	3.5	2.3	3.06	3.6	2.45	2.88	3.46	2.38	1.75	2.05	1.79	2.11	1.9	2.15	1.74	2.07	0.25	1.84	2.06	1.83	2.08	1.88	2.08	1.79	2.03	eredivisie																																																									0	0	1		0	0	1	1	1	7.0	5.0	0	0	0	2024	3	1	32.0	3.0	almere_city	0.8666666666666667	13	0.3333333333333333	5	13.533333333333333	203	3.533333333333333	-0.4	-0.8666666666666667	-0.6666666666666666	1.1666666666666667	35	0.4666666666666667	14	11.866666666666667	356	3.8666666666666667	-0.26666666666666666	-0.7666666666666667	0.13333333333333333	0.35714285714285715	0.29411764705882354	0.4	0.33972821742605913	0.2797761790567546	0.38049560351718625	0.05126050420168071	0.17999999999999972	0.04999999999999982	-0.10000000000000009	-0.01741463971679802	-0.01950439648281377	-0.014341468002068924	0.8235294117647058	0.7352941176470589	1.1199999999999999	0.059233449477351874	1.9	0.029539874871307603				0	Unknown	Unknown	Normal	2.6999999999999997	0.12177761392000011	5.0	0.25	3.15	0.09081955315950442	6.0	-0.6	0.09040865691158402	0.19620818129636786	0.42052314340841357	0.2928600183836346	0.6974597093922819	0.08851725719028387	0.1714764789148464	0.35688719628938764	0.38311906760548203	0.9440382589101954	1.5	0.3333333333333333	1.1666666666666667	-0.4776777168281961	-0.6052099384063071	0.127532221578111	1.0	-3.0	0.25	0.1	0.0	0.4	-0.35	-0.9	7.0	5.0	2.0	2.0	1.0
2024-03-05	19:00	For Sittard	Go Ahead Eagles	0	0	D	0	0	D	27	6	5	1	11	8	8	0	1	0	0	0	2.45	3.6	2.7	2.3	3.3	2.6				2.54	3.58	2.78	2.45	3.5	2.62	2.45	3.6	2.7	2.54	3.62	2.79	2.46	3.54	2.7	1.7	2.1	1.75	2.16	1.78	2.17	1.72	2.11	0.0	1.86	2.04	1.86	2.05	1.88	2.05	1.83	2.01	2.3	3.6	2.9	2.25	3.25	2.7				2.4	3.57	2.97	2.38	3.6	2.75	2.38	3.5	2.8	2.42	3.69	3.02	2.36	3.53	2.86	1.7	2.1	1.78	2.12	1.82	2.14	1.74	2.08	-0.25	2.08	1.82	2.09	1.83	2.12	1.83	2.03	1.79	eredivisie																																																									0	0	1		0	0	1	1	1	8.0	3.0	0	1	0	2024	8	0	2.0	53.0	for_sittard	1.4285714285714286	50	0.6857142857142857	24	13.8	483	4.457142857142857	0.4	0.02857142857142857	0.574074074074074	1.2142857142857142	34	0.5714285714285714	16	11.821428571428571	331	3.7142857142857144	-0.07142857142857142	-0.25	-0.25	0.4081632653061224	0.2777777777777778	0.37037037037037035	0.3864042933810376	0.26296958855098396	0.3506261180679786	0.056311413454270376	0.0	0.08000000000000007	0.10000000000000009	-0.021758971925084802	-0.01974425230239174	-0.014808189226793833	0.6805555555555556	0.75	0.9074074074074074	0.06442577030812324	1.9	0.027830487033523088				0	Unknown	Unknown	Normal	3.2700000000000005	0.20928623289143014	11.0	0.6	1.9899999999999998	0.07698378969097201	3.0	-1.2	0.08605810514154522	0.17449134694621096	0.3521507334800342	0.3872998144322096	0.9667482772955113	0.16626377611013415	0.2730468493902711	0.40188352386981957	0.15880585062977517	0.32380765558150726	1.6	0.0	1.6	0.497644952579857	-0.9078149076094607	1.4054598601893178	6.0	-4.0	0.3	0.2	0.3	0.3	-0.39999999999999997	-0.49999999999999994	8.0	3.0	5.0	2.0	1.0
2024-03-11	11:15	Go Ahead Eagles	Zwolle	2	2	D	0	2	A	16	5	6	3	12	12	9	5	1	1	0	0	1.62	4.0	5.5	1.66	4.1	4.75				1.61	4.17	5.09	1.62	4.0	5.0				1.66	4.2	5.5	1.63	4.05	5.01	1.67	2.15	1.66	2.25	1.71	2.29	1.66	2.21	-1.0	2.08	1.82	2.07	1.8	2.14	1.82	2.07	1.79	1.55	4.2	6.0	1.53	4.4	5.75				1.56	4.31	6.13	1.5	4.4	5.8				1.6	4.55	6.8	1.53	4.31	6.01	1.62	2.25	1.64	2.29	1.7	2.36	1.64	2.25	-1.0	1.91	1.99	1.92	1.99	1.97	2.06	1.87	1.96	eredivisie	1.6	4.0	5.0	1.66	3.95	5.1	1.64	3.95	5.9	1.66	2.2			1.5	4.2	6.0	1.6	4.28	5.88	1.58	4.5	6.6	1.7	2.34	1.93	2.02																															0	0	1		0	1	0	1	1	10.0	6.0	0	0	0	2024	3	0	37.0	7.0	go_ahead_eagles	1.7096774193548387	53	0.7741935483870968	24	15.096774193548388	468	6.193548387096774	-0.0967741935483871	0.12903225806451613	0.15789473684210525	1.25	30	0.4166666666666667	10	9.666666666666666	232	3.7916666666666665	-0.5	-1.1666666666666667	-0.4230769230769231	0.6172839506172839	0.25	0.18181818181818182	0.5883926183471516	0.23829901043059643	0.17330837122225196	0.049102132435465684	0.0	0.5	0.0	-0.028891332270132297	-0.008509810595929868	-0.011700989569403575	0.405	1.375	0.29454545454545455	0.06391867427934828	1.91	0.030219780219780112				0	Unknown	Unknown	Normal	4.340000000000001	0.07745128395941912	5.0	0.8	2.65	0.11950128120064249	1.0	-0.8	0.04259334003886504	0.09785669243795311	0.28081780782396754	0.5787321596992142	1.0378286811110935	0.1646035704511863	0.22313995909115292	0.3195348922875584	0.2927215781701024	0.621379473102425	1.5	0.0	1.5	-0.4776777168281961	-0.9078149076094607	0.4301371907812646	1.0	-6.0	0.5	0.16666666666666666	0.3	0.3333333333333333	-0.16666666666666674	-0.5333333333333333	10.0	6.0	4.0	3.0	2.0
2024-03-11	13:30	Nijmegen	Groningen	6	0	H	3	0	H	14	6	6	1	17	15	1	4	1	3	0	0	1.85	3.3	4.75	1.88	3.5	4.2				1.87	3.51	4.32	1.83	3.6	4.0				1.9	3.7	4.75	1.87	3.49	4.2	1.93	1.93	1.9	1.93	1.99	1.97	1.89	1.9	-0.5	1.88	2.02	1.88	1.98	1.92	2.04	1.87	1.96	2.05	3.1	4.1	2.05	3.3	3.7				2.09	3.33	3.91	2.0	3.4	3.6				2.11	3.45	4.14	2.05	3.29	3.82	2.05	1.8	2.08	1.81	2.14	1.85	2.02	1.79	-0.25	1.73	2.08	1.79	2.13	1.83	2.16	1.77	2.09	eredivisie	1.85	3.3	4.33	1.87	3.7	4.06	1.87	3.6	4.8	1.95	1.95			2.0	3.1	3.7	2.11	3.18	4.14	2.14	3.4	4.0	2.12	1.86	1.83	2.18																															1	0	0	Nijmegen	1	0	0	3	0	6.0	1.0	0	0	0	2024	3	0	9.0	129.0	nijmegen	1.896551724137931	55	0.4827586206896552	14	14.758620689655173	428	5.620689655172414	-0.1724137931034483	0.3793103448275862	-0.2427536231884058	0.75	15	0.35	7	11.9	238	4.3	-0.55	-1.45	-0.14285714285714285	0.5405405405405405	0.30303030303030304	0.21052631578947367	0.5127995419972192	0.28747853111965327	0.1997219268831275	0.054097159360317226	0.020000000000000018	0.75	-0.30000000000000027	-0.027740998543321238	-0.010804388906346163	-0.01555177191064977	0.5606060606060607	1.4393939393939394	0.38947368421052636	0.0362694300518136	1.93	0.026964398567516312				0	Unknown	Unknown	Normal	3.91	0.1012901000148461	6.0	0.2	1.3900000000000001	0.028169014084507043	0.0	-1.8	0.09215742242439519	0.12667640020113552	0.2717160032236949	0.5094501741507744	0.6353878431758592	0.31296765272842686	0.30332059628558566	0.30117906927388305	0.08253268171210448	0.5568084546018145	1.0	0.0	1.0	-0.4776777168281961	-0.9078149076094607	0.4301371907812646	1.0	0.0	0.1	0.125	0.1	0.5	-0.4	-0.775	6.0	1.0	5.0	1.0	0.0
2024-03-11	15:45	Waalwijk	Almere City	2	0	H	1	0	H	11	8	3	0	11	9	4	4	0	0	0	0	2.75	3.3	2.6	2.8	3.4	2.45				2.75	3.37	2.57	2.7	3.3	2.5				2.8	3.4	2.6	2.74	3.34	2.52	1.8	2.0	1.82	2.03	1.86	2.08	1.8	2.0	0.0	2.02	1.88	2.0	1.86	2.05	1.89	1.99	1.84	2.7	3.3	2.62	2.75	3.4	2.5				2.77	3.46	2.61	2.62	3.4	2.5				2.8	3.46	2.69	2.72	3.35	2.58	1.85	2.0	1.85	2.04	1.91	2.05	1.83	1.98	0.0	2.0	1.9	2.01	1.89	2.02	1.92	1.99	1.88	eredivisie	2.75	3.3	2.45	2.77	3.32	2.54	2.88	3.5	2.58	1.81	1.99			2.7	3.3	2.5	2.76	3.38	2.69	2.84	3.5	2.7	1.88	2.08	2.08	1.9																															1	0	0	Waalwijk	1	0	0	3	0	4.0	4.0	0	0	0	2024	0	1	121.0	8.0	waalwijk	1.76	44	0.84	21	13.2	330	4.56	0.28	0.44	0.19642857142857142	0.5833333333333334	7	0.4166666666666667	5	10.333333333333334	124	2.8333333333333335	-0.6666666666666666	-1.25	0.0	0.36363636363636365	0.30303030303030304	0.3846153846153846	0.3458980044345898	0.28824833702882485	0.3658536585365853	0.05128205128205132	0.04999999999999982	0.10000000000000009	0.0	-0.017738359201773857	-0.01876172607879928	-0.014781966001478186	0.8333333333333334	0.787878787878788	1.0576923076923077	0.05555555555555558	1.9	0.026964398567516312				0	Unknown	Unknown	Normal	2.24	0.11167603246811168	2.0	0.0	2.8499999999999996	0.09959000741849533	5.0	-1.25	0.1384052696154411	0.24576799815821362	0.4106105855206216	0.20521614670572372	0.6619407134434973	0.07024773381078903	0.17376075571904898	0.4334138396739854	0.3225776707961766	0.5520443079722959	0.0	0.5	-0.5	-1.062871318473028	-0.6052099384063071	-0.45766138006672097	0.0	0.0	0.2	0.0	0.4	0.25	-0.55	-0.6	4.0	4.0	0.0	1.0	1.0
2024-03-11	13:30	Sparta Rotterdam	Utrecht	1	4	A	0	1	A	10	14	3	4	14	10	4	4	1	1	1	0	2.63	3.5	2.55	2.6	3.5	2.6				2.69	3.44	2.58	2.6	3.5	2.5				2.69	3.52	2.65	2.63	3.43	2.58	1.85	2.0	1.84	2.01	1.87	2.05	1.82	1.98	0.0	2.0	1.9	1.97	1.88	2.04	1.92	1.95	1.89	2.7	3.5	2.5	2.7	3.4	2.55				2.8	3.46	2.58	2.62	3.5	2.5				2.86	3.58	2.63	2.71	3.42	2.54	1.88	1.98	1.88	2.0	1.99	2.0	1.86	1.94	0.0	2.03	1.87	2.04	1.88	2.06	1.91	2.01	1.86	eredivisie	2.63	3.3	2.6	2.62	3.52	2.57	2.82	3.4	2.72	1.81	2.02			2.63	3.2	2.5	2.86	3.58	2.48	2.86	3.5	2.72	1.95	2.0	2.04	1.94																															0	1	0	Utrecht	0	1	0	0	3	7.0	4.0	0	0	0	2024	1	0	37.0	8.0	sparta_rotterdam	1.3571428571428572	38	0.5	14	14.857142857142858	416	5.107142857142857	0.10714285714285714	0.0	0.2156862745098039	1.9285714285714286	54	0.6785714285714286	19	12.964285714285714	363	4.535714285714286	0.03571428571428571	0.42857142857142855	0.17592592592592593	0.3802281368821293	0.2857142857142857	0.3921568627450981	0.35935014998087494	0.2700259698427717	0.3706238801763534	0.058099285341512985	0.029999999999999805	0.04999999999999982	0.0	-0.020877986901254364	-0.021532982568744696	-0.01568831587151398	0.7514285714285714	0.7285714285714285	1.031372549019608	0.04054054054054035	1.925	0.02631578947368407				0	Unknown	Unknown	Normal	3.05	0.06654041810552894	6.0	-0.4	2.08	0.06611570247933884	2.0	-0.8	0.1633594858559853	0.1594994044319375	0.29009471061606346	0.3870463990960137	0.5650647756619758	0.1693673865464342	0.25716023435179264	0.3898811130293271	0.18359126607244605	0.5102504872928008	0.5	0.0	0.5	-0.8678067845914174	-0.9078149076094607	0.04000812301804335	0.0	-2.0	0.0	0.3	0.2	0.4	-0.6	-0.5	7.0	4.0	3.0	2.0	1.0
2024-04-02	15:45	Sparta Rotterdam	Zwolle	0	2	A	0	1	A	21	12	11	4	7	10	13	3	1	3	0	0	1.91	3.5	4.2	1.93	3.75	3.7				1.96	3.76	3.94	1.85	3.6	3.6	1.9	3.5	3.6	1.99	3.8	4.2	1.92	3.67	3.83	1.83	2.03	1.81	2.08	1.85	2.09	1.79	2.03	-0.5	1.95	1.95	1.96	1.94	1.99	2.0	1.92	1.93	1.8	3.6	4.5	1.78	3.75	4.33				1.81	3.76	4.71	1.7	3.7	4.2	1.8	3.75	4.2	1.91	3.9	4.71	1.81	3.68	4.37	1.75	2.05	1.79	2.11	1.89	2.13	1.78	2.04	-0.5	1.78	2.03	1.81	2.1	1.91	2.17	1.83	2.03	eredivisie																																																									0	1	0	Zwolle	0	1	0	0	3	7.0	4.0	0	0	0	2024	1	1	22.0	22.0	sparta_rotterdam	1.3571428571428572	38	0.5	14	14.857142857142858	416	5.107142857142857	0.10714285714285714	0.0	0.2156862745098039	1.25	30	0.4166666666666667	10	9.666666666666666	232	3.7916666666666665	-0.5	-1.1666666666666667	-0.4230769230769231	0.5235602094240838	0.2857142857142857	0.23809523809523808	0.49988098071887643	0.2727921923351583	0.22732682694596523	0.0473697332336076	0.05999999999999983	0.6000000000000001	-0.10000000000000009	-0.023679228705207334	-0.01076841114927285	-0.01292209337912742	0.5457142857142857	1.2	0.4547619047619047	0.03905892487011764	1.93	0.025641025641025772				0	Unknown	Unknown	Normal	3.3600000000000003	0.08634239830354873	4.0	-0.8	2.2800000000000002	0.16739830260462396	3.0	-1.0	0.06780033463101946	0.1516276489316739	0.36347398581628243	0.41709803062102424	0.7101175095106739	0.20037851122446973	0.26624300740442153	0.3145706986257434	0.21880778274536547	0.4402719517085196	0.3333333333333333	0.25	0.08333333333333331	-0.8678067845914174	-0.6052099384063071	-0.26259684618511026	-3.0	-6.0	0.0	0.14285714285714285	0.2	0.2857142857142857	-0.7142857142857143	-0.6571428571428573	7.0	4.0	3.0	2.0	1.0
2024-04-02	11:15	Vitesse	Go Ahead Eagles	0	2	A	0	1	A	15	16	5	7	15	14	5	6	1	1	0	1	2.9	3.3	2.45	2.65	3.5	2.55				2.92	3.53	2.49	2.6	3.4	2.38	2.7	3.3	2.38	2.92	3.56	2.55	2.78	3.48	2.44	1.88	1.98	1.84	2.06	1.89	2.06	1.82	1.99	0.0	2.09	1.81	2.13	1.81	2.13	1.83	2.06	1.79	3.0	3.25	2.5	2.8	3.3	2.45				2.92	3.37	2.57	2.7	3.4	2.3	2.88	3.3	2.45	3.06	3.47	2.57	2.91	3.33	2.46	2.0	1.85	1.99	1.88	2.06	1.98	1.95	1.86	0.25	1.73	2.08	1.79	2.19	1.85	2.26	1.76	2.1	eredivisie																																																									0	1	0	Go Ahead Eagles	0	1	0	0	3	6.0	4.0	1	0	0	2024	0	1	58.0	28.0	vitesse	0.8571428571428571	12	0.5	7	13.214285714285714	185	4.285714285714286	-0.21428571428571427	-1.1428571428571428	0.25	1.2142857142857142	34	0.5714285714285714	16	11.821428571428571	331	3.7142857142857144	-0.07142857142857142	-0.25	-0.25	0.3448275862068966	0.30303030303030304	0.4081632653061224	0.32653473344103395	0.28695476575121165	0.3865105008077544	0.056021154543322016	0.2999999999999998	0.07000000000000028	-0.10000000000000009	-0.01829285276586262	-0.021652764498368005	-0.01607553727909139	0.8787878787878788	0.7424242424242425	1.183673469387755	0.03696539866752646	1.93	0.030955087366835166				0	Unknown	Unknown	Normal	2.6199999999999997	0.1278357825944132	4.0	-0.4	1.9300000000000002	0.07698378969097201	2.0	-0.8	0.09889416609280924	0.20654494948014399	0.41924616778475193	0.27531471664229484	0.7690967085202678	0.1863110214289964	0.2749014446315788	0.3844206068477417	0.1543669270916831	0.3251449467101381	0.0	0.25	-0.25	-1.062871318473028	-0.6052099384063071	-0.45766138006672097	-4.0	-4.0	0.4	0.3	0.3	0.3	-0.29999999999999993	-0.39999999999999997	6.0	4.0	2.0	2.0	1.0
2024-04-02	13:30	Utrecht	Volendam	4	2	H	2	1	H	24	5	10	3	9	9	9	2	2	1	0	0	1.33	5.0	9.5	1.35	5.25	8.0				1.35	5.5	8.96	1.3	5.0	8.0	1.3	5.0	8.5	1.37	5.5	9.5	1.33	5.21	8.55	1.6	2.3	1.61	2.41	1.69	2.45	1.6	2.32	-1.5	1.99	1.91	1.97	1.93	2.0	1.93	1.97	1.88	1.29	5.5	11.0	1.28	5.75	10.5				1.29	5.73	11.42	1.22	5.5	11.0	1.25	5.75	11.5	1.31	6.0	12.0	1.28	5.73	10.62	1.57	2.35	1.59	2.45	1.61	2.5	1.56	2.42	-1.75	2.04	1.86	2.04	1.85	2.08	1.89	2.01	1.83	eredivisie																																																									1	0	0	Utrecht	1	0	0	3	0	8.0	3.0	0	0	1	2024	6	0	29.0	121.0	utrecht	1.6774193548387097	52	0.5161290322580645	16	14.741935483870968	457	5.483870967741935	0.12903225806451613	0.6451612903225806	-7.93016446160826e-18	0.9583333333333334	23	0.5	12	9.166666666666666	220	3.4166666666666665	-0.875	-1.375	-0.7	0.7518796992481203	0.2	0.10526315789473684	0.7112375533428166	0.18918918918918923	0.09957325746799432	0.05714285714285694	0.030000000000000027	1.5	0.0	-0.040642145905303684	-0.005689900426742514	-0.010810810810810784	0.266	1.9	0.14	0.05978260869565233	1.95	0.026072772238153963				0	Unknown	Unknown	Normal	2.8	0.20641631651931358	9.0	0.4	1.8800000000000001	0.20512820512820512	2.0	-0.8	0.08192639881448907	0.18778482241235012	0.42039960038717805	0.3098891783859828	0.8474995012768793	0.1903330243701538	0.2772865961139427	0.38819647903104243	0.14418390048486104	0.4000922909508705	1.5	0.0	1.5	0.10751588481663577	-0.9078149076094607	1.0153307924260964	2.0	0.0	0.1	0.2	0.0	0.3	-0.6	-0.8	8.0	3.0	5.0	2.0	1.0
2024-04-02	13:30	AZ Alkmaar	Feyenoord	0	1	A	0	1	A	14	6	4	2	13	11	5	2	2	1	0	0	4.5	3.8	1.75	4.2	3.9	1.78				4.76	3.9	1.78	4.2	3.8	1.7	4.33	3.7	1.7	4.76	4.05	1.8	4.41	3.86	1.75	1.73	2.08	1.78	2.12	1.8	2.17	1.73	2.1	0.75	1.9	2.0	1.92	1.99	1.92	2.05	1.87	1.95	5.25	4.2	1.6	5.25	4.1	1.61				5.68	4.23	1.61	5.0	4.2	1.53	5.5	4.1	1.57	5.7	4.3	1.66	5.34	4.19	1.6	1.7	2.1	1.74	2.15	1.78	2.21	1.7	2.15	1.0	1.85	2.05	1.86	2.02	1.88	2.09	1.84	2.01	eredivisie																																																									0	1	0	Feyenoord	0	1	0	0	3	12.0	11.0	0	0	0	2024	3	1	81.0	30.0	az_alkmaar	1.8666666666666667	56	0.9666666666666667	29	17.266666666666666	518	6.3	0.4666666666666667	0.9333333333333333	0.3083333333333333	2.0	60	1.0333333333333334	31	15.3	459	6.233333333333333	0.3333333333333333	0.8333333333333334	0.14814814814814814	0.2222222222222222	0.2631578947368421	0.5714285714285714	0.2102766798418972	0.24901185770750986	0.5407114624505929	0.05680868838763575	0.2999999999999998	0.050000000000000044	0.0	-0.011945542380324997	-0.030717108977978524	-0.014146037029332231	1.1842105263157896	0.46052631578947373	2.5714285714285716	0.058803912850155626	1.905	0.02631578947368407				0	Unknown	Unknown	Normal	3.63	0.13821429617322498	7.0	1.8	2.5300000000000002	0.17420944249352283	6.0	1.0	0.049805489775732105	0.12860402239394716	0.3608564472412038	0.4607340405891168	1.155110249153052	0.08809405491551894	0.20530706025558293	0.4534425378319146	0.2531563469969836	1.1409033524791337	1.5	0.5	1.0	-0.4776777168281961	-0.6052099384063071	0.127532221578111	1.0	0.0	0.4	0.3	0.1	0.0	-0.6	-0.6000000000000001	12.0	11.0	1.0	4.0	3.0
2024-04-04	17:45	Volendam	Feyenoord	0	0	D	0	0	D	9	23	1	10	22	5	0	6	6	2	0	0	23.0	11.0	1.1	23.0	11.5	1.1				21.73	12.73	1.09	23.0	11.0	1.07	20.0	10.0	1.06	28.0	13.0	1.1	22.05	11.01	1.09	1.22	4.2	1.22	4.36	1.23	4.36	1.22	4.06	2.75	1.95	1.95	1.93	1.93	1.97	2.0	1.89	1.91	21.0	11.0	1.1	23.0	12.0	1.09				23.4	12.6	1.09	21.0	12.0	1.06	21.0	11.0	1.08	27.0	13.0	1.11	22.14	11.52	1.09	1.2	4.33	1.21	4.54	1.23	4.7	1.2	4.38	2.75	1.99	1.91	1.95	1.92	2.02	1.98	1.91	1.91	eredivisie																																																									0	0	1		0	0	1	1	1	6.0	11.0	0	1	0	2024	0	4	92.0	2.0	volendam	1.1818181818181819	26	0.36363636363636365	8	12.590909090909092	277	4.045454545454546	-0.45454545454545453	-1.2272727272727273	-0.16666666666666666	2.0	60	1.0333333333333334	31	15.3	459	6.233333333333333	0.3333333333333333	0.8333333333333334	0.14814814814814814	0.043478260869565216	0.09090909090909091	0.9090909090909091	0.041666666666666664	0.08712121212121213	0.8712121212121212	0.04347826086956519	0.0	0.030000000000000027	0.0	-0.0018115942028985518	-0.037878787878787845	-0.0037878787878787845	2.090909090909091	0.1	20.909090909090907	0.05776736924277914	2.71	0.025641025641025772				0	Unknown	Unknown	Normal	3.2600000000000002	0.12923954294341883	4.0	-0.8	2.4199999999999995	0.15761361169004173	5.0	0.8	0.0732702697041805	0.16244471433853042	0.3737590581958525	0.39052595776143656	0.543541860566015	0.11115298025959594	0.217987574908384	0.4324588432216638	0.2384006016103563	1.052702914437179	0.0	1.3333333333333333	-1.3333333333333333	-1.062871318473028	0.30260496920315355	-1.3654762876761817	-3.0	1.0	0.1	0.3	0.3	0.0	-0.9	-0.39999999999999997	6.0	11.0	-5.0	2.0	3.0
2024-04-04	19:00	Waalwijk	Almere City	0	0	D	0	0	D	15	9	3	0	7	16	5	6	2	1	0	0	2.2	3.6	3.2	2.15	3.5	3.3				2.28	3.43	3.3	2.15	3.4	3.2	2.15	3.3	3.1	2.28	3.65	3.31	2.19	3.43	3.22	1.98	1.88	2.0	1.88	2.0	2.0	1.92	1.88	-0.25	1.95	1.95	1.97	1.93	1.98	1.97	1.89	1.91	2.05	3.6	3.4	2.1	3.4	3.4				2.09	3.47	3.73	2.05	3.5	3.4	2.05	3.5	3.5	2.13	3.67	3.74	2.08	3.48	3.51	1.98	1.88	1.96	1.93	2.04	1.98	1.93	1.87	-0.25	1.83	2.07	1.8	2.11	1.86	2.14	1.79	2.04	eredivisie																																																									0	0	1		0	0	1	1	1	7.0	4.0	1	0	0	2024	3	1	24.0	24.0	waalwijk	1.76	44	0.84	21	13.2	330	4.56	0.28	0.44	0.19642857142857142	0.5833333333333334	7	0.4166666666666667	5	10.333333333333334	124	2.8333333333333335	-0.6666666666666666	-1.25	0.0	0.45454545454545453	0.2777777777777778	0.3125	0.4350453172205438	0.26586102719033233	0.2990936555891239	0.044823232323232265	0.050000000000000266	0.0	0.20000000000000018	-0.019500137324910738	-0.013406344410876125	-0.011916750587445457	0.6111111111111112	0.888888888888889	0.6875	0.03696539866752646	1.93	0.025641025641025772				0	Unknown	Unknown	Normal	2.2600000000000002	0.1477120685041477	2.0	0.6	2.44	0.07967200593479626	3.0	-1.4	0.13595512045257968	0.24307487552981755	0.41197440939332236	0.20899559462428047	1.0100887395929774	0.14606397987207553	0.21090123883399464	0.3831566730969578	0.25987810819697205	0.5547168875789967	1.5	0.3333333333333333	1.1666666666666667	-0.4776777168281961	-0.6052099384063071	0.127532221578111	2.0	-2.0	0.3	0.0	0.4	0.4	-0.3	-0.6	7.0	4.0	3.0	2.0	1.0
2024-04-04	20:00	Ajax	Go Ahead Eagles	1	1	D	1	0	H	21	10	7	4	8	6	2	6	1	0	0	0	1.5	4.75	5.75	1.49	4.6	6.0				1.48	4.89	6.29	1.44	4.75	6.0	1.44	4.5	5.75	1.5	4.9	6.4	1.47	4.69	6.0	1.48	2.6	1.5	2.68	1.52	2.72	1.49	2.57	-1.25	2.06	1.84	2.05	1.86	2.09	1.87	2.0	1.81	1.6	4.5	5.0	1.61	4.2	5.0				1.61	4.37	5.28	1.53	4.5	5.0	1.57	4.33	5.25	1.65	4.6	5.5	1.58	4.4	5.13	1.57	2.35	1.57	2.51	1.63	2.66	1.54	2.47	-1.0	2.03	1.87	2.04	1.87	2.07	1.91	1.97	1.86	eredivisie																																																									0	0	1		1	0	0	1	1	13.0	4.0	0	0	2	2024	7	4	32.0	2.0	ajax	2.0606060606060606	68	1.0606060606060606	35	17.636363636363637	582	5.909090909090909	0.696969696969697	1.0606060606060606	0.3492063492063492	1.2142857142857142	34	0.5714285714285714	16	11.821428571428571	331	3.7142857142857144	-0.07142857142857142	-0.25	-0.25	0.6666666666666666	0.21052631578947367	0.17391304347826086	0.6342525399129173	0.20029027576197386	0.16545718432510886	0.05110602593440117	0.06000000000000005	-0.25	0.0	-0.03241412675374933	-0.008455859153152001	-0.01023604002749981	0.3157894736842105	1.2105263157894737	0.2608695652173913	0.06029106029106024	2.04	0.02891515407344869				0	Unknown	Unknown	Normal	4.58	0.1328831808231621	6.0	1.6	2.4200000000000004	0.07985048820984444	4.0	-0.6	0.024373870627648404	0.07881774943644296	0.2947819668714543	0.6020264130644544	0.9437276441094561	0.149416192757964	0.22440668233127883	0.372325561156615	0.2538515637541422	0.38751889340422896	1.75	0.8	0.95	0.30258041869824637	0.30260496920315355	-2.455050490718369e-05	3.0	-2.0	0.3	0.4	0.1	0.3	-0.39999999999999997	-0.5	13.0	4.0	9.0	4.0	1.0
2024-04-10	19:00	Almere City	Willem II	0	1	A	0	0	D	22	4	7	1	9	13	6	5	1	3	0	0	2.7	3.2	2.75	2.6	3.2	2.75				2.74	3.23	2.8	2.6	3.2	2.7				2.74	3.25	2.85	2.67	3.17	2.75	2.15	1.67	2.24	1.7	2.27	1.73	2.16	1.68	0.0	1.91	1.99	1.93	1.97	1.93	2.02	1.89	1.97	2.5	3.2	3.0	2.5	3.1	2.95				2.58	3.21	3.01	2.5	3.1	2.88				2.61	3.23	3.1	2.52	3.14	2.96	2.2	1.65	2.3	1.67	2.35	1.72	2.24	1.64	0.0	1.79	2.11	1.81	2.12	1.82	2.17	1.79	2.1	eredivisie	2.63	3.1	2.8	2.69	3.13	2.76	2.8	3.3	2.94	2.28	1.75	1.95	2.04	2.45	3.0	3.0	2.59	3.21	3.0	2.62	3.25	3.15	2.38	1.7	1.82	2.2																															0	1	0	Willem II	0	0	1	0	3	8.0		0	0	0	2024	4	0	36.0		almere_city	0.8666666666666667	13	0.3333333333333333	5	13.533333333333333	203	3.533333333333333	-0.4	-0.8666666666666667	-0.6666666666666666	1.125	9	0.625	5	7.875	63	2.5	-0.125	-1.0	-0.75	0.37037037037037035	0.3125	0.36363636363636365	0.3539111200482606	0.2986125075407199	0.34747637241101953	0.046506734006733996	0.10000000000000009	0.04999999999999982	0.0	-0.016459250322109764	-0.016159991225344117	-0.013887492459280115	0.84375	0.859375	0.9818181818181819	0.06391867427934828	1.91	0.026072772238153963				0	Unknown	Unknown	Normal	2.7	0.11268926670851917	5.0	0.2	1.5	0.15	3.0	0.0	0.08576802807721717	0.19325752191655915	0.42950487042255825	0.29146957958366543	0.696548503516617	0.3	0.35	0.25	0.1	1.5	1.3333333333333333	0.0	1.3333333333333333	-0.2826131829465855	-0.9078149076094607	0.6252017246628752	1.0	0.0	0.2	0.3	0.0	0.2	-0.6000000000000001	-0.7	8.0	5.0	3.0	2.0	1.0
2024-04-12	19:00	Ajax	Utrecht	2	2	D	2	1	H	13	17	2	5	14	6	7	7	0	0	0	0	1.45	4.33	7.0	1.46	4.75	6.25				1.46	4.62	6.47	1.44	4.75	6.0				1.5	5.1	7.0	1.46	4.76	6.2	1.5	2.5	1.53	2.57	1.53	2.63	1.5	2.49	-1.25	2.01	1.89	1.97	1.9	2.04	1.95	1.95	1.86	1.36	5.0	8.5	1.37	5.0	7.75				1.41	4.65	8.75	1.35	5.0	8.0				1.43	5.2	9.1	1.38	4.8	8.16	1.5	2.5	1.53	2.61	1.53	2.69	1.5	2.55	-1.25	1.75	2.05	1.81	2.09	1.86	2.16	1.79	2.04	eredivisie	1.4	4.75	6.5	1.47	4.75	6.2	1.47	5.3	7.2	1.52	2.66	1.96	1.9	1.36	4.5	7.5	1.41	5.03	8.19	1.44	5.0	9.0	1.55	2.74	1.85	2.16																															0	0	1		1	0	0	1	1	11.0	4.0	1	0	0	2024	8	3	8.0	32.0	ajax	2.0606060606060606	68	1.0606060606060606	35	17.636363636363637	582	5.909090909090909	0.696969696969697	1.0606060606060606	0.3492063492063492	1.9285714285714286	54	0.6785714285714286	19	12.964285714285714	363	4.535714285714286	0.03571428571428571	0.42857142857142855	0.17592592592592593	0.6896551724137931	0.23094688221709006	0.14285714285714285	0.6485017704889973	0.2171657199097104	0.13433250960129228	0.06345919748802609	0.010000000000000009	1.0	-0.41999999999999993	-0.041153401924795885	-0.008524633255850567	-0.013781162307379663	0.3348729792147806	1.6166281755196306	0.20714285714285713	0.06666666666666665	2.0	0.026612966911474523				0	Unknown	Unknown	Normal	4.800000000000001	0.10727413451069848	4.0	1.2	2.19	0.08979543989215169	4.0	-0.6	0.020138184228805346	0.06652941632488199	0.26860019268905283	0.6447322067572598	0.8311118018836872	0.16044955415910495	0.24378421836907577	0.38867582644218074	0.20709040102963855	0.7131613441567948	1.6	1.0	0.6000000000000001	0.497644952579857	0.0	0.497644952579857	3.0	1.0	0.3	0.3	0.1	0.4	-0.3	-0.6000000000000001	11.0	4.0	7.0	3.0	1.0
2024-05-05	11:15	PSV Eindhoven	Sparta Rotterdam	4	2	H	2	2	D	18	7	7	1	8	9	3	4	0	1	0	0	1.13	8.5	19.0	1.14	9.0	17.5				1.13	10.79	16.62	1.11	8.5	19.0	1.1	8.0	17.0	1.14	11.0	22.0	1.12	9.13	17.54	1.3	3.5	1.31	3.54	1.36	3.55	1.31	3.31	-2.5	2.03	1.78	2.07	1.81	2.08	1.89	2.01	1.8	1.13	10.0	15.0	1.12	10.0	19.5				1.11	11.57	19.45	1.08	10.0	19.0	1.09	10.5	21.0	1.14	12.0	24.0	1.11	10.21	18.69	1.2	4.33	1.22	4.45	1.27	4.47	1.22	4.17	-2.5	1.9	2.0	1.88	2.02	1.93	2.02	1.86	1.97	eredivisie																																																									1	0	0	PSV Eindhoven	0	0	1	3	0	13.0	12.0	0	0	1	2024	4	3	63.0	91.0	psv_eindhoven	3.2962962962962963	89	1.6296296296296295	44	20.296296296296298	548	8.25925925925926	1.1851851851851851	2.4444444444444446	0.8927536231884057	1.2758620689655173	37	0.4482758620689655	13	11.379310344827585	330	4.137931034482759	-0.2413793103448276	-0.1724137931034483	-0.2	0.8849557522123894	0.11764705882352941	0.05263157894736842	0.8386342983253279	0.11148903024795534	0.04987667142671686	0.055234389983287224	0.019999999999999796	0.0	0.0	-0.04632145388706155	-0.0027549075206515575	-0.0061580285755740705	0.13294117647058823	2.235294117647059	0.05947368421052631	0.05494505494505475	2.4	0.054408590247412514				0	Unknown	Unknown	Normal	5.319999999999999	0.14987677214028658	9.0	2.4	2.77	0.19758118564520943	10.0	1.4	0.008320027232802068	0.03785435678972714	0.2214769150972255	0.7323487008802453	0.9388031931602289	0.08856800579345685	0.19140530159950436	0.412757038025083	0.3072696545819558	0.6712977013255412	1.3333333333333333	1.5	-0.16666666666666674	-0.2826131829465855	0.0	-0.2826131829465855	3.0	3.0	0.7	0.4	0.2	0.2	-0.10000000000000009	-0.4	13.0	12.0	1.0	4.0	4.0
2024-05-05	19:00	Feyenoord	Zwolle	5	0	H	2	0	H	30	3	17	0	8	6	11	0	1	1	0	0	1.1	10.0	21.0	1.11	11.0	23.0				1.08	14.38	23.53	1.08	9.5	26.0	1.07	9.0	21.0	1.11	14.38	27.0	1.08	10.87	22.66	1.3	3.5	1.32	3.47	1.35	3.52	1.31	3.31	-2.5	1.91	1.99	1.88	2.01	1.92	2.05	1.86	1.95	1.09	11.0	19.0	1.1	12.0	21.0				1.09	12.43	22.32	1.07	11.0	21.0	1.07	12.0	23.0	1.1	14.0	27.0	1.09	11.45	21.52	1.17	5.0	1.17	5.16	1.2	5.5	1.16	4.9	-2.75	1.86	2.04	1.85	2.02	1.89	2.07	1.83	1.98	eredivisie																																																									1	0	0	Feyenoord	1	0	0	3	0	15.0	4.0	0	0	0	2024	3	4	84.0	33.0	feyenoord	2.5185185185185186	68	1.1851851851851851	32	20.703703703703702	559	7.148148148148148	0.9629629629629629	1.7037037037037037	0.5873015873015873	1.25	30	0.4166666666666667	10	9.666666666666666	232	3.7916666666666665	-0.5	-1.1666666666666667	-0.4230769230769231	0.9090909090909091	0.1	0.047619047619047616	0.8603031544448996	0.09463334698893897	0.04506349856616141	0.05670995670995671	0.020000000000000018	-5.0	0.5	-0.048787754646009485	-0.0025555490528862065	-0.00536665301106104	0.11000000000000001	2.1	0.05238095238095238	0.05494505494505475	2.4	0.026072772238153963				0	Unknown	Unknown	Normal	4.65	0.13818773951899738	6.0	1.8	1.7	0.15070491006319883	5.0	-1.6	0.024711185626386117	0.07609252579812047	0.27271211554420166	0.6264841730312918	1.0738052490181598	0.21441587257964367	0.3003698194935646	0.37326701431796844	0.1119472936088233	0.3189400446675072	1.5	0.8	0.7	-0.4776777168281961	0.30260496920315355	-0.7802826860313496	1.0	-4.0	0.4	0.25	0.0	0.25	-0.35	-0.75	15.0	4.0	11.0	5.0	1.0
2024-05-05	11:15	Heracles	Waalwijk	0	5	A	0	2	A	16	19	5	10	8	14	4	9	1	1	0	0	2.3	3.6	3.0	2.25	3.6	2.9				2.32	3.81	2.94	2.25	3.7	2.88	2.2	3.6	2.8	2.34	3.83	3.0	2.26	3.66	2.89	1.6	2.3	1.63	2.36	1.64	2.41	1.6	2.3	-0.25	2.01	1.89	2.04	1.87	2.04	1.89	1.96	1.84	2.25	3.75	3.0	2.25	3.75	2.87				2.28	3.73	3.06	2.25	3.75	2.8	2.2	3.8	2.9	2.33	3.85	3.14	2.25	3.71	2.94	1.5	2.5	1.52	2.64	1.56	2.8	1.5	2.56	-0.25	1.99	1.91	2.0	1.91	2.03	1.93	1.95	1.87	eredivisie																																																									0	1	0	Waalwijk	0	1	0	0	3	7.0	0.0	0	0	0	2024	7	0	62.0	64.0	heracles	2.1052631578947367	40	0.7894736842105263	15	14.842105263157896	282	5.368421052631579	-0.3157894736842105	0.21052631578947367	-0.1987179487179487	1.3157894736842106	25	0.2631578947368421	5	12.210526315789474	232	4.7894736842105265	-0.8421052631578947	-1.0	-1.1736111111111112	0.4347826086956522	0.2777777777777778	0.3333333333333333	0.41570438799076215	0.2655889145496536	0.3187066974595843	0.04589371980676327	0.04999999999999982	0.1200000000000001	-0.10000000000000009	-0.01907822070489007	-0.014626635873749017	-0.01218886322812418	0.6388888888888888	0.8333333333333333	0.7666666666666666	0.05978260869565233	1.95	0.026612966911474523				0	Unknown	Unknown	Normal	2.8299999999999996	0.10827412146184039	9.0	0.0	2.7700000000000005	0.04805406081842073	1.0	-1.8	0.12042458832004568	0.19741503296396126	0.36155630605878164	0.32060407265721136	0.6939878361776867	0.08718237640085644	0.18804887805531256	0.4156561545549141	0.3091125909889169	0.5285803516280508	1.75	0.0	1.75	0.30258041869824637	-0.9078149076094607	1.2103953263077072	7.0	-4.0	0.2857142857142857	0.1	0.2857142857142857	0.6	-0.11428571428571432	-0.6142857142857143	7.0	0.0	7.0	2.0	0.0
2024-05-05	15:45	AZ Alkmaar	Twente	2	1	H	0	1	A	10	15	4	4	15	8	4	11	3	1	0	0	2.3	3.4	3.1	2.35	3.4	2.9				2.34	3.52	3.1	2.3	3.4	2.9	2.25	3.3	2.9	2.36	3.55	3.11	2.3	3.42	2.98	1.88	1.98	1.9	1.99	1.92	1.99	1.86	1.92	-0.25	2.02	1.88	2.03	1.88	2.04	1.88	1.97	1.82	2.2	3.4	3.3	2.25	3.3	3.2				2.25	3.37	3.43	2.15	3.4	3.2	2.15	3.4	3.3	2.25	3.5	3.47	2.19	3.39	3.31	1.98	1.88	1.98	1.91	2.02	1.99	1.9	1.89	-0.25	1.93	1.97	1.93	1.97	1.95	2.03	1.88	1.93	eredivisie																																																									1	0	0	AZ Alkmaar	0	1	0	3	0	12.0	10.0	0	0	1	2024	3	7	33.0	62.0	az_alkmaar	1.8666666666666667	56	0.9666666666666667	29	17.266666666666666	518	6.3	0.4666666666666667	0.9333333333333333	0.3083333333333333	1.6774193548387097	52	0.8387096774193549	26	13.387096774193548	415	4.354838709677419	0.25806451612903225	0.4838709677419355	0.15789473684210525	0.4347826086956522	0.29411764705882354	0.3225806451612903	0.41349548842683415	0.2797175362887407	0.3067869752844253	0.05148090091576596	0.0	0.20000000000000018	0.0	-0.02128712026881807	-0.015793669876865035	-0.014400110770082852	0.676470588235294	0.911764705882353	0.7419354838709676	0.03696539866752646	1.93	0.026964398567516312				0	Unknown	Unknown	Normal	3.6599999999999993	0.13821429617322498	2.0	1.8	3.63	0.12784721431383733	6.0	0.8	0.04783725968868978	0.12521251454204158	0.35958705243099087	0.4673631733382778	1.2488383240699394	0.027657513659245923	0.09810961810065216	0.384686643664912	0.4895462245751899	1.327104517288869	1.0	1.4	-0.3999999999999999	-0.4776777168281961	1.2104198768126142	-1.6880975936408102	0.0	1.0	0.4	0.4	0.2	0.0	-0.6	-0.4	12.0	10.0	2.0	4.0	3.0
2024-05-05	13:30	Volendam	Ajax	1	4	A	0	1	A	8	17	2	11	8	7	1	3	0	0	0	0	8.0	5.5	1.36	7.25	5.75	1.35				6.91	6.51	1.35	8.0	5.8	1.3	7.0	5.5	1.3	8.0	6.6	1.36	7.14	5.89	1.33	1.29	3.6	1.28	3.85	1.31	3.85	1.27	3.62	1.5	2.02	1.88	2.02	1.88	2.03	1.88	1.97	1.84	10.0	6.5	1.25	9.5	6.5	1.27				9.44	6.83	1.26	9.0	6.5	1.25	9.5	6.5	1.25	10.6	6.83	1.3	9.32	6.4	1.26	1.3	3.5	1.3	3.66	1.3	3.87	1.28	3.54	1.75	2.06	1.84	2.06	1.84	2.09	1.92	1.98	1.83	eredivisie																																																									0	1	0	Ajax	0	1	0	0	3	4.0	11.0	0	1	0	2024	1	3	31.0	114.0	volendam	1.1818181818181819	26	0.36363636363636365	8	12.590909090909092	277	4.045454545454546	-0.45454545454545453	-1.2272727272727273	-0.16666666666666666	2.0344827586206895	59	0.8620689655172413	25	12.96551724137931	376	5.517241379310345	0.3448275862068966	0.5172413793103449	0.30833333333333335	0.125	0.18181818181818182	0.7352941176470588	0.11994868505452214	0.1744708146247595	0.7055805003207184	0.04211229946524053	0.0	0.06000000000000005	-0.2999999999999998	-0.005051314945477864	-0.02971361732634037	-0.007347367193422327	1.4545454545454546	0.24727272727272728	5.88235294117647	0.05297157622739013	2.4450000000000003	0.026964398567516312				0	Unknown	Unknown	Normal	2.37	0.1020902216764505	3.0	-1.2	4.26	0.17529671958189488	8.0	0.8	0.12990203598472427	0.2302565129320607	0.40565206761400247	0.2341893834692126	0.5080180440063927	0.024971620098343313	0.0840995442711631	0.3212947049606046	0.5696341306698891	0.9623989780046172	0.3333333333333333	1.5	-1.1666666666666667	-0.8678067845914174	0.0	-0.8678067845914174	-3.0	1.0	0.2	0.3	0.4	0.2	-0.6000000000000001	-0.3	4.0	11.0	-7.0	1.0	3.0
2024-05-05	13:30	Utrecht	Vitesse	1	0	H	0	0	D	15	20	6	5	15	10	4	7	0	3	0	0	1.36	5.25	8.0	1.37	5.25	7.5				1.36	5.44	8.24	1.33	5.0	8.0	1.3	5.0	8.0	1.38	5.5	8.5	1.35	5.21	7.79	1.5	2.5	1.52	2.63	1.54	2.66	1.5	2.52	-1.5	2.01	1.89	2.01	1.9	2.01	1.9	1.96	1.84	1.25	6.0	11.0	1.27	6.25	10.0				1.28	5.98	10.74	1.25	6.0	10.0	1.25	6.0	10.5	1.28	6.8	11.1	1.26	6.17	10.12	1.4	2.88	1.43	2.94	1.45	3.0	1.4	2.89	-1.75	1.9	2.0	1.92	1.97	1.95	2.03	1.9	1.91	eredivisie																																																									1	0	0	Utrecht	0	0	1	3	0	10.0	4.0	1	0	0	2024	9	0	33.0	179.0	utrecht	1.6774193548387097	52	0.5161290322580645	16	14.741935483870968	457	5.483870967741935	0.12903225806451613	0.6451612903225806	-7.93016446160826e-18	1.1666666666666667	21	0.5	9	13.777777777777779	248	4.944444444444445	-0.3888888888888889	-0.8333333333333334	-0.5	0.7352941176470588	0.19047619047619047	0.125	0.6997667444185273	0.18127290903032325	0.11896034655114963	0.05077030812324912	0.030000000000000027	0.0	0.25	-0.0355273732285315	-0.006039653448850366	-0.009203281445867212	0.2590476190476191	1.5238095238095237	0.17	0.06666666666666665	2.0	0.026612966911474523				0	Unknown	Unknown	Normal	3.54	0.21491997924151018	11.0	0.8	2.5699999999999994	0.08304672426809831	3.0	-1.4	0.06031365610577598	0.1422639776190699	0.3557332927269977	0.4416890735481564	0.7761272479417567	0.10535396752982643	0.21607952271081077	0.4163353057681407	0.2622312039912221	0.6731643676403716	1.8	0.0	1.8	0.6927094864614677	-0.9078149076094607	1.6005243940709284	4.0	0.0	0.1	0.0	0.0	0.2	-0.7000000000000001	-1.0	10.0	4.0	6.0	3.0	1.0
2024-05-10	17:45	NAC Breda	Nijmegen	1	0	H	0	0	D	18	12	6	2	12	8	8	3	2	1	1	0	2.88	3.4	2.5	2.87	3.4	2.37				2.88	3.37	2.47	2.88	3.5	2.3				3.0	3.55	2.5	2.87	3.41	2.42	1.83	2.03	1.84	2.02	1.87	2.06	1.81	1.99	0.25	1.73	2.08	1.76	2.13	1.81	2.16	1.76	2.07	3.25	3.25	2.3	3.0	3.25	2.37				3.24	3.32	2.36	3.0	3.3	2.3				3.43	3.4	2.42	3.14	3.28	2.32	2.03	1.83	2.06	1.84	2.24	1.86	2.02	1.79	0.25	1.87	2.03	1.88	2.03	1.92	2.05	1.85	1.99	eredivisie	2.88	3.3	2.4	2.84	3.54	2.4	3.05	3.5	2.54	1.89	2.04	1.82	2.17	3.1	3.25	2.3	3.43	3.31	2.29	3.35	3.35	2.42	2.12	1.86	1.91	2.07																															1	0	0	NAC Breda	0	0	1	3	0		8.0	0	0	0	2024	0	4		96.0	nac_breda	1.0833333333333333	13	0.4166666666666667	5	14.0	168	4.333333333333333	-0.5833333333333334	-0.5	-0.5	1.3	39	0.36666666666666664	11	12.333333333333334	370	4.666666666666667	-0.16666666666666666	0.13333333333333333	-0.04761904761904761	0.3472222222222222	0.29411764705882354	0.4	0.3334379413149224	0.2824415502902872	0.3841205083947906	0.041339869281045605	0.0	0.20000000000000018	-0.10000000000000009	-0.013784280907299828	-0.015879491605209406	-0.011676096768536315	0.8470588235294118	0.7352941176470589	1.152	0.03905892487011764	1.93	0.058803912850155626				0	Unknown	Unknown	Normal	1.5	0.15	3.0	0.0	3.45	0.1601790398146035	6.0	0.2	0.3	0.35	0.25	0.1	1.5	0.13180836818477987	0.16608723712691856	0.2575883005837164	0.44451609410458526	0.2980365015283909	0.0	1.3333333333333333	-1.3333333333333333	-1.062871318473028	0.30260496920315355	-1.3654762876761817	0.0	3.0	0.3	0.1	0.2	0.4	-0.3	-0.7000000000000001	5.0	8.0	-3.0	1.5	2.0
2024-05-10	20:00	Utrecht	Waalwijk	3	2	H	1	1	D	23	3	8	2	8	11	7	0	1	0	0	1	1.38	4.75	8.0	1.37	5.25	7.5				1.36	5.18	7.69	1.35	5.0	7.5				1.41	5.5	8.3	1.37	5.12	7.56	1.5	2.5	1.53	2.58	1.56	2.6	1.51	2.5	-1.25	1.85	2.05	1.84	2.04	1.85	2.13	1.8	2.02	1.36	5.0	8.0	1.37	5.25	7.5				1.35	5.47	8.75	1.35	5.0	7.5				1.41	5.47	8.75	1.36	5.16	7.83	1.48	2.6	1.51	2.67	1.56	2.7	1.5	2.55	-1.5	2.01	1.89	2.02	1.88	2.06	1.89	2.01	1.84	eredivisie	1.33	5.0	7.5	1.39	5.1	7.3	1.41	5.5	8.4	1.57	2.6	1.89	2.04	1.3	4.75	7.5	1.41	5.09	8.14	1.4	5.5	9.4	1.55	2.78	2.07	1.91																															1	0	0	Utrecht	0	0	1	3	0	12.0	3.0	0	0	1	2024	12	3	5.0	5.0	utrecht	1.6774193548387097	52	0.5161290322580645	16	14.741935483870968	457	5.483870967741935	0.12903225806451613	0.6451612903225806	-7.93016446160826e-18	1.3157894736842106	25	0.2631578947368421	5	12.210526315789474	232	4.7894736842105265	-0.8421052631578947	-1.0	-1.1736111111111112	0.7246376811594204	0.21052631578947367	0.125	0.6835147045597626	0.19857900890367836	0.11790628653655903	0.06016399694889407	0.029999999999999805	0.5	-0.25	-0.0411229765996578	-0.007093713463440968	-0.011947306885795317	0.2905263157894737	1.6842105263157894	0.1725	0.06666666666666665	2.0	0.028345418589321048				0	Unknown	Unknown	Normal	3.5799999999999996	0.19763066120905481	10.0	1.0	3.45	0.1004100817608291	5.0	-0.6	0.05910374660316926	0.1392432342080988	0.3513357566772261	0.45031726251150583	0.7442153507402477	0.06101863594205642	0.13879267217868918	0.3623096124774162	0.43787907940183823	0.3965592872910813	2.0	0.75	1.25	1.2779030881062996	0.0	1.2779030881062996	5.0	1.0	0.2	0.2	0.0	0.6	-0.2	-0.8	12.0	3.0	9.0	4.0	1.0
2024-05-10	19:00	PSV Eindhoven	Sparta Rotterdam	2	1	H	2	1	H	16	14	6	4	3	5	3	8	0	2	1	0	1.17	8.0	13.0	1.18	8.5	12.5				1.15	8.34	13.84	1.15	7.5	15.0				1.18	9.0	16.5	1.16	7.96	14.05	1.33	3.4	1.33	3.32	1.36	3.45	1.32	3.27	-2.25	2.03	1.87	1.99	1.87	2.07	1.88	1.99	1.82	1.2	7.0	12.0	1.19	7.75	13.0				1.19	8.12	13.23	1.17	7.5	13.0				1.22	8.12	15.0	1.18	7.46	12.86	1.33	3.4	1.34	3.33	1.35	3.41	1.33	3.23	-2.0	1.89	2.01	1.87	2.02	1.93	2.04	1.86	1.97	eredivisie	1.14	8.0	15.0	1.18	7.8	14.0	1.18	9.2	18.0	1.35	3.55	2.08	1.85	1.15	7.5	15.0	1.22	7.49	13.3	1.2	8.4	17.5	1.37	3.6	1.91	2.07																															1	0	0	PSV Eindhoven	1	0	0	3	0	13.0	9.0	1	0	1	2024	7	3	5.0	5.0	psv_eindhoven	3.2962962962962963	89	1.6296296296296295	44	20.296296296296298	548	8.25925925925926	1.1851851851851851	2.4444444444444446	0.8927536231884057	1.2758620689655173	37	0.4482758620689655	13	11.379310344827585	330	4.137931034482759	-0.2413793103448276	-0.1724137931034483	-0.2	0.8547008547008548	0.125	0.07692307692307693	0.8088978766430739	0.11830131445904954	0.07280080889787664	0.056623931623931645	0.020000000000000018	-2.0	0.5	-0.045802978057780885	-0.004122268025200285	-0.006698685540950461	0.14625	1.625	0.09	0.045997346306943854	2.365	0.02737019572719368				0	Unknown	Unknown	Normal	4.55	0.1542350297177117	9.0	2.2	2.55	0.23590119579620553	10.0	0.8	0.011112166186986147	0.04948722220868873	0.27637315691344494	0.6630274546908802	1.200626594663286	0.13525872406098852	0.21480404107024328	0.372407321110543	0.2775299137582252	0.5172335009664152	1.75	1.0	0.75	0.30258041869824637	0.0	0.30258041869824637	5.0	1.0	0.7	0.4	0.1	0.2	-0.10000000000000009	-0.5	13.0	9.0	4.0	4.0	3.0
2024-06-04	20:00	Twente	For Sittard	2	0	H	0	0	D	26	4	8	2	9	10	7	0	0	4	0	1	1.4	5.0	7.0	1.43	4.6	7.25				1.41	4.89	7.88	1.4	4.6	7.5	1.4	4.6	8.0	1.43	5.0	8.5	1.41	4.7	7.58	1.73	2.08	1.79	2.11	1.8	2.18	1.75	2.08	-1.25	1.97	1.93	1.94	1.96	2.01	1.96	1.92	1.9	1.4	5.0	7.0	1.4	4.8	7.75				1.4	5.01	8.15	1.36	4.6	8.0	1.36	4.75	8.0	1.43	5.13	8.15	1.39	4.83	7.65	1.67	2.15	1.71	2.22	1.77	2.25	1.69	2.15	-1.25	1.89	2.01	1.9	2.01	1.93	2.01	1.87	1.94	eredivisie																																																									1	0	0	Twente	0	0	1	3	0	13.0	6.0	0	0	0	2024	6	0	94.0	215.0	twente	2.740740740740741	74	1.2592592592592593	34	21.962962962962962	593	7.7407407407407405	0.8888888888888888	1.8888888888888888	0.5333333333333333	1.0526315789473684	20	0.3684210526315789	7	8.842105263157896	168	3.263157894736842	-0.5263157894736842	-1.0	-0.35	0.7142857142857143	0.2	0.14285714285714285	0.6756756756756757	0.1891891891891892	0.13513513513513511	0.05714285714285716	0.0	-0.5	0.40000000000000036	-0.038610038610038644	-0.007722007722007734	-0.010810810810810811	0.27999999999999997	1.4	0.19999999999999998	0.058803912850155626	1.905	0.02574892822387631				0	Unknown	Unknown	Normal	5.57	0.14115011585337195	10.0	2.2	1.8699999999999999	0.05814044111916452	1.0	-1.6	0.004376619824865028	0.023248987569185066	0.1739209598141364	0.7984534327918135	0.6514743228830338	0.19154660041466415	0.28289048220890844	0.3822659098995841	0.14329700747684335	0.647609397216636	2.0	0.0	2.0	0.10751588481663577	-0.9078149076094607	1.0153307924260964	4.0	0.0	0.5	0.14285714285714285	0.0	0.42857142857142855	-0.0714285714285714	-0.8571428571428572	13.0	6.0	7.0	4.0	2.0
2024-06-04	19:00	Zwolle	Excelsior	2	1	H	1	0	H	25	8	11	4	13	11	9	5	1	2	0	0	1.95	3.75	3.6	2.05	3.8	3.3				1.99	3.94	3.59	1.95	3.9	3.3	2.05	3.75	3.3	2.05	4.05	3.6	2.0	3.81	3.43	1.57	2.35	1.6	2.44	1.63	2.44	1.58	2.35	-0.5	2.01	1.89	2.0	1.91	2.05	1.91	2.0	1.85	1.91	3.6	4.0	1.95	3.6	3.7				1.93	3.78	3.94	1.91	3.7	3.6	1.95	3.7	3.6	2.01	3.9	4.0	1.95	3.68	3.72	1.73	2.08	1.75	2.17	1.85	2.24	1.73	2.1	-0.5	1.95	1.95	1.94	1.96	2.0	1.98	1.95	1.89	eredivisie																																																									1	0	0	Zwolle	1	0	0	3	0	6.0	1.0	0	0	0	2024	3	0	147.0	93.0	zwolle	1.2105263157894737	23	0.5263157894736842	10	13.263157894736842	252	4.526315789473684	0.05263157894736842	-0.05263157894736842	0.2166666666666667	1.2272727272727273	27	0.6818181818181818	15	9.545454545454545	210	4.090909090909091	-0.5454545454545454	-1.4545454545454546	-0.5625	0.5128205128205129	0.26666666666666666	0.2777777777777778	0.48504446240905413	0.2522231204527081	0.26273241713823764	0.057264957264957506	0.0	0.30000000000000027	-0.1499999999999999	-0.027776050411458753	-0.01504536063954015	-0.014443546213958547	0.52	0.9600000000000001	0.5416666666666666	0.06247459005285272	1.96	0.026612966911474523				0	Unknown	Unknown	Normal	2.96	0.08612975597517328	5.0	0.0	1.97	0.13618058181338039	5.0	-2.2	0.12342088186399547	0.16187364784644867	0.3453310666765702	0.3693744036129857	0.8664241975476763	0.21060226261213816	0.25429134131405534	0.3589163873463065	0.17619000872750004	0.7205307708515819	1.5	0.0	1.5	-0.4776777168281961	-0.9078149076094607	0.4301371907812646	3.0	-4.0	0.4	0.1	0.2	0.4	-0.19999999999999996	-0.7000000000000001	6.0	1.0	5.0	2.0	0.0
2024-06-04	17:45	PSV Eindhoven	AZ Alkmaar	5	1	H	2	0	H	18	10	8	6	4	9	4	7	2	2	0	0	1.44	4.75	6.5	1.46	4.75	6.25				1.44	4.93	7.1	1.44	4.6	6.5	1.4	4.8	7.0	1.47	5.0	7.5	1.44	4.74	6.7	1.6	2.3	1.63	2.37	1.65	2.5	1.59	2.32	-1.25	1.99	1.91	1.97	1.93	2.0	1.95	1.94	1.87	1.44	5.0	6.5	1.42	5.0	6.75				1.42	5.1	7.18	1.36	5.0	7.0	1.4	5.0	7.0	1.46	5.2	7.5	1.41	4.98	7.0	1.48	2.6	1.51	2.67	1.58	2.7	1.5	2.55	-1.25	1.88	2.02	1.91	2.0	1.93	2.03	1.86	1.96	eredivisie																																																									1	0	0	PSV Eindhoven	1	0	0	3	0	13.0	4.0	0	1	0	2024	10	1	25.0	92.0	psv_eindhoven	3.2962962962962963	89	1.6296296296296295	44	20.296296296296298	548	8.25925925925926	1.1851851851851851	2.4444444444444446	0.8927536231884057	1.3103448275862069	38	0.7931034482758621	23	12.862068965517242	373	5.206896551724138	0.3793103448275862	0.10344827586206896	0.4230769230769231	0.6944444444444444	0.21052631578947367	0.15384615384615385	0.6558682952734998	0.19883165161975572	0.14530005310674457	0.058816914080071836	0.0	0.0	0.15000000000000036	-0.03857614917094465	-0.008546100739409285	-0.011694664169717955	0.30315789473684207	1.368421052631579	0.22153846153846152	0.05978260869565233	1.95	0.026072772238153963				0	Unknown	Unknown	Normal	4.27	0.16176373289858878	8.0	2.0	2.48	0.09025892830829615	3.0	-1.2	0.014837522167950899	0.061563950299913926	0.30914806875576295	0.6144504587763723	1.1698594641633357	0.11812959288413845	0.20755560908569448	0.41651871143464836	0.25779608659551867	0.8767379842545278	2.0	0.25	1.75	0.8877740203430783	-0.6052099384063071	1.4929839587493854	6.0	-6.0	0.6	0.2	0.0	0.3	-0.09999999999999998	-0.8	13.0	4.0	9.0	4.0	1.0
2024-06-04	15:30	Sparta Rotterdam	Heracles	1	2	A	1	0	H	21	8	4	4	13	13	9	3	1	3	0	0	1.67	4.0	5.0	1.71	4.0	4.5				1.67	4.24	4.95	1.65	4.2	4.5	1.65	4.0	5.0	1.71	4.3	5.0	1.67	4.1	4.71	1.62	2.25	1.65	2.34	1.68	2.34	1.64	2.26	-0.75	1.86	2.04	1.85	2.06	1.87	2.06	1.84	1.99	1.65	4.0	5.0	1.68	4.0	4.75				1.63	4.21	4.89	1.57	4.2	5.0	1.62	4.2	5.0	1.71	4.5	5.5	1.63	4.21	4.92	1.65	2.2	1.58	2.5	1.7	2.52	1.6	2.33	-0.75	1.87	2.03	1.79	2.04	1.91	2.16	1.79	2.05	eredivisie																																																									0	1	0	Heracles	1	0	0	0	3	7.0	0.0	0	0	0	2024	1	0	63.0	94.0	sparta_rotterdam	1.3571428571428572	38	0.5	14	14.857142857142858	416	5.107142857142857	0.10714285714285714	0.0	0.2156862745098039	0.6	15	0.32	8	8.88	222	2.64	-0.52	-1.72	-0.6	0.5988023952095809	0.25	0.2	0.5709391949757351	0.2383671139023694	0.19069369112189552	0.04880239520958085	0.020000000000000018	0.5	-0.20000000000000018	-0.02786320023384581	-0.009306308878104491	-0.011632886097630607	0.4175	1.25	0.33399999999999996	0.061728395061728225	1.935	0.027830487033523088				0	Unknown	Unknown	Normal	4.18	0.08634239830354873	2.0	-0.4	1.7	0.056338028169014086	1.0	-2.2	0.03687406947197564	0.09655084761253782	0.30399623177772483	0.5625788511377617	0.8034042300107792	0.20784977096912902	0.3025554957523992	0.38129417368289875	0.10830055959557301	0.5035813325661215	0.25	0.0	0.25	-0.8678067845914174	-0.9078149076094607	0.04000812301804335	-5.0	-6.0	0.0	0.0	0.3	0.5714285714285714	-0.4285714285714286	-0.7	7.0	0.0	7.0	2.0	0.0
2024-06-05	19:00	Excelsior	Nijmegen	0	3	A	0	0	D	9	19	1	8	5	10	3	6	1	2	1	0	3.0	3.6	2.3	2.9	3.9	2.2				2.97	3.85	2.26	2.8	3.9	2.2	2.8	3.7	2.15	3.0	3.93	2.3	2.91	3.77	2.21	1.53	2.4	1.56	2.53	1.56	2.62	1.51	2.49	0.25	1.91	1.99	1.9	1.99	1.91	1.99	1.86	1.92	2.2	3.6	3.2	2.25	3.6	2.95				2.27	3.67	3.12	2.2	3.7	2.9	2.3	3.6	2.88	2.35	3.7	3.2	2.25	3.61	3.0	1.57	2.35	1.59	2.47	1.6	2.55	1.55	2.42	-0.25	1.98	1.92	1.98	1.93	2.04	1.93	1.95	1.86	eredivisie																																																									0	1	0	Nijmegen	0	0	1	0	3	4.0	5.0	0	0	1	2024	0	4	122.0	26.0	excelsior	1.0	23	0.34782608695652173	8	13.478260869565217	310	4.521739130434782	-0.21739130434782608	-0.391304347826087	-0.018518518518518528	1.3	39	0.36666666666666664	11	12.333333333333334	370	4.666666666666667	-0.16666666666666666	0.13333333333333333	-0.04761904761904761	0.3333333333333333	0.2777777777777778	0.4347826086956522	0.31870669745958424	0.26558891454965355	0.4157043879907621	0.04589371980676349	0.20000000000000018	0.09999999999999964	-0.2999999999999998	-0.014626635873749072	-0.019078220704890125	-0.012188863228124236	0.8333333333333333	0.6388888888888888	1.3043478260869565	0.0702614379084967	1.9649999999999999	0.026072772238153963				0	Unknown	Unknown	Normal	2.29	0.039125336708451884	1.0	-1.2	2.86	0.12509132051635788	6.0	-0.4	0.25141445488639286	0.13551064968866747	0.3543595004192648	0.258715395005675	0.8545840599605834	0.16015641651946172	0.2153297862087709	0.2975948562454208	0.32691894102634655	0.2316025898876209	0.0	1.0	-1.0	-1.062871318473028	0.30260496920315355	-1.3654762876761817	-2.0	2.0	0.3	0.1	0.4	0.4	-0.3	-0.5	4.0	5.0	-1.0	1.0	1.0
2024-06-10	19:00	For Sittard	AZ Alkmaar	1	0	H	0	0	D	9	10	3	3	11	9	2	5	4	2	0	0	6.25	3.8	1.57	5.25	4.2	1.6				5.5	4.08	1.59	5.5	4.2	1.55				6.25	4.25	1.62	5.5	4.09	1.58	1.83	2.03	1.8	2.03	1.87	2.07	1.8	2.0	1.0	1.85	2.05	1.82	2.04	1.91	2.07	1.82	2.01	4.75	3.5	1.8	4.2	3.7	1.82				4.56	3.77	1.81	4.5	3.7	1.73				5.05	3.85	1.83	4.58	3.67	1.78	1.83	2.03	1.88	2.02	2.0	2.05	1.85	1.95	0.75	1.83	2.07	1.85	2.07	1.9	2.12	1.83	2.0	eredivisie	5.5	4.0	1.55	5.3	4.15	1.61	6.2	4.4	1.61	1.83	2.08			4.6	3.6	1.75	5.05	3.57	1.81	4.8	3.85	1.85	1.94	2.04	1.88	2.1																															1	0	0	For Sittard	0	0	1	3	0	9.0	1.0	0	0	0	2024	9	1	97.0	6.0	for_sittard	1.4285714285714286	50	0.6857142857142857	24	13.8	483	4.457142857142857	0.4	0.02857142857142857	0.574074074074074	1.3103448275862069	38	0.7931034482758621	23	12.862068965517242	373	5.206896551724138	0.3793103448275862	0.10344827586206896	0.4230769230769231	0.16	0.2631578947368421	0.6369426751592356	0.15092907648911547	0.24823861264657146	0.6008323108643131	0.060100569896077705	0.75	0.020000000000000018	-0.40000000000000036	-0.009070923510884538	-0.03611036429492254	-0.01491928209027063	1.6447368421052633	0.41315789473684217	3.9808917197452227	0.03905892487011764	1.93	0.028345418589321048				0	Unknown	Unknown	Normal	3.75	0.20928623289143014	8.0	1.2	2.58	0.07700305726664654	3.0	-2.2	0.06264683781806347	0.13210396107886319	0.31851174494195855	0.48673745616111486	1.1264111159861738	0.11228471771998323	0.19686385389824673	0.41082300198901267	0.2800284263927574	0.5657795346123279	1.5	0.2	1.3	0.6927094864614677	-0.6052099384063071	1.2979194248677748	6.0	-10.0	0.4	0.1	0.3	0.3	-0.29999999999999993	-0.6	9.0	1.0	8.0	2.0	0.0
2024-06-10	15:45	Ajax	Groningen	3	1	H	1	0	H	17	12	8	4	8	10	5	2	3	2	0	0	1.36	5.25	8.0	1.39	5.0	7.25				1.35	5.15	8.06	1.33	5.0	8.0				1.39	5.4	8.5	1.36	5.13	7.95	1.57	2.35	1.57	2.42	1.62	2.52	1.56	2.39	-1.25	1.75	2.05	1.76	2.1	1.88	2.11	1.77	2.05	1.27	6.0	9.0	1.27	6.0	10.0				1.27	6.32	10.08	1.25	6.0	10.0				1.3	6.5	12.0	1.26	6.06	10.1	1.48	2.6	1.49	2.71	1.52	2.95	1.47	2.66	-1.75	1.98	1.92	1.98	1.91	2.0	1.96	1.95	1.89	eredivisie	1.33	5.0	8.5	1.36	5.2	8.0	1.38	5.9	9.0	1.6	2.46			1.22	5.5	10.0	1.3	6.41	9.62	1.3	6.4	12.5	1.54	2.82	2.04	1.95																															1	0	0	Ajax	1	0	0	3	0	9.0	1.0	0	0	0	2024	9	0	59.0	91.0	ajax	2.0606060606060606	68	1.0606060606060606	35	17.636363636363637	582	5.909090909090909	0.696969696969697	1.0606060606060606	0.3492063492063492	0.75	15	0.35	7	11.9	238	4.3	-0.55	-1.45	-0.14285714285714285	0.7352941176470588	0.19047619047619047	0.125	0.6997667444185273	0.18127290903032325	0.11896034655114963	0.05077030812324912	0.030000000000000027	0.0	0.25	-0.0355273732285315	-0.006039653448850366	-0.009203281445867212	0.2590476190476191	1.5238095238095237	0.17	0.06247459005285272	1.96	0.059233449477351874				0	Unknown	Unknown	Normal	3.6700000000000004	0.11208501298692634	5.0	0.6	1.46	0.028169014084507043	0.0	-2.8	0.04711003205032343	0.11993518210212302	0.3489336659948441	0.4840211198527095	0.8887285675137374	0.2805535302005218	0.3109439944106577	0.3234265201275333	0.08507595526128726	0.5947523722442742	1.5	0.0	1.5	0.6927094864614677	-0.9078149076094607	1.6005243940709284	3.0	-6.0	0.2	0.1111111111111111	0.0	0.5555555555555556	-0.2444444444444444	-0.8888888888888888	9.0	1.0	8.0	2.0	0.0
2024-06-10	13:30	Heerenveen	Zwolle	1	1	D	1	1	D	15	6	4	2	10	14	8	2	2	2	0	0	1.65	4.1	5.0	1.7	4.2	4.33				1.65	4.23	4.74	1.65	4.2	4.5				1.7	4.4	5.0	1.66	4.22	4.63	1.53	2.4	1.55	2.48	1.55	2.55	1.52	2.44	-0.75	1.84	2.06	1.82	2.04	1.89	2.09	1.8	2.01	1.83	3.9	4.1	1.83	3.9	3.9				1.85	4.08	3.99	1.83	3.9	3.8				1.86	4.1	4.16	1.83	3.93	3.95	1.5	2.5	1.58	2.57	1.59	2.57	1.54	2.46	-0.75	2.03	1.78	2.08	1.82	2.11	1.85	2.04	1.8	eredivisie	1.67	4.0	4.5	1.67	4.25	4.62	1.7	4.4	5.2	1.57	2.56	1.85	2.12	1.73	3.9	3.9	1.86	3.96	4.16	1.86	4.3	4.3	1.59	2.62	2.11	1.9																															0	0	1		0	0	1	1	1	7.0	4.0	1	0	0	2024	4	4	98.0	36.0	heerenveen	1.7692307692307692	46	1.0384615384615385	27	15.384615384615385	400	5.5	0.19230769230769232	0.34615384615384615	0.03571428571428571	1.25	30	0.4166666666666667	10	9.666666666666666	232	3.7916666666666665	-0.5	-1.1666666666666667	-0.4230769230769231	0.6060606060606061	0.24390243902439027	0.2	0.5772208925805997	0.23229621286780233	0.19048289455159792	0.04996304508499638	0.0	0.5	-0.10000000000000053	-0.028839713480006357	-0.009517105448402091	-0.011606226156587934	0.4024390243902439	1.2195121951219514	0.32999999999999996	0.0702614379084967	1.9649999999999999	0.02891515407344869				0	Unknown	Unknown	Normal	3.2	0.2046786907889989	8.0	0.2	1.56	0.15070491006319883	4.0	-1.8	0.0613850129860682	0.15401674003890722	0.3985166727291625	0.3860815742458621	0.8826218047699721	0.2890036284816988	0.27124302450017923	0.3315505225465251	0.10820282447159688	0.2823609744347285	1.3333333333333333	0.6666666666666666	0.6666666666666666	-0.2826131829465855	0.30260496920315355	-0.585218152149739	2.0	-9.0	0.3	0.2222222222222222	0.2	0.3333333333333333	-0.36666666666666675	-0.5777777777777778	7.0	4.0	3.0	2.0	1.0
2024-06-10	13:30	Feyenoord	Twente	2	1	H	2	0	H	8	7	2	5	17	11	5	6	2	2	0	0	1.6	4.33	5.25	1.62	4.2	4.8				1.6	4.24	5.17	1.6	4.2	4.8				1.64	4.4	5.4	1.61	4.25	5.01	1.65	2.2	1.65	2.28	1.7	2.33	1.63	2.26	-1.0	2.04	1.86	2.02	1.83	2.11	1.86	2.02	1.82	1.75	4.1	4.33	1.77	3.9	4.2				1.78	4.04	4.44	1.73	3.9	4.2				1.8	4.16	4.56	1.75	3.97	4.31	1.65	2.2	1.68	2.27	1.7	2.36	1.65	2.23	-0.75	2.0	1.9	2.01	1.9	2.02	1.94	1.96	1.87	eredivisie	1.57	4.2	5.0	1.62	4.25	5.05	1.64	4.5	5.4	1.69	2.3	1.98	1.81	1.7	3.8	4.2	1.75	4.16	4.56	1.81	4.2	4.6	1.72	2.38	2.04	1.94																															1	0	0	Feyenoord	1	0	0	3	0	15.0	7.0	1	0	0	2024	6	7	36.0	36.0	feyenoord	2.5185185185185186	68	1.1851851851851851	32	20.703703703703702	559	7.148148148148148	0.9629629629629629	1.7037037037037037	0.5873015873015873	1.6774193548387097	52	0.8387096774193549	26	13.387096774193548	415	4.354838709677419	0.25806451612903225	0.4838709677419355	0.15789473684210525	0.625	0.23094688221709006	0.19047619047619047	0.5972727631008525	0.22070125195412565	0.18202598494502173	0.04642307269328061	0.0	0.4500000000000002	0.1299999999999999	-0.027727236899147467	-0.008450205531168736	-0.010245630262964406	0.3695150115473441	1.2124711316397228	0.3047619047619048	0.06060606060606055	1.925	0.027830487033523088				0	Unknown	Unknown	Normal	5.14	0.15147677606384788	9.0	2.4	3.5200000000000005	0.10600452812817451	5.0	0.0	0.024436445219799752	0.07437028436373153	0.2567369399017443	0.6444563305147245	0.9827152515887482	0.032313030394913775	0.10811859663250148	0.39445494157803435	0.4651134313945504	1.3011185123253415	2.0	1.1666666666666667	0.8333333333333333	0.10751588481663577	1.2104198768126142	-1.1029039919959784	6.0	0.0	0.4	0.4	0.0	0.0	-0.6	-0.6	15.0	7.0	8.0	5.0	2.0
2024-06-10	11:15	Go Ahead Eagles	Heracles	4	1	H	0	1	A	18	7	9	2	13	8	3	5	1	2	0	0	1.62	4.2	5.0	1.66	4.1	4.75				1.61	4.14	5.21	1.57	4.2	5.0				1.66	4.3	5.4	1.62	4.16	5.02	1.67	2.15	1.67	2.23	1.72	2.29	1.67	2.2	-0.75	1.75	2.05	1.77	2.1	1.83	2.13	1.76	2.06	1.57	4.33	5.25	1.57	4.33	5.5				1.61	4.29	5.44	1.53	4.2	5.5				1.61	4.45	5.64	1.57	4.3	5.43	1.65	2.2	1.68	2.29	1.7	2.34	1.64	2.26	-1.0	1.99	1.91	2.02	1.88	2.02	1.96	1.94	1.89	eredivisie	1.6	4.0	5.0	1.63	4.2	4.98	1.64	4.4	5.7	1.7	2.24	1.78	2.14	1.53	4.2	5.5	1.61	4.45	5.45	1.6	4.5	6.2	1.73	2.34	1.98	1.97																															1	0	0	Go Ahead Eagles	0	1	0	3	0	8.0	3.0	1	0	0	2024	4	3	91.0	6.0	go_ahead_eagles	1.7096774193548387	53	0.7741935483870968	24	15.096774193548388	468	6.193548387096774	-0.0967741935483871	0.12903225806451613	0.15789473684210525	0.6	15	0.32	8	8.88	222	2.64	-0.52	-1.72	-0.6	0.6172839506172839	0.23809523809523808	0.2	0.5848930481283423	0.22560160427807488	0.18950534759358292	0.0553791887125219	0.050000000000000044	0.0	0.0	-0.03239090248894161	-0.010494652406417088	-0.012493633817163202	0.38571428571428573	1.1904761904761905	0.324	0.06391867427934828	1.91	0.059233449477351874				0	Unknown	Unknown	Normal	4.720000000000001	0.08427798643829551	3.0	0.6	1.69	0.1057207442183968	3.0	-1.6	0.014478267688615609	0.05664450226623311	0.2707173981178618	0.6581598319272894	0.9296686233317066	0.20893055772922292	0.30387923437898723	0.3808735111613961	0.10631669673039386	0.3568712056130288	1.3333333333333333	0.6	0.7333333333333333	-0.2826131829465855	0.0	-0.2826131829465855	1.0	-5.0	0.4	0.0	0.2	0.5	-0.09999999999999998	-0.8	8.0	3.0	5.0	2.0	1.0
2024-06-12	19:00	PSV Eindhoven	Twente	6	1	H	3	1	H	20	8	12	3	7	9	9	2	0	1	0	0	1.33	5.5	8.5	1.34	5.75	7.75				1.32	5.99	8.93	1.3	5.8	8.0				1.34	6.2	9.5	1.31	5.85	8.43	1.33	3.4	1.34	3.42	1.37	3.42	1.34	3.23	-1.75	2.03	1.87	2.03	1.86	2.08	1.87	2.02	1.82	1.36	5.25	7.5	1.34	5.75	7.5				1.34	5.75	8.52	1.3	5.8	8.0				1.36	6.0	9.1	1.32	5.68	8.21	1.36	3.1	1.35	3.32	1.39	3.5	1.34	3.2	-1.5	1.92	1.98	1.93	1.97	1.93	2.01	1.87	1.97	eredivisie	1.29	6.0	8.5				1.34	6.4	9.4	1.37	3.6	2.07	1.86	1.3	5.5	8.0	1.36	5.64	8.51	1.36	6.4	8.8	1.38	3.55	1.98	2.0																															1	0	0	PSV Eindhoven	1	0	0	3	0	13.0	7.0	0	0	0	2024	13	7	8.0	2.0	psv_eindhoven	3.2962962962962963	89	1.6296296296296295	44	20.296296296296298	548	8.25925925925926	1.1851851851851851	2.4444444444444446	0.8927536231884057	1.6774193548387097	52	0.8387096774193549	26	13.387096774193548	415	4.354838709677419	0.25806451612903225	0.4838709677419355	0.15789473684210525	0.7518796992481203	0.18181818181818182	0.11764705882352941	0.7151598592626587	0.17293865687624294	0.11190148386109836	0.051344939889831576	0.030000000000000027	0.5	-0.2999999999999998	-0.03671983998546158	-0.005745574962431055	-0.008879524941938888	0.24181818181818182	1.5454545454545454	0.15647058823529414	0.045997346306943854	2.365	0.02737019572719368				0	Unknown	Unknown	Normal	4.35	0.1790976597399912	11.0	2.0	3.22	0.12092850910009875	5.0	0.0	0.013848773952782074	0.05821535465577554	0.2995459952988883	0.6283898760925541	1.0098568655387918	0.04572080733971049	0.13519123961463736	0.41895649863519	0.40013145441046205	1.3898989075104258	2.1666666666666665	1.0	1.1666666666666665	1.4729676219879102	1.2104198768126142	0.262547745175296	10.0	-1.0	0.5	0.4	0.0	0.0	-0.5	-0.6	13.0	7.0	6.0	4.0	2.0
2024-07-04	11:15	Vitesse	Nijmegen	0	3	A	0	0	D	20	8	6	7	16	14	7	1	2	4	0	0	2.9	3.75	2.25	2.87	3.6	2.3				3.07	3.59	2.33	2.9	3.7	2.2	2.88	3.5	2.2	3.07	3.8	2.35	2.96	3.61	2.28	1.7	2.1	1.74	2.18	1.76	2.2	1.71	2.13	0.25	1.89	2.01	1.88	2.03	1.92	2.03	1.85	1.96	2.9	3.75	2.3	2.95	3.6	2.25				2.91	3.74	2.37	2.8	3.7	2.25	3.0	3.6	2.25	3.06	3.81	2.37	2.94	3.63	2.29	1.65	2.2	1.68	2.29	1.73	2.31	1.65	2.22	0.25	1.86	2.04	1.84	2.07	1.93	2.07	1.83	1.99	eredivisie																																																									0	1	0	Nijmegen	0	0	1	0	3	3.0	7.0	0	0	0	2024	0	7	93.0	29.0	vitesse	0.8571428571428571	12	0.5	7	13.214285714285714	185	4.285714285714286	-0.21428571428571427	-1.1428571428571428	0.25	1.3	39	0.36666666666666664	11	12.333333333333334	370	4.666666666666667	-0.16666666666666666	0.13333333333333333	-0.04761904761904761	0.3448275862068966	0.26666666666666666	0.4444444444444444	0.3265602322206096	0.2525399129172714	0.420899854862119	0.0559386973180076	0.0	0.04999999999999982	0.04999999999999982	-0.018267353986286983	-0.023544589582325415	-0.01412675374939526	0.7733333333333333	0.6	1.2888888888888888	0.06442577030812324	1.9	0.026612966911474523				0	Unknown	Unknown	Normal	2.8899999999999997	0.09477793135474377	2.0	-1.2	2.96	0.11395174159244119	4.0	0.2	0.07673528381462665	0.174912109266162	0.4163789764001463	0.33197363051906503	0.6660263115058035	0.15897635657570536	0.21128306215516365	0.28567768115353803	0.34406290011559293	0.4416773207653531	0.0	1.4	-1.4	-1.062871318473028	1.2104198768126142	-2.2732911952856423	-6.0	5.0	0.4	0.2	0.4	0.3	-0.29999999999999993	-0.39999999999999997	3.0	7.0	-4.0	1.0	2.0
2024-07-04	13:30	Feyenoord	Ajax	6	0	H	3	0	H	30	1	15	1	9	12	9	1	0	2	0	0	1.44	4.5	7.5	1.46	4.8	6.0				1.44	5.1	6.65	1.44	4.8	6.0	1.4	4.6	6.5	1.47	5.1	7.5	1.44	4.86	6.41	1.5	2.5	1.51	2.65	1.53	2.69	1.49	2.58	-1.25	1.95	1.95	1.95	1.95	1.99	1.96	1.92	1.89	1.36	5.0	8.0	1.38	5.25	7.25				1.35	5.65	8.11	1.33	5.5	7.5	1.33	5.25	8.5	1.41	5.65	8.5	1.36	5.32	7.57	1.36	3.1	1.38	3.16	1.44	3.63	1.38	3.02	-1.5	1.95	1.95	1.94	1.96	2.03	1.96	1.95	1.88	eredivisie																																																									1	0	0	Feyenoord	1	0	0	3	0	15.0	11.0	0	0	0	2024	9	6	24.0	60.0	feyenoord	2.5185185185185186	68	1.1851851851851851	32	20.703703703703702	559	7.148148148148148	0.9629629629629629	1.7037037037037037	0.5873015873015873	2.0344827586206895	59	0.8620689655172413	25	12.96551724137931	376	5.517241379310345	0.3448275862068966	0.5172413793103449	0.30833333333333335	0.6944444444444444	0.2222222222222222	0.13333333333333333	0.6613756613756613	0.21164021164021163	0.12698412698412698	0.050000000000000044	0.0	1.5	-0.2999999999999998	-0.033068783068783136	-0.006349206349206354	-0.010582010582010581	0.32	1.6666666666666667	0.192	0.06666666666666665	2.0	0.025641025641025772				0	Unknown	Unknown	Normal	4.3	0.15561062333495004	10.0	1.8	4.630000000000001	0.1848132645675474	8.0	1.2	0.06839328415799147	0.13749493178674324	0.3005173478149993	0.493594436240266	0.9778154783702722	0.02080440625297066	0.07011921222337045	0.27983104050915936	0.6292453410144996	0.8498847337786891	2.25	2.0	0.25	0.6927094864614677	0.9078149076094607	-0.21510542114799303	7.0	4.0	0.3	0.3	0.0	0.2	-0.5	-0.7	15.0	11.0	4.0	5.0	3.0
2024-07-04	13:30	Go Ahead Eagles	Almere City	1	1	D	1	1	D	12	18	4	6	5	12	3	7	2	1	0	0	1.65	4.0	5.25	1.68	3.9	4.8				1.66	4.11	5.24	1.67	3.9	4.6	1.62	3.8	4.8	1.7	4.11	5.25	1.66	3.98	4.94	1.8	2.0	1.82	2.07	1.84	2.1	1.78	2.03	-0.75	1.84	2.06	1.85	2.07	1.9	2.09	1.84	1.99	1.7	3.8	5.0	1.7	3.9	4.75				1.71	4.0	4.97	1.65	3.9	4.75	1.67	3.9	4.8	1.74	4.1	5.4	1.69	3.91	4.87	1.73	2.08	1.79	2.1	1.9	2.16	1.78	2.04	-0.75	1.92	1.98	1.92	1.99	1.95	2.08	1.87	1.95	eredivisie																																																									0	0	1		0	0	1	1	1	10.0	5.0	0	0	0	2024	7	2	24.0	91.0	go_ahead_eagles	1.7096774193548387	53	0.7741935483870968	24	15.096774193548388	468	6.193548387096774	-0.0967741935483871	0.12903225806451613	0.15789473684210525	0.5833333333333334	7	0.4166666666666667	5	10.333333333333334	124	2.8333333333333335	-0.6666666666666666	-1.25	0.0	0.6060606060606061	0.25	0.19047619047619047	0.5791106514994829	0.2388831437435367	0.18200620475698032	0.046536796536796654	-0.020000000000000018	0.6500000000000004	0.10000000000000009	-0.026949954561123146	-0.008469985719210149	-0.011116856256463303	0.4125	1.3125	0.3142857142857143	0.05555555555555558	1.9	0.02891515407344869				0	Unknown	Unknown	Normal	5.01	0.11429248430279926	7.0	1.2	2.2199999999999998	0.07967200593479626	2.0	-0.8	0.009855472789962332	0.042518908710371756	0.23656223484807776	0.7110633836515882	0.8289627998451161	0.2003108551728728	0.22994966429265737	0.3357449361099011	0.2339945444245687	0.5757239335878199	1.75	0.5	1.25	0.30258041869824637	-0.30260496920315355	0.6051853879014	4.0	-2.0	0.3	0.16666666666666666	0.1	0.5	-0.2	-0.7333333333333334	10.0	5.0	5.0	3.0	1.0
2024-07-04	19:00	Heerenveen	Utrecht	2	3	A	0	1	A	13	18	5	6	10	10	5	3	2	1	1	0	2.63	3.5	2.6	2.6	3.5	2.55				2.68	3.47	2.69	2.6	3.6	2.45	2.5	3.4	2.55	2.69	3.65	2.7	2.61	3.48	2.6	1.83	2.03	1.88	2.02	1.88	2.1	1.82	1.99	0.0	1.95	1.95	1.94	1.96	1.99	1.97	1.93	1.91	2.45	3.2	3.0	2.45	3.2	2.95				2.51	3.25	3.06	2.45	3.4	2.7	2.4	3.4	2.88	2.6	3.47	3.07	2.47	3.32	2.87	2.05	1.75	2.12	1.78	2.25	2.0	2.02	1.78	-0.25	2.09	1.81	2.15	1.79	2.16	1.83	2.11	1.74	eredivisie																																																									0	1	0	Utrecht	0	1	0	0	3	8.0	5.0	0	0	0	2024	5	4	24.0	83.0	heerenveen	1.7692307692307692	46	1.0384615384615385	27	15.384615384615385	400	5.5	0.19230769230769232	0.34615384615384615	0.03571428571428571	1.9285714285714286	54	0.6785714285714286	19	12.964285714285714	363	4.535714285714286	0.03571428571428571	0.42857142857142855	0.17592592592592593	0.3802281368821293	0.2857142857142857	0.3846153846153846	0.3619297617627173	0.2719643638388418	0.3661058743984409	0.05055780721179959	0.029999999999999805	0.1499999999999999	-0.10000000000000009	-0.018298375119412014	-0.018509510216943692	-0.013749921875443882	0.7514285714285714	0.7428571428571429	1.0115384615384615	0.03905892487011764	1.93	0.025641025641025772				0	Unknown	Unknown	Normal	3.2399999999999998	0.2026565483290626	6.0	0.4	2.38	0.11318725275764877	6.0	-0.2	0.05894855444939969	0.14963923079215852	0.3964368888992974	0.39497532585914435	0.9944147742621091	0.15038168170993876	0.22464620815799324	0.37585837280513673	0.24911373732693126	0.7792773217286477	1.25	1.0	0.25	-0.08754864906497486	0.30260496920315355	-0.39015361826812844	2.0	1.0	0.2	0.2	0.1	0.4	-0.39999999999999997	-0.7	8.0	5.0	3.0	2.0	1.0
2024-07-04	15:45	Volendam	Waalwijk	3	2	H	2	0	H	20	15	8	8	13	11	6	7	3	2	0	0	3.8	3.8	1.91	3.6	3.7	1.95				3.71	3.87	1.97	3.5	3.8	1.91	3.5	3.6	1.9	3.8	3.92	1.98	3.62	3.77	1.94	1.67	2.15	1.71	2.22	1.73	2.25	1.68	2.17	0.5	1.92	1.98	1.93	1.98	1.94	2.0	1.89	1.96	3.5	3.8	1.95	3.4	3.8	1.98				3.52	3.91	2.02	3.4	3.8	1.95	3.4	3.8	2.0	3.6	3.92	2.04	3.45	3.79	2.0	1.57	2.35	1.62	2.42	1.68	2.42	1.6	2.33	0.5	1.87	2.03	1.88	2.03	1.9	2.05	1.84	2.0	eredivisie																																																									1	0	0	Volendam	1	0	0	3	0	1.0	3.0	0	0	0	2024	1	3	60.0	55.0	volendam	1.1818181818181819	26	0.36363636363636365	8	12.590909090909092	277	4.045454545454546	-0.45454545454545453	-1.2272727272727273	-0.16666666666666666	1.3157894736842106	25	0.2631578947368421	5	12.210526315789474	232	4.7894736842105265	-0.8421052631578947	-1.0	-1.1736111111111112	0.2631578947368421	0.2631578947368421	0.5235602094240838	0.25065616797900264	0.25065616797900264	0.49868766404199477	0.04987599889776795	0.2999999999999998	0.0	0.0	-0.012501726757839449	-0.024872545382088995	-0.012501726757839449	1.0	0.5026315789473684	1.9895287958115184	0.06391867427934828	1.91	0.025883838383838453				0	Unknown	Unknown	Normal	2.0200000000000005	0.11353654658855908	3.0	-2.0	3.3200000000000003	0.19665545457944358	7.0	-0.4	0.16677322644806583	0.27199232588597033	0.39563504453439674	0.16559940313156712	0.23607884890959935	0.09618454245219406	0.1489920905681288	0.3303175438195081	0.4245058231601691	0.3137655672016892	0.25	0.6	-0.35	-0.8678067845914174	0.0	-0.8678067845914174	-6.0	0.0	0.2	0.2	0.3	0.5	-0.3	-0.49999999999999994	1.0	3.0	-2.0	0.0	1.0
2024-07-12	15:30	Go Ahead Eagles	Nijmegen	5	0	H	4	0	H	18	11	9	4	14	13	5	6	2	2	0	0	2.05	3.5	3.5	2.05	3.6	3.4				2.03	3.77	3.4	2.0	3.6	3.4				2.06	3.9	3.6	2.03	3.68	3.42	1.73	2.08	1.73	2.15	1.78	2.19	1.72	2.11	-0.5	2.06	1.84	2.05	1.83	2.08	1.86	2.03	1.81	2.0	3.6	3.6	2.05	3.5	3.5				2.04	3.62	3.75	1.95	3.6	3.6				2.06	3.69	3.77	2.0	3.56	3.62	1.75	2.05	1.79	2.11	1.86	2.14	1.78	2.03	-0.5	2.03	1.87	2.05	1.87	2.06	1.88	2.0	1.84	eredivisie	2.0	3.6	3.6				2.1	3.75	3.75	1.75	2.14	2.1	1.87	1.95	3.3	3.5	2.05	3.69	3.69	2.12	3.6	3.9	1.86	2.12	2.12	1.87																															1	0	0	Go Ahead Eagles	1	0	0	3	0	8.0	10.0	1	0	0	2024	8	10	8.0	8.0	go_ahead_eagles	1.7096774193548387	53	0.7741935483870968	24	15.096774193548388	468	6.193548387096774	-0.0967741935483871	0.12903225806451613	0.15789473684210525	1.3	39	0.36666666666666664	11	12.333333333333334	370	4.666666666666667	-0.16666666666666666	0.13333333333333333	-0.04761904761904761	0.48780487804878053	0.2857142857142857	0.2857142857142857	0.4605263157894737	0.2697368421052631	0.2697368421052631	0.059233449477352096	0.04999999999999982	0.10000000000000009	-0.10000000000000009	-0.02727856225930686	-0.01597744360902259	-0.01597744360902259	0.5857142857142856	1.0	0.5857142857142856	0.058803912850155626	1.905	0.02891515407344869				0	Unknown	Unknown	Normal	4.180000000000001	0.09462231490000954	7.0	0.4	3.3299999999999996	0.18802581566651527	6.0	1.6	0.024476012508670875	0.07956048189375728	0.3129474215260584	0.5830160840715134	0.9084242025517589	0.11741180535372846	0.16743914734213317	0.300112726048825	0.41503632125531337	0.5382719570100145	1.6	1.6666666666666667	-0.06666666666666665	0.497644952579857	2.118234784422075	-1.620589831842218	4.0	8.0	0.3	0.3	0.1	0.3	-0.39999999999999997	-0.6000000000000001	8.0	10.0	-2.0	2.0	3.0
2024-07-12	20:00	Heracles	For Sittard	2	2	D	1	2	A	15	7	7	5	17	11	5	3	2	1	0	0	2.5	3.3	2.8	2.55	3.3	2.8				2.53	3.21	2.92	2.4	3.4	2.8				2.65	3.4	2.97	2.52	3.26	2.84	2.03	1.83	2.04	1.83	2.09	1.88	2.0	1.81	0.0	1.81	2.09	1.8	2.09	1.85	2.12	1.81	2.05	2.2	3.4	3.4	2.2	3.25	3.4				2.24	3.33	3.49	2.2	3.2	3.3				2.5	3.4	3.64	2.2	3.26	3.41	1.95	1.9	1.98	1.91	2.08	1.97	1.96	1.84	-0.25	1.9	2.0	1.93	1.98	1.93	2.04	1.87	1.96	eredivisie	2.45	3.3	2.88				2.58	3.25	3.0	2.08	1.8	1.82	2.12	2.1	3.1	3.3	2.2	3.38	3.58	2.28	3.4	3.7	2.0	1.97	1.94	2.03																															0	0	1		0	1	0	1	1	7.0	6.0	0	0	0	2024	7	0	68.0	38.0	heracles	2.1052631578947367	40	0.7894736842105263	15	14.842105263157896	282	5.368421052631579	-0.3157894736842105	0.21052631578947367	-0.1987179487179487	1.0526315789473684	20	0.3684210526315789	7	8.842105263157896	168	3.263157894736842	-0.5263157894736842	-1.0	-0.35	0.4	0.30303030303030304	0.35714285714285715	0.3772968558595345	0.2858309514087382	0.3368721927317272	0.06017316017316032	0.10000000000000009	0.0	-0.10000000000000009	-0.022703144140465537	-0.020270664411129957	-0.01719935162156483	0.7575757575757576	0.8484848484848485	0.8928571428571429	0.03905892487011764	1.93	0.030955087366835166				0	Unknown	Unknown	Normal	3.0300000000000002	0.10827412146184039	7.0	-0.8	1.8599999999999999	0.05814044111916452	1.0	-1.2	0.10836762669710473	0.17609804397021908	0.3509727820471154	0.3645615472855607	0.5231001466928623	0.19479346327846941	0.28329566366530373	0.3793843138024311	0.1425265592537958	0.6039519519934631	1.4	0.0	1.4	0.30258041869824637	-0.9078149076094607	1.2103953263077072	2.0	-2.0	0.25	0.125	0.375	0.5	-0.25	-0.5	7.0	6.0	1.0	2.0	2.0
2024-07-12	17:45	Sparta Rotterdam	NAC Breda	0	2	A	0	1	A	22	13	5	9	12	7	9	5	3	1	0	0	2.0	3.3	3.9	2.05	3.4	3.6				1.93	3.45	3.67	1.95	3.5	3.7				2.05	3.63	4.0	1.99	3.44	3.74	2.0	1.85	1.92	1.85	2.05	1.91	1.96	1.83	-0.5	2.03	1.87	1.95	1.84	2.05	1.89	1.99	1.84	1.73	3.7	4.75	1.75	3.6	4.8				1.78	3.65	5.0	1.7	3.75	4.6				2.05	3.8	5.0	1.77	3.63	4.68	1.95	1.9	1.97	1.92	2.08	1.93	1.94	1.86	-0.75	2.0	1.9	2.01	1.9	2.06	1.92	1.98	1.85	eredivisie	1.95	3.3	4.0				2.06	3.5	4.2	2.02	1.85	2.04	1.92	1.7	3.4	4.75	1.8	3.8	4.72	1.83	3.7	5.3	2.04	1.93	2.07	1.91																															0	1	0	NAC Breda	0	1	0	0	3	4.0	0.0	0	0	0	2024	1	0	38.0	152.0	sparta_rotterdam	1.3571428571428572	38	0.5	14	14.857142857142858	416	5.107142857142857	0.10714285714285714	0.0	0.2156862745098039	0.46153846153846156	6	0.23076923076923078	3	10.846153846153847	141	3.769230769230769	-0.6923076923076923	-1.3846153846153846	-0.6666666666666666	0.5	0.30303030303030304	0.25641025641025644	0.471947194719472	0.28602860286028603	0.24202420242024206	0.05944055944055937	0.050000000000000044	0.19999999999999973	-0.20000000000000018	-0.028052805280528004	-0.014386053990014386	-0.01700170017001701	0.6060606060606061	1.1818181818181819	0.5128205128205129	0.04054054054054035	1.925	0.02737019572719368				0	Unknown	Unknown	Normal	3.8	0.06440745872388572	2.0	-1.0	2.5	0.0	0.0	-2.0	0.0420102299679168	0.1128111085901391	0.34726814019755126	0.4979105212443928	0.8734908389883955	0.0820849986238988	0.205212496559747	0.47027863794942026	0.24242386686693396	1.279453821756965	0.2	0.0	0.2	-0.8678067845914174	-0.9078149076094607	0.04000812301804335	-6.0	-2.0	0.0	0.0	0.3	1.0	0.0	-0.7	4.0	0.0	4.0	1.0	0.0
2024-07-12	19:00	Waalwijk	Feyenoord	2	3	A	1	1	D	11	17	4	9	9	3	2	15	0	0	0	0	11.0	6.5	1.22	11.0	6.75	1.23				11.21	6.7	1.21	11.0	6.5	1.22				12.5	7.3	1.24	11.46	6.61	1.22	1.44	2.7	1.45	2.75	1.48	2.88	1.44	2.74	1.75	2.05	1.85	2.03	1.83	2.06	1.89	2.0	1.83	11.0	6.5	1.22	11.5	6.75	1.23				13.21	7.28	1.21	12.0	7.0	1.18				13.21	7.4	1.25	12.28	6.84	1.21	1.4	2.88	1.42	2.94	1.46	3.0	1.41	2.87	2.0	1.86	2.04	1.85	2.04	1.86	2.09	1.83	2.01	eredivisie	12.0	7.0	1.2				14.0	7.2	1.25	1.48	2.84	2.06	1.82	13.0	6.5	1.14	11.8	7.0	1.25	17.0	8.0	1.22	1.45	3.15	1.91	2.05																															0	1	0	Feyenoord	0	0	1	0	3	5.0	11.0	0	1	0	2024	4	5	99.0	99.0	waalwijk	1.76	44	0.84	21	13.2	330	4.56	0.28	0.44	0.19642857142857142	2.0	60	1.0333333333333334	31	15.3	459	6.233333333333333	0.3333333333333333	0.8333333333333334	0.14814814814814814	0.09090909090909091	0.15384615384615385	0.819672131147541	0.08540656973613354	0.14453419493807215	0.7700592353257942	0.0644273759027858	0.0	0.0	0.0	-0.005502521172957367	-0.04961289582174677	-0.009311958908081702	1.6923076923076923	0.18769230769230769	9.01639344262295	0.06481481481481488	2.0700000000000003	0.028345418589321048				0	Unknown	Unknown	Normal	2.27	0.07563999643207564	2.0	0.0	3.1	0.1378116314920219	3.0	0.8	0.13515445392803055	0.24185402587845628	0.41184799794035054	0.2111435222531627	1.2269033101175635	0.0936149005507886	0.17795492083410192	0.3682775721306374	0.3601526064844721	0.9681016449978432	1.3333333333333333	1.25	0.08333333333333326	-0.2826131829465855	0.6052099384063071	-0.8878231213528927	2.0	1.0	0.3	0.4	0.5	0.1	-0.6000000000000001	-0.09999999999999998	5.0	11.0	-6.0	1.0	3.0
2024-08-03	19:00	Go Ahead Eagles	PSV Eindhoven	0	1	A	0	1	A	12	21	4	11	9	5	4	9	0	2	0	1	7.0	5.0	1.4	6.75	5.0	1.41				6.88	5.39	1.43	7.0	5.0	1.36	7.0	5.0	1.4	7.5	5.5	1.43	6.77	5.18	1.4	1.4	2.88	1.42	2.97	1.44	3.02	1.4	2.89	1.25	2.02	1.88	2.03	1.88	2.04	1.9	1.99	1.84	7.0	5.0	1.4	6.75	5.0	1.41				7.51	5.44	1.4	7.0	5.0	1.36	7.5	5.25	1.36	7.6	5.5	1.45	6.95	5.16	1.4	1.44	2.7	1.45	2.86	1.49	3.07	1.42	2.81	1.25	2.04	1.86	2.07	1.85	2.08	1.91	1.99	1.84	eredivisie																																																									0	1	0	PSV Eindhoven	0	1	0	0	3	11.0	10.0	0	0	0	2024	11	7	22.0	154.0	go_ahead_eagles	1.7096774193548387	53	0.7741935483870968	24	15.096774193548388	468	6.193548387096774	-0.0967741935483871	0.12903225806451613	0.15789473684210525	2.5806451612903225	80	1.0	31	17.806451612903224	552	6.870967741935484	0.5161290322580645	1.5161290322580645	0.32666666666666666	0.14285714285714285	0.2	0.7142857142857143	0.13513513513513511	0.1891891891891892	0.6756756756756757	0.05714285714285716	0.0	0.039999999999999813	0.0	-0.007722007722007734	-0.038610038610038644	-0.010810810810810811	1.4	0.27999999999999997	5.0	0.06150793650793651	2.1399999999999997	0.026964398567516312				0	Unknown	Unknown	Normal	4.24	0.1498709336845399	10.0	1.8	4.1899999999999995	0.16597887192043587	5.0	1.6	0.02398037390837259	0.07768076693811342	0.3062209836318347	0.5921178755216794	0.8777075236026939	0.028382017080323868	0.09044320001224168	0.32703555019797986	0.5541392327094546	0.9802511624472416	1.8333333333333333	1.4	0.43333333333333335	1.082838554224689	1.2104198768126142	-0.1275813225879252	9.0	4.0	0.4	0.5	0.1	0.0	-0.6	-0.4	11.0	10.0	1.0	3.0	3.0
2024-08-11	19:00	Utrecht	Heracles	1	0	H	0	0	D	19	10	6	2	11	13	4	8	0	1	0	0	1.44	4.75	7.0	1.44	4.6	7.0				1.43	4.84	7.48	1.4	4.5	7.5				1.45	4.9	8.0	1.43	4.64	7.14	1.7	2.1	1.75	2.16	1.78	2.19	1.72	2.11	-1.25	2.0	1.9	2.0	1.91	2.07	1.92	1.97	1.84	1.5	4.5	6.25	1.49	4.5	6.0				1.49	4.58	6.84	1.44	4.4	6.5				1.52	4.6	7.5	1.47	4.47	6.6	1.67	2.15	1.72	2.21	1.77	2.28	1.69	2.17	-1.0	1.82	2.08	1.82	2.11	1.85	2.14	1.78	2.08	eredivisie	1.4	4.5	8.0	1.44	4.65	7.0	1.46	4.9	8.6	1.79	2.24	2.04	1.91	1.44	4.33	7.0	1.51	4.58	6.59	1.5	4.7	7.8	1.73	2.32	1.82	2.17																															1	0	0	Utrecht	0	0	1	3	0	12.0	3.0	0	0	0	2024	15	3	93.0	62.0	utrecht	1.6774193548387097	52	0.5161290322580645	16	14.741935483870968	457	5.483870967741935	0.12903225806451613	0.6451612903225806	-7.93016446160826e-18	0.6	15	0.32	8	8.88	222	2.64	-0.52	-1.72	-0.6	0.6944444444444444	0.21052631578947367	0.14285714285714285	0.6627466613514053	0.20091688259916285	0.13633645604943193	0.047827903091060886	0.040000000000000036	-0.5	0.25	-0.03169778309303917	-0.006520686807710924	-0.009609433190310823	0.30315789473684207	1.4736842105263157	0.2057142857142857	0.06442577030812324	1.9	0.02631578947368407				0	Unknown	Unknown	Normal	4.18	0.1672666590140667	8.0	1.0	1.69	0.1057207442183968	4.0	-1.6	0.035831810265676015	0.09403021583867237	0.30234579452161225	0.5677921793740394	0.8729525197232215	0.20893055772922295	0.3038792343789872	0.38087351116139606	0.10631669673039386	0.38574019283494054	2.142857142857143	0.5	1.6428571428571428	1.8630966897511312	0.0	1.8630966897511312	6.0	-8.0	0.2	0.0	0.0	0.4444444444444444	-0.35555555555555557	-1.0	12.0	3.0	9.0	4.0	1.0
2024-08-12	11:15	Groningen	Zwolle	0	0	D	0	0	D	15	10	6	2	10	5	6	4	3	0	0	0	1.95	3.3	4.1	2.0	3.3	3.8				2.01	3.37	3.89	1.95	3.5	3.7				2.05	3.5	4.1	2.0	3.37	3.81	1.98	1.88	1.98	1.86	2.02	1.9	1.97	1.83	-0.5	2.01	1.89	2.02	1.84	2.05	1.92	2.0	1.83	2.05	3.25	3.9	2.05	3.3	3.75				2.05	3.31	4.08	2.0	3.4	3.6				2.11	3.4	4.08	2.03	3.28	3.84	2.1	1.7	2.18	1.74	2.25	1.83	2.08	1.73	-0.5	2.07	1.83	2.06	1.85	2.11	1.85	2.04	1.8	eredivisie	2.0	3.3	3.8				2.02	3.45	4.1	2.02	1.87	2.02	1.89	1.95	3.1	3.9	2.09	3.32	3.98	2.08	3.45	4.2	2.2	1.8	2.08	1.9																															0	0	1		0	0	1	1	1	2.0	5.0	0	0	0	2024	0	5	405.0	63.0	groningen	1.4761904761904763	31	0.9047619047619048	19	14.19047619047619	298	5.333333333333333	0.38095238095238093	0.14285714285714285	0.4375	1.25	30	0.4166666666666667	10	9.666666666666666	232	3.7916666666666665	-0.5	-1.1666666666666667	-0.4230769230769231	0.5128205128205129	0.30303030303030304	0.24390243902439027	0.48390557939914164	0.28594420600858367	0.23015021459227467	0.05975325487520622	0.0	0.39999999999999947	-0.20000000000000018	-0.028914933421371247	-0.0137522244321156	-0.01708609702171937	0.5909090909090909	1.2424242424242424	0.475609756097561	0.03696539866752646	1.93	0.026612966911474523				0	Unknown	Unknown	Normal	2.84	0.09184760317336103	4.0	-0.6	1.3900000000000001	0.18349179530910048	3.0	-1.4	0.18600872205687918	0.18168931561039028	0.2676629549874873	0.3646390073452432	0.7806119450611912	0.3202131555338019	0.29201310284641885	0.3051332305645925	0.08264051105518677	0.27514084927028526	0.0	0.7142857142857143	-0.7142857142857143	-1.062871318473028	0.6052099384063071	-1.668081256879335	0.0	-9.0	0.0	0.2	0.16666666666666666	0.3	-0.7	-0.6333333333333333	2.0	5.0	-3.0	0.0	1.0
2024-08-12	15:45	Almere City	Utrecht	1	3	A	0	2	A	11	12	3	5	10	6	4	4	2	3	0	0	4.75	3.8	1.7	4.4	3.9	1.75				4.45	4.03	1.72	4.5	3.8	1.7				4.75	4.1	1.79	4.46	3.9	1.73	1.8	2.0	1.79	2.05	1.85	2.1	1.79	2.01	0.75	1.87	1.91	1.91	1.94	1.95	1.97	1.87	1.93	4.75	3.8	1.7	4.6	3.8	1.72				4.9	3.95	1.72	4.6	4.0	1.65				5.07	4.1	1.77	4.68	3.89	1.72	1.8	2.0	1.86	2.04	1.9	2.07	1.82	1.99	0.75	1.95	1.95	1.95	1.95	1.98	2.01	1.91	1.92	eredivisie	4.6	3.8	1.73				5.0	4.1	1.76	1.78	2.12			4.6	3.75	1.73	5.07	3.91	1.73	5.2	4.0	1.76	1.86	2.12	1.99	1.97																															0	1	0	Utrecht	0	1	0	0	3	8.0	7.0	0	0	0	2024	4	7	124.0	39.0	almere_city	0.8666666666666667	13	0.3333333333333333	5	13.533333333333333	203	3.533333333333333	-0.4	-0.8666666666666667	-0.6666666666666666	1.9285714285714286	54	0.6785714285714286	19	12.964285714285714	363	4.535714285714286	0.03571428571428571	0.42857142857142855	0.17592592592592593	0.21052631578947367	0.2631578947368421	0.5882352941176471	0.19825072886297374	0.24781341107871718	0.5539358600583091	0.0619195046439629	0.25	0.0	0.0	-0.012275586926499937	-0.034299434059337996	-0.015344483658124908	1.25	0.4473684210526316	2.794117647058824	0.05555555555555558	1.9	0.058319567712853626				0	Unknown	Unknown	Normal	3.2199999999999998	0.09288728651049938	3.0	0.2	2.5	0.11327857278869757	9.0	0.0	0.06193336774576501	0.14936850124096487	0.39115528077189754	0.3975428502413726	0.844283886712471	0.14705343051885164	0.2160920086009023	0.3623225360860985	0.2745320247941477	0.7800250563059212	1.0	1.4	-0.3999999999999999	-0.2826131829465855	1.2104198768126142	-1.4930330597591996	0.0	2.0	0.16666666666666666	0.1	0.16666666666666666	0.4	-0.43333333333333335	-0.7333333333333334	8.0	7.0	1.0	2.0	2.0
2024-08-12	13:30	Willem II	Heerenveen	1	2	A	0	0	D	10	19	4	3	14	10	2	3	2	2	0	0	2.45	3.3	2.9	2.45	3.25	2.9				2.49	3.13	3.04	2.38	3.3	2.88				2.51	3.35	3.05	2.44	3.2	2.95	2.15	1.67	2.19	1.69	2.25	1.78	2.14	1.69	0.0	1.8	2.1	1.74	2.13	1.8	2.13	1.76	2.11	2.25	3.1	3.4	2.25	3.1	3.4				2.32	3.19	3.46	2.2	3.25	3.25				2.4	3.25	3.56	2.26	3.14	3.37	2.15	1.67	2.27	1.68	2.35	1.7	2.21	1.65	-0.25	1.95	1.95	1.98	1.93	2.0	1.98	1.92	1.91	eredivisie	2.45	3.3	2.88				2.54	3.25	3.05	2.2	1.72	1.77	2.15	2.2	3.0	3.3	2.32	3.19	3.5	2.36	3.3	3.55	2.32	1.74	2.0	1.97																															0	1	0	Heerenveen	0	0	1	0	3	0.0	5.0	0	0	0	2024	0	2	183.0	160.0	willem_ii	0.8	4	0.2	1	8.6	43	3.4	-0.4	-1.2	0.0	1.1666666666666667	35	0.4666666666666667	14	11.866666666666667	356	3.8666666666666667	-0.26666666666666666	-0.7666666666666667	0.13333333333333333	0.4081632653061224	0.30303030303030304	0.3448275862068966	0.3865105008077544	0.28695476575121165	0.32653473344103395	0.056021154543322016	0.07000000000000028	0.020000000000000018	0.0	-0.021652764498368005	-0.01829285276586262	-0.01607553727909139	0.7424242424242425	0.8787878787878788	0.8448275862068967	0.06391867427934828	1.91	0.03174603174603163				0	Unknown	Unknown	Normal	1.15	0.0	0.0	-1.0	2.87	0.1018692769164105	4.0	-0.6	0.3166367693790533	0.3641322847859112	0.2896368881901269	0.029594057644908633	0.24821275278561325	0.09284550333532135	0.18485839822959482	0.38993063361372526	0.33236546482135865	0.9234737668475319	0.0	0.5	-0.5	-1.062871318473028	-0.30260496920315355	-0.7602663492698745	-1.0	-3.0	0.0	0.1	1.0	0.4	-0.6	0.1	0.0	5.0	-5.0	0.0	1.0
2024-08-12	13:30	AZ Alkmaar	Ajax	2	1	H	0	0	D	12	7	4	3	16	11	6	3	1	2	0	0	3.1	3.6	2.2	3.1	3.6	2.2				3.12	3.7	2.18	3.1	3.6	2.15				3.19	3.77	2.25	3.06	3.65	2.18	1.73	2.08	1.72	2.15	1.76	2.19	1.71	2.11	0.25	1.95	1.95	1.94	1.91	1.97	1.97	1.91	1.9	2.6	3.6	2.55	2.65	3.5	2.55				2.7	3.55	2.62	2.62	3.5	2.5				3.0	3.68	2.7	2.66	3.49	2.56	1.6	2.3	1.65	2.34	1.72	2.34	1.64	2.25	0.0	1.98	1.92	1.98	1.93	2.04	1.93	1.98	1.89	eredivisie	3.0	3.6	2.2				3.2	3.8	2.28	1.75	2.16	1.99	1.98	2.5	3.4	2.45	2.76	3.68	2.52	2.72	3.75	2.7	1.69	2.4	2.01	1.98																															1	0	0	AZ Alkmaar	0	0	1	3	0	12.0	10.0	0	0	1	2024	6	6	99.0	39.0	az_alkmaar	1.8666666666666667	56	0.9666666666666667	29	17.266666666666666	518	6.3	0.4666666666666667	0.9333333333333333	0.3083333333333333	2.0344827586206895	59	0.8620689655172413	25	12.96551724137931	376	5.517241379310345	0.3448275862068966	0.5172413793103449	0.30833333333333335	0.3225806451612903	0.2777777777777778	0.45454545454545453	0.30579150579150577	0.2633204633204633	0.43088803088803085	0.054903877484522745	0.0	0.050000000000000266	0.0	-0.016789139369784545	-0.023657423657423682	-0.014457314457314463	0.8611111111111112	0.6111111111111112	1.409090909090909	0.058803912850155626	1.905	0.025641025641025772				0	Unknown	Unknown	Normal	3.3899999999999997	0.11674955427918828	3.0	1.4	3.81	0.17533459158176543	6.0	0.0	0.06127730117537046	0.15111882272895275	0.3792318086539249	0.40837206744175186	1.2812666862370043	0.14621659570055479	0.11788958988002411	0.2396233063196128	0.49627050809980827	0.5754495614935757	1.5	1.5	0.0	0.10751588481663577	0.9078149076094607	-0.8002990227928249	1.0	-2.0	0.4	0.2	0.2	0.2	-0.4	-0.6000000000000001	12.0	10.0	2.0	4.0	3.0
2024-09-02	19:00	Waalwijk	Nijmegen	2	0	H	2	0	H	11	17	4	6	11	8	4	10	2	3	0	0	2.8	3.75	2.4	2.85	3.5	2.35				2.9	3.64	2.45	2.7	3.4	2.3	2.75	3.6	2.4	2.9	3.75	2.45	2.81	3.56	2.39	1.73	2.08	1.76	2.15	1.79	2.21	1.73	2.1	0.25	1.75	2.05	1.81	2.12	1.83	2.14	1.76	2.06	2.9	3.6	2.3	2.95	3.5	2.3				3.18	3.58	2.3	2.8	3.5	2.2	3.0	3.5	2.25	3.18	3.69	2.36	3.02	3.54	2.28	1.75	2.05	1.78	2.12	1.85	2.16	1.75	2.07	0.25	1.91	1.99	1.92	1.99	1.93	2.03	1.86	1.97	eredivisie																																																									1	0	0	Waalwijk	1	0	0	3	0	5.0	7.0	0	0	0	2024	4	10	52.0	52.0	waalwijk	1.76	44	0.84	21	13.2	330	4.56	0.28	0.44	0.19642857142857142	1.3	39	0.36666666666666664	11	12.333333333333334	370	4.666666666666667	-0.16666666666666666	0.13333333333333333	-0.04761904761904761	0.35714285714285715	0.26666666666666666	0.4166666666666667	0.34324942791762014	0.25629290617848965	0.40045766590389015	0.040476190476190554	0.09999999999999964	0.10000000000000009	0.3500000000000001	-0.013893429225237008	-0.016209000762776538	-0.010373760488177008	0.7466666666666666	0.64	1.1666666666666667	0.058803912850155626	1.905	0.059233449477351874				0	Unknown	Unknown	Normal	2.43	0.07207207207207209	4.0	0.0	2.66	0.13827457188542075	6.0	0.0	0.11503474884226336	0.2207841270124759	0.42319071528995805	0.24099040885530268	1.201479947411861	0.13325282524689058	0.20511216463911933	0.365094035702095	0.29654097441189514	0.5211212689208151	1.0	1.4285714285714286	-0.4285714285714286	-0.2826131829465855	2.118234784422075	-2.4008479673686605	1.0	3.0	0.3	0.3	0.4	0.4	-0.3	-0.3	5.0	7.0	-2.0	1.0	2.0
2024-09-03	19:00	Almere City	Utrecht	1	1	D	1	1	D	9	12	1	4	15	15	6	7	1	2	0	0	3.75	3.5	2.0	3.6	3.4	2.05				3.87	3.35	2.12	3.7	3.4	2.0	3.7	3.4	2.0	3.87	3.5	2.12	3.71	3.37	2.05	2.1	1.7	2.19	1.73	2.2	1.8	2.1	1.73	0.5	1.83	2.07	1.8	2.11	1.85	2.11	1.8	2.05	3.5	3.4	2.15	3.5	3.2	2.15				3.74	3.23	2.22	3.5	3.3	2.1	3.5	3.25	2.15	3.74	3.45	2.23	3.59	3.25	2.15	2.3	1.6	2.35	1.65	2.4	1.68	2.29	1.62	0.25	2.01	1.89	2.02	1.88	2.04	1.89	1.99	1.84	eredivisie																																																									0	0	1		0	0	1	1	1	5.0	10.0	0	1	0	2024	4	10	22.0	22.0	almere_city	0.8666666666666667	13	0.3333333333333333	5	13.533333333333333	203	3.533333333333333	-0.4	-0.8666666666666667	-0.6666666666666666	1.9285714285714286	54	0.6785714285714286	19	12.964285714285714	363	4.535714285714286	0.03571428571428571	0.42857142857142855	0.17592592592592593	0.26666666666666666	0.2857142857142857	0.5	0.25339366515837103	0.27149321266968324	0.4751131221719457	0.05238095238095242	0.04999999999999982	0.0	0.10000000000000009	-0.013273001508295634	-0.02488687782805432	-0.014221073044602461	1.0714285714285714	0.5714285714285714	1.875	0.06442577030812324	1.9	0.029539874871307603				0	Unknown	Unknown	Normal	2.87	0.09985558077161132	2.0	-0.4	2.88	0.1628653496482017	8.0	0.8	0.08118181701130353	0.18366799815584117	0.4127765786089116	0.32237360622394373	0.8157658681625055	0.08753382188630705	0.17348550779713476	0.400576790737653	0.33840387957890516	1.0206383921577113	0.8	1.6666666666666667	-0.8666666666666667	-0.2826131829465855	2.118234784422075	-2.4008479673686605	-2.0	4.0	0.14285714285714285	0.1	0.14285714285714285	0.3	-0.5571428571428572	-0.7571428571428572	5.0	10.0	-5.0	1.0	3.0
2024-09-03	17:45	Twente	Sparta Rotterdam	2	1	H	1	0	H	19	5	5	2	7	11	7	3	1	1	0	0	1.4	4.75	7.5	1.4	4.8	7.5				1.43	4.85	7.79	1.36	4.75	7.5	1.4	4.6	8.0	1.44	4.9	8.5	1.4	4.73	7.48	1.7	2.1	1.75	2.17	1.75	2.21	1.7	2.13	-1.25	1.97	1.93	1.97	1.93	2.0	1.97	1.92	1.9	1.36	5.0	7.5	1.39	5.0	7.5				1.4	5.08	8.26	1.35	4.8	8.0	1.36	5.0	8.0	1.42	5.26	8.27	1.39	4.94	7.75	1.57	2.35	1.6	2.44	1.61	2.47	1.58	2.36	-1.25	1.86	2.04	1.88	2.03	1.9	2.08	1.84	2.0	eredivisie																																																									1	0	0	Twente	1	0	0	3	0	15.0	9.0	0	0	1	2024	9	3	91.0	116.0	twente	2.740740740740741	74	1.2592592592592593	34	21.962962962962962	593	7.7407407407407405	0.8888888888888888	1.8888888888888888	0.5333333333333333	1.2758620689655173	37	0.4482758620689655	13	11.379310344827585	330	4.137931034482759	-0.2413793103448276	-0.1724137931034483	-0.2	0.7142857142857143	0.21052631578947367	0.13333333333333333	0.6750355281856939	0.19895783988630977	0.1260066319279962	0.05814536340852139	0.039999999999999813	0.0	0.0	-0.0392501861000204	-0.007326701405337144	-0.0115684759031639	0.29473684210526313	1.5789473684210527	0.18666666666666665	0.06442577030812324	1.9	0.02574892822387631				0	Unknown	Unknown	Normal	5.46	0.13938176925743914	8.0	2.6	2.77	0.2302836127613063	7.0	0.8	0.0047587679097058615	0.02502594477030063	0.18327571465674816	0.7869395726632453	0.7924571002565663	0.11088403177548518	0.18674527796243556	0.38186614979339684	0.32050454046868243	0.5865941451576223	2.25	0.75	1.5	0.6927094864614677	0.0	0.6927094864614677	6.0	0.0	0.6	0.3	0.0	0.2	-0.20000000000000007	-0.7	15.0	9.0	6.0	5.0	3.0
2024-09-03	20:00	Waalwijk	Vitesse	3	1	H	1	0	H	17	19	6	5	11	9	4	5	2	0	0	0	2.25	3.5	3.1	2.2	3.6	3.0				2.33	3.58	3.12	2.2	3.5	3.0	2.25	3.5	3.0	2.34	3.65	3.12	2.25	3.54	3.05	1.83	2.03	1.85	2.04	1.87	2.08	1.8	2.0	-0.25	2.0	1.9	2.02	1.89	2.03	1.93	1.95	1.87	2.25	3.5	3.1	2.2	3.4	3.1				2.34	3.46	3.21	2.2	3.5	3.0	2.25	3.4	3.1	2.35	3.6	3.28	2.24	3.46	3.14	1.9	1.95	1.89	1.99	2.02	2.12	1.85	1.95	-0.25	1.99	1.91	2.01	1.89	2.05	1.95	1.94	1.89	eredivisie																																																									1	0	0	Waalwijk	1	0	0	3	0	7.0	4.0	1	0	0	2024	7	0	1.0	121.0	waalwijk	1.76	44	0.84	21	13.2	330	4.56	0.28	0.44	0.19642857142857142	1.1666666666666667	21	0.5	9	13.777777777777779	248	4.944444444444445	-0.3888888888888889	-0.8333333333333334	-0.5	0.4444444444444444	0.2857142857142857	0.3225806451612903	0.42217898832684825	0.2714007782101167	0.306420233463035	0.05273937532002049	0.04999999999999982	0.10000000000000009	0.0	-0.022265456117596172	-0.016160411698255328	-0.014313507504168987	0.6428571428571429	0.8857142857142858	0.7258064516129032	0.03905892487011764	1.93	0.02631578947368407				0	Unknown	Unknown	Normal	2.67	0.10810810810810811	4.0	0.4	2.85	0.06777954869557923	3.0	-0.8	0.07694538996024061	0.19096836013558202	0.4512301582139032	0.2808560916902742	1.2880682203649307	0.09098368425791829	0.18889432586150925	0.39682300147919475	0.32329898840137766	0.7927767924220455	1.4	0.0	1.4	0.30258041869824637	-0.9078149076094607	1.2103953263077072	3.0	-1.0	0.4	0.0	0.4	0.3	-0.29999999999999993	-0.6	7.0	4.0	3.0	2.0	1.0
2024-09-08	19:00	Groningen	NAC Breda	4	1	H	3	0	H	17	7	9	3	7	7	8	1	1	3	0	1	1.62	4.0	5.5	1.62	4.1	5.0				1.63	4.03	5.66	1.57	4.2	5.0				1.64	4.25	5.7	1.61	4.06	5.33	1.62	2.25	1.67	2.31	1.68	2.38	1.62	2.27	-1.0	2.06	1.84	2.07	1.85	2.07	1.86	2.02	1.83	1.67	3.8	5.25	1.66	3.9	5.0				1.68	3.81	5.54	1.6	4.2	5.0				1.7	4.2	5.54	1.65	3.89	5.18	1.75	2.05	1.81	2.09	1.9	2.27	1.74	2.1	-0.75	1.87	2.03	1.88	2.03	1.9	2.06	1.83	2.0	eredivisie	1.6	4.0	5.5	1.63	4.25	4.94	1.65	4.3	6.0	1.71	2.36	2.07	1.87	1.57	3.75	5.0	1.7	3.88	5.36	1.68	4.1	5.9	1.84	2.16	1.86	2.13																															1	0	0	Groningen	1	0	0	3	0	3.0	3.0	0	0	0	2024	1	3	27.0	58.0	groningen	1.4761904761904763	31	0.9047619047619048	19	14.19047619047619	298	5.333333333333333	0.38095238095238093	0.14285714285714285	0.4375	0.46153846153846156	6	0.23076923076923078	3	10.846153846153847	141	3.769230769230769	-0.6923076923076923	-1.3846153846153846	-0.6666666666666666	0.6172839506172839	0.25	0.18181818181818182	0.5883926183471516	0.23829901043059643	0.17330837122225196	0.049102132435465684	0.050000000000000044	0.5	-0.20000000000000018	-0.028891332270132297	-0.008509810595929868	-0.011700989569403575	0.405	1.375	0.29454545454545455	0.061728395061728225	1.935	0.02891515407344869				0	Unknown	Unknown	Normal	3.4199999999999995	0.09184760317336103	2.0	-0.4	3.475	0.07633587786259542	2.0	0.0	0.0921564057880558	0.1318404532416436	0.315558047236747	0.46044509373355363	1.0340792732752988	0.04688178279714712	0.12859105978900337	0.378716229567448	0.4458109278464015	0.8941802958433895	0.5	1.0	-0.5	-0.8678067845914174	0.0	-0.8678067845914174	0.0	0.0	0.14285714285714285	0.5	0.2857142857142857	0.5	-0.35714285714285715	-0.2142857142857143	3.0	3.0	0.0	0.0	1.0
2024-09-11	17:45	Zwolle	For Sittard	3	1	H	0	1	A	14	14	4	5	13	15	5	7	4	2	1	0	2.63	3.4	2.63	2.6	3.4	2.65				2.69	3.31	2.67	2.62	3.3	2.6				2.75	3.4	2.71	2.65	3.32	2.65	2.0	1.85	2.02	1.84	2.06	1.89	1.98	1.81	0.0	1.95	1.95	1.94	1.93	1.95	1.99	1.91	1.92	2.5	3.4	2.75	2.5	3.25	2.8				2.59	3.31	2.9	2.5	3.3	2.7				2.6	3.5	2.94	2.52	3.29	2.83	2.05	1.8	2.07	1.83	2.14	1.88	2.02	1.8	0.0	1.85	2.05	1.85	2.07	1.88	2.07	1.84	2.03	eredivisie	2.63	3.3	2.63	2.65	3.4	2.61	2.8	3.3	2.84	2.0	1.87	1.96	1.99	2.5	3.1	2.88	2.6	3.5	2.78	2.62	3.35	3.0	2.1	1.86	1.85	2.14																															1	0	0	Zwolle	0	1	0	3	0	6.0	4.0	1	0	0	2024	6	1	99.0	61.0	zwolle	1.2105263157894737	23	0.5263157894736842	10	13.263157894736842	252	4.526315789473684	0.05263157894736842	-0.05263157894736842	0.2166666666666667	1.0526315789473684	20	0.3684210526315789	7	8.842105263157896	168	3.263157894736842	-0.5263157894736842	-1.0	-0.35	0.3802281368821293	0.29411764705882354	0.3802281368821293	0.3605514316012725	0.2788971367974549	0.3605514316012725	0.05457392082308221	0.009999999999999787	0.029999999999999805	0.10000000000000009	-0.0196767052808568	-0.0196767052808568	-0.015220510261368614	0.7735294117647059	0.7735294117647059	1.0	0.04054054054054035	1.925	0.025641025641025772				0	Unknown	Unknown	Normal	3.5099999999999993	0.0755759447300874	6.0	-0.2	1.8199999999999998	0.07052242533213465	3.0	-1.4	0.11830548680178918	0.14441893654744964	0.289377353455105	0.4478982231956562	0.6620679817003929	0.1979219379662576	0.2881343781279676	0.3800422810239369	0.133901402881838	0.5363447288268663	2.0	0.3333333333333333	1.6666666666666667	0.10751588481663577	-0.6052099384063071	0.7127258232229429	4.0	-2.0	0.3333333333333333	0.1111111111111111	0.16666666666666666	0.4444444444444444	-0.22222222222222227	-0.7222222222222223	6.0	4.0	2.0	2.0	1.0
2024-09-11	15:30	Groningen	Sparta Rotterdam	1	0	H	1	0	H	8	11	5	3	9	11	4	5	1	2	0	0	2.63	3.3	2.7	2.6	3.4	2.65				2.64	3.4	2.66	2.6	3.4	2.6				2.69	3.48	2.71	2.62	3.36	2.65	1.85	2.0	1.85	2.0	1.93	2.04	1.85	1.94	0.0	1.92	1.98	1.93	1.94	1.94	2.0	1.9	1.94	2.45	3.2	3.0	2.5	3.2	2.85				2.52	3.31	2.99	2.45	3.3	2.8				2.58	3.32	3.05	2.48	3.23	2.92	2.05	1.75	2.09	1.81	2.24	1.81	2.08	1.75	-0.25	2.09	1.81	2.15	1.77	2.19	1.81	2.11	1.75	eredivisie	2.63	3.3	2.63	2.6	3.48	2.61	2.74	3.45	2.76	1.87	1.98	1.95	1.97	2.4	3.1	2.8	2.58	3.27	2.97	2.62	3.35	3.05	2.2	1.82	2.24	1.78																															1	0	0	Groningen	1	0	0	3	0	5.0	6.0	0	0	0	2024	4	3	3.0	8.0	groningen	1.4761904761904763	31	0.9047619047619048	19	14.19047619047619	298	5.333333333333333	0.38095238095238093	0.14285714285714285	0.4375	1.2758620689655173	37	0.4482758620689655	13	11.379310344827585	330	4.137931034482759	-0.2413793103448276	-0.1724137931034483	-0.2	0.3802281368821293	0.30303030303030304	0.37037037037037035	0.3608748481166464	0.28760631834750905	0.3515188335358444	0.05362881028280286	0.029999999999999805	0.10000000000000009	-0.10000000000000009	-0.019353288765482923	-0.01885153683452595	-0.01542398468279399	0.796969696969697	0.8181818181818182	0.974074074074074	0.04054054054054035	1.925	0.025883838383838453				0	Unknown	Unknown	Normal	3.6100000000000003	0.11653178139054303	5.0	0.2	2.55	0.22554325507977216	4.0	0.4	0.08967369900874007	0.12364528853666516	0.2929298562784914	0.4937511561761034	1.0054658723082284	0.15107110541336488	0.21291282070887432	0.34888832953302185	0.287127744344739	0.5733064539093425	1.3333333333333333	0.6	0.7333333333333333	-0.2826131829465855	0.0	-0.2826131829465855	3.0	-1.0	0.125	0.2	0.25	0.1	-0.775	-0.55	5.0	6.0	-1.0	1.0	2.0
2024-09-11	19:00	NAC Breda	PSV Eindhoven	0	3	A	0	2	A	11	20	3	10	13	9	5	9	2	2	0	0	8.5	7.0	1.27	10.0	6.25	1.26				9.79	6.28	1.25	11.0	6.0	1.22				11.0	7.0	1.28	9.92	6.27	1.26	1.44	2.7	1.43	2.83	1.47	2.92	1.42	2.77	1.75	1.95	1.95	1.93	1.92	2.0	1.98	1.9	1.9	7.0	5.75	1.36	8.0	5.25	1.35				8.92	5.5	1.35	8.0	5.5	1.33				8.92	5.86	1.39	8.03	5.32	1.35	1.57	2.35	1.62	2.43	1.68	2.47	1.59	2.34	1.5	1.85	2.05	1.86	2.05	1.89	2.1	1.82	2.03	eredivisie	10.5	6.5	1.22	9.9	6.1	1.27	11.5	7.4	1.26	1.47	2.86	1.94	1.93	8.5	4.75	1.29	7.39	5.86	1.38	10.0	5.6	1.38	1.64	2.52	1.89	2.07																															0	1	0	PSV Eindhoven	0	1	0	0	3	3.0	10.0	0	0	0	2024	3	10	124.0	39.0	nac_breda	1.0833333333333333	13	0.4166666666666667	5	14.0	168	4.333333333333333	-0.5833333333333334	-0.5	-0.5	2.5806451612903225	80	1.0	31	17.806451612903224	552	6.870967741935484	0.5161290322580645	1.5161290322580645	0.32666666666666666	0.11764705882352941	0.14285714285714285	0.7874015748031495	0.11226873776599104	0.13632632443013198	0.751404937803877	0.04790577648382177	-2.5	0.050000000000000044	1.0	-0.005378321057538368	-0.03599663699927258	-0.006530818427010865	1.2142857142857142	0.18142857142857144	6.692913385826771	0.06481481481481488	2.0700000000000003	0.025641025641025772				0	Unknown	Unknown	Normal	3.8999999999999995	0.055248618784530384	1.0	1.0	4.01	0.1488794718165169	4.0	1.0	0.020241911445804398	0.07894345463863713	0.3540613940542876	0.5467532398612709	1.2873221722168433	0.02869129404542405	0.09209269592986437	0.33823556706754515	0.5409804429571664	0.9992181466541264	1.5	1.6666666666666667	-0.16666666666666674	-0.4776777168281961	2.118234784422075	-2.5959125012502713	1.0	5.0	1.0	0.6	0.0	0.0	0.0	-0.4	3.0	10.0	-7.0	1.0	3.0
2024-09-11	20:00	Waalwijk	Nijmegen	0	3	A	0	0	D	10	20	3	8	6	12	4	10	2	1	1	0	4.2	3.6	1.85	4.0	3.8	1.83				4.16	3.76	1.83	3.9	3.8	1.8				4.3	3.88	1.88	4.07	3.71	1.83	1.7	2.1	1.75	2.13	1.78	2.2	1.72	2.1	0.5	2.03	1.87	2.03	1.85	2.06	1.89	2.0	1.84	3.9	3.6	1.95	3.8	3.6	1.95				4.01	3.61	1.97	3.75	3.6	1.91				4.1	3.7	1.98	3.87	3.6	1.94	1.83	2.03	1.85	2.04	1.91	2.12	1.81	2.0	0.5	1.91	1.99	1.93	1.98	1.95	2.02	1.9	1.94	eredivisie	4.2	3.6	1.8	4.01	3.88	1.84	4.3	3.8	1.93	1.74	2.16	2.02	1.93	3.9	3.6	1.9	3.96	3.66	1.98	4.2	3.8	1.99	1.9	2.1	2.0	1.99																															0	1	0	Nijmegen	0	0	1	0	3	10.0	6.0	1	0	0	2024	10	10	8.0	9.0	waalwijk	1.76	44	0.84	21	13.2	330	4.56	0.28	0.44	0.19642857142857142	1.3	39	0.36666666666666664	11	12.333333333333334	370	4.666666666666667	-0.16666666666666666	0.13333333333333333	-0.04761904761904761	0.23809523809523808	0.2777777777777778	0.5405405405405405	0.2253807106598985	0.2629441624365483	0.5116751269035533	0.056413556413556165	0.30000000000000027	0.050000000000000044	-0.19999999999999973	-0.012714527435339573	-0.028865413636987136	-0.014833615341229511	1.1666666666666667	0.513888888888889	2.27027027027027	0.06442577030812324	1.9	0.02737019572719368				0	Unknown	Unknown	Normal	2.7	0.14319582740635373	7.0	1.0	3.2300000000000004	0.1054876866395191	3.0	-0.4	0.07622131857572267	0.18899662273777648	0.4476953756345723	0.2870866830519286	1.1241353665326592	0.060378774927223454	0.14863315679344993	0.39235894983920316	0.3986291184401234	0.723034711141266	1.6666666666666667	1.25	0.41666666666666674	0.8877740203430783	2.118234784422075	-1.2304607640789968	5.0	1.0	0.4	0.2	0.4	0.4	-0.19999999999999996	-0.39999999999999997	10.0	6.0	4.0	3.0	2.0
2024-10-02	20:00	Heracles	Vitesse	3	2	H	1	2	A	20	12	8	4	6	6	8	6	1	2	0	1	2.05	3.6	3.5	2.15	3.6	3.2				2.1	3.65	3.6	2.05	3.4	3.2	2.05	3.5	3.5	2.15	3.65	3.6	2.09	3.54	3.41	1.75	2.05	1.8	2.09	1.83	2.15	1.77	2.04	-0.25	1.75	2.05	1.81	2.1	1.85	2.12	1.79	2.03	2.15	3.6	3.3	2.25	3.5	3.1				2.23	3.6	3.32	2.1	3.5	3.0	2.15	3.5	3.2	2.28	3.65	3.35	2.19	3.52	3.21	1.85	2.0	1.86	2.03	1.99	2.06	1.84	1.97	-0.25	1.89	2.01	1.93	1.98	1.94	2.02	1.88	1.94	eredivisie																																																									1	0	0	Heracles	0	1	0	3	0	8.0	3.0	0	0	0	2024	8	0	82.0	29.0	heracles	2.1052631578947367	40	0.7894736842105263	15	14.842105263157896	282	5.368421052631579	-0.3157894736842105	0.21052631578947367	-0.1987179487179487	1.1666666666666667	21	0.5	9	13.777777777777779	248	4.944444444444445	-0.3888888888888889	-0.8333333333333334	-0.5	0.48780487804878053	0.2777777777777778	0.2857142857142857	0.46400294605045106	0.2642238998342846	0.27177315411526415	0.05129694154084419	0.0	0.2999999999999998	0.20000000000000018	-0.023801931998329473	-0.01394113159902155	-0.013553877943493164	0.5694444444444444	0.9722222222222222	0.5857142857142856	0.059233449477351874	1.9	0.059233449477351874				0	Unknown	Unknown	Normal	3.6100000000000003	0.13476418768700596	7.0	0.4	3.1100000000000003	0.06298357731154182	3.0	-1.2	0.04223101722995107	0.11782233105943216	0.3684865662114771	0.47146008549913965	0.7300926606410268	0.07710807757055943	0.1630443436286923	0.3796548896920712	0.38019268910867704	0.766518780640997	1.3333333333333333	0.0	1.3333333333333333	0.497644952579857	-0.9078149076094607	1.4054598601893178	2.0	-3.0	0.2222222222222222	0.0	0.3333333333333333	0.2	-0.5777777777777778	-0.6666666666666667	8.0	3.0	5.0	2.0	1.0
2024-10-02	19:00	Almere City	AZ Alkmaar	0	0	D	0	0	D	11	10	1	3	19	11	5	6	2	1	0	0	4.75	4.0	1.7	4.8	3.9	1.68				4.8	4.01	1.75	5.0	3.8	1.57	4.8	3.8	1.7	5.0	4.09	1.75	4.76	3.9	1.69	1.75	2.05	1.81	2.07	1.85	2.1	1.78	2.03	0.75	1.97	1.93	1.96	1.94	1.98	1.96	1.94	1.87	5.25	3.75	1.7	5.25	3.6	1.7				5.48	3.78	1.71	4.75	3.75	1.62	5.25	3.6	1.67	5.48	3.8	1.77	5.08	3.67	1.72	2.15	1.67	2.21	1.72	2.28	1.9	2.16	1.69	0.75	1.97	1.93	1.98	1.93	1.99	1.99	1.91	1.91	eredivisie																																																									0	0	1		0	0	1	1	1	5.0	1.0	0	0	0	2024	5	1	29.0	114.0	almere_city	0.8666666666666667	13	0.3333333333333333	5	13.533333333333333	203	3.533333333333333	-0.4	-0.8666666666666667	-0.6666666666666666	1.3103448275862069	38	0.7931034482758621	23	12.862068965517242	373	5.206896551724138	0.3793103448275862	0.10344827586206896	0.4230769230769231	0.21052631578947367	0.25	0.5882352941176471	0.2007380073800738	0.23837638376383766	0.5608856088560886	0.04876160990712064	-0.25	0.1299999999999999	0.20000000000000018	-0.00978830840939987	-0.027349685261558454	-0.011623616236162343	1.1875	0.425	2.794117647058824	0.059233449477351874	1.9	0.02574892822387631				0	Unknown	Unknown	Normal	2.5100000000000002	0.09129925160459511	2.0	-0.4	2.78	0.07700305726664654	1.0	-2.2	0.12901099150511336	0.22640525349229274	0.38735006967726954	0.2572336853253243	0.9202469387973429	0.06804414861531302	0.17615823705590383	0.4498088950308519	0.30598871929793126	0.724194484787102	0.8333333333333334	0.16666666666666666	0.6666666666666667	-0.08754864906497486	-0.6052099384063071	0.5176612893413323	-2.0	-11.0	0.125	0.1	0.125	0.4	-0.475	-0.775	5.0	1.0	4.0	1.0	0.0
2024-10-02	17:45	Excelsior	Twente	0	3	A	0	3	A	12	14	3	3	5	10	1	4	1	1	0	0	5.5	4.33	1.55	5.75	4.33	1.55				6.08	4.18	1.6	5.5	4.2	1.5	6.0	4.2	1.53	6.5	4.5	1.6	5.86	4.21	1.54	1.7	2.1	1.75	2.17	1.76	2.25	1.7	2.14	1.0	1.92	1.98	1.92	1.99	2.04	2.0	1.91	1.92	5.0	4.2	1.62	4.8	4.0	1.66				5.52	4.1	1.65	5.0	4.0	1.55	4.8	4.0	1.67	5.52	4.31	1.69	5.07	4.05	1.64	1.67	2.15	1.7	2.24	1.77	2.25	1.68	2.16	1.0	1.75	2.05	1.81	2.1	1.83	2.17	1.76	2.09	eredivisie																																																									0	1	0	Twente	0	1	0	0	3	3.0	4.0	0	0	1	2024	0	7	119.0	112.0	excelsior	1.0	23	0.34782608695652173	8	13.478260869565217	310	4.521739130434782	-0.21739130434782608	-0.391304347826087	-0.018518518518518528	1.6774193548387097	52	0.8387096774193549	26	13.387096774193548	415	4.354838709677419	0.25806451612903225	0.4838709677419355	0.15789473684210525	0.18181818181818182	0.23094688221709006	0.6451612903225806	0.17186279656351228	0.2183014736949925	0.6098357297414951	0.05792635435785254	0.0	0.050000000000000044	0.1299999999999999	-0.009955385254669546	-0.03532556058108549	-0.012645408522097557	1.2702078521939955	0.3579676674364896	3.5483870967741935	0.06442577030812324	1.9	0.025883838383838453				0	Unknown	Unknown	Normal	1.89	0.025880303595869104	1.0	-1.8	2.94	0.11912980089962458	3.0	-1.2	0.3009605726920865	0.18193361381309564	0.332455078844554	0.18465073465026388	0.6630982438142906	0.06941339903609163	0.16816575606006023	0.42063302578167905	0.34178781912216905	1.1044660136802853	0.0	0.875	-0.875	-1.062871318473028	1.2104198768126142	-2.2732911952856423	-5.0	-6.0	0.3	0.4	0.5	0.0	-0.7	-0.09999999999999998	3.0	4.0	-1.0	1.0	1.0
2024-10-03	19:00	Feyenoord	Heracles	3	0	H	2	0	H	20	3	5	2	5	5	9	5	0	0	0	0	1.08	12.0	23.0	1.08	12.0	29.0				1.08	15.09	25.91	1.06	11.0	26.0	1.06	10.0	21.0	1.09	15.09	34.0	1.07	12.15	25.88	1.25	4.0	1.22	4.39	1.25	4.39	1.23	3.95	-2.75	1.89	2.01	1.86	2.01	1.92	2.05	1.84	1.98	1.09	11.0	21.0	1.09	12.5	26.0				1.08	14.88	26.28	1.06	11.0	26.0	1.06	12.0	29.0	1.1	15.0	31.0	1.07	12.31	25.59	1.22	4.2	1.23	4.28	1.28	4.28	1.24	4.0	-2.75	1.91	1.99	1.88	1.99	1.96	2.04	1.88	1.95	eredivisie																																																									1	0	0	Feyenoord	1	0	0	3	0	15.0	3.0	0	0	0	2024	12	3	91.0	53.0	feyenoord	2.5185185185185186	68	1.1851851851851851	32	20.703703703703702	559	7.148148148148148	0.9629629629629629	1.7037037037037037	0.5873015873015873	0.6	15	0.32	8	8.88	222	2.64	-0.52	-1.72	-0.6	0.9259259259259258	0.08333333333333333	0.043478260869565216	0.8795411089866157	0.07915869980879542	0.041300191204588915	0.05273752012882427	0.020000000000000018	-3.0	1.0	-0.04638481693931007	-0.002178069664976301	-0.00417463352453791	0.09000000000000001	1.9166666666666667	0.04695652173913044	0.050000000000000044	2.625	0.026612966911474523				0	Unknown	Unknown	Normal	4.89	0.17954147798942188	13.0	2.8	1.55	0.1057207442183968	3.0	-1.2	0.06744721708806975	0.13263491886496612	0.2683930594531486	0.5315248045938155	0.8436714346645087	0.22732367188188735	0.32244701497799894	0.3695301474312097	0.08069916570890404	0.3178240554489921	2.4	0.42857142857142855	1.9714285714285713	1.2779030881062996	0.0	1.2779030881062996	13.0	-9.0	0.4	0.0	0.0	0.5	-0.09999999999999998	-1.0	15.0	3.0	12.0	5.0	1.0
2024-10-03	15:45	Nijmegen	Heerenveen	2	0	H	0	0	D	12	12	5	0	12	8	8	6	0	0	0	0	2.0	3.75	3.4	2.1	3.6	3.25				2.1	3.66	3.59	1.95	3.8	3.4	2.0	3.5	3.3	2.11	3.9	3.59	2.05	3.67	3.39	1.7	2.1	1.74	2.18	1.74	2.22	1.7	2.14	-0.5	2.07	1.83	2.1	1.83	2.11	1.86	2.05	1.81	2.05	3.6	3.3	2.1	3.6	3.25				2.14	3.7	3.43	2.0	3.7	3.3	2.1	3.6	3.25	2.16	3.75	3.47	2.09	3.64	3.33	1.7	2.1	1.73	2.2	1.77	2.22	1.71	2.13	-0.25	1.86	2.04	1.86	2.05	1.89	2.07	1.82	2.02	eredivisie																																																									1	0	0	Nijmegen	0	0	1	3	0	8.0	8.0	0	1	2	2024	6	5	206.0	52.0	nijmegen	1.896551724137931	55	0.4827586206896552	14	14.758620689655173	428	5.620689655172414	-0.1724137931034483	0.3793103448275862	-0.2427536231884058	1.1666666666666667	35	0.4666666666666667	14	11.866666666666667	356	3.8666666666666667	-0.26666666666666666	-0.7666666666666667	0.13333333333333333	0.5	0.26666666666666666	0.29411764705882354	0.47134935304990755	0.2513863216266174	0.27726432532347506	0.0607843137254902	0.050000000000000044	0.0	-0.04999999999999982	-0.02865064695009245	-0.01685332173534848	-0.01528034504004927	0.5333333333333333	0.9066666666666666	0.5882352941176471	0.06442577030812324	1.9	0.029539874871307603				0	Unknown	Unknown	Normal	4.42	0.15360959774766786	10.0	1.4	3.15	0.12281168529337386	6.0	0.0	0.02084869441795865	0.07433377414040326	0.30590877819085305	0.5989087532507851	0.9675749674353373	0.06086384975965921	0.1499419528528796	0.40293000816893426	0.38626418921852695	1.1382860202718612	1.5	1.0	0.5	0.10751588481663577	0.6052099384063071	-0.49769405358967134	7.0	-2.0	0.2	0.1	0.1	0.3	-0.49999999999999994	-0.8	8.0	8.0	0.0	2.0	2.0
2024-10-03	13:30	Ajax	For Sittard	2	2	D	1	0	H	18	9	8	4	8	12	10	2	1	0	0	0	1.44	4.75	6.5	1.46	4.8	6.25				1.47	4.89	6.74	1.44	4.75	6.5	1.4	4.5	6.5	1.49	4.9	6.9	1.45	4.71	6.41	1.57	2.35	1.61	2.42	1.62	2.45	1.57	2.38	-1.25	2.01	1.89	2.0	1.91	2.07	1.91	1.97	1.84	1.5	4.2	6.5	1.51	4.2	6.5				1.52	4.42	6.73	1.5	4.2	6.0	1.5	4.2	6.5	1.57	4.42	6.73	1.52	4.25	6.25	1.88	1.98	1.86	2.03	2.02	2.12	1.84	1.97	-1.0	1.89	2.01	1.88	2.03	1.95	2.07	1.89	1.95	eredivisie																																																									0	0	1		1	0	0	1	1	9.0	4.0	1	0	1	2024	12	1	115.0	22.0	ajax	2.0606060606060606	68	1.0606060606060606	35	17.636363636363637	582	5.909090909090909	0.696969696969697	1.0606060606060606	0.3492063492063492	1.0526315789473684	20	0.3684210526315789	7	8.842105263157896	168	3.263157894736842	-0.5263157894736842	-1.0	-0.35	0.6944444444444444	0.21052631578947367	0.15384615384615385	0.6558682952734998	0.19883165161975572	0.14530005310674457	0.058816914080071836	0.0	0.0	0.0	-0.03857614917094465	-0.008546100739409285	-0.011694664169717955	0.30315789473684207	1.368421052631579	0.22153846153846152	0.06247459005285272	1.96	0.026612966911474523				0	Unknown	Unknown	Normal	3.59	0.11873671332782598	6.0	0.8	2.15	0.08470682249525521	3.0	-1.4	0.04784251474378702	0.12263562757703524	0.35809094662603386	0.47143091105314394	0.9079593181161201	0.16186633130997966	0.24819217000967392	0.391901898885674	0.19803959979467237	0.6516767162500725	1.7142857142857142	0.25	1.4642857142857142	1.2779030881062996	-0.6052099384063071	1.8831130265126066	5.0	-4.0	0.2	0.1	0.0	0.4	-0.39999999999999997	-0.9	9.0	4.0	5.0	2.0	1.0
2024-10-03	13:30	Zwolle	Volendam	1	1	D	0	0	D	23	10	10	4	11	2	8	3	0	1	0	0	1.57	4.75	5.0	1.55	4.5	5.25				1.6	4.5	5.43	1.53	4.4	5.5	1.53	4.1	5.25	1.6	4.75	5.6	1.56	4.43	5.3	1.57	2.35	1.64	2.37	1.64	2.45	1.58	2.37	-1.0	1.99	1.91	2.0	1.91	2.02	1.95	1.94	1.9	1.44	5.25	6.0	1.44	4.75	6.5				1.43	5.14	7.15	1.4	4.75	7.0	1.4	4.8	7.5	1.49	5.34	7.5	1.43	4.91	6.63	1.5	2.5	1.55	2.58	1.58	2.61	1.53	2.49	-1.25	1.92	1.98	1.92	1.99	2.01	2.0	1.91	1.91	eredivisie																																																									0	0	1		0	0	1	1	1	9.0	3.0	0	0	0	2024	9	0	22.0	184.0	zwolle	1.2105263157894737	23	0.5263157894736842	10	13.263157894736842	252	4.526315789473684	0.05263157894736842	-0.05263157894736842	0.2166666666666667	0.9583333333333334	23	0.5	12	9.166666666666666	220	3.4166666666666665	-0.875	-1.375	-0.7	0.6369426751592356	0.21052631578947367	0.2	0.6080778339627472	0.20098572617295013	0.19093643986430264	0.04746899094870938	0.040000000000000036	-0.5	0.34999999999999964	-0.028864841196488467	-0.009063560135697368	-0.009540589616523543	0.3305263157894737	1.0526315789473684	0.314	0.06247459005285272	1.96	0.026072772238153963				0	Unknown	Unknown	Normal	3.9199999999999995	0.11812913621944912	8.0	0.6	2.01	0.1883214824391295	3.0	-0.8	0.03599418877862983	0.10761758870641949	0.3483359191386327	0.5080523033763179	0.7737991175365659	0.15146868718738263	0.26990092924692516	0.4227234336900345	0.15590694987565773	0.41491471863572577	2.25	0.0	2.25	0.6927094864614677	-0.9078149076094607	1.6005243940709284	6.0	-2.0	0.2857142857142857	0.2	0.14285714285714285	0.3	-0.41428571428571426	-0.6571428571428573	9.0	3.0	6.0	3.0	1.0
2024-10-03	11:15	AZ Alkmaar	Excelsior	4	0	H	3	0	H	16	4	10	0	5	9	3	0	0	1	0	0	1.29	6.0	9.5	1.29	5.75	9.5				1.27	6.41	10.85	1.25	5.8	10.0	1.33	4.8	8.0	1.29	6.5	11.0	1.27	5.97	10.23	1.53	2.4	1.54	2.56	1.57	2.57	1.53	2.48	-1.75	2.01	1.89	1.98	1.9	2.07	1.91	1.98	1.85	1.22	7.0	13.0	1.22	6.5	12.5				1.2	7.5	13.72	1.22	6.5	11.0	1.3	5.0	10.5	1.3	7.5	14.5	1.21	6.71	12.71	1.4	2.88	1.43	2.9	1.75	2.93	1.45	2.75	-1.75	1.7	2.1	1.75	2.17	2.13	2.2	1.78	2.07	eredivisie																																																									1	0	0	AZ Alkmaar	1	0	0	3	0	12.0	1.0	1	0	1	2024	9	0	52.0	121.0	az_alkmaar	1.8666666666666667	56	0.9666666666666667	29	17.266666666666666	518	6.3	0.4666666666666667	0.9333333333333333	0.3083333333333333	1.2272727272727273	27	0.6818181818181818	15	9.545454545454545	210	4.090909090909091	-0.5454545454545454	-1.4545454545454546	-0.5625	0.7751937984496123	0.16666666666666666	0.10526315789473684	0.7403078121955972	0.1591661796220534	0.10052600818234952	0.04712362301101569	0.040000000000000036	-0.5	0.20000000000000018	-0.03488598625401518	-0.004737149712387312	-0.007500487044613258	0.215	1.5833333333333333	0.13578947368421054	0.0702614379084967	1.9649999999999999	0.026612966911474523				0	Unknown	Unknown	Normal	2.7199999999999998	0.10241404058994771	4.0	0.6	2.2800000000000002	0.16087193983807174	4.0	-1.4	0.07561084871455553	0.18664013318350023	0.44543293597902023	0.2923160821229239	1.4169614280833807	0.12835373893240173	0.23517878001455012	0.42503752221882773	0.21142995883422042	0.7385389732638564	1.8	0.0	1.8	0.6927094864614677	-0.9078149076094607	1.6005243940709284	2.0	-5.0	0.3	0.1	0.2	0.4	-0.3	-0.7000000000000001	12.0	1.0	11.0	4.0	0.0
2024-10-08	19:00	Almere City	AZ Alkmaar	0	1	A	0	1	A	7	6	2	3	13	9	2	8	1	2	2	1	5.75	4.0	1.6	5.0	4.2	1.61				5.42	4.18	1.58	5.0	4.2	1.57				5.75	4.4	1.63	5.37	4.18	1.58	1.7	2.1	1.71	2.16	1.75	2.22	1.69	2.13	1.0	1.85	2.05	1.85	2.02	1.87	2.07	1.83	2.0	5.25	3.7	1.7	4.6	3.9	1.71				4.99	3.84	1.74	4.6	3.8	1.7				5.54	4.0	1.93	4.84	3.8	1.72	1.85	2.0	1.88	2.0	1.99	2.07	1.83	1.97	0.75	1.93	1.97	1.94	1.96	2.0	1.97	1.92	1.9	eredivisie	5.5	4.0	1.55	5.15	4.25	1.61	6.0	4.4	1.63	1.74	2.22	1.88	2.04	4.75	3.5	1.67	5.54	3.76	1.71	5.4	3.85	1.78	1.91	2.08	1.97	2.0																															0	1	0	AZ Alkmaar	0	1	0	0	3	3.0	1.0	0	0	1	2024	6	2	6.0	6.0	almere_city	0.8666666666666667	13	0.3333333333333333	5	13.533333333333333	203	3.533333333333333	-0.4	-0.8666666666666667	-0.6666666666666666	1.3103448275862069	38	0.7931034482758621	23	12.862068965517242	373	5.206896551724138	0.3793103448275862	0.10344827586206896	0.4230769230769231	0.17391304347826086	0.25	0.625	0.16580310880829016	0.2383419689119171	0.5958549222797929	0.048913043478260754	0.75	0.030000000000000027	-0.20000000000000018	-0.008109934669970703	-0.029145077720207135	-0.011658031088082887	1.4375	0.4	3.59375	0.06442577030812324	1.9	0.028345418589321048				0	Unknown	Unknown	Normal	2.4400000000000004	0.055263215568559086	2.0	-0.6	2.6100000000000003	0.06375802415406376	1.0	-2.2	0.14286527147955558	0.2349230372797229	0.37481475724625185	0.24739693399446966	0.9038365273315041	0.08278648532159241	0.19702607989418736	0.44987207594006035	0.2703153588441599	0.8966501072424148	0.8571428571428571	0.2857142857142857	0.5714285714285714	0.10751588481663577	-0.30260496920315355	0.4101208540197893	-2.0	-11.0	0.2222222222222222	0.2	0.2222222222222222	0.5	-0.2777777777777778	-0.5777777777777777	3.0	1.0	2.0	0.0	0.0
2024-10-08	17:45	Nijmegen	Twente	1	2	A	1	1	D	12	15	2	5	5	6	7	5	0	0	0	0	3.75	3.6	1.95	3.5	3.75	1.98				3.7	3.74	1.94	3.6	3.7	1.91				3.8	3.84	2.02	3.63	3.66	1.97	1.67	2.15	1.68	2.21	1.76	2.27	1.68	2.15	0.5	1.89	2.01	1.91	1.96	1.91	2.05	1.87	1.97	3.1	3.4	2.3	3.2	3.6	2.15				3.13	3.61	2.29	3.1	3.5	2.15				3.4	3.7	2.34	3.16	3.52	2.2	1.7	2.1	1.73	2.2	1.73	2.26	1.69	2.16	0.25	1.9	2.0	1.91	2.0	2.0	2.0	1.91	1.91	eredivisie	3.6	3.7	1.95	3.73	3.56	1.99	3.8	3.95	2.02	1.73	2.24	1.93	2.02	3.0	3.4	2.1	3.16	3.47	2.34	3.35	3.75	2.28	1.75	2.3	2.0	1.97																															0	1	0	Twente	0	0	1	0	3	10.0	4.0	0	1	1	2024	9	10	5.0	6.0	nijmegen	1.896551724137931	55	0.4827586206896552	14	14.758620689655173	428	5.620689655172414	-0.1724137931034483	0.3793103448275862	-0.2427536231884058	1.6774193548387097	52	0.8387096774193549	26	13.387096774193548	415	4.354838709677419	0.25806451612903225	0.4838709677419355	0.15789473684210525	0.26666666666666666	0.2777777777777778	0.5128205128205129	0.2522231204527081	0.26273241713823764	0.48504446240905413	0.057264957264957506	0.1499999999999999	0.040000000000000036	-0.10000000000000009	-0.014443546213958547	-0.027776050411458753	-0.01504536063954015	1.0416666666666667	0.5416666666666666	1.9230769230769231	0.06391867427934828	1.91	0.026612966911474523				0	Unknown	Unknown	Normal	4.27	0.18666744898733728	11.0	1.8	2.63	0.1512117882005046	5.0	-0.8	0.026371930313577253	0.08691879106192721	0.32065635862777453	0.5660529199967209	1.1285174342401807	0.0830089885582189	0.19579710233376443	0.4463538415519205	0.2748400675560962	1.0398249617691468	1.8	1.1111111111111112	0.6888888888888889	0.6927094864614677	2.118234784422075	-1.4255252979606072	9.0	-3.0	0.3	0.4	0.1	0.0	-0.7	-0.5	10.0	4.0	6.0	3.0	1.0
2024-10-08	15:30	Feyenoord	Willem II	1	1	D	1	0	H	21	2	7	1	8	21	14	3	1	4	0	0	1.13	8.0	21.0	1.14	9.25	17.5				1.11	10.39	16.88	1.1	8.5	21.0				1.14	11.0	22.0	1.12	9.35	18.53	1.36	3.1	1.36	3.12	1.41	3.17	1.37	2.98	-2.25	1.88	2.02	1.87	1.99	1.95	2.02	1.88	1.94	1.13	8.5	21.0	1.12	9.75	20.0				1.12	10.52	20.34	1.08	9.5	23.0				1.14	12.0	23.0	1.11	9.61	20.51	1.33	3.4	1.34	3.38	1.36	3.41	1.33	3.25	-2.5	2.03	1.87	2.03	1.86	2.08	1.94	1.98	1.85	eredivisie	1.1	10.5	19.0	1.13	8.6	20.0	1.14	11.0	28.0	1.41	3.15	1.87	2.0	1.08	10.5	21.0	1.14	9.25	23.0	1.14	11.0	24.0	1.38	3.5	2.1	1.86																															0	0	1		1	0	0	1	1	15.0	3.0	0	0	0	2024	15	3	5.0	181.0	feyenoord	2.5185185185185186	68	1.1851851851851851	32	20.703703703703702	559	7.148148148148148	0.9629629629629629	1.7037037037037037	0.5873015873015873	1.125	9	0.625	5	7.875	63	2.5	-0.125	-1.0	-0.75	0.8849557522123894	0.125	0.047619047619047616	0.8367784031478807	0.11819494944463814	0.04502664740748119	0.057574799831437096	0.029999999999999805	0.0	-0.5	-0.04817734906450877	-0.0025924002115664257	-0.006805050555361861	0.14125	2.625	0.05380952380952381	0.057874762808349134	2.23	0.026964398567516312				0	Unknown	Unknown	Normal	5.09	0.1895902440600588	11.0	3.2	0.75	0.24390243902439027	1.0	1.0	0.059365194017930056	0.1151129045932838	0.25014257421199665	0.5753793271767895	0.8000858925703316	0.4723665527410147	0.3542749145557611	0.16606636619801302	0.0072921665052112505	0.0937938135826433	2.5	1.5	1.0	1.8630966897511312	0.0	1.8630966897511312	16.0	1.0	0.4	1.0	0.0	0.0	-0.6	0.0	15.0	3.0	12.0	5.0	1.0
2024-10-08	20:00	PSV Eindhoven	Waalwijk	5	1	H	3	0	H	19	8	12	4	4	8	7	3	0	0	0	0	1.09	11.0	21.0	1.11	11.0	19.5				1.09	11.96	20.83	1.08	9.5	23.0				1.12	13.0	27.0	1.09	10.89	21.72	1.29	3.6	1.26	3.91	1.31	3.95	1.26	3.68	-2.5	1.82	2.08	1.85	2.01	1.9	2.08	1.83	1.99	1.07	13.0	21.0	1.08	13.0	26.0				1.08	14.11	26.3	1.05	12.0	26.0				1.12	16.0	31.0	1.07	13.04	24.9	1.14	5.5	1.12	6.51	1.18	6.51	1.15	5.36	-3.0	1.91	1.99	1.87	2.0	1.97	2.0	1.89	1.94	eredivisie	1.07	12.0	26.0	1.1	10.5	23.0	1.12	12.5	24.0	1.29	3.9	1.82	1.94	1.05	12.0	26.0	1.08	15.7	25.0	1.1	14.5	38.0	1.17	6.2	1.95	2.02																															1	0	0	PSV Eindhoven	1	0	0	3	0	13.0	3.0	1	0	0	2024	16	3	118.0	96.0	psv_eindhoven	3.2962962962962963	89	1.6296296296296295	44	20.296296296296298	548	8.25925925925926	1.1851851851851851	2.4444444444444446	0.8927536231884057	1.3157894736842106	25	0.2631578947368421	5	12.210526315789474	232	4.7894736842105265	-0.8421052631578947	-1.0	-1.1736111111111112	0.9174311926605504	0.09090909090909091	0.047619047619047616	0.868812998345118	0.08609146983601625	0.04509553181886565	0.05595933118868901	0.010000000000000009	-2.0	1.5	-0.04861819431543235	-0.0025235158001819663	-0.0048176210730746655	0.0990909090909091	1.9090909090909092	0.05190476190476191	0.05297157622739013	2.4450000000000003	0.030219780219780112				0	Unknown	Unknown	Normal	4.65	0.20738553971185958	13.0	2.4	3.5700000000000003	0.2078783452320901	9.0	-0.2	0.012435604659702056	0.052182288169188185	0.27190136588575387	0.6634807412853558	0.9022153125489678	0.08942646937640605	0.1317721074400256	0.30252011732587086	0.47628130585769746	0.3174942830734785	2.2857142857142856	0.5	1.7857142857142856	2.058161223632742	0.0	2.058161223632742	15.0	-1.0	0.4	0.1	0.0	0.4	-0.19999999999999996	-0.9	13.0	3.0	10.0	4.0	1.0
2024-10-11	13:30	Twente	Ajax	2	2	D	1	0	H	17	11	7	6	13	5	5	4	1	1	0	0	2.55	3.4	2.7	2.5	3.5	2.65				2.53	3.65	2.62	2.45	3.6	2.6				2.58	3.71	2.75	2.51	3.54	2.65	1.7	2.1	1.69	2.18	1.75	2.25	1.7	2.14	0.0	1.91	1.99	1.89	1.96	1.93	2.02	1.87	1.97	2.8	3.4	2.45	2.8	3.4	2.45				2.88	3.56	2.47	2.8	3.6	2.3				3.0	3.6	2.47	2.85	3.48	2.4	1.7	2.1	1.75	2.16	1.79	2.21	1.73	2.11	0.25	1.73	2.08	1.78	2.14	1.82	2.17	1.77	2.07	eredivisie	2.5	3.4	2.7	2.52	3.64	2.61	2.66	3.7	2.62	1.73	2.2	1.95	1.94	2.7	3.3	2.38	3.0	3.5	2.43	2.94	3.6	2.6	1.8	2.22	1.79	2.22																															0	0	1		1	0	0	1	1	15.0	7.0	0	0	0	2024	12	6	38.0	60.0	twente	2.740740740740741	74	1.2592592592592593	34	21.962962962962962	593	7.7407407407407405	0.8888888888888888	1.8888888888888888	0.5333333333333333	2.0344827586206895	59	0.8620689655172413	25	12.96551724137931	376	5.517241379310345	0.3448275862068966	0.5172413793103449	0.30833333333333335	0.3921568627450981	0.29411764705882354	0.37037037037037035	0.3711340206185567	0.27835051546391754	0.35051546391752575	0.056644880174292034	0.09999999999999964	0.10000000000000009	-0.20000000000000018	-0.021022842126541375	-0.0198549064528446	-0.015767131594906003	0.75	0.7941176470588236	0.9444444444444443	0.06442577030812324	1.9	0.026072772238153963				0	Unknown	Unknown	Normal	5.2	0.12717500636368426	7.0	2.2	3.4800000000000004	0.14243490337619613	5.0	-0.6	0.008540311879646505	0.03698689393903043	0.21403779967581302	0.7404349945055101	0.9118567271919314	0.1742967303985786	0.15601664651465819	0.2415826339491438	0.4281039891376194	0.47706364804225443	2.4	1.2	1.2	1.2779030881062996	0.9078149076094607	0.3700881804968389	7.0	-3.0	0.6	0.1	0.0	0.1	-0.30000000000000004	-0.9	15.0	7.0	8.0	5.0	2.0
2024-10-11	15:45	AZ Alkmaar	Willem II	1	2	A	0	2	A	30	7	3	3	7	10	10	1	0	3	0	0	1.48	4.2	7.0	1.49	4.5	6.25				1.46	4.54	6.61	1.44	4.4	6.5				1.49	4.7	7.0	1.47	4.43	6.56	1.75	2.05	1.76	2.08	1.85	2.14	1.76	2.04	-1.25	2.05	1.75	2.04	1.83	2.16	1.84	2.06	1.77	1.57	3.9	6.25	1.57	4.1	5.75				1.62	4.05	5.83	1.57	4.0	5.5				1.62	4.15	6.61	1.58	3.98	5.8	1.95	1.9	1.97	1.92	1.99	1.93	1.91	1.88	-1.0	2.05	1.85	2.07	1.85	2.08	1.88	2.02	1.83	eredivisie	1.44	4.33	7.0	1.47	4.5	6.67	1.49	4.6	7.4	1.79	2.1			1.57	3.9	6.0	1.59	3.98	6.61	1.64	4.1	6.4	1.98	2.0	2.1	1.88																															0	1	0	Willem II	0	1	0	0	3	12.0	4.0	0	0	0	2024	12	4	8.0	3.0	az_alkmaar	1.8666666666666667	56	0.9666666666666667	29	17.266666666666666	518	6.3	0.4666666666666667	0.9333333333333333	0.3083333333333333	1.125	9	0.625	5	7.875	63	2.5	-0.125	-1.0	-0.75	0.6756756756756757	0.23809523809523808	0.14285714285714285	0.6394640682095006	0.22533495736906212	0.13520097442143728	0.05662805662805659	0.040000000000000036	0.5	-0.20000000000000018	-0.03621160746617502	-0.007656168435705574	-0.012760280726175965	0.35238095238095235	1.6666666666666665	0.21142857142857144	0.059233449477351874	1.9	0.059233449477351874				0	Unknown	Unknown	Normal	3.3299999999999996	0.13230150138571675	8.0	1.2	0.65	0.3600464576074332	2.0	0.5	0.051083217310097816	0.14007750420932646	0.3971788053094961	0.41166047317107957	1.3861886424475356	0.5246581815607507	0.3357986551325144	0.13466418123420193	0.004878982072533011	0.08172183121178317	2.0	1.3333333333333333	0.6666666666666667	1.2779030881062996	0.30260496920315355	0.975298118903146	6.0	1.0	0.4	0.5	0.2	0.0	-0.6	-0.30000000000000004	12.0	4.0	8.0	4.0	1.0
2024-10-11	11:15	Almere City	Feyenoord	1	4	A	1	2	A	8	20	4	11	14	5	0	9	2	0	0	0	11.0	4.75	1.3	10.0	5.75	1.29				9.33	5.68	1.29	10.0	5.8	1.25				11.0	6.0	1.31	9.89	5.54	1.29	1.57	2.35	1.61	2.35	1.64	2.41	1.6	2.32	1.5	2.02	1.88	1.99	1.86	2.05	1.91	1.97	1.85	8.0	4.5	1.42	6.75	4.6	1.44				8.04	4.61	1.43	7.0	4.6	1.4				8.5	4.7	1.45	7.62	4.56	1.42	1.67	2.15	1.75	2.14	1.81	2.21	1.71	2.13	1.25	1.93	1.97	1.88	2.03	1.96	2.07	1.87	1.96	eredivisie	11.0	5.5	1.25	9.9	5.6	1.3	12.0	5.9	1.29	1.63	2.38	1.98	1.84	8.5	4.6	1.36	8.45	4.59	1.44	9.0	5.1	1.43	1.78	2.24	1.92	2.05																															0	1	0	Feyenoord	0	1	0	0	3	2.0	11.0	0	0	0	2024	6	8	3.0	91.0	almere_city	0.8666666666666667	13	0.3333333333333333	5	13.533333333333333	203	3.533333333333333	-0.4	-0.8666666666666667	-0.6666666666666666	2.0	60	1.0333333333333334	31	15.3	459	6.233333333333333	0.3333333333333333	0.8333333333333334	0.14814814814814814	0.09090909090909091	0.21052631578947367	0.7692307692307692	0.08490890340323134	0.1966311447232726	0.718459951873496	0.07066617592933389	1.0	0.050000000000000044	-1.0499999999999998	-0.006000187505859567	-0.05077081735727318	-0.013895171066201084	2.3157894736842106	0.2736842105263158	8.461538461538462	0.06247459005285272	1.96	0.026964398567516312				0	Unknown	Unknown	Normal	2.1799999999999997	0.03999603999604	1.0	-0.8	3.46	0.14236499964522936	4.0	0.6	0.17874356171992695	0.26767921030390784	0.3526168087848383	0.20096041919132696	1.0003077535871654	0.08570879118240557	0.15665950317825494	0.32761612049660727	0.43001558514273225	0.7309510143587232	0.75	1.6	-0.8500000000000001	0.10751588481663577	1.5130248460157678	-1.405508961199132	-3.0	2.0	0.2	0.4	0.3	0.1	-0.7	-0.29999999999999993	2.0	11.0	-9.0	0.0	3.0
2024-10-11	13:30	Heerenveen	Go Ahead Eagles	1	0	H	1	0	H	4	12	1	3	11	11	2	6	2	2	0	0	2.35	3.5	2.88	2.4	3.6	2.7				2.42	3.5	2.84	2.3	3.7	2.75				2.48	3.75	2.88	2.39	3.53	2.79	1.67	2.15	1.68	2.21	1.7	2.28	1.66	2.19	-0.25	2.06	1.84	2.1	1.76	2.16	1.84	2.06	1.76	2.55	3.3	2.75	2.55	3.4	2.7				2.59	3.36	2.86	2.45	3.4	2.7				2.78	3.45	2.86	2.58	3.35	2.72	1.85	2.0	1.88	2.02	1.91	2.1	1.82	1.99	0.0	1.85	2.05	1.85	2.06	1.9	2.08	1.85	2.02	eredivisie	2.4	3.4	2.75	2.39	3.66	2.75	2.36	3.5	2.8	1.67	2.28	2.04	1.79	2.5	3.2	2.63	2.62	3.39	2.83	2.66	3.5	2.9	1.91	2.06	1.91	2.07																															1	0	0	Heerenveen	1	0	0	3	0	8.0	5.0	0	0	0	2024	5	5	99.0	190.0	heerenveen	1.7692307692307692	46	1.0384615384615385	27	15.384615384615385	400	5.5	0.19230769230769232	0.34615384615384615	0.03571428571428571	1.2142857142857142	34	0.5714285714285714	16	11.821428571428571	331	3.7142857142857144	-0.07142857142857142	-0.25	-0.25	0.425531914893617	0.2857142857142857	0.3472222222222222	0.40202608383520116	0.2699317991464922	0.3280421170183065	0.0584684228301251	0.050000000000000266	0.1299999999999999	-0.20000000000000018	-0.02350583105841586	-0.01918010520391572	-0.01578248656779352	0.6714285714285715	0.8228571428571428	0.8159722222222223	0.06391867427934828	1.91	0.02891515407344869				0	Unknown	Unknown	Normal	3.45	0.16761712898229747	6.0	0.6	2.26	0.08860274465095816	3.0	-0.4	0.041353282680305345	0.12439406137610942	0.3950589062281876	0.43919374971539754	0.9896023538105512	0.15940734262017325	0.24186348936404242	0.3801182415877941	0.2186109264279902	0.34910478877929163	1.0	0.8333333333333334	0.16666666666666663	-0.08754864906497486	0.6052099384063071	-0.6927585874712819	1.0	-2.0	0.2	0.4	0.0	0.3	-0.49999999999999994	-0.6	8.0	5.0	3.0	2.0	1.0
2024-11-02	11:15	Go Ahead Eagles	Zwolle	1	1	D	0	0	D	16	15	4	4	9	12	8	4	2	2	0	0	1.75	4.0	4.33	1.73	4.0	4.33				1.75	4.18	4.59	1.7	4.0	4.0	1.67	3.9	4.2	1.76	4.2	4.6	1.73	4.06	4.27	1.6	2.3	1.63	2.38	1.64	2.45	1.59	2.33	-0.75	1.95	1.95	1.94	1.96	2.0	1.97	1.91	1.89	1.73	4.0	4.5	1.75	4.0	4.33				1.76	4.05	4.4	1.67	4.0	4.0	1.73	4.0	4.33	1.79	4.2	4.5	1.73	4.07	4.31	1.57	2.35	1.6	2.44	1.61	2.55	1.56	2.39	-0.75	2.0	1.9	2.02	1.89	2.02	1.96	1.93	1.89	eredivisie																																																									0	0	1		0	0	1	1	1	8.0	6.0	0	0	1	2024	11	6	91.0	82.0	go_ahead_eagles	1.7096774193548387	53	0.7741935483870968	24	15.096774193548388	468	6.193548387096774	-0.0967741935483871	0.12903225806451613	0.15789473684210525	1.25	30	0.4166666666666667	10	9.666666666666666	232	3.7916666666666665	-0.5	-1.1666666666666667	-0.4230769230769231	0.5714285714285714	0.25	0.23094688221709006	0.5429892624813857	0.23755780233560622	0.21945293518300807	0.05237545364566154	0.050000000000000044	0.33000000000000007	0.0	-0.028439308947185715	-0.011493947034081992	-0.012442197664393778	0.4375	1.0825	0.40415704387990764	0.05978260869565233	1.95	0.025641025641025772				0	Unknown	Unknown	Normal	3.7600000000000002	0.14082115992888383	6.0	1.4	1.49	0.14427610903459068	1.0	-0.6	0.03748750015142228	0.10956508061048158	0.35502468953399235	0.4979227297041038	0.827104424760577	0.29651101796190843	0.2818388901654201	0.327125487683369	0.09452460418930245	0.3277343596749203	1.5714285714285714	0.75	0.8214285714285714	1.082838554224689	0.9078149076094607	0.1750236466152283	8.0	-9.0	0.4	0.3	0.2	0.4	-0.19999999999999996	-0.5	8.0	6.0	2.0	2.0	1.0
2024-11-02	13:30	Utrecht	For Sittard	4	0	H	1	0	H	16	9	8	1	12	11	3	6	0	0	0	0	1.75	3.8	4.75	1.8	3.7	4.2				1.78	3.87	4.8	1.7	3.7	4.2	1.7	3.6	4.5	1.82	3.88	4.8	1.77	3.7	4.49	1.95	1.9	1.97	1.92	2.0	1.96	1.9	1.89	-0.75	2.0	1.9	2.0	1.9	2.02	1.92	1.97	1.84	1.62	4.0	5.5	1.63	3.9	5.25				1.66	3.96	5.68	1.55	3.8	5.5	1.6	3.8	5.75	1.76	4.08	5.78	1.64	3.88	5.43	1.93	1.93	1.98	1.91	2.02	1.98	1.94	1.87	-0.75	1.81	2.09	1.85	2.07	1.89	2.12	1.81	2.02	eredivisie																																																									1	0	0	Utrecht	1	0	0	3	0	15.0	5.0	0	1	0	2024	18	2	83.0	30.0	utrecht	1.6774193548387097	52	0.5161290322580645	16	14.741935483870968	457	5.483870967741935	0.12903225806451613	0.6451612903225806	-7.93016446160826e-18	1.0526315789473684	20	0.3684210526315789	7	8.842105263157896	168	3.263157894736842	-0.5263157894736842	-1.0	-0.35	0.5714285714285714	0.2631578947368421	0.21052631578947367	0.5467625899280576	0.2517985611510791	0.20143884892086333	0.045112781954887105	0.050000000000000044	0.5499999999999998	0.09999999999999964	-0.0246659815005138	-0.009087466868610339	-0.011359333585762965	0.46052631578947373	1.25	0.3684210526315789	0.03913630229419707	1.9249999999999998	0.02631578947368407				0	Unknown	Unknown	Normal	4.57	0.13813390280650878	5.0	1.8	2.3600000000000003	0.12866286645129915	5.0	-0.6	0.013747957325862004	0.05590141647865998	0.279654426931049	0.650696199264429	1.0536991133363287	0.12461714068250238	0.22268503890711613	0.42218144171255895	0.23051637869782252	0.7080368344946709	2.25	0.4	1.85	2.448290291395963	-0.30260496920315355	2.7508952605991164	7.0	-4.0	0.2	0.1	0.0	0.4	-0.39999999999999997	-0.9	15.0	5.0	10.0	5.0	1.0
2024-11-02	15:45	Volendam	PSV Eindhoven	1	5	A	1	1	D	8	34	2	14	10	3	4	7	2	1	0	0	21.0	10.0	1.1	23.0	11.5	1.1				23.39	12.61	1.1	23.0	10.0	1.05	21.0	9.0	1.07	29.0	13.0	1.11	22.66	10.72	1.09	1.3	3.5	1.31	3.55	1.35	3.6	1.3	3.44	2.5	2.02	1.88	2.0	1.89	2.07	1.95	1.97	1.85	19.0	10.0	1.11	21.0	10.0	1.12				21.9	12.08	1.11	21.0	9.5	1.06	21.0	10.5	1.09	25.0	12.08	1.13	20.49	10.23	1.1	1.25	4.0	1.27	3.95	1.33	4.0	1.26	3.75	2.5	2.01	1.89	2.01	1.88	2.02	2.03	1.96	1.88	eredivisie																																																									0	1	0	PSV Eindhoven	0	0	1	0	3	4.0	10.0	0	0	0	2024	4	13	121.0	52.0	volendam	1.1818181818181819	26	0.36363636363636365	8	12.590909090909092	277	4.045454545454546	-0.45454545454545453	-1.2272727272727273	-0.16666666666666666	2.5806451612903225	80	1.0	31	17.806451612903224	552	6.870967741935484	0.5161290322580645	1.5161290322580645	0.32666666666666666	0.047619047619047616	0.1	0.9090909090909091	0.04506349856616141	0.09463334698893897	0.8603031544448996	0.05670995670995671	-2.0	0.050000000000000044	0.0	-0.0025555490528862065	-0.048787754646009485	-0.00536665301106104	2.1	0.11000000000000001	19.09090909090909	0.05494505494505475	2.4	0.026964398567516312				0	Unknown	Unknown	Normal	2.62	0.09460680505233775	4.0	-1.6	4.29	0.10239434022257818	5.0	1.0	0.13535939821355253	0.22038528329325838	0.3592435776027758	0.28501174089041326	0.2522432234992843	0.026194113252764613	0.08299855068273063	0.30733042454219406	0.5834769115223107	0.9119471116708864	0.8	1.8571428571428572	-1.0571428571428572	-0.2826131829465855	3.0260496920315356	-3.308662874978121	-5.0	8.0	0.2	0.6	0.2	0.0	-0.8	-0.20000000000000007	4.0	10.0	-6.0	1.0	3.0
2024-11-02	19:00	Feyenoord	Sparta Rotterdam	2	0	H	0	0	D	23	5	4	1	7	3	8	4	0	2	0	0	1.14	8.5	17.0	1.15	8.5	17.5				1.15	8.99	17.83	1.1	8.0	19.0	1.11	7.5	18.0	1.15	9.4	22.0	1.14	8.27	17.93	1.44	2.7	1.43	2.91	1.47	2.91	1.43	2.75	-2.25	1.99	1.91	1.98	1.91	2.02	1.94	1.94	1.87	1.22	7.0	12.0	1.22	6.75	12.5				1.21	7.25	13.4	1.15	7.5	11.0	1.18	7.0	13.0	1.24	7.5	13.4	1.21	6.86	12.31	1.4	2.88	1.44	2.85	1.5	2.96	1.43	2.79	-2.0	2.04	1.86	2.03	1.86	2.11	1.88	2.0	1.84	eredivisie																																																									1	0	0	Feyenoord	0	0	1	3	0	13.0	3.0	1	0	0	2024	16	3	25.0	52.0	feyenoord	2.5185185185185186	68	1.1851851851851851	32	20.703703703703702	559	7.148148148148148	0.9629629629629629	1.7037037037037037	0.5873015873015873	1.2758620689655173	37	0.4482758620689655	13	11.379310344827585	330	4.137931034482759	-0.2413793103448276	-0.1724137931034483	-0.2	0.8771929824561404	0.11764705882352941	0.058823529411764705	0.8325171400587659	0.11165523996082272	0.05582761998041136	0.05366357069143457	0.039999999999999813	-2.0	0.5	-0.04467584239737454	-0.002995909431353347	-0.005991818862706694	0.1341176470588235	2.0	0.06705882352941175	0.06481481481481488	2.0700000000000003	0.026072772238153963				0	Unknown	Unknown	Normal	5.4	0.16180183630049916	10.0	3.0	2.17	0.17585381408598333	2.0	-0.4	0.0515212212211278	0.09485681956187136	0.21558235092028016	0.6380396082967208	0.8786419392893681	0.17088346204016552	0.24888888509348833	0.3741658386751847	0.20606181419116149	0.5364383024240424	2.2857142857142856	0.5	1.7857142857142856	2.058161223632742	0.0	2.058161223632742	16.0	-2.0	0.4	0.2	0.0	0.2	-0.4	-0.8	13.0	3.0	10.0	4.0	1.0
2024-11-02	13:30	Heerenveen	Ajax	3	2	H	2	0	H	17	12	5	6	12	8	7	4	4	0	0	0	4.0	4.5	1.73	4.0	4.33	1.75				4.15	4.57	1.75	3.75	4.33	1.67	4.0	4.1	1.67	4.2	4.6	1.76	4.01	4.4	1.72	1.4	2.88	1.43	2.94	1.44	3.02	1.42	2.81	0.75	1.98	1.92	1.96	1.94	1.99	1.96	1.91	1.89	3.3	4.33	1.91	3.4	4.0	1.95				3.43	4.29	1.98	3.4	4.0	1.8	3.5	4.0	1.91	3.89	4.44	2.02	3.49	4.17	1.9	1.44	2.7	1.45	2.85	1.5	2.9	1.44	2.74	0.5	1.95	1.95	1.93	1.98	1.98	2.02	1.92	1.92	eredivisie																																																									1	0	0	Heerenveen	1	0	0	3	0	8.0	7.0	0	1	0	2024	8	7	22.0	22.0	heerenveen	1.7692307692307692	46	1.0384615384615385	27	15.384615384615385	400	5.5	0.19230769230769232	0.34615384615384615	0.03571428571428571	2.0344827586206895	59	0.8620689655172413	25	12.96551724137931	376	5.517241379310345	0.3448275862068966	0.5172413793103449	0.30833333333333335	0.25	0.2222222222222222	0.5780346820809249	0.238036997401009	0.21158844213423023	0.5503745604647607	0.05025690430314711	0.25	0.06000000000000005	0.16999999999999993	-0.011963002598990996	-0.027660121616164157	-0.010633780087991984	0.8888888888888888	0.3844444444444444	2.3121387283236996	0.06150793650793651	2.1399999999999997	0.025883838383838453				0	Unknown	Unknown	Normal	2.59	0.1849840042217305	4.0	0.4	2.7700000000000005	0.16037139190091992	3.0	-0.6	0.134544726539257	0.1887756175065427	0.38441201576726075	0.29226764018693957	0.9624854063957189	0.1822149952700936	0.18052376957274446	0.31050816160368083	0.32675307355348104	0.5191450331036986	1.3333333333333333	1.1666666666666667	0.16666666666666652	0.497644952579857	1.2104198768126142	-0.7127749242327572	2.0	-3.0	0.2	0.1	0.0	0.1	-0.7	-0.9	8.0	7.0	1.0	2.0	2.0
2024-11-08	13:30	Utrecht	Zwolle	1	0	H	1	0	H	9	5	2	1	18	10	2	1	0	3	0	0	1.45	4.5	7.0	1.47	4.75	6.25				1.44	4.79	6.44	1.44	4.75	6.0				1.47	5.0	7.0	1.44	4.72	6.51	1.57	2.35	1.58	2.4	1.62	2.45	1.57	2.37	-1.25	2.0	1.9	1.98	1.88	2.01	1.91	1.96	1.85	1.53	4.2	6.0	1.52	4.5	5.75				1.5	4.61	6.51	1.44	4.6	6.0				1.56	4.7	6.7	1.5	4.49	6.01	1.57	2.35	1.59	2.47	1.62	2.47	1.57	2.38	-1.0	1.87	2.03	1.79	2.12	1.88	2.12	1.81	2.04	eredivisie	1.4	4.6	7.0	1.45	4.75	6.6	1.47	5.0	7.2	1.6	2.42	1.98	1.88	1.44	4.2	5.5	1.56	4.31	6.37	1.57	4.7	6.4	1.62	2.56	1.92	2.05																															1	0	0	Utrecht	1	0	0	3	0	15.0	6.0	1	0	0	2024	21	7	6.0	6.0	utrecht	1.6774193548387097	52	0.5161290322580645	16	14.741935483870968	457	5.483870967741935	0.12903225806451613	0.6451612903225806	-7.93016446160826e-18	1.25	30	0.4166666666666667	10	9.666666666666666	232	3.7916666666666665	-0.5	-1.1666666666666667	-0.4230769230769231	0.6896551724137931	0.2222222222222222	0.14285714285714285	0.6538661131292164	0.21069019200830302	0.13544369486248053	0.054734537493158264	0.010000000000000009	1.0	-0.25	-0.03578905928457676	-0.007413447994662314	-0.011532030213919187	0.3222222222222222	1.5555555555555556	0.20714285714285713	0.06247459005285272	1.96	0.02631578947368407				0	Unknown	Unknown	Normal	4.6	0.13257472501576723	8.0	1.8	1.7600000000000002	0.07908976959815385	2.0	-0.6	0.013350578524675838	0.05458087677071084	0.27601958752300837	0.6560489571816049	1.03878402923584	0.2650660672078412	0.24795548591184594	0.34079331971965426	0.14618512716065857	0.4275425778305227	2.3333333333333335	0.7777777777777778	1.5555555555555558	3.033483893040795	1.2104198768126142	1.8230640162281808	11.0	-9.0	0.3	0.3	0.0	0.4	-0.3	-0.7	15.0	6.0	9.0	5.0	1.0
2024-11-08	13:30	Go Ahead Eagles	For Sittard	0	2	A	0	0	D	18	13	4	4	13	10	6	3	1	1	0	0	2.0	3.4	3.9	2.0	3.6	3.6				1.99	3.54	3.75	1.95	3.6	3.6				2.04	3.65	3.9	2.0	3.52	3.65	1.85	2.0	1.83	2.01	1.9	2.05	1.84	1.96	-0.5	2.05	1.85	2.0	1.85	2.07	1.87	2.01	1.83	2.1	3.3	3.6	2.05	3.5	3.5				2.14	3.43	3.65	2.0	3.5	3.5				2.14	3.64	3.95	2.04	3.45	3.62	1.93	1.93	1.91	1.98	1.99	2.07	1.84	1.96	-0.5	2.08	1.73	2.14	1.78	2.14	1.92	2.02	1.81	eredivisie	2.0	3.5	3.6	2.01	3.54	3.68	2.06	3.65	3.95	1.86	2.02	2.06	1.91	2.0	3.25	3.5	2.11	3.38	3.82	2.14	3.55	3.85	1.95	2.02	2.14	1.86																															0	1	0	For Sittard	0	0	1	0	3	8.0	2.0	0	0	1	2024	12	2	6.0	6.0	go_ahead_eagles	1.7096774193548387	53	0.7741935483870968	24	15.096774193548388	468	6.193548387096774	-0.0967741935483871	0.12903225806451613	0.15789473684210525	1.0526315789473684	20	0.3684210526315789	7	8.842105263157896	168	3.263157894736842	-0.5263157894736842	-1.0	-0.35	0.5	0.29411764705882354	0.25641025641025644	0.47595118449389806	0.2799712849964106	0.24407753050969133	0.05052790346907998	0.050000000000000044	0.2999999999999998	-0.20000000000000018	-0.02404881550610194	-0.012332725900565111	-0.014146362062412932	0.5882352941176471	1.1470588235294117	0.5128205128205129	0.04054054054054035	1.925	0.028345418589321048				0	Unknown	Unknown	Normal	3.62	0.1283987996804366	6.0	1.4	2.05	0.11447846928817862	3.0	-1.6	0.04250020853092719	0.1211419120431488	0.3690508786481828	0.4673070007777412	0.7225204209804066	0.16975608752949684	0.2602576030520416	0.39342863334441863	0.17655767607404296	0.44144044514948355	1.5	0.3333333333333333	1.1666666666666667	1.2779030881062996	-0.30260496920315355	1.5805080573094532	8.0	-8.0	0.3	0.1	0.2	0.5	-0.2	-0.7000000000000001	8.0	2.0	6.0	2.0	0.0
2024-11-08	11:15	Sparta Rotterdam	Heracles	0	0	D	0	0	D	9	10	1	2	12	14	3	4	1	1	0	0	1.5	4.5	6.0	1.5	4.6	5.75				1.5	4.44	6.09	1.5	4.6	5.8				1.53	4.75	6.3	1.5	4.58	5.88	1.5	2.5	1.55	2.5	1.57	2.57	1.52	2.48	-1.0	1.82	2.08	1.81	2.06	1.85	2.09	1.8	2.03	1.38	5.0	7.5	1.39	5.0	7.5				1.39	5.18	8.0	1.36	5.0	7.0				1.43	5.35	8.0	1.38	5.07	7.44	1.44	2.7	1.46	2.83	1.53	2.83	1.47	2.66	-1.5	2.05	1.85	2.02	1.88	2.13	1.88	2.04	1.81	eredivisie	1.44	4.6	6.0	1.51	4.65	5.75	1.52	4.8	6.2	1.54	2.56	1.8	2.06	1.36	5.0	7.5	1.43	5.13	7.44	1.42	5.5	8.2	1.51	2.92	2.1	1.88																															0	0	1		0	0	1	1	1	1.0	3.0	0	1	0	2024	1	3	119.0	36.0	sparta_rotterdam	1.3571428571428572	38	0.5	14	14.857142857142858	416	5.107142857142857	0.10714285714285714	0.0	0.2156862745098039	0.6	15	0.32	8	8.88	222	2.64	-0.52	-1.72	-0.6	0.6666666666666666	0.2222222222222222	0.16666666666666666	0.631578947368421	0.21052631578947367	0.15789473684210525	0.05555555555555558	0.0	0.20000000000000018	-0.09999999999999964	-0.03508771929824561	-0.008771929824561403	-0.011695906432748537	0.3333333333333333	1.3333333333333333	0.25	0.06666666666666665	2.0	0.030219780219780112				0	Unknown	Unknown	Normal	3.79	0.04346505034692236	1.0	-1.6	1.47	0.1057207442183968	1.0	-1.6	0.04219804254524735	0.11336981188170743	0.34848739891063696	0.49594474666240823	0.8048539463361175	0.25158016732785454	0.3269757533086376	0.3476923323529882	0.07375174701051972	0.29470872361314726	0.16666666666666666	0.375	-0.20833333333333334	-0.8678067845914174	0.0	-0.8678067845914174	-8.0	-12.0	0.0	0.0	0.4	0.5	-0.5	-0.6	1.0	3.0	-2.0	0.0	1.0
2024-11-08	15:45	Ajax	Heerenveen	1	0	H	1	0	H	12	7	4	2	10	8	5	2	0	2	0	0	1.45	4.5	6.5	1.49	4.8	5.75				1.45	4.97	5.94	1.44	4.8	5.8				1.51	5.2	6.5	1.46	4.83	5.99	1.4	2.88	1.41	2.93	1.43	3.07	1.4	2.85	-1.25	1.99	1.91	1.96	1.89	2.02	1.92	1.95	1.86	1.4	4.75	7.0	1.44	5.0	6.0				1.41	5.2	7.19	1.36	5.0	6.5				1.44	5.3	7.62	1.4	5.03	6.92	1.36	3.1	1.38	3.18	1.38	3.41	1.36	3.08	-1.25	1.85	2.05	1.85	2.06	1.87	2.1	1.82	2.01	eredivisie	1.4	4.75	6.5	1.48	4.75	6.05	1.48	5.3	6.8	1.45	2.94	1.96	1.93	1.36	5.0	7.0	1.43	4.99	7.62	1.46	5.3	7.4	1.42	3.25	1.94	2.03																															1	0	0	Ajax	1	0	0	3	0	9.0	5.0	2	0	0	2024	13	5	36.0	36.0	ajax	2.0606060606060606	68	1.0606060606060606	35	17.636363636363637	582	5.909090909090909	0.696969696969697	1.0606060606060606	0.3492063492063492	1.1666666666666667	35	0.4666666666666667	14	11.866666666666667	356	3.8666666666666667	-0.26666666666666666	-0.7666666666666667	0.13333333333333333	0.6896551724137931	0.2222222222222222	0.15384615384615385	0.6471238938053098	0.20851769911504422	0.144358407079646	0.06572354848216921	0.010000000000000009	0.7000000000000002	-0.2999999999999998	-0.04253127860848338	-0.009487746766507849	-0.013704523107177985	0.3222222222222222	1.4444444444444444	0.22307692307692306	0.06150793650793651	2.1399999999999997	0.026072772238153963				0	Unknown	Unknown	Normal	3.97	0.12556898526911905	7.0	0.8	2.52	0.09139807272792881	3.0	-0.8	0.036411779344763785	0.09559233958263326	0.3188877915005063	0.5491080895720967	0.9605176671554407	0.11852132962600363	0.21099963676679062	0.4038146168321723	0.2666644167750335	1.0578735338874319	1.625	0.8333333333333334	0.7916666666666666	1.4729676219879102	0.6052099384063071	0.8677576835816031	5.0	-4.0	0.1	0.1	0.0	0.4	-0.5	-0.9	9.0	5.0	4.0	2.0	1.0
2024-12-01	19:00	Waalwijk	Heracles	1	2	A	0	1	A	18	9	8	2	13	8	7	4	1	1	0	0	1.85	3.5	4.33	1.83	3.75	4.1				1.88	3.7	4.39	1.8	3.6	3.8	1.83	3.6	4.2	1.89	3.8	4.4	1.84	3.68	4.17	1.85	2.0	1.8	1.94	1.87	2.09	1.79	2.01	-0.5	1.86	2.04	1.88	2.03	1.88	2.08	1.84	1.99	1.95	3.4	3.8	1.98	3.6	3.6				2.0	3.64	3.95	1.91	3.6	3.4	1.95	3.6	3.7	2.0	3.78	4.2	1.96	3.57	3.76	1.85	2.0	1.85	2.04	1.88	2.11	1.79	2.01	-0.5	1.98	1.92	2.0	1.91	2.0	1.96	1.96	1.87	eredivisie																																																									0	1	0	Heracles	0	1	0	0	3	7.0	4.0	0	0	0	2024	10	4	81.0	23.0	waalwijk	1.76	44	0.84	21	13.2	330	4.56	0.28	0.44	0.19642857142857142	0.6	15	0.32	8	8.88	222	2.64	-0.52	-1.72	-0.6	0.5405405405405405	0.2857142857142857	0.23094688221709006	0.511293669135136	0.2702552251142862	0.21845110575057775	0.0572017084719163	0.050000000000000044	0.5300000000000002	-0.10000000000000009	-0.029246871405404495	-0.012495776466512315	-0.015459060599999519	0.5285714285714286	1.237142857142857	0.42725173210161665	0.04054054054054035	1.925	0.027830487033523088				0	Unknown	Unknown	Normal	2.68	0.10715979137031768	5.0	0.0	1.6	0.07755173013388976	0.0	-1.2	0.07867146773858413	0.1916897453661725	0.44633155176187156	0.2833072351333718	0.774245470452707	0.21812932231617038	0.3156012241732247	0.37832148285993306	0.0879479706506718	0.6061185607565325	1.4285714285714286	0.4444444444444444	0.9841269841269842	0.8877740203430783	0.30260496920315355	0.5851690511399248	2.0	-12.0	0.4	0.1	0.4	0.6	0.0	-0.5	7.0	4.0	3.0	2.0	1.0
2024-12-04	19:00	Excelsior	Volendam	4	0	H	2	0	H	35	13	15	5	9	9	11	2	2	4	1	1	1.75	4.33	4.0	1.77	4.0	4.1				1.79	4.2	4.19	1.75	4.0	4.0	1.8	4.0	3.9	1.84	4.33	4.2	1.77	4.11	4.05	1.5	2.5	1.54	2.6	1.58	2.6	1.52	2.5	-0.75	2.02	1.88	2.0	1.9	2.06	1.9	1.97	1.85	1.67	4.5	4.5	1.66	4.2	4.6				1.68	4.3	4.76	1.73	4.0	4.2	1.7	4.2	4.2	1.77	4.5	4.76	1.69	4.22	4.43	1.5	2.5	1.52	2.64	1.54	2.72	1.5	2.56	-0.75	1.85	2.05	1.86	2.05	1.95	2.07	1.86	1.96	eredivisie																																																									1	0	0	Excelsior	1	0	0	3	0	3.0	1.0	0	0	0	2024	0	1	63.0	62.0	excelsior	1.0	23	0.34782608695652173	8	13.478260869565217	310	4.521739130434782	-0.21739130434782608	-0.391304347826087	-0.018518518518518528	0.9583333333333334	23	0.5	12	9.166666666666666	220	3.4166666666666665	-0.875	-1.375	-0.7	0.5714285714285714	0.23094688221709006	0.25	0.5429892624813857	0.21945293518300807	0.23755780233560622	0.05237545364566154	0.0	0.0	0.33000000000000007	-0.028439308947185715	-0.012442197664393778	-0.011493947034081992	0.40415704387990764	0.9237875288683602	0.4375	0.06666666666666665	2.0	0.026964398567516312				0	Unknown	Unknown	Normal	1.65	0.014184397163120569	0.0	-1.8	1.9600000000000002	0.1421893967030834	4.0	-1.4	0.31569129032884574	0.20745877576506772	0.3445939304019906	0.1322560035040959	0.7556068480185655	0.15548203523317922	0.2760004039038155	0.4233385739271541	0.1451789869358512	0.2074557992780408	0.0	0.3333333333333333	-0.3333333333333333	-1.062871318473028	-0.6052099384063071	-0.45766138006672097	-8.0	-2.0	0.3	0.1	0.6	0.2	-0.5	-0.30000000000000004	3.0	1.0	2.0	1.0	0.0
2024-12-05	13:30	Twente	Volendam	7	2	H	5	2	H	19	6	10	2	5	4	13	2	0	2	0	0	1.07	11.0	26.0	1.08	13.0	26.0				1.07	15.23	29.84	1.05	12.0	26.0	1.06	9.5	22.0	1.08	15.23	34.0	1.07	12.2	27.05	1.25	4.0	1.23	4.23	1.25	4.23	1.23	3.92	-3.0	2.03	1.78	2.06	1.81	2.08	1.85	2.03	1.79	1.06	15.0	26.0	1.06	15.0	34.0				1.05	16.12	27.61	1.04	13.0	29.0	1.05	13.0	29.0	1.07	17.0	43.0	1.05	13.88	30.61	1.17	5.0	1.13	5.61	1.21	5.61	1.16	4.86	-3.25	2.02	1.88	2.0	1.82	2.1	1.88	2.0	1.81	eredivisie																																																									1	0	0	Twente	1	0	0	3	0	13.0	1.0	1	0	0	2024	13	1	55.0	1.0	twente	2.740740740740741	74	1.2592592592592593	34	21.962962962962962	593	7.7407407407407405	0.8888888888888888	1.8888888888888888	0.5333333333333333	0.9583333333333334	23	0.5	12	9.166666666666666	220	3.4166666666666665	-0.875	-1.375	-0.7	0.9345794392523364	0.09090909090909091	0.038461538461538464	0.8784053564298657	0.08544488467090512	0.03614975889922909	0.06395006862296593	0.020000000000000018	0.0	-1.0	-0.05617408282247072	-0.0023117795623093726	-0.00546420623818579	0.09727272727272727	2.3636363636363638	0.04115384615384616	0.050000000000000044	2.625	0.054408590247412514				0	Unknown	Unknown	Normal	4.74	0.11991547823301277	6.0	1.4	2.04	0.12021137472506141	3.0	-2.0	0.011377090742870157	0.048032486023789935	0.2580335271757993	0.6825568960575408	0.945331176253446	0.15082357749932146	0.26744420486038384	0.4187428796804428	0.16298933795985188	0.13687675718267456	2.1666666666666665	0.25	1.9166666666666665	1.4729676219879102	-0.6052099384063071	2.0781775603942174	7.0	-6.0	0.5	0.1	0.0	0.2	-0.30000000000000004	-0.9	13.0	1.0	12.0	4.0	0.0
2024-12-05	13:30	Waalwijk	Zwolle	1	1	D	0	0	D	22	15	5	11	6	6	10	5	0	1	0	1	1.67	4.0	4.75	1.72	4.1	4.2				1.71	4.37	4.5	1.67	4.33	4.2	1.65	4.0	4.33	1.73	4.45	4.75	1.67	4.23	4.44	1.53	2.4	1.55	2.57	1.56	2.6	1.52	2.5	-0.75	1.88	2.02	1.9	2.0	1.91	2.06	1.83	1.97	1.6	4.5	4.75	1.58	4.6	4.8				1.61	4.58	4.96	1.53	4.6	5.0	1.57	4.5	5.0	1.64	4.8	5.25	1.59	4.56	4.86	1.4	2.88	1.45	2.86	1.48	2.9	1.43	2.78	-1.0	2.01	1.89	2.02	1.89	2.02	1.93	1.95	1.88	eredivisie																																																									0	0	1		0	0	1	1	1	6.0	3.0	0	0	0	2024	10	7	4.0	27.0	waalwijk	1.76	44	0.84	21	13.2	330	4.56	0.28	0.44	0.19642857142857142	1.25	30	0.4166666666666667	10	9.666666666666666	232	3.7916666666666665	-0.5	-1.1666666666666667	-0.4230769230769231	0.5988023952095809	0.25	0.21052631578947367	0.5652658981033842	0.23599851245816286	0.19873558943845293	0.05932871099905457	0.0	0.5499999999999998	-0.33000000000000007	-0.03353649710619666	-0.011790726351020742	-0.014001487541837138	0.4175	1.1875	0.35157894736842105	0.0702614379084967	1.9649999999999999	0.026964398567516312				0	Unknown	Unknown	Normal	3.09	0.11820951512722377	4.0	-0.2	1.41	0.04603191835848443	1.0	-1.2	0.0650655016872802	0.1611157845906473	0.40628543619525914	0.3675332775268134	0.6083773997288995	0.3356943379547198	0.2819937636716759	0.2867002358263227	0.09561166254728166	0.5604902933314506	1.25	0.7	0.55	0.8877740203430783	1.2104198768126142	-0.3226458564695359	1.0	-10.0	0.4	0.2	0.4	0.5	-0.09999999999999998	-0.39999999999999997	6.0	3.0	3.0	2.0	0.0
2024-12-05	13:30	Utrecht	Sparta Rotterdam	0	1	A	0	0	D	20	10	5	4	6	7	12	4	1	0	0	0	1.73	4.0	4.33	1.77	4.0	4.2				1.75	4.13	4.48	1.7	4.0	4.33	1.7	3.8	4.2	1.78	4.13	4.6	1.73	3.99	4.35	1.62	2.25	1.68	2.28	1.7	2.35	1.64	2.24	-0.75	1.98	1.92	1.97	1.93	1.99	1.94	1.9	1.89	1.8	4.0	4.0	1.8	3.9	4.0				1.81	3.96	4.34	1.73	4.0	4.2	1.75	4.0	4.2	1.84	4.1	4.5	1.77	3.98	4.18	1.57	2.35	1.61	2.41	1.68	2.45	1.58	2.36	-0.75	2.05	1.85	2.04	1.88	2.08	1.9	1.96	1.85	eredivisie																																																									0	1	0	Sparta Rotterdam	0	0	1	0	3	15.0	0.0	0	0	0	2024	24	3	27.0	33.0	utrecht	1.6774193548387097	52	0.5161290322580645	16	14.741935483870968	457	5.483870967741935	0.12903225806451613	0.6451612903225806	-7.93016446160826e-18	1.2758620689655173	37	0.4482758620689655	13	11.379310344827585	330	4.137931034482759	-0.2413793103448276	-0.1724137931034483	-0.2	0.5780346820809249	0.25	0.23094688221709006	0.54584017471928	0.23607587556608858	0.21808394971463146	0.05898156429801493	0.030000000000000027	0.0	0.0	-0.032194507361644864	-0.012862932502458596	-0.013924124433911417	0.4325	1.0825	0.3995381062355658	0.061728395061728225	1.935	0.025883838383838453				0	Unknown	Unknown	Normal	3.7399999999999998	0.12135772624690122	6.0	1.6	1.6099999999999999	0.10973811160664448	1.0	-1.4	0.05318199315985324	0.11595521764285391	0.32698054539125015	0.5038822438060427	1.2582829924430141	0.25116822267415984	0.30257589951628044	0.3370402970952293	0.10921558071433043	0.47675833068460277	2.4	0.42857142857142855	1.9714285714285713	3.618677494685627	0.0	3.618677494685627	12.0	-4.0	0.4	0.1	0.0	0.2	-0.4	-0.9	15.0	0.0	15.0	5.0	0.0
2024-12-05	13:30	Nijmegen	Feyenoord	2	3	A	0	1	A	12	21	6	6	9	16	7	9	0	3	1	0	5.75	4.2	1.53	5.5	4.6	1.52				5.16	4.95	1.56	5.5	4.6	1.5	5.25	4.33	1.5	5.75	5.0	1.56	5.29	4.66	1.52	1.44	2.7	1.47	2.79	1.49	2.9	1.44	2.71	1.0	2.02	1.88	2.02	1.88	2.03	1.88	1.99	1.83	4.5	4.2	1.67	4.1	4.2	1.73				4.67	4.3	1.69	4.4	4.2	1.65	4.6	4.2	1.65	4.77	4.35	1.75	4.43	4.23	1.69	1.5	2.5	1.51	2.66	1.56	2.66	1.49	2.58	0.75	2.01	1.89	2.03	1.88	2.06	1.95	1.97	1.85	eredivisie																																																									0	1	0	Feyenoord	0	1	0	0	3	9.0	11.0	0	0	1	2024	9	11	58.0	55.0	nijmegen	1.896551724137931	55	0.4827586206896552	14	14.758620689655173	428	5.620689655172414	-0.1724137931034483	0.3793103448275862	-0.2427536231884058	2.0	60	1.0333333333333334	31	15.3	459	6.233333333333333	0.3333333333333333	0.8333333333333334	0.14814814814814814	0.17391304347826086	0.23809523809523808	0.6535947712418301	0.1632062173797097	0.22343708331745968	0.6133566993028305	0.06560305281532908	0.25	0.030000000000000027	-0.39999999999999947	-0.01070682609855117	-0.04023807193899953	-0.014658154777778404	1.369047619047619	0.36428571428571427	3.758169934640523	0.06481481481481488	2.0700000000000003	0.026964398567516312				0	Unknown	Unknown	Normal	4.01	0.16716033857113594	9.0	1.6	4.16	0.1516316435250668	7.0	1.0	0.04813321336243102	0.11766705582037415	0.3225833086027971	0.5116164222143977	1.0974942976401032	0.06721093857091329	0.11520547895190984	0.2627666163967465	0.5548169660804303	0.6615283396406509	1.5	1.8333333333333333	-0.33333333333333326	0.6927094864614677	2.4208397536252284	-1.7281302671637606	8.0	5.0	0.3	0.4	0.1	0.1	-0.6000000000000001	-0.5	9.0	11.0	-2.0	3.0	3.0
2024-12-05	13:30	Heerenveen	Vitesse	1	3	A	1	1	D	22	16	5	7	10	16	7	2	0	3	0	0	1.45	4.75	6.0	1.49	4.75	5.75				1.46	5.07	6.46	1.44	4.8	5.8	1.4	4.6	6.0	1.49	5.1	6.5	1.46	4.83	5.96	1.44	2.7	1.45	2.86	1.47	2.9	1.43	2.77	-1.25	1.97	1.93	1.96	1.94	1.98	1.94	1.93	1.86	1.6	4.5	5.0	1.6	4.5	4.8				1.62	4.62	4.91	1.57	4.5	4.8	1.6	4.5	4.75	1.64	4.7	5.4	1.6	4.48	4.83	1.4	2.88	1.41	3.04	1.44	3.04	1.4	2.9	-1.0	1.99	1.91	2.01	1.89	2.05	1.92	1.97	1.86	eredivisie																																																									0	1	0	Vitesse	0	0	1	0	3	8.0	3.0	0	0	0	2024	11	0	33.0	64.0	heerenveen	1.7692307692307692	46	1.0384615384615385	27	15.384615384615385	400	5.5	0.19230769230769232	0.34615384615384615	0.03571428571428571	1.1666666666666667	21	0.5	9	13.777777777777779	248	4.944444444444445	-0.3888888888888889	-0.8333333333333334	-0.5	0.6896551724137931	0.21052631578947367	0.16666666666666666	0.6464417351857102	0.1973348454777431	0.15622341933654663	0.06684815486993356	0.010000000000000009	0.20000000000000018	-0.04999999999999982	-0.04321343722808291	-0.010443247330120031	-0.013191470311730569	0.30526315789473685	1.263157894736842	0.24166666666666667	0.06481481481481488	2.0700000000000003	0.02574892822387631				0	Unknown	Unknown	Normal	2.56	0.19358165729481056	6.0	0.2	3.21	0.09604142855121126	3.0	-1.0	0.13542910932541208	0.19100702644535894	0.38774489227838027	0.28581897195084877	0.8725709562537558	0.06747150756282982	0.15023490443389353	0.3815726579935381	0.40072093000973846	0.5924718529310454	1.5714285714285714	0.0	1.5714285714285714	1.082838554224689	-0.9078149076094607	1.9906534618341496	3.0	-4.0	0.2	0.0	0.0	0.2	-0.6000000000000001	-1.0	8.0	3.0	5.0	2.0	1.0
2024-12-05	13:30	Ajax	Almere City	3	0	H	3	0	H	11	3	4	0	11	14	4	1	3	2	0	0	1.25	6.0	11.0	1.25	6.5	11.0				1.23	6.83	11.68	1.22	6.5	11.0	1.2	6.0	11.0	1.25	7.1	13.0	1.23	6.41	11.29	1.4	2.88	1.41	2.99	1.44	3.02	1.4	2.85	-1.75	1.84	2.06	1.81	2.07	1.85	2.07	1.8	2.0	1.25	6.5	11.0	1.24	6.5	11.5				1.24	6.52	11.75	1.22	6.5	11.0	1.22	6.5	11.5	1.27	7.0	12.5	1.23	6.4	11.38	1.44	2.7	1.48	2.72	1.51	2.75	1.47	2.66	-1.75	1.89	2.01	1.91	1.98	1.92	2.03	1.86	1.95	eredivisie																																																									1	0	0	Ajax	1	0	0	3	0	9.0	3.0	0	0	1	2024	16	3	27.0	154.0	ajax	2.0606060606060606	68	1.0606060606060606	35	17.636363636363637	582	5.909090909090909	0.696969696969697	1.0606060606060606	0.3492063492063492	0.5833333333333334	7	0.4166666666666667	5	10.333333333333334	124	2.8333333333333335	-0.6666666666666666	-1.25	0.0	0.8	0.16666666666666666	0.09090909090909091	0.7564469914040115	0.15759312320916904	0.08595988538681948	0.05757575757575761	0.030000000000000027	0.0	-0.5	-0.04355300859598854	-0.004949205522271433	-0.009073543457497613	0.20833333333333334	1.8333333333333333	0.11363636363636363	0.06150793650793651	2.1399999999999997	0.02891515407344869				0	Unknown	Unknown	Normal	3.65	0.11372911656271263	6.0	0.6	2.5	0.0546856936556663	1.0	-1.0	0.04826737962353502	0.1216183157248856	0.3491258700360593	0.4809884346155201	1.0192711365011786	0.18794223773725394	0.2046958559084354	0.31250148733087457	0.2948604190234361	0.6968957840272855	1.7777777777777777	0.6	1.1777777777777776	2.058161223632742	0.0	2.058161223632742	6.0	-2.0	0.2	0.14285714285714285	0.0	0.42857142857142855	-0.3714285714285714	-0.8571428571428572	9.0	3.0	6.0	2.0	0.0
2024-12-05	13:30	Go Ahead Eagles	AZ Alkmaar	0	3	A	0	2	A	16	17	4	4	10	14	3	3	0	0	0	0	4.2	3.8	1.8	4.0	4.0	1.8				4.3	3.91	1.83	4.0	4.0	1.75	4.0	3.7	1.75	4.3	4.0	1.84	4.12	3.85	1.79	1.7	2.1	1.75	2.17	1.75	2.2	1.7	2.13	0.5	2.03	1.78	2.08	1.83	2.08	1.84	2.04	1.8	4.75	4.2	1.67	4.6	4.33	1.65				4.77	4.41	1.67	5.0	4.33	1.57	4.6	4.2	1.65	5.22	4.5	1.68	4.68	4.29	1.65	1.53	2.4	1.55	2.57	1.57	2.63	1.51	2.51	0.75	2.05	1.85	2.07	1.85	2.09	1.85	2.02	1.8	eredivisie																																																									0	1	0	AZ Alkmaar	0	1	0	0	3	5.0	4.0	0	0	0	2024	12	5	27.0	58.0	go_ahead_eagles	1.7096774193548387	53	0.7741935483870968	24	15.096774193548388	468	6.193548387096774	-0.0967741935483871	0.12903225806451613	0.15789473684210525	1.3103448275862069	38	0.7931034482758621	23	12.862068965517242	373	5.206896551724138	0.3793103448275862	0.10344827586206896	0.4230769230769231	0.23809523809523808	0.2631578947368421	0.5555555555555556	0.225296442687747	0.24901185770750986	0.5256916996047432	0.05680868838763575	0.20000000000000018	0.050000000000000044	-0.20000000000000018	-0.01279879540749107	-0.029863855950812424	-0.014146037029332231	1.105263157894737	0.4736842105263158	2.3333333333333335	0.06442577030812324	1.9	0.054408590247412514				0	Unknown	Unknown	Normal	3.2700000000000005	0.08419990465281231	1.0	0.4	2.41	0.052588865443921454	1.0	-1.8	0.04923596754079	0.14021714774954158	0.4093208469571802	0.4012260377524882	0.7119687598024618	0.10706622443365732	0.22295740681700854	0.43747350302081756	0.23250286572851658	1.0102860954964046	1.3333333333333333	0.625	0.7083333333333333	1.2779030881062996	0.6052099384063071	0.6726931496999925	6.0	-10.0	0.3	0.3	0.3	0.5	-0.2	-0.39999999999999997	5.0	4.0	1.0	1.0	1.0
2024-12-05	13:30	Excelsior	Heracles	4	0	H	1	0	H	19	6	9	0	5	16	7	4	2	3	0	0	1.85	3.75	3.8	1.93	4.0	3.5				1.89	4.09	3.79	1.85	4.2	3.5	1.87	3.8	3.4	1.95	4.2	3.8	1.89	3.95	3.62	1.48	2.6	1.51	2.65	1.53	2.69	1.48	2.59	-0.5	1.91	1.99	1.91	2.0	1.96	2.0	1.9	1.93	1.65	4.33	4.5	1.66	4.33	4.5				1.68	4.44	4.65	1.67	4.2	4.33	1.67	4.33	4.33	1.72	4.5	4.7	1.66	4.35	4.5	1.4	2.88	1.41	3.05	1.48	3.12	1.4	2.91	-1.0	2.06	1.84	2.09	1.81	2.1	1.87	2.05	1.8	eredivisie																																																									1	0	0	Excelsior	1	0	0	3	0	6.0	4.0	0	0	0	2024	3	7	1.0	4.0	excelsior	1.0	23	0.34782608695652173	8	13.478260869565217	310	4.521739130434782	-0.21739130434782608	-0.391304347826087	-0.018518518518518528	0.6	15	0.32	8	8.88	222	2.64	-0.52	-1.72	-0.6	0.5405405405405405	0.26666666666666666	0.2631578947368421	0.5050057588376008	0.24913617435988308	0.24585806680251618	0.07036510194404921	0.0	0.2999999999999998	-0.4500000000000002	-0.035534781702939666	-0.017299827934325912	-0.01753049230678358	0.49333333333333335	1.0133333333333332	0.48684210526315796	0.06029106029106024	2.04	0.026072772238153963				0	Unknown	Unknown	Normal	2.94	0.03697641995514336	4.0	-0.6	1.48	0.072125058040551	2.0	-1.2	0.29567121384930817	0.16161701497153055	0.2556471334750841	0.28706463770407714	0.4960438545318032	0.2363479942426347	0.33145472025208755	0.3646161330679945	0.06758115243728322	0.5292035021655986	0.6	0.7	-0.09999999999999998	-0.4776777168281961	1.2104198768126142	-1.6880975936408102	-4.0	-11.0	0.3	0.1	0.5	0.5	-0.2	-0.4	6.0	4.0	2.0	2.0	1.0
2024-12-05	13:30	For Sittard	PSV Eindhoven	1	1	D	1	0	H	10	12	6	5	12	5	4	9	2	0	0	0	8.5	6.0	1.25	9.5	6.0	1.28				10.22	6.43	1.26	10.0	5.8	1.25	10.0	5.75	1.22	10.5	6.7	1.28	9.73	6.1	1.26	1.4	2.88	1.43	2.89	1.45	3.2	1.4	2.88	1.75	1.95	1.95	1.95	1.93	2.0	1.95	1.9	1.9	9.0	6.0	1.29	8.5	6.0	1.31				8.96	6.33	1.29	8.5	5.8	1.29	9.5	6.0	1.29	9.54	6.33	1.34	8.61	5.93	1.3	1.36	3.1	1.37	3.18	1.41	3.35	1.36	3.09	1.75	1.88	2.02	1.89	2.0	1.9	2.17	1.82	2.0	eredivisie																																																									0	0	1		1	0	0	1	1	11.0	10.0	0	0	0	2024	12	16	178.0	33.0	for_sittard	1.4285714285714286	50	0.6857142857142857	24	13.8	483	4.457142857142857	0.4	0.02857142857142857	0.574074074074074	2.5806451612903225	80	1.0	31	17.806451612903224	552	6.870967741935484	0.5161290322580645	1.5161290322580645	0.32666666666666666	0.11764705882352941	0.16666666666666666	0.8	0.10849909584086798	0.15370705244122962	0.7377938517179022	0.08431372549019622	-1.5	0.0	0.20000000000000018	-0.009147962982661434	-0.062206148282097806	-0.012959614225437038	1.4166666666666667	0.20833333333333334	6.8	0.06150793650793651	2.1399999999999997	0.025641025641025772				0	Unknown	Unknown	Normal	2.98	0.2246197365970269	6.0	1.4	5.18	0.11276250744749514	9.0	1.4	0.09049614118629104	0.18407888549296753	0.3779011730017955	0.34752380031894586	1.1951842671552495	0.021987869330510765	0.06702569155817939	0.24175843268148514	0.6692280064298247	0.5694114103803494	1.7142857142857142	2.0	-0.2857142857142858	1.2779030881062996	3.933864599640996	-2.655961511534697	7.0	12.0	0.4	0.6	0.3	0.0	-0.6	-0.09999999999999998	11.0	10.0	1.0	3.0	3.0
2025-01-02	20:00	Nijmegen	PSV Eindhoven	3	3	D	0	0	D	10	15	7	6	10	5	4	5	1	1	0	0	5.75	5.0	1.48	6.0	4.8	1.47				6.4	4.67	1.46	5.8	4.6	1.44				6.4	5.0	1.48	6.05	4.7	1.46	1.44	2.7	1.49	2.63	1.49	2.75	1.45	2.62	1.25	1.86	2.04	1.88	1.98	1.88	2.06	1.83	1.98	6.25	4.2	1.45	6.25	4.8	1.46				6.38	4.71	1.5	6.0	4.4	1.5				6.87	4.8	1.52	6.25	4.58	1.47	1.48	2.6	1.49	2.7	1.49	2.8	1.46	2.68	1.25	1.84	2.06	1.85	2.07	1.9	2.11	1.84	2.0	eredivisie	6.0	4.75	1.4	6.05	4.85	1.47	6.4	5.0	1.48	1.49	2.72	1.81	1.91	6.0	4.5	1.4	6.87	4.43	1.52	7.0	5.0	1.51	1.53	2.88	1.91	2.07																															0	0	1		0	0	1	1	1	9.0	11.0	0	1	0	2025	0	0	28.0	28.0	nijmegen	1.896551724137931	55	0.4827586206896552	14	14.758620689655173	428	5.620689655172414	-0.1724137931034483	0.3793103448275862	-0.2427536231884058	2.5806451612903225	80	1.0	31	17.806451612903224	552	6.870967741935484	0.5161290322580645	1.5161290322580645	0.32666666666666666	0.17391304347826086	0.2	0.6756756756756757	0.1656963725929243	0.19055082848186297	0.6437527989252126	0.04958871915393659	-0.04999999999999982	0.040000000000000036	0.40000000000000036	-0.008216670885336563	-0.031922876750463014	-0.00944917151813704	1.15	0.296	3.885135135135135	0.06481481481481488	2.0700000000000003	0.027830487033523088				0	Unknown	Unknown	Normal	3.69	0.19073951682502338	5.0	1.6	5.25	0.09623358182766042	9.0	1.6	0.05402053022849416	0.13471229489568676	0.35984940978903096	0.45141776508678816	1.0599492994191677	0.017601094877330466	0.05928385739630089	0.23837319450364386	0.6847418532227248	0.6790244033734425	0.0	0.0	0.0	-1.0797384875584441	-0.838727132618942	-0.2410113549395021	0.0	0.0	0.3	0.5	0.1	0.0	-0.7	-0.4	9.0	11.0	-2.0	3.0	3.0
2025-01-02	19:00	Heerenveen	For Sittard	2	2	D	1	1	D	26	6	6	4	15	11	12	1	0	3	0	0	1.95	3.5	3.9	2.05	3.6	3.4				1.97	3.53	3.83	2.0	3.4	3.5				2.06	3.64	3.9	1.98	3.53	3.68	1.9	1.95	1.9	1.95	1.92	1.99	1.87	1.92	-0.5	2.01	1.89	1.99	1.88	2.06	1.92	2.0	1.85	1.75	3.8	4.5	1.77	3.75	4.5				1.77	3.88	4.71	1.75	3.7	4.33				1.8	3.9	4.71	1.75	3.79	4.51	1.83	2.03	1.83	2.05	1.9	2.08	1.81	2.0	-0.75	1.99	1.91	1.99	1.92	2.02	1.94	1.96	1.88	eredivisie	2.0	3.5	3.6	1.97	3.64	3.69	2.02	3.6	4.1	1.94	1.98	2.02	1.92	1.7	3.5	4.5	1.79	3.89	4.61	1.85	3.85	4.9	1.9	2.08	2.08	1.91																															0	0	1		0	0	1	1	1	7.0	5.0	0	0	1	2025	0	0	28.0	55.0	heerenveen	1.7692307692307692	46	1.0384615384615385	27	15.384615384615385	400	5.5	0.19230769230769232	0.34615384615384615	0.03571428571428571	1.0526315789473684	20	0.3684210526315789	7	8.842105263157896	168	3.263157894736842	-0.5263157894736842	-1.0	-0.35	0.5128205128205129	0.2857142857142857	0.25641025641025644	0.48611111111111116	0.2708333333333333	0.24305555555555558	0.05494505494505497	-0.050000000000000044	0.3999999999999999	0.10000000000000009	-0.026709401709401726	-0.013354700854700863	-0.014880952380952384	0.5571428571428572	1.1142857142857143	0.5	0.03913630229419707	1.9249999999999998	0.026612966911474523				0	Unknown	Unknown	Normal	2.82	0.1366973651164007	5.0	-0.2	2.37	0.14501282043321678	4.0	-0.8	0.12514980706840353	0.16877309792588693	0.3639013024427303	0.34217579256297925	0.8379948906518564	0.11662297333783085	0.22331694151792894	0.43146920749937356	0.22859087764486657	0.587295289407041	0.0	0.0	0.0	-1.0797384875584441	-0.838727132618942	-0.2410113549395021	0.0	0.0	0.2	0.2	0.0	0.4	-0.39999999999999997	-0.8	7.0	5.0	2.0	2.0	1.0
2025-01-02	17:45	Zwolle	Utrecht	3	3	D	2	0	H	12	17	6	9	15	12	5	3	2	0	0	0	3.1	3.5	2.25	3.1	3.6	2.2				3.18	3.46	2.24	3.0	3.5	2.2				3.3	3.65	2.25	3.1	3.49	2.21	1.7	2.1	1.75	2.13	1.77	2.2	1.71	2.09	0.25	1.91	1.99	1.92	1.95	1.93	2.0	1.88	1.92	3.1	3.5	2.25	2.87	3.4	2.4				3.03	3.54	2.37	2.9	3.4	2.3				3.16	3.56	2.4	2.99	3.47	2.31	1.67	2.15	1.77	2.14	1.9	2.29	1.74	2.09	0.25	1.89	2.01	1.85	2.06	1.93	2.09	1.85	2.0	eredivisie	3.0	3.5	2.2	3.04	3.65	2.23	3.3	3.5	2.32	1.75	2.18	1.96	2.0	2.9	3.3	2.3	3.05	3.56	2.37	3.1	3.6	2.48	1.85	2.14	1.86	2.14																															0	0	1		1	0	0	1	1	10.0	11.0	0	0	0	2025	0	0	91.0	121.0	zwolle	1.2105263157894737	23	0.5263157894736842	10	13.263157894736842	252	4.526315789473684	0.05263157894736842	-0.05263157894736842	0.2166666666666667	1.9285714285714286	54	0.6785714285714286	19	12.964285714285714	363	4.535714285714286	0.03571428571428571	0.42857142857142855	0.17592592592592593	0.3225806451612903	0.2857142857142857	0.4444444444444444	0.306420233463035	0.2714007782101167	0.42217898832684825	0.05273937532002049	0.10000000000000009	0.04999999999999982	0.0	-0.016160411698255328	-0.022265456117596172	-0.014313507504168987	0.8857142857142858	0.6428571428571429	1.3777777777777778	0.06442577030812324	1.9	0.026072772238153963				0	Unknown	Unknown	Normal	4.55	0.11436478462901056	6.0	1.0	3.1399999999999997	0.17939427526803642	7.0	1.2	0.022469457115619075	0.07368440928902775	0.28476978828472593	0.6190763453106273	0.8270480237502651	0.04788217892237131	0.1412495022797451	0.42828385863444146	0.38258446016344216	1.3295485073384927	0.0	0.0	0.0	-1.0797384875584441	-0.838727132618942	-0.2410113549395021	0.0	0.0	0.25	0.1	0.125	0.3	-0.44999999999999996	-0.775	10.0	11.0	-1.0	3.0	3.0
2025-01-03	15:30	Utrecht	NAC Breda	1	0	H	0	0	D	19	8	5	3	13	19	6	2	1	3	0	0	1.53	4.2	6.0							1.54	4.42	5.57	1.55	4.2	5.5				1.55	4.6	6.25	1.53	4.37	5.62	1.62	2.25	1.62	2.27	1.69	2.38	1.61	2.27	-1.0	1.92	1.98	1.9	1.97	1.95	1.99	1.88	1.95	1.57	4.2	5.5							1.59	4.2	5.83	1.55	4.0	5.8				1.59	4.38	6.3	1.57	4.21	5.72	1.65	2.2	1.68	2.27	1.7	2.38	1.65	2.24	-1.0	2.02	1.88	2.0	1.91	2.02	1.99	1.95	1.9	eredivisie	1.5	4.33	5.5	1.55	4.45	5.45	1.58	4.4	5.9	1.66	2.32	1.96	1.91	1.5	4.2	5.5	1.59	4.38	5.81	1.62	4.3	6.2	1.7	2.38	2.03	1.96																															1	0	0	Utrecht	0	0	1	3	0	12.0	3.0	0	0	0	2025	0	0	29.0	117.0	utrecht	1.6774193548387097	52	0.5161290322580645	16	14.741935483870968	457	5.483870967741935	0.12903225806451613	0.6451612903225806	-7.93016446160826e-18	0.46153846153846156	6	0.23076923076923078	3	10.846153846153847	141	3.769230769230769	-0.6923076923076923	-1.3846153846153846	-0.6666666666666666	0.6535947712418301	0.23809523809523808	0.16666666666666666	0.6175562417291575	0.22496691662990734	0.15747684164093514	0.05835667600373484	-0.020000000000000018	0.5	0.0	-0.03603852951267261	-0.009189825025731513	-0.013128321465330745	0.36428571428571427	1.4285714285714286	0.255	0.061728395061728225	1.935	0.025883838383838453				0	Unknown	Unknown	Normal	3.7700000000000005	0.10811269313431844	5.0	1.2	2.9	0.09783894204924203	3.0	-1.0	0.05242079784159655	0.11392044687281008	0.3234867656970584	0.5101719895885349	1.353295161359473	0.0891791696815798	0.18709550687209522	0.3929145882466705	0.33081073519965437	0.675812558988303	0.0	0.0	0.0	-1.0797384875584441	-0.838727132618942	-0.2410113549395021	0.0	0.0	0.4	0.3333333333333333	0.1	0.3333333333333333	-0.2666666666666667	-0.5666666666666667	12.0	3.0	9.0	4.0	1.0
2025-01-03	19:00	Groningen	Twente	1	1	D	1	1	D	6	12	3	2	12	10	2	3	2	0	0	0	3.9	3.5	1.95							3.87	3.55	1.95	3.7	3.4	1.95				3.93	3.64	2.0	3.8	3.52	1.96	1.95	1.9	1.97	1.88	2.0	1.96	1.93	1.87	0.5	1.9	2.0	1.9	1.97	1.93	2.0	1.87	1.97	3.9	3.3	1.95							4.09	3.43	2.01	3.9	3.25	1.95				4.22	3.45	2.05	3.99	3.36	1.98	2.08	1.73	2.16	1.75	2.19	1.8	2.1	1.74	0.5	1.9	2.0	1.89	2.01	1.93	2.05	1.85	2.0	eredivisie	3.9	3.4	1.91	3.8	3.62	1.95	4.1	3.65	2.0	2.04	1.92	1.96	2.01	3.9	3.3	1.95	4.22	3.43	1.99	4.2	3.55	2.02	2.18	1.81	1.94	2.03																															0	0	1		0	0	1	1	1	8.0	6.0	0	0	1	2025	0	0	114.0	87.0	groningen	1.4761904761904763	31	0.9047619047619048	19	14.19047619047619	298	5.333333333333333	0.38095238095238093	0.14285714285714285	0.4375	1.6774193548387097	52	0.8387096774193549	26	13.387096774193548	415	4.354838709677419	0.25806451612903225	0.4838709677419355	0.15789473684210525	0.25641025641025644	0.2857142857142857	0.5128205128205129	0.24305555555555552	0.27083333333333326	0.48611111111111105	0.054945054945055194	0.19999999999999973	0.0	0.10000000000000009	-0.013354700854700918	-0.026709401709401837	-0.014880952380952439	1.1142857142857143	0.5571428571428572	2.0	0.03913630229419707	1.9249999999999998	0.02631578947368407				0	Unknown	Unknown	Normal	3.2599999999999993	0.11473307319006883	5.0	0.6	2.5799999999999996	0.13514866293630845	6.0	-0.6	0.1025763204065305	0.15179797744676046	0.3258110594224088	0.41981464272430025	1.1064007489529717	0.08472435344009958	0.1998621690287608	0.45152840518155085	0.2638850723495887	1.1133373139562859	0.0	0.0	0.0	-1.0797384875584441	-0.838727132618942	-0.2410113549395021	0.0	0.0	0.2222222222222222	0.3	0.2222222222222222	0.0	-0.7777777777777778	-0.4777777777777778	8.0	6.0	2.0	2.0	2.0
2025-01-03	17:45	Go Ahead Eagles	PSV Eindhoven	3	2	H	1	2	A	7	16	4	5	9	7	2	5	1	2	0	0	5.25	4.2	1.57							4.94	4.43	1.52	4.8	4.33	1.57				5.5	4.7	1.59	5.02	4.49	1.56	1.44	2.7	1.41	2.71	1.49	2.88	1.42	2.72	1.0	1.95	1.95	1.92	1.87	1.99	1.95	1.92	1.9	6.25	4.75	1.45							6.3	4.93	1.48	5.5	4.8	1.44				6.5	5.1	1.49	6.11	4.91	1.46	1.3	3.4	1.35	3.31	1.37	3.42	1.34	3.24	1.25	1.92	1.98	1.94	1.96	1.96	2.3	1.89	1.95	eredivisie	5.5	4.5	1.5	4.97	4.6	1.58	6.0	4.8	1.58	1.48	2.84	2.01	1.91	6.5	4.75	1.4	6.43	4.88	1.49	6.4	5.0	1.54	1.41	3.4	1.91	2.07																															1	0	0	Go Ahead Eagles	0	1	0	3	0	4.0	11.0	0	1	0	2025	0	1	29.0	1.0	go_ahead_eagles	1.7096774193548387	53	0.7741935483870968	24	15.096774193548388	468	6.193548387096774	-0.0967741935483871	0.12903225806451613	0.15789473684210525	2.5806451612903225	80	1.0	31	17.806451612903224	552	6.870967741935484	0.5161290322580645	1.5161290322580645	0.32666666666666666	0.19047619047619047	0.23809523809523808	0.6369426751592356	0.17876458867065187	0.22345573583831485	0.5977796754910334	0.06551410373066413	0.4500000000000002	0.0	-0.1299999999999999	-0.011711601805538596	-0.03916299966820225	-0.014639502256923231	1.25	0.3738095238095238	3.343949044585987	0.06481481481481488	2.0700000000000003	0.025641025641025772				0	Unknown	Unknown	Normal	3.35	0.06767097903297759	1.0	-0.2	5.26	0.1249189574085027	9.0	1.6	0.044338665571496017	0.1314671280988063	0.4052142174566078	0.41897998887308985	0.7738299850327637	0.017320911435941094	0.058562443403841535	0.23724142939074047	0.686875215769477	0.6221749800914841	0.0	0.5	-0.5	-1.0797384875584441	-0.5032362795713652	-0.576502207987079	0.0	0.0	0.2	0.4	0.4	0.0	-0.8	-0.19999999999999996	4.0	11.0	-7.0	1.0	3.0
2025-01-03	20:00	Feyenoord	Nijmegen	0	0	D	0	0	D	17	5	5	2	13	20	10	3	1	4	0	0	1.44	5.0	6.0							1.46	4.74	6.22	1.44	4.33	6.0				1.48	5.0	6.75	1.46	4.68	6.21	1.57	2.35	1.58	2.42	1.61	2.47	1.56	2.37	-1.25	2.06	1.84	2.05	1.83	2.06	1.85	2.0	1.82	1.44	4.75	6.25							1.46	4.69	7.05	1.44	4.2	6.5				1.52	4.9	7.05	1.46	4.6	6.6	1.62	2.25	1.65	2.33	1.66	2.4	1.62	2.31	-1.25	2.04	1.86	2.04	1.87	2.13	1.9	2.02	1.83	eredivisie	1.44	4.6	6.0	1.48	4.65	6.2	1.48	5.3	6.8	1.59	2.5	2.03	1.9	1.4	4.33	6.5	1.48	4.9	6.71	1.5	4.8	7.6	1.69	2.44	2.11	1.88																															0	0	1		0	0	1	1	1	13.0	9.0	0	0	1	2025	0	0	62.0	114.0	feyenoord	2.5185185185185186	68	1.1851851851851851	32	20.703703703703702	559	7.148148148148148	0.9629629629629629	1.7037037037037037	0.5873015873015873	1.3	39	0.36666666666666664	11	12.333333333333334	370	4.666666666666667	-0.16666666666666666	0.13333333333333333	-0.04761904761904761	0.6944444444444444	0.2	0.16666666666666666	0.6544502617801047	0.18848167539267016	0.15706806282722513	0.061111111111111116	0.0	0.0	0.6699999999999999	-0.03999418266433974	-0.009598603839441527	-0.01151832460732985	0.288	1.2	0.24	0.06247459005285272	1.96	0.02891515407344869				0	Unknown	Unknown	Normal	4.35	0.14589526225439026	6.0	2.4	3.81	0.13533843290817582	3.0	0.4	0.05643997908318652	0.11291999963344061	0.2870332969746564	0.5436067243087165	1.1977619498594183	0.03211100049250045	0.09969763865590786	0.3534677830473464	0.5147235778042453	0.8268854026900083	0.0	0.0	0.0	-1.0797384875584441	-0.838727132618942	-0.2410113549395021	0.0	0.0	0.5	0.3	0.0	0.4	-0.09999999999999998	-0.7	13.0	9.0	4.0	4.0	3.0
2025-01-04	19:00	AZ Alkmaar	Waalwijk	2	2	D	1	0	H	24	6	6	2	10	10	12	5	0	3	0	0	1.3	5.75	8.0							1.31	6.07	9.23							1.35	6.1	10.5	1.29	5.7	9.3	1.44	2.7	1.48	2.75	1.48	2.74	1.45	2.63	-1.5	1.88	2.02	1.88	2.03	1.88	2.07	1.83	2.0	1.22	7.0	11.0							1.24	6.6	11.56							1.25	7.2	14.0	1.22	6.69	12.19	1.48	2.6	1.51	2.63	1.51	2.9	1.46	2.65	-1.75	1.84	2.06	1.93	1.96	2.15	2.09	1.85	2.0	eredivisie	1.25	5.5	10.5	1.3	5.75	9.4	1.31	6.2	11.5	1.5	2.92	1.88	2.06	1.2	6.5	11.0	1.25	7.2	11.3	1.24	7.2	15.5	1.53	2.82	1.91	2.08																															0	0	1		1	0	0	1	1	9.0	3.0	0	0	0	2025	0	0	85.0	88.0	az_alkmaar	1.8666666666666667	56	0.9666666666666667	29	17.266666666666666	518	6.3	0.4666666666666667	0.9333333333333333	0.3083333333333333	1.3157894736842106	25	0.2631578947368421	5	12.210526315789474	232	4.7894736842105265	-0.8421052631578947	-1.0	-1.1736111111111112	0.7692307692307692	0.17391304347826086	0.125	0.7201565557729942	0.16281800391389434	0.11702544031311157	0.06814381270902992				-0.04907421345777496	-0.007974559686888427	-0.011095039564366527	0.22608695652173913	1.391304347826087	0.1625	0.06481481481481488	2.0700000000000003	0.026964398567516312				0	Unknown	Unknown	Normal	3.3899999999999997	0.1289957709019231	7.0	0.8	3.21	0.23256970325678145	5.0	-0.8	0.0498641430667947	0.13655131827530936	0.38992325506767606	0.4236612835902198	1.3405393342999348	0.10792397327112599	0.16587298600846517	0.3270981951300373	0.39910484559037157	0.28066770506757455	0.0	0.0	0.0	-1.0797384875584441	-0.838727132618942	-0.2410113549395021	0.0	0.0	0.4	0.1	0.2	0.3	-0.29999999999999993	-0.7000000000000001	9.0	3.0	6.0	3.0	1.0
2025-01-11	20:00	Telstar	Excelsior	2	2	D	2	1	H	17	21	8	8	8	15	3	5	0	2	0	0	2.25	3.6	2.9	2.2	3.7	3.0													2.28	3.7	3.1	2.21	3.58	2.98	1.67	2.15			1.67	2.35	1.61	2.2	-0.25	1.95	1.85			1.95	1.93	1.88	1.86	2.1	3.6	3.2	2.1	3.6	3.3													2.15	3.7	3.45	2.11	3.5	3.26	1.67	2.15			1.7	2.2	1.65	2.12	-0.25	1.83	1.98			1.83	2.02	1.79	1.95	eredivisie							2.26	3.75	2.98	1.59	1.67	1.96	1.88							2.24	3.65	3.45	1.78	2.2	1.95	2.02	2.15	3.4	2.88	2.12	3.7	3.1	2.2	3.6	3.0	2.2	3.7	3.0	2.2	3.6	3.0	2.1	3.4	3.0	2.05	3.45	3.45	2.15	3.7	3.2	2.1	3.6	3.3	2.1	3.5	3.25	0	0	1		1	0	0	1	1		1.0	0	0	0	2025	0	0		100.0	telstar	1.75	7	0.5	2	12.5	50	5.25	-0.5	0.0	-0.5	1.2272727272727273	27	0.6818181818181818	15	9.545454545454545	210	4.090909090909091	-0.5454545454545454	-1.4545454545454546	-0.5625	0.4444444444444444	0.2777777777777778	0.3448275862068966	0.41651705565529623	0.26032315978456017	0.32315978456014366	0.06704980842911867				-0.02792738878914819	-0.021667801646752916	-0.017454617993217625	0.625	0.8055555555555555	0.7758620689655172	0.06391867427934828	1.91	0.053361053361053346				0	Unknown	Unknown	Normal	1.5	0.15	3.0	0.0	1.86	0.16087193983807174	3.0	-1.8	0.3	0.35	0.25	0.1	1.5	0.2460007484147498	0.24776188438545188	0.34313693146372326	0.163100435736075	0.5045563922452597	0.0	0.0	0.0	-1.0797384875584441	-0.838727132618942	-0.2410113549395021	0.0	0.0	0.3	0.1	0.2	0.5	-0.2	-0.7000000000000001	5.0	1.0	4.0	1.5	0.0
2025-01-11	19:00	Feyenoord	Volendam	3	1	H	2	0	H	37	9	9	1	4	8	10	1	0	0	0	0	1.11	9.0	21.0	1.11	11.0	19.0													1.11	11.0	21.0	1.1	9.64	18.63	1.25	4.0			1.25	4.2	1.23	3.87	-2.75	2.05	1.75			2.05	1.85	1.98	1.77	1.11	9.0	21.0	1.13	9.5	19.5													1.13	10.5	22.0	1.11	9.32	18.34	1.22	4.2			1.25	4.2	1.23	3.87	-2.5	1.85	1.95			1.9	1.95	1.84	1.89	eredivisie							1.14	11.0	21.0	1.26	4.2	2.05	1.78							1.13	12.0	27.0	1.27	4.4	1.94	2.01	1.09	8.0	15.0	1.09	10.0	20.0	1.08	10.0	21.0	1.11	11.0	19.0	1.11	10.0	19.0	1.09	8.0	15.0	1.11	9.5	16.0	1.1	10.5	22.0	1.12	9.5	19.0	1.12	9.5	19.0	1	0	0	Feyenoord	1	0	0	3	0	11.0	1.0	2	0	1	2025	1	0	8.0	37.0	feyenoord	2.5185185185185186	68	1.1851851851851851	32	20.703703703703702	559	7.148148148148148	0.9629629629629629	1.7037037037037037	0.5873015873015873	0.9583333333333334	23	0.5	12	9.166666666666666	220	3.4166666666666665	-0.875	-1.375	-0.7	0.9009009009009008	0.1111111111111111	0.047619047619047616	0.8502024291497975	0.10485829959514169	0.044939271255060725	0.059631059631059635				-0.05069847175110331	-0.002679776363986891	-0.006252811515969417	0.12333333333333335	2.3333333333333335	0.05285714285714286	0.050000000000000044	2.625	0.059233449477351874				0	Unknown	Unknown	Normal	4.74	0.09651254620500752	3.0	2.2	1.98	0.18578514521686468	3.0	-2.4	0.018163074329114147	0.06788544068977855	0.29296514187740136	0.6209863431037059	1.3754019106106827	0.1649506325071929	0.27369558529093735	0.4055080511495464	0.15584573105232336	0.11955766796289209	0.5	0.0	0.5	-0.8566051398668568	-0.838727132618942	-0.017878007247914773	0.0	0.0	0.6	0.1	0.1	0.2	-0.20000000000000007	-0.8	11.0	1.0	10.0	3.0	0.0
2025-01-11	17:45	NAC Breda	Go Ahead Eagles	1	0	H	0	0	D	8	7	2	2	10	8	2	2	4	2	0	0	2.35	3.6	2.8	2.35	3.6	2.8													2.37	3.75	2.9	2.32	3.59	2.78	1.65	2.2			1.65	2.33	1.6	2.22	-0.25	2.0	1.8			2.02	1.8	1.98	1.76	2.2	3.7	3.1	2.25	3.6	3.0													2.26	3.75	3.1	2.19	3.58	3.03	1.65	2.2			1.65	2.3	1.61	2.21	-0.25	1.9	1.9			1.9	1.94	1.86	1.88	eredivisie							2.42	3.6	3.0	1.69	2.3	2.1	1.84							2.28	3.8	3.25	1.66	2.42	1.98	1.98	2.25	3.4	2.75	2.3	3.75	2.7	2.3	3.6	2.8	2.37	3.6	2.8	2.37	3.6	2.8	2.15	3.4	2.88	2.1	3.65	3.1	2.2	3.75	3.0	2.25	3.6	3.0	2.25	3.6	3.0	1	0	0	NAC Breda	0	0	1	3	0	3.0	5.0	0	0	0	2025	0	0	122.0	92.0	nac_breda	1.0833333333333333	13	0.4166666666666667	5	14.0	168	4.333333333333333	-0.5833333333333334	-0.5	-0.5	1.2142857142857142	34	0.5714285714285714	16	11.821428571428571	331	3.7142857142857144	-0.07142857142857142	-0.25	-0.25	0.425531914893617	0.2777777777777778	0.35714285714285715	0.40127388535031844	0.26194267515923564	0.3367834394904458	0.06045254981425208				-0.024258029543298587	-0.020359417652411338	-0.01583510261854215	0.6527777777777778	0.7777777777777777	0.8392857142857144	0.06060606060606055	1.925	0.05555555555555558				0	Unknown	Unknown	Normal	3.0249999999999995	0.027624309392265192	1.0	-1.0	2.3899999999999997	0.08860274465095816	3.0	0.0	0.06836303460965068	0.16469219692582782	0.40811463864682274	0.3588301298176988	0.74326346900833	0.14010788393361506	0.22468625465859166	0.3942442539012354	0.24096160750655793	0.7188545228300096	0.0	0.0	0.0	-1.0797384875584441	-0.838727132618942	-0.2410113549395021	0.0	0.0	0.5	0.4	0.5	0.4	-0.09999999999999998	-0.09999999999999998	3.0	5.0	-2.0	1.0	1.0
2025-01-11	15:30	Ajax	Heerenveen	1	1	D	1	0	H	9	17	2	7	6	16	5	4	0	2	0	0	1.57	4.5	5.0	1.55	4.75	5.0													1.57	4.75	5.6	1.53	4.52	5.12	1.44	2.7			1.44	2.75	1.42	2.68	-1.0	1.88	1.93			1.9	2.05	1.82	1.94	1.53	4.5	5.5	1.55	4.6	5.25													1.55	4.75	5.5	1.52	4.55	5.3	1.48	2.6			1.48	2.75	1.43	2.67	-1.0	1.83	1.98			1.85	2.04	1.79	1.97	eredivisie							1.58	4.9	5.4	1.47	2.92	1.89	2.01							1.56	4.5	7.0	1.5	2.92	1.93	2.06	1.5	4.2	5.0	1.48	4.7	5.6	1.53	4.4	5.25	1.55	4.6	5.0	1.53	4.6	5.0	1.5	4.2	5.0	1.48	4.7	5.5	1.53	4.6	5.5	1.55	4.6	5.25	1.53	4.6	5.25	0	0	1		1	0	0	1	1	11.0	5.0	3	0	0	2025	0	0	37.0	64.0	ajax	2.0606060606060606	68	1.0606060606060606	35	17.636363636363637	582	5.909090909090909	0.696969696969697	1.0606060606060606	0.3492063492063492	1.1666666666666667	35	0.4666666666666667	14	11.866666666666667	356	3.8666666666666667	-0.26666666666666666	-0.7666666666666667	0.13333333333333333	0.6369426751592356	0.2222222222222222	0.2	0.6013630896699185	0.2098089001737271	0.18882801015635442	0.059164897381457804				-0.03557958548931717	-0.011171989843645591	-0.012413322048495101	0.3488888888888889	1.1111111111111112	0.314	0.06481481481481488	2.0700000000000003	0.05004960864292807				0	Unknown	Unknown	Normal	3.2399999999999998	0.1583044976309847	6.0	1.2	2.44	0.09139807272792881	2.0	-0.4	0.06257093847154425	0.1530446590475291	0.38812509785550475	0.3962593046254219	1.3023803632365163	0.13478094477000763	0.2205391869106693	0.3890120804125156	0.25566778790680755	0.9250325997106472	0.0	0.0	0.0	-1.0797384875584441	-0.838727132618942	-0.2410113549395021	0.0	0.0	0.3	0.1	0.0	0.5	-0.2	-0.9	11.0	5.0	6.0	3.0	1.0
2025-02-02	15:45	Sparta Rotterdam	Groningen	1	0	H	0	0	D	8	7	3	3	6	11	4	2	0	1	0	0	1.8	3.6	4.75	1.77	3.5	4.75				1.79	3.5	4.81	1.8	3.5	4.4				1.82	3.7	5.0	1.78	3.53	4.59	2.03	1.83	2.01	1.83	2.06	1.85	1.98	1.81	-0.75	2.06	1.84	2.04	1.82	2.08	1.84	2.01	1.8	1.75	3.7	4.75	1.77	3.5	4.8				1.79	3.62	5.07	1.75	3.5	4.6				1.85	3.78	5.07	1.77	3.57	4.74	2.0	1.85	2.01	1.88	2.11	1.91	1.97	1.84	-0.75	2.0	1.9	2.02	1.88	2.09	1.93	2.01	1.84	eredivisie	1.75	3.6	4.6	1.8	3.7	4.43	1.84	3.6	4.8	2.06	1.83			1.75	3.5	4.75	1.78	3.78	4.85	1.85	3.65	5.2	2.06	1.91	2.09	1.88																															1	0	0	Sparta Rotterdam	0	0	1	3	0	1.0	0.0	0	0	0	2025	0	0	86.0	237.0	sparta_rotterdam	1.3571428571428572	38	0.5	14	14.857142857142858	416	5.107142857142857	0.10714285714285714	0.0	0.2156862745098039	0.75	15	0.35	7	11.9	238	4.3	-0.55	-1.45	-0.14285714285714285	0.5555555555555556	0.2777777777777778	0.21052631578947367	0.5322128851540617	0.26610644257703087	0.20168067226890757	0.04385964912280693	0.0	0.34999999999999964	0.10000000000000009	-0.023342670401493848	-0.008845643520566104	-0.011671335200746924	0.5	1.3194444444444444	0.37894736842105264	0.03905892487011764	1.93	0.02891515407344869				0	Unknown	Unknown	Normal	3.34	0.029280653183801787	1.0	-1.6	1.7	0.01652892561983471	1.0	-3.2	0.09345952523282167	0.163857842701132	0.3317575409655566	0.41092509110048975	0.827328676944662	0.24608885305506725	0.28051910517846146	0.3462614654558469	0.12713057631062433	0.5929377786462748	0.0	0.0	0.0	-1.0797384875584441	-0.838727132618942	-0.2410113549395021	0.0	0.0	0.1	0.1	0.5	0.5	-0.4	-0.4	1.0	0.0	1.0	0.0	0.0
2025-02-02	11:15	Almere City	Waalwijk	1	4	A	1	0	H	15	28	5	13	6	9	5	10	0	2	1	0	2.2	3.5	3.25	2.15	3.4	3.25				2.21	3.34	3.35	2.15	3.3	3.25				2.23	3.5	3.35	2.18	3.4	3.24	1.98	1.88	1.95	1.88	2.0	1.91	1.92	1.86	-0.25	1.95	1.95	1.91	1.94	1.97	1.96	1.88	1.92	2.25	3.4	3.25	2.3	3.4	3.0				2.25	3.44	3.35	2.25	3.3	3.1				2.33	3.46	3.36	2.26	3.38	3.18	1.83	2.03	1.88	2.01	2.01	2.06	1.85	1.95	-0.25	1.95	1.95	1.94	1.96	2.0	1.97	1.94	1.89	eredivisie	2.1	3.4	3.3	2.16	3.48	3.31	2.06	3.3	3.55	1.89	1.78	1.78	2.02	2.2	3.3	3.2	2.29	3.45	3.3	2.34	3.5	3.4	1.93	2.06	2.01	1.98																															0	1	0	Waalwijk	1	0	0	0	3	2.0	4.0	1	0	1	2025	0	1	114.0	29.0	almere_city	0.8666666666666667	13	0.3333333333333333	5	13.533333333333333	203	3.533333333333333	-0.4	-0.8666666666666667	-0.6666666666666666	1.3157894736842106	25	0.2631578947368421	5	12.210526315789474	232	4.7894736842105265	-0.8421052631578947	-1.0	-1.1736111111111112	0.45454545454545453	0.2857142857142857	0.3076923076923077	0.43374642516682554	0.2726406101048618	0.2936129647283127	0.04795204795204788	0.050000000000000266	0.0	0.20000000000000018	-0.020799029378628986	-0.01407934296399499	-0.013073675609423907	0.6285714285714287	0.9285714285714286	0.676923076923077	0.03696539866752646	1.93	0.025641025641025772				0	Unknown	Unknown	Normal	1.69	0.06468739802073135	1.0	-1.2	2.8400000000000003	0.29814347374858474	5.0	-0.2	0.198991873006285	0.30754031018792927	0.39285310864910217	0.10061470815668358	0.757948694365795	0.15385990650452047	0.20973441227107315	0.3059484328841441	0.3304572483402624	0.25878765474749227	0.0	0.5	-0.5	-1.0797384875584441	-0.5032362795713652	-0.576502207987079	0.0	0.0	0.2	0.1	0.3	0.3	-0.49999999999999994	-0.6	2.0	4.0	-2.0	0.0	1.0
2025-02-02	19:00	Willem II	AZ Alkmaar	0	2	A	0	2	A	3	17	1	7	14	7	1	10	4	0	1	0	5.0	3.5	1.73	4.33	3.6	1.83				4.84	3.61	1.75	4.4	3.5	1.8				5.0	3.74	1.83	4.66	3.6	1.75	2.03	1.83	1.98	1.86	2.06	1.87	1.97	1.82	0.75	1.88	2.02	1.87	1.99	1.89	2.08	1.84	1.97	6.0	3.6	1.62	5.75	3.6	1.65				5.99	3.67	1.68	5.8	3.6	1.62				6.5	3.71	1.68	5.81	3.63	1.65	2.1	1.7	2.19	1.74	2.28	1.74	2.15	1.69	0.75	2.04	1.86	2.03	1.88	2.07	1.88	2.0	1.85	eredivisie	4.6	3.6	1.75	4.58	3.74	1.77	4.9	3.1	1.69	2.02	1.75			5.0	3.5	1.62	6.19	3.71	1.66	6.2	3.8	1.72	2.24	1.78	2.06	1.92																															0	1	0	AZ Alkmaar	0	1	0	0	3	0.0	7.0	0	0	0	2025	0	0	174.0	59.0	willem_ii	0.8	4	0.2	1	8.6	43	3.4	-0.4	-1.2	0.0	1.3103448275862069	38	0.7931034482758621	23	12.862068965517242	373	5.206896551724138	0.3793103448275862	0.10344827586206896	0.4230769230769231	0.2	0.2857142857142857	0.5780346820809249	0.18801428349635152	0.2685918335662164	0.5433938829374321	0.06374896779521055	0.5999999999999996	-0.07000000000000006	0.0	-0.011985716503648491	-0.03464079914349283	-0.01712245214806929	1.4285714285714286	0.4942857142857143	2.8901734104046244	0.03905892487011764	1.93	0.026964398567516312				0	Unknown	Unknown	Normal	1.775	0.04950495049504951	1.0	-1.0	2.3899999999999997	0.08767658474216707	4.0	-0.2	0.2036773613342329	0.2909276863402506	0.3799593790212206	0.1254355733042959	0.5649958699244517	0.10792362411669565	0.22480010175486004	0.43923745259862557	0.22803882152981886	1.1359595092784187	0.0	0.0	0.0	-1.0797384875584441	-0.838727132618942	-0.2410113549395021	0.0	0.0	0.0	0.3	0.5	0.4	-0.6	-0.2	0.0	7.0	-7.0	0.0	2.0
2025-02-02	13:30	Go Ahead Eagles	Twente	2	2	D	1	0	H	9	17	4	9	10	14	4	8	0	0	0	0	2.55	3.6	2.55	2.6	3.6	2.5				2.6	3.47	2.65	2.5	3.5	2.5				2.6	3.65	2.65	2.56	3.54	2.57	1.65	2.2	1.68	2.21	1.69	2.28	1.64	2.21	0.0	1.95	1.95	1.91	1.94	1.98	1.97	1.92	1.92	2.55	3.7	2.5	2.65	3.6	2.5				2.67	3.74	2.56	2.62	3.6	2.45				2.7	3.8	2.56	2.63	3.64	2.51	1.57	2.35	1.59	2.45	1.62	2.45	1.57	2.37	0.0	1.99	1.91	1.99	1.91	2.03	1.95	1.99	1.88	eredivisie	2.55	3.5	2.6	2.56	3.65	2.56	2.7	3.65	2.64	1.67	2.22	1.96	1.95	2.55	3.5	2.38	2.7	3.8	2.52	2.78	3.9	2.6	1.61	2.6	2.06	1.93																															0	0	1		1	0	0	1	1	4.0	7.0	0	1	1	2025	3	1	30.0	30.0	go_ahead_eagles	1.7096774193548387	53	0.7741935483870968	24	15.096774193548388	468	6.193548387096774	-0.0967741935483871	0.12903225806451613	0.15789473684210525	1.6774193548387097	52	0.8387096774193549	26	13.387096774193548	415	4.354838709677419	0.25806451612903225	0.4838709677419355	0.15789473684210525	0.3921568627450981	0.2777777777777778	0.3921568627450981	0.3692307692307692	0.2615384615384615	0.3692307692307692	0.06209150326797408	0.04999999999999982	0.04999999999999982	0.10000000000000009	-0.022926093514328894	-0.022926093514328894	-0.016239316239316293	0.7083333333333333	0.7083333333333333	1.0	0.06060606060606055	1.925	0.025641025641025772				0	Unknown	Unknown	Normal	2.7800000000000002	0.09692940250196834	3.0	-1.0	2.38	0.13843255544356037	6.0	-0.4	0.06741326943628198	0.17588625312529715	0.4510260764875819	0.30567440095083886	0.7461852992201845	0.10363343327334515	0.22478477670064595	0.44871247682989496	0.22286931319611397	1.158675637520353	1.5	0.5	1.0	-0.41033844448368195	-0.5032362795713652	0.09289783508768323	1.0	0.0	0.2	0.2	0.3	0.0	-0.8	-0.49999999999999994	4.0	7.0	-3.0	1.0	2.0
2025-02-02	13:30	Ajax	Feyenoord	2	1	H	1	0	H	16	12	7	6	13	7	7	5	0	0	0	0	2.2	3.6	3.0	2.25	3.6	2.95				2.28	3.58	3.01	2.25	3.5	2.9				2.32	3.68	3.01	2.25	3.57	2.96	1.67	2.15	1.68	2.22	1.7	2.3	1.65	2.19	-0.25	2.0	1.9	1.99	1.86	2.04	1.91	1.95	1.85	2.1	3.6	3.3	2.1	3.5	3.4				2.14	3.64	3.46	2.1	3.4	3.3				2.16	3.69	3.6	2.11	3.53	3.41	1.7	2.1	1.71	2.2	1.82	2.2	1.75	2.07	-0.25	1.85	2.05	1.86	2.05	1.88	2.1	1.82	2.02	eredivisie	2.2	3.5	3.0	2.26	3.68	2.96	2.42	3.6	3.1	1.7	2.24	2.09	1.88	2.0	3.4	3.3	2.1	3.69	3.52	2.18	3.7	3.6	1.79	2.22	1.88	2.1																															1	0	0	Ajax	1	0	0	3	0	11.0	13.0	0	0	0	2025	1	0	22.0	59.0	ajax	2.0606060606060606	68	1.0606060606060606	35	17.636363636363637	582	5.909090909090909	0.696969696969697	1.0606060606060606	0.3492063492063492	2.0	60	1.0333333333333334	31	15.3	459	6.233333333333333	0.3333333333333333	0.8333333333333334	0.14814814814814814	0.45454545454545453	0.2777777777777778	0.3333333333333333	0.4265402843601896	0.26066350710900477	0.3127962085308057	0.06565656565656552	-0.04999999999999982	0.10000000000000009	0.10000000000000009	-0.028005170185264938	-0.020537124802527618	-0.017114270668773024	0.6111111111111112	0.8333333333333333	0.7333333333333334	0.06391867427934828	1.91	0.02631578947368407				0	Unknown	Unknown	Normal	3.1599999999999997	0.1497481684639685	5.0	1.2	4.4	0.13611161852636883	10.0	1.2	0.07588318542315278	0.16351743151117373	0.3771526888945984	0.3834466941710751	1.2468352530064348	0.06025264026143603	0.09792952246039274	0.23663516736176585	0.6051826699164055	0.7177281662042161	0.5	0.0	0.5	-0.8566051398668568	-0.838727132618942	-0.017878007247914773	0.0	0.0	0.3	0.4	0.0	0.1	-0.6000000000000001	-0.6	11.0	13.0	-2.0	3.0	4.0
2025-02-03	15:45	Sparta Rotterdam	Willem II	4	0	H	1	0	H	22	9	11	3	10	7	9	5	1	1	0	0	1.65	3.8	5.25							1.64	3.96	5.21	1.67	3.7	5.0				1.68	3.99	5.5	1.64	3.86	5.17	2.0	1.85	1.95	1.88	2.07	1.93	1.95	1.86	-0.75	1.86	2.04	1.83	2.04	1.87	2.06	1.81	1.99	1.67	3.75	5.25							1.68	3.85	5.47	1.65	3.7	5.0				1.71	3.85	5.75	1.67	3.75	5.37	1.98	1.88	2.01	1.88	2.13	1.92	1.98	1.84	-0.75	1.87	2.03	1.88	2.02	1.9	2.05	1.86	1.98	eredivisie	1.62	3.8	5.5	1.64	3.95	5.35	1.3	3.9	5.7	1.9	1.78			1.62	3.7	5.5	1.71	3.84	5.38	1.71	3.95	6.0	2.04	1.93	1.91	2.07																															1	0	0	Sparta Rotterdam	1	0	0	3	0	4.0	7.0	0	0	0	2025	3	0	1.0	115.0	sparta_rotterdam	1.3571428571428572	38	0.5	14	14.857142857142858	416	5.107142857142857	0.10714285714285714	0.0	0.2156862745098039	1.125	9	0.625	5	7.875	63	2.5	-0.125	-1.0	-0.75	0.6060606060606061	0.2631578947368421	0.19047619047619047	0.571920017200602	0.24833369167920874	0.1797462911201892	0.05969469127363869	-0.020000000000000018	0.25	0.09999999999999964	-0.03414058886000404	-0.010729899356001271	-0.01482420305763335	0.4342105263157895	1.381578947368421	0.3142857142857143	0.04054054054054035	1.925	0.027830487033523088				0	Unknown	Unknown	Normal	3.3	0.03417003101047335	1.0	-0.8	1.0166666666666666	0.33392768535331224	4.0	0.6666666666666666	0.09915997777798635	0.1692542837661745	0.3276877674665756	0.40389797098926367	0.9207950712098814	0.4076967688573155	0.32523390376776923	0.23021322269117317	0.036856104683742084	0.18304022449909466	1.5	0.0	1.5	-0.41033844448368195	-0.838727132618942	0.4283886881352601	1.0	0.0	0.2	0.3333333333333333	0.4	0.0	-0.8	-0.26666666666666666	4.0	7.0	-3.0	1.0	2.0
2025-02-03	13:30	Heracles	Zwolle	4	2	H	2	2	D	16	5	5	3	18	16	7	1	1	2	0	0	2.2	3.4	3.25							2.27	3.18	3.4	2.2	3.4	3.1				2.28	3.58	3.4	2.23	3.3	3.25	1.85	2.0	1.83	2.01	1.89	2.06	1.82	1.98	-0.25	1.95	1.95	1.93	1.92	1.98	1.95	1.91	1.9	2.2	3.4	3.3							2.26	3.32	3.44	2.2	3.3	3.1				2.3	3.47	3.47	2.23	3.31	3.32	1.88	1.98	1.89	2.0	1.98	2.0	1.87	1.95	-0.25	1.87	1.91	1.94	1.96	1.97	1.99	1.91	1.92	eredivisie	2.25	3.2	3.3	2.18	3.58	3.19	2.34	3.35	3.4	1.9	2.0			2.15	3.25	3.4	2.3	3.47	3.24	2.28	3.45	3.6	1.96	2.02	1.96	2.03																															1	0	0	Heracles	0	0	1	3	0	8.0	4.0	1	0	0	2025	0	0	124.0	60.0	heracles	2.1052631578947367	40	0.7894736842105263	15	14.842105263157896	282	5.368421052631579	-0.3157894736842105	0.21052631578947367	-0.1987179487179487	1.25	30	0.4166666666666667	10	9.666666666666666	232	3.7916666666666665	-0.5	-1.1666666666666667	-0.4230769230769231	0.45454545454545453	0.29411764705882354	0.3076923076923077	0.43029595015576316	0.27842679127725856	0.29127725856697817	0.05635540929658589	0.0	0.1499999999999999	0.0	-0.024249504389691368	-0.01641504912532954	-0.015690855781564983	0.6470588235294118	0.9558823529411765	0.676923076923077	0.04054054054054035	1.925	0.025641025641025772				0	Unknown	Unknown	Normal	4.14	0.12857889791962665	5.0	0.2	2.42	0.05927695147106721	2.0	-0.2	0.020580135085055677	0.07563470038388767	0.3253524662860551	0.5784326982450015	0.6869281678255591	0.18848032401825854	0.24262519200014307	0.31719273540952264	0.2517017485720758	0.6390246119558306	0.0	0.0	0.0	-1.0797384875584441	-0.838727132618942	-0.2410113549395021	0.0	0.0	0.2	0.2	0.3	0.4	-0.39999999999999997	-0.49999999999999994	8.0	4.0	4.0	2.0	0.0
2025-02-03	13:30	Almere City	Ajax	0	1	A	0	1	A	14	5	1	2	16	13	3	0	1	0	0	0	7.5	4.75	1.4							6.5	5.01	1.42	7.5	4.6	1.4				8.0	5.2	1.43	7.04	4.85	1.4	1.65	2.2	1.67	2.22	1.7	2.29	1.64	2.22	1.25	1.99	1.91	1.93	1.93	2.0	1.93	1.92	1.88	6.0	4.5	1.45							6.33	4.67	1.5	6.5	4.4	1.44				7.5	5.0	1.51	6.47	4.63	1.47	1.54	2.35	1.63	2.38	1.64	2.45	1.6	2.34	1.25	1.76	2.02	1.83	2.09	1.86	2.12	1.82	2.02	eredivisie	8.0	4.75	1.33	7.5	4.9	1.4	7.8	5.1	1.42	1.76	2.24			7.0	4.5	1.44	6.45	4.65	1.51	7.6	4.7	1.5	1.68	2.42	1.87	2.09																															0	1	0	Ajax	0	1	0	0	3	2.0	4.0	0	0	1	2025	0	0	1.0	93.0	almere_city	0.8666666666666667	13	0.3333333333333333	5	13.533333333333333	203	3.533333333333333	-0.4	-0.8666666666666667	-0.6666666666666666	2.0344827586206895	59	0.8620689655172413	25	12.96551724137931	376	5.517241379310345	0.3448275862068966	0.5172413793103449	0.30833333333333335	0.13333333333333333	0.21052631578947367	0.7142857142857143	0.12600663192799622	0.19895783988630983	0.6750355281856941	0.05814536340852117	0.0	0.0	0.15000000000000036	-0.007326701405337116	-0.03925018610002018	-0.011568475903163844	1.5789473684210527	0.29473684210526313	5.357142857142858	0.06060606060606055	1.925	0.026072772238153963				0	Unknown	Unknown	Normal	1.9100000000000001	0.05991441311529612	2.0	-1.4	2.85	0.14404652709120666	5.0	-1.0	0.18344988301793003	0.2826553574359449	0.38574298413093133	0.14815177541519375	0.6084625910864864	0.17858698473906015	0.1729531924248467	0.30384970526761423	0.3446101175684789	0.599437701698813	0.0	0.0	0.0	-1.0797384875584441	-0.838727132618942	-0.2410113549395021	-3.0	0.0	0.1	0.0	0.3	0.1	-0.8	-0.7	2.0	4.0	-2.0	0.0	1.0
2025-02-03	11:15	Heerenveen	AZ Alkmaar	3	1	H	1	0	H	10	10	7	4	11	10	3	6	2	3	0	0	3.6	3.3	2.1							3.54	3.4	2.11	3.5	3.4	2.05				3.7	3.52	2.12	3.52	3.38	2.08	2.0	1.85	1.98	1.85	2.04	1.91	1.97	1.83	0.25	2.08	1.82	2.04	1.83	2.17	1.85	2.03	1.79	3.5	3.3	2.1							3.59	3.49	2.14	3.4	3.3	2.1				3.8	3.5	2.17	3.52	3.41	2.11	1.9	1.95	1.93	1.96	1.98	1.99	1.91	1.9	0.25	2.04	1.86	2.07	1.85	2.11	1.88	2.02	1.81	eredivisie	3.6	3.3	2.0	3.51	3.52	2.08	4.0	3.4	2.12	2.0	1.86	2.14	1.81	3.4	3.3	2.0	3.8	3.41	2.1	3.75	3.6	2.18	1.99	2.0	2.12	1.87																															1	0	0	Heerenveen	1	0	0	3	0	7.0	10.0	0	0	1	2025	1	3	32.0	1.0	heerenveen	1.7692307692307692	46	1.0384615384615385	27	15.384615384615385	400	5.5	0.19230769230769232	0.34615384615384615	0.03571428571428571	1.3103448275862069	38	0.7931034482758621	23	12.862068965517242	373	5.206896551724138	0.3793103448275862	0.10344827586206896	0.4230769230769231	0.2777777777777778	0.30303030303030304	0.47619047619047616	0.26279863481228666	0.28668941979522183	0.4505119453924914	0.05699855699855716	0.10000000000000009	0.050000000000000266	-0.10000000000000009	-0.014979142965491132	-0.025678530797984767	-0.016340883235081205	1.090909090909091	0.6363636363636365	1.7142857142857142	0.04054054054054035	1.925	0.030219780219780112				0	Unknown	Unknown	Normal	3.1799999999999997	0.13877800250190223	6.0	-0.2	2.6	0.09126641740964433	6.0	1.0	0.11596421847746126	0.1454091907687648	0.3244628295120595	0.4141637612417144	0.690245116607339	0.10206666693495496	0.20995406195328342	0.41591794414184735	0.2720613269699143	1.3789598828574183	0.5	1.5	-1.0	-0.8566051398668568	0.1677454265237884	-1.0243505663906451	0.0	2.0	0.2	0.4	0.0	0.4	-0.39999999999999997	-0.6	7.0	10.0	-3.0	2.0	3.0
2025-02-04	19:00	Feyenoord	Groningen	4	1	H	2	1	H	13	6	7	1	7	8	1	1	0	2	0	0	1.38	5.0	7.0							1.36	5.0	8.28							1.39	5.0	8.7	1.36	4.87	8.04	1.65	2.2	1.68	2.22	1.74	2.22	1.65	2.16	-1.25	1.86	2.04	1.85	2.03	1.88	2.04	1.82	1.99	1.4	4.5	7.5							1.42	4.67	8.22							1.43	4.8	8.5	1.4	4.64	7.95	1.88	1.98	1.91	1.98	1.98	2.04	1.85	1.95	-1.25	2.0	1.9	2.0	1.91	2.02	2.1	1.93	1.91	eredivisie	1.33	4.75	8.0	1.37	4.95	8.4	1.38	5.4	9.2	1.66	2.38	1.84	2.06	1.36	4.75	7.0	1.43	4.75	8.25	1.42	5.1	9.6	1.92	2.04	1.99	1.98																															1	0	0	Feyenoord	1	0	0	3	0	11.0	0.0	1	0	0	2025	4	0	24.0	2.0	feyenoord	2.5185185185185186	68	1.1851851851851851	32	20.703703703703702	559	7.148148148148148	0.9629629629629629	1.7037037037037037	0.5873015873015873	0.75	15	0.35	7	11.9	238	4.3	-0.55	-1.45	-0.14285714285714285	0.7246376811594204	0.2	0.14285714285714285	0.678820791311094	0.18735453840186192	0.1338246702870442	0.06749482401656315				-0.045816889848326436	-0.009032472570098649	-0.012645461598138091	0.27599999999999997	1.4	0.19714285714285712	0.06060606060606055	1.925	0.027830487033523088				0	Unknown	Unknown	Normal	4.46	0.0728179433090005	5.0	1.4	1.55	0.01652892561983471	1.0	-3.2	0.018322713756235336	0.06890581836951422	0.3026191337868389	0.6101523340874115	1.4244213623484403	0.2644266420203766	0.30029748607416784	0.336467998986986	0.09880787291846957	0.6143075617659381	1.3333333333333333	0.0	1.3333333333333333	-0.18720509679209452	-0.838727132618942	0.6515220358268475	2.0	-1.0	0.6	0.1	0.1	0.6	0.19999999999999996	-0.8	11.0	0.0	11.0	3.0	0.0
2025-02-11	13:30	Groningen	Twente	1	1	D	0	0	D	18	10	7	4	7	12	7	3	2	4	0	0	2.75	3.5	2.45	2.8	3.4	2.4													2.8	3.5	2.5	2.76	3.35	2.42	1.85	1.95			1.9	2.0	1.81	1.91	0.0	2.03	1.78			2.03	1.83	1.98	1.78	3.0	3.4	2.38	2.95	3.4	2.35													3.0	3.5	2.38	2.93	3.38	2.32	1.75	2.05			1.8	2.05	1.76	1.98	0.25	1.78	2.03			1.83	2.03	1.79	1.91	eredivisie							3.05	3.4	2.48	1.89	1.25									3.15	3.55	2.44	1.84	2.16	1.88	2.1	2.75	3.1	2.38	2.75	3.4	2.43				2.8	3.5	2.4	2.8	3.4	2.4	2.8	3.25	2.25	3.0	3.4	2.28	2.9	3.5	2.38	2.9	3.4	2.37	2.9	3.4	2.3	0	0	1		0	0	1	1	1	8.0	8.0	0	0	2	2025	1	2	39.0	9.0	groningen	1.4761904761904763	31	0.9047619047619048	19	14.19047619047619	298	5.333333333333333	0.38095238095238093	0.14285714285714285	0.4375	1.6774193548387097	52	0.8387096774193549	26	13.387096774193548	415	4.354838709677419	0.25806451612903225	0.4838709677419355	0.15789473684210525	0.36363636363636365	0.2857142857142857	0.4081632653061224	0.34385964912280703	0.27017543859649124	0.38596491228070173	0.0575139146567718				-0.019776714513556615	-0.02219835302542067	-0.015538847117794463	0.7857142857142857	0.7000000000000001	1.1224489795918366	0.053361053361053346	1.9	0.054408590247412514				0	Unknown	Unknown	Normal	2.7199999999999998	0.1370487542474888	6.0	0.6	2.8600000000000003	0.13365535422455038	5.0	-0.2	0.13840493961458536	0.20394552034659186	0.3470175757782473	0.31063196426057543	1.0635487471180758	0.0879403914833162	0.1900944455387034	0.4027973637276478	0.31916779925033256	1.008297673048959	0.5	0.6666666666666666	-0.16666666666666663	-0.8566051398668568	-0.1677454265237884	-0.6888597133430684	0.0	0.0	0.2	0.2	0.2	0.0	-0.8	-0.6000000000000001	8.0	8.0	0.0	2.0	2.0
2025-02-11	15:45	Utrecht	Nijmegen	1	0	H	1	0	H	11	16	4	5	11	15	2	2	1	2	0	0	2.15	3.6	3.25	2.15	3.7	3.1													2.15	3.7	3.4	2.1	3.52	3.21	1.65	2.2			1.65	2.3	1.59	2.23	-0.25	1.85	1.95			1.85	2.0	1.8	1.96	2.2	3.5	3.2	2.2	3.6	3.1													2.2	3.75	3.25	2.18	3.52	3.09	1.62	2.25			1.62	2.4	1.58	2.27	-0.25	1.9	1.9			1.9	1.96	1.85	1.89	eredivisie							2.12	3.65	3.4	1.63	1.25									2.28	3.7	3.35	1.66	2.44	1.97	2.0	2.05	3.5	3.0	2.04	3.5	3.35				2.15	3.7	3.1	2.1	3.7	3.1	2.15	3.4	2.88	2.1	3.5	3.25	2.2	3.75	3.0	2.2	3.6	3.1	2.2	3.5	3.1	1	0	0	Utrecht	1	0	0	3	0	12.0	7.0	0	0	1	2025	3	1	39.0	39.0	utrecht	1.6774193548387097	52	0.5161290322580645	16	14.741935483870968	457	5.483870967741935	0.12903225806451613	0.6451612903225806	-7.93016446160826e-18	1.3	39	0.36666666666666664	11	12.333333333333334	370	4.666666666666667	-0.16666666666666666	0.13333333333333333	-0.04761904761904761	0.46511627906976744	0.2777777777777778	0.3076923076923077	0.4427206508371961	0.2644026109166588	0.29287673824614513	0.05058636453985299				-0.022395628232571352	-0.01481556944616258	-0.013375166861119003	0.5972222222222222	0.9027777777777778	0.6615384615384615	0.06060606060606055	1.925	0.053361053361053346				0	Unknown	Unknown	Normal	3.4800000000000004	0.09260987134877413	2.0	1.2	3.11	0.1039248203427308	3.0	-0.2	0.056399674284244486	0.12667528938447553	0.35742695384076295	0.45949808249051693	1.4016507991155451	0.09053078745460172	0.16343468903924233	0.36262043723355475	0.38341408627260126	0.6536369174846105	1.5	0.5	1.0	-0.41033844448368195	-0.5032362795713652	0.09289783508768323	1.0	0.0	0.5	0.4	0.1	0.5	0.0	-0.5	12.0	7.0	5.0	4.0	2.0
2025-02-11	13:30	Sparta Rotterdam	AZ Alkmaar	0	1	A	0	0	D	10	20	3	14	7	12	6	9	1	1	0	0	4.1	4.1	1.75	3.9	4.0	1.82													4.2	4.2	1.82	3.94	4.02	1.75	1.53	2.4			1.53	2.5	1.5	2.43	0.75	1.85	1.95			1.86	1.95	1.84	1.93	4.1	4.2	1.73	4.2	4.1	1.73													4.65	4.25	1.75	4.24	4.08	1.7	1.48	2.6			1.5	2.63	1.47	2.54	0.75	1.9	1.9			1.92	1.9	1.88	1.86	eredivisie							4.2	4.0	1.82	1.55	2.56									4.7	4.3	1.79	1.53	2.8	2.0	1.98	3.75	3.75	1.73	4.0	4.1	1.73				3.9	4.0	1.8	3.9	3.9	1.8	4.2	3.75	1.67	4.1	4.25	1.68	4.33	4.2	1.73	4.2	4.0	1.75	4.2	4.0	1.73	0	1	0	AZ Alkmaar	0	0	1	0	3	7.0	10.0	0	0	1	2025	6	3	8.0	8.0	sparta_rotterdam	1.3571428571428572	38	0.5	14	14.857142857142858	416	5.107142857142857	0.10714285714285714	0.0	0.2156862745098039	1.3103448275862069	38	0.7931034482758621	23	12.862068965517242	373	5.206896551724138	0.3793103448275862	0.10344827586206896	0.4230769230769231	0.24390243902439027	0.24390243902439027	0.5714285714285714	0.23026315789473686	0.23026315789473686	0.5394736842105263	0.059233449477351874				-0.013639281129653402	-0.03195488721804507	-0.013639281129653402	1.0	0.426829268292683	2.3428571428571425	0.0702614379084967	1.9649999999999999	0.053361053361053346				0	Unknown	Unknown	Normal	3.3199999999999994	0.07036912603309778	5.0	0.4	2.6700000000000004	0.11106839760766414	6.0	0.8	0.0991103820756027	0.16900634657712155	0.326200474863532	0.4056827964837438	0.9383947459907007	0.09446327687527664	0.20071736906120163	0.4189045653371394	0.2859147887263823	1.259368320891197	2.0	1.0	1.0	0.2590615985910803	0.1677454265237884	0.0913161720672919	5.0	0.0	0.3	0.4	0.3	0.3	-0.39999999999999997	-0.29999999999999993	7.0	10.0	-3.0	2.0	3.0
2025-02-11	11:15	Heracles	Zwolle	8	2	H	4	1	H	23	7	11	4	16	11	4	2	0	3	0	1	2.4	3.5	2.8	2.4	3.5	2.8													2.48	3.5	2.9	2.38	3.38	2.82	1.75	2.05			1.8	2.05	1.74	2.0	-0.25	2.05	1.75			2.05	1.79	2.0	1.76	2.55	3.6	2.55	2.55	3.5	2.6													2.6	3.75	2.75	2.52	3.47	2.62	1.65	2.2			1.65	2.3	1.62	2.19	0.0	1.93	1.88			1.93	1.95	1.85	1.86	eredivisie							2.5	3.4	2.84	1.79	2.12									2.74	3.6	2.76	1.71	2.38	1.98	2.0	2.38	3.25	2.63	2.3	3.45	2.85				2.4	3.5	2.8	2.4	3.4	2.8	2.4	3.3	2.6	2.45	3.45	2.7	2.55	3.75	2.55	2.6	3.5	2.62	2.6	3.4	2.6	1	0	0	Heracles	1	0	0	3	0	10.0	3.0	2	0	0	2025	3	0	8.0	8.0	heracles	2.1052631578947367	40	0.7894736842105263	15	14.842105263157896	282	5.368421052631579	-0.3157894736842105	0.21052631578947367	-0.1987179487179487	1.25	30	0.4166666666666667	10	9.666666666666666	232	3.7916666666666665	-0.5	-1.1666666666666667	-0.4230769230769231	0.4166666666666667	0.2857142857142857	0.35714285714285715	0.39325842696629215	0.2696629213483146	0.33707865168539325	0.059523809523809534				-0.023408239700374533	-0.0200642054574639	-0.0160513643659711	0.6857142857142857	0.7999999999999999	0.8571428571428572	0.059233449477351874	1.9	0.059233449477351874				0	Unknown	Unknown	Normal	4.14	0.15342361841652102	9.0	0.6	2.4699999999999998	0.10492143877418518	3.0	-0.6	0.020580135085055677	0.07563470038388768	0.3253524662860551	0.5784326982450015	0.8540835660490675	0.17642356017680463	0.23756379769759012	0.3285151905732608	0.25749745155234444	0.6297311848571898	1.5	0.0	1.5	-0.41033844448368195	-0.838727132618942	0.4283886881352601	2.0	-2.0	0.2	0.2	0.3	0.3	-0.49999999999999994	-0.49999999999999994	10.0	3.0	7.0	3.0	0.0
2025-02-12	13:30	Ajax	Groningen	2	0	H	1	0	H	13	17	6	7	14	10	3	5	1	0	0	0	1.67	4.2	4.33	1.7	4.0	4.6				1.74	4.07	4.32							1.73	4.2	4.6	1.69	3.91	4.49	1.67	2.15	1.68	2.2	1.67	2.2	1.65	2.13	-0.75	1.88	1.93	1.93	1.92	1.9	22.0	1.86	4.4	1.95	3.75	3.5	1.98	3.7	3.6				2.01	3.71	3.76							2.0	3.8	3.95	1.94	3.68	3.58	1.7	2.1	1.75	2.16	1.7	2.25	1.65	2.13	-0.5	1.95	1.85	2.01	1.89	1.95	1.98	1.88	1.85	eredivisie							1.76	4.2	4.9	1.7	2.24									2.14	1.01	1.01	1.89	2.1	2.14	1.85	1.67	3.75	4.33	1.7	3.85	4.6	1.67	3.9	4.6	1.7	4.0	4.6	1.7	4.0	4.5	1.9	3.5	3.5	1.82	3.8	3.95	2.0	3.8	3.5	2.0	3.7	3.6	1.95	3.6	3.5	1	0	0	Ajax	1	0	0	3	0	11.0	0.0	1	0	0	2025	4	0	10.0	8.0	ajax	2.0606060606060606	68	1.0606060606060606	35	17.636363636363637	582	5.909090909090909	0.696969696969697	1.0606060606060606	0.3492063492063492	0.75	15	0.35	7	11.9	238	4.3	-0.55	-1.45	-0.14285714285714285	0.5988023952095809	0.23809523809523808	0.23094688221709006	0.5607580378093866	0.2229680769384942	0.21627388525211907	0.06784451552190918				-0.038044357400194295	-0.014672996964970986	-0.015127161156743896	0.3976190476190476	1.0309523809523808	0.3856812933025404	0.06391867427934828	1.91	0.05004960864292807				0	Unknown	Unknown	Normal	3.0700000000000003	0.1395051696626173	6.0	1.0	1.61	0.04931581086573635	2.0	-2.6	0.07714586104340303	0.1676314580847454	0.3880694614254555	0.3671532194463961	1.2177989930156414	0.2373656913590736	0.305912329551591	0.35558878440364544	0.10113319468568997	0.6598026391011751	1.3333333333333333	0.0	1.3333333333333333	-0.18720509679209452	-0.838727132618942	0.6515220358268475	1.0	-4.0	0.3	0.0	0.0	0.6	-0.10000000000000003	-1.0	11.0	0.0	11.0	3.0	0.0
2025-03-05	17:45	Heracles	Feyenoord	1	4	A	0	3	A	11	17	3	8	11	10	5	1	2	1	1	0	5.0	4.5	1.57							5.07	4.46	1.58							5.5	4.6	1.58	5.2	4.42	1.55	1.73	2.08	1.76	2.1	1.76	2.16	1.72	2.09	1.0	1.91	1.99	1.88	1.99	1.91	1.99	1.87	1.93	4.75	4.5	1.57							5.22	4.61	1.59							5.6	4.67	1.61	5.25	4.51	1.56	1.6	2.3	1.65	2.32	1.68	2.35	1.61	2.29	1.0	1.93	1.97	1.92	1.98	1.97	1.98	1.92	1.92	eredivisie	5.5	4.4	1.5	5.2	4.45	1.58	6.0	4.7	1.59	1.72	2.22	1.92	1.98	5.5	4.4	1.5	5.13	4.67	1.61	6.0	4.7	1.6	1.69	2.42	2.0	1.98																															0	1	0	Feyenoord	0	1	0	0	3	10.0	10.0	0	0	0	2025	6	0	22.0	31.0	heracles	2.1052631578947367	40	0.7894736842105263	15	14.842105263157896	282	5.368421052631579	-0.3157894736842105	0.21052631578947367	-0.1987179487179487	2.0	60	1.0333333333333334	31	15.3	459	6.233333333333333	0.3333333333333333	0.8333333333333334	0.14814814814814814	0.2	0.2222222222222222	0.6369426751592356	0.18882801015635442	0.2098089001737271	0.6013630896699185	0.059164897381457804				-0.011171989843645591	-0.03557958548931717	-0.012413322048495101	1.1111111111111112	0.3488888888888889	3.184713375796178	0.058803912850155626	1.905	0.026072772238153963				0	Unknown	Unknown	Normal	4.32	0.1752943227516804	15.0	0.8	4.8	0.11985365890030193	8.0	0.8	0.019957327759226942	0.07274898864189361	0.3101894690151715	0.5971042145837079	0.8566926946817912	0.013122915134881513	0.051414146756367886	0.2549669982257226	0.6804959398830279	0.7115309059531261	2.0	0.0	2.0	0.2590615985910803	-0.838727132618942	1.0977887312100223	8.0	-1.0	0.2	0.3	0.3	0.1	-0.7	-0.39999999999999997	10.0	10.0	0.0	3.0	3.0
2025-03-05	20:00	PSV Eindhoven	For Sittard	4	1	H	2	0	H	16	3	6	1	6	7	5	3	0	2	0	0	1.11	9.0	21.0							1.09	11.3	17.67							1.11	12.0	25.0	1.09	10.39	20.46	1.19	4.2	1.2	4.37	1.22	4.6	1.19	4.23	-2.75	2.05	1.85	2.02	1.83	2.05	1.87	1.99	1.82	1.1	9.5	21.0							1.09	12.41	21.89							1.12	13.0	25.0	1.09	11.18	21.04	1.22	4.2	1.21	4.34	1.26	4.9	1.21	4.23	-2.75	2.03	1.87	2.01	1.85	2.07	1.88	2.0	1.84	eredivisie	1.08	10.5	21.0	1.1	10.5	20.0	1.13	11.0	18.0	1.24	4.5	2.07	1.66	1.08	11.0	20.0	1.11	11.2	25.0	1.12	13.5	28.0	1.25	4.8	2.06	1.91																															1	0	0	PSV Eindhoven	1	0	0	3	0	15.0	5.0	0	0	1	2025	0	1	148.0	62.0	psv_eindhoven	3.2962962962962963	89	1.6296296296296295	44	20.296296296296298	548	8.25925925925926	1.1851851851851851	2.4444444444444446	0.8927536231884057	1.0526315789473684	20	0.3684210526315789	7	8.842105263157896	168	3.263157894736842	-0.5263157894736842	-1.0	-0.35	0.9009009009009008	0.1111111111111111	0.047619047619047616	0.8502024291497975	0.10485829959514169	0.044939271255060725	0.059631059631059635				-0.05069847175110331	-0.002679776363986891	-0.006252811515969417	0.12333333333333335	2.3333333333333335	0.05285714285714286	0.07843137254901955	2.6950000000000003	0.028345418589321048				0	Unknown	Unknown	Normal	4.97	0.2363497477887709	16.0	3.2	2.2800000000000002	0.15424856275600596	4.0	-0.8	0.010662378895950755	0.044920489902542785	0.2409773936229958	0.7034397375785107	0.8643399517189874	0.1264313126852793	0.23516719742788253	0.4275935287022664	0.21080796118457182	0.5398373423263898	0.0	0.5	-0.5	-1.0797384875584441	-0.5032362795713652	-0.576502207987079	0.0	0.0	0.3	0.2	0.0	0.4	-0.3	-0.8	15.0	5.0	10.0	5.0	1.0
2025-03-05	15:30	Nijmegen	Willem II	1	1	D	0	1	A	21	10	4	3	15	9	4	2	2	2	0	0	1.57	4.33	5.25							1.58	4.22	5.32							1.59	4.33	5.4	1.57	4.21	5.27	1.67	2.15	1.71	2.17	1.71	2.2	1.68	2.15	-1.0	2.02	1.88	2.02	1.86	2.02	1.88	1.98	1.84	1.55	4.33	5.25							1.56	4.37	5.89							1.61	4.48	6.0	1.55	4.3	5.63	1.73	2.08	1.75	2.17	1.9	2.23	1.73	2.1	-1.0	1.95	1.95	1.95	1.95	2.01	1.95	1.93	1.92	eredivisie	1.57	4.0	5.0	1.59	4.25	5.3	1.67	4.3	5.8	1.72	2.28	2.08	1.85	1.53	4.1	5.5	1.61	4.48	5.43	1.61	4.4	6.2	1.83	2.16	2.02	1.95																															0	0	1		0	1	0	1	1	7.0	7.0	0	0	0	2025	1	0	62.0	30.0	nijmegen	1.896551724137931	55	0.4827586206896552	14	14.758620689655173	428	5.620689655172414	-0.1724137931034483	0.3793103448275862	-0.2427536231884058	1.125	9	0.625	5	7.875	63	2.5	-0.125	-1.0	-0.75	0.6369426751592356	0.23094688221709006	0.19047619047619047	0.6018171661844011	0.2182108431661685	0.17997199064943042	0.05836574785251614				-0.035125508974834574	-0.010504199826760041	-0.01273603905092155	0.3625866050808314	1.2124711316397228	0.29904761904761906	0.06391867427934828	1.91	0.026964398567516312				0	Unknown	Unknown	Normal	3.02	0.22715695167195635	6.0	1.2	1.25	0.2504457640149842	3.0	-0.5	0.06014690247453878	0.1551020497954847	0.4242640358819988	0.3604870118479778	1.0932707677264364	0.34134109453961503	0.31328403772425234	0.2842405806924717	0.061134287043660945	0.1690995496027633	0.5	0.0	0.5	-0.8566051398668568	-0.838727132618942	-0.017878007247914773	0.0	-4.0	0.3	0.25	0.1	0.25	-0.45	-0.65	7.0	7.0	0.0	2.0	2.0
2025-03-05	19:00	Groningen	Waalwijk	6	1	H	2	0	H	22	9	12	4	10	8	5	3	0	1	0	0	1.7	3.9	5.0							1.69	3.98	4.74							1.78	3.98	5.0	1.71	3.89	4.64	1.67	2.1	1.76	2.08	1.76	2.2	1.73	2.08	-0.75	1.91	1.99	1.9	1.97	1.94	1.99	1.88	1.93	1.4	4.5	8.5							1.4	4.92	8.43							1.46	4.92	8.5	1.4	4.69	7.98	1.7	2.1	1.74	2.16	1.82	2.3	1.69	2.15	-1.25	1.87	2.03	1.88	2.04	1.98	2.04	1.89	1.96	eredivisie	1.73	3.9	4.5	1.7	3.94	4.77	1.72	4.0	5.1	1.75	2.22	1.91	1.98	1.36	4.6	8.5	1.45	4.6	8.28	1.47	4.9	8.4	1.75	2.28	2.01	1.96																															1	0	0	Groningen	1	0	0	3	0	9.0	4.0	0	1	0	2025	2	4	22.0	31.0	groningen	1.4761904761904763	31	0.9047619047619048	19	14.19047619047619	298	5.333333333333333	0.38095238095238093	0.14285714285714285	0.4375	1.3157894736842106	25	0.2631578947368421	5	12.210526315789474	232	4.7894736842105265	-0.8421052631578947	-1.0	-1.1736111111111112	0.5882352941176471	0.25641025641025644	0.2	0.5630955818654346	0.24545192030031765	0.19145249783424775	0.04464555052790353				-0.025139712252212454	-0.008547502165752258	-0.010958336109938793	0.4358974358974359	1.2820512820512822	0.33999999999999997	0.07499287140005695	1.885	0.026072772238153963				0	Unknown	Unknown	Normal	3.38	0.11531159275849323	3.0	0.8	3.2299999999999995	0.27425720369585604	7.0	-0.6	0.06390958170548498	0.142589324712886	0.3633263291158157	0.43017476446581326	1.1892744064494385	0.15308510878806905	0.20580111562277414	0.2810479366005214	0.3600658389886354	0.20294760278622032	0.6666666666666666	1.3333333333333333	-0.6666666666666666	-0.6334717921752694	0.5032362795713652	-1.1367080717466345	0.0	3.0	0.2	0.1	0.2	0.2	-0.6000000000000001	-0.7000000000000001	9.0	4.0	5.0	2.0	1.0
2025-03-10	19:00	NAC Breda	Groningen	1	2	A	0	1	A	11	14	4	9	16	14	7	6	3	1	0	0	2.6	3.3	2.63	2.6	3.4	2.6				2.68	3.45	2.7							2.75	3.4	2.64	2.63	3.3	2.6	1.93	1.88	2.0	1.89	2.04	1.91	1.93	1.81	0.0	1.88	1.93	1.94	1.96	1.91	1.93	1.85	1.88	2.6	3.3	2.63	2.6	3.3	2.7				2.62	3.48	2.74							2.75	3.4	2.71	2.61	3.3	2.64	2.03	1.78	1.94	1.94	2.03	1.83	1.97	1.78	0.0	1.9	1.9	1.91	2.0	1.91	1.91	1.86	1.87	eredivisie							2.82	3.5	2.74	2.0	1.97	2.02	1.95							2.72	3.4	2.88	2.06	1.91	1.93	2.05	2.75	3.3	2.63	2.65	3.25	2.55	2.6	3.3	2.6	2.62	3.4	2.6	2.6	3.4	2.6	2.75	3.25	2.63	2.55	3.4	2.6	2.7	3.3	2.63	2.62	3.3	2.7	2.6	3.3	2.62	0	1	0	Groningen	0	1	0	0	3	6.0	0.0	0	0	0	2025	3	0	58.0	26.0	nac_breda	1.0833333333333333	13	0.4166666666666667	5	14.0	168	4.333333333333333	-0.5833333333333334	-0.5	-0.5	0.75	15	0.35	7	11.9	238	4.3	-0.55	-1.45	-0.14285714285714285	0.3846153846153846	0.30303030303030304	0.3802281368821293	0.36016931568245014	0.2837697638710213	0.3560609204465287	0.06787382452781676				-0.02444606893293444	-0.024167216435600603	-0.01926053915928172	0.787878787878788	0.796969696969697	0.9885931558935362	0.05004960864292807	1.9049999999999998	0.05004960864292807				0	Unknown	Unknown	Normal	2.516666666666666	0.059568469635995734	2.0	-0.3333333333333333	2.08	0.04931581086573635	1.0	-2.8	0.1199520764559104	0.22135987802476678	0.39758714084804025	0.2611009046712826	0.9581731294216155	0.20745879701172715	0.2594891954742491	0.33460597540988846	0.1984460321041353	0.5703619972708747	1.5	0.0	1.5	-0.41033844448368195	-0.838727132618942	0.4283886881352601	1.0	-6.0	0.6666666666666666	0.0	0.3333333333333333	0.7	0.3666666666666666	-0.6666666666666667	6.0	0.0	6.0	2.0	0.0
2025-04-04	19:00	Heerenveen	Willem II	3	1	H	2	0	H	22	13	9	3	12	7	9	6	0	1	0	0	1.45	4.5	7.0							1.46	4.44	7.82							1.5	4.55	7.82	1.45	4.44	7.13	1.75	2.05	1.81	2.08	1.87	2.08	1.77	2.03	-1.25	2.05	1.85	2.08	1.84	2.08	1.85	2.01	1.82	1.53	4.33	5.75							1.52	4.23	6.96							1.56	4.6	7.25	1.51	4.29	6.41	1.83	2.03	1.85	2.05	1.99	2.09	1.81	2.0	-1.0	1.95	1.95	1.9	2.01	1.96	2.1	1.86	1.99	eredivisie	1.5	4.33	6.0	1.45	4.55	7.0	1.49	4.6	8.0	1.87	2.12	2.06	1.89	1.5	4.33	5.5	1.56	4.44	6.14	1.56	4.4	7.0	1.9	2.1	1.96	2.02																															1	0	0	Heerenveen	1	0	0	3	0	10.0	8.0	0	0	0	2025	4	1	60.0	30.0	heerenveen	1.7692307692307692	46	1.0384615384615385	27	15.384615384615385	400	5.5	0.19230769230769232	0.34615384615384615	0.03571428571428571	1.125	9	0.625	5	7.875	63	2.5	-0.125	-1.0	-0.75	0.6896551724137931	0.2222222222222222	0.14285714285714285	0.6538661131292164	0.21069019200830302	0.13544369486248053	0.054734537493158264				-0.03578905928457676	-0.007413447994662314	-0.011532030213919187	0.3222222222222222	1.5555555555555556	0.20714285714285713	0.059233449477351874	1.9	0.028345418589321048				0	Unknown	Unknown	Normal	3.2600000000000002	0.16764959195092347	6.0	0.4	1.41	0.22015859141000718	3.0	-0.4	0.11284156087484667	0.13842473599103572	0.3168555639782676	0.43187813915585005	0.8017964772583165	0.2988198563492529	0.30340854065040157	0.31846221732914815	0.07930938567119739	0.2561194940118753	1.3333333333333333	0.3333333333333333	1.0	-0.18720509679209452	-0.5032362795713652	0.31603118277927067	2.0	-4.0	0.2	0.2	0.0	0.2	-0.6000000000000001	-0.8	10.0	8.0	2.0	3.0	2.0
2025-04-05	11:15	NAC Breda	Zwolle	1	3	A	0	0	D	14	13	3	5	7	12	4	2	3	1	0	0	2.25	3.5	3.1							2.28	3.34	3.22							2.28	3.5	3.22	2.25	3.39	3.12	1.88	1.98	1.91	1.93	1.91	1.98	1.88	1.91	-0.25	1.98	1.92	1.96	1.89	1.98	1.92	1.93	1.87	2.1	3.6	3.4							2.23	3.38	3.45							2.23	3.67	3.59	2.15	3.43	3.36	1.75	2.05	1.85	2.05	1.99	2.09	1.82	1.99	-0.25	1.85	2.05	1.92	1.98	1.92	2.06	1.85	1.99	eredivisie	2.25	3.3	3.1	2.27	3.42	3.13	2.34	3.45	3.25	1.92	2.0	2.01	1.91	2.1	3.25	3.25	2.14	3.67	3.45	2.28	3.55	3.55	1.86	2.12	1.94	2.05																															0	1	0	Zwolle	0	0	1	0	3	6.0	2.0	0	0	0	2025	3	0	26.0	53.0	nac_breda	1.0833333333333333	13	0.4166666666666667	5	14.0	168	4.333333333333333	-0.5833333333333334	-0.5	-0.5	1.25	30	0.4166666666666667	10	9.666666666666666	232	3.7916666666666665	-0.5	-1.1666666666666667	-0.4230769230769231	0.4444444444444444	0.2857142857142857	0.3225806451612903	0.42217898832684825	0.2714007782101167	0.306420233463035	0.05273937532002049				-0.022265456117596172	-0.016160411698255328	-0.014313507504168987	0.6428571428571429	0.8857142857142858	0.7258064516129032	0.03696539866752646	1.93	0.025883838383838453				0	Unknown	Unknown	Normal	2.5124999999999997	0.06719887474951933	2.0	-0.5	2.55	0.16125946694319926	5.0	-1.8	0.1104853069979075	0.21732303265851183	0.4157600151233853	0.25643164522019546	0.8168058278326078	0.16437814101685408	0.22688309938591278	0.33760776459424485	0.2711309950029883	0.5585608460444464	1.0	0.0	1.0	-0.41033844448368195	-0.838727132618942	0.4283886881352601	0.0	-8.0	0.5	0.2	0.25	0.3	-0.19999999999999996	-0.55	6.0	2.0	4.0	2.0	0.0
2025-04-05	13:30	Sparta Rotterdam	Twente	0	2	A	0	2	A	13	9	1	2	12	6	5	4	0	0	0	0	2.35	3.6	2.88							2.45	3.53	2.79							2.45	3.6	3.0	2.4	3.53	2.78	1.7	2.1	1.75	2.1	1.76	2.15	1.72	2.09	-0.25	2.09	1.81	2.13	1.75	2.19	1.81	2.09	1.74	2.35	3.5	2.88							2.47	3.5	2.92							2.48	3.62	3.14	2.38	3.49	2.88	1.7	2.1	1.75	2.16	1.9	2.23	1.73	2.1	0.0	1.73	2.08	1.8	2.14	1.83	2.16	1.76	2.11	eredivisie	2.45	3.4	2.75	2.43	3.6	2.73	2.6	3.65	2.88	1.71	2.22	2.24	1.79	2.3	3.3	2.75	2.48	3.62	2.85	2.54	3.6	3.0	1.78	2.26	1.83	2.17																															0	1	0	Twente	0	1	0	0	3	7.0	9.0	0	0	1	2025	6	3	53.0	53.0	sparta_rotterdam	1.3571428571428572	38	0.5	14	14.857142857142858	416	5.107142857142857	0.10714285714285714	0.0	0.2156862745098039	1.6774193548387097	52	0.8387096774193549	26	13.387096774193548	415	4.354838709677419	0.25806451612903225	0.4838709677419355	0.15789473684210525	0.425531914893617	0.2777777777777778	0.3472222222222222	0.40506329113924044	0.2644163150492264	0.330520393811533	0.05053191489361719				-0.02046862375437658	-0.016701828410689235	-0.013361462728551377	0.6527777777777778	0.7999999999999999	0.8159722222222223	0.06442577030812324	1.9	0.030955087366835166				0	Unknown	Unknown	Normal	3.03	0.060890453047315794	5.0	0.4	2.9699999999999998	0.12876597639787885	4.0	0.8	0.11881788610869984	0.20064948865249832	0.3371213391386324	0.3434112861001694	0.705744270993039	0.07463654887847318	0.17546131158157915	0.40985375842192096	0.3400483811180267	1.0769111653224486	1.5	0.75	0.75	0.2590615985910803	0.1677454265237884	0.0913161720672919	4.0	0.0	0.3	0.2	0.4	0.0	-0.7	-0.39999999999999997	7.0	9.0	-2.0	2.0	2.0
2025-04-05	13:30	Go Ahead Eagles	AZ Alkmaar	0	3	A	0	2	A	14	17	0	8	5	15	6	9	2	3	0	1	2.7	3.6	2.5							2.54	3.68	2.43							2.7	3.82	2.52	2.6	3.66	2.46	1.6	2.3	1.59	2.25	1.62	2.4	1.6	2.28	0.0	1.98	1.83	1.93	1.85	2.04	1.87	1.95	1.85	3.8	3.9	1.85							3.95	4.04	1.87							4.0	4.05	1.94	3.85	3.93	1.85	1.57	2.35	1.58	2.45	1.61	2.55	1.56	2.4	0.5	1.95	1.85	2.03	1.88	2.12	1.9	2.0	1.84	eredivisie	2.7	3.8	2.3	2.61	3.72	2.48	2.8	4.0	2.46	1.62	2.44	2.12	1.84	3.7	3.6	1.85	3.76	4.01	1.94	4.1	4.0	1.93	1.6	2.62	2.06	1.93																															0	1	0	AZ Alkmaar	0	1	0	0	3	5.0	12.0	0	1	0	2025	4	6	62.0	53.0	go_ahead_eagles	1.7096774193548387	53	0.7741935483870968	24	15.096774193548388	468	6.193548387096774	-0.0967741935483871	0.12903225806451613	0.15789473684210525	1.3103448275862069	38	0.7931034482758621	23	12.862068965517242	373	5.206896551724138	0.3793103448275862	0.10344827586206896	0.4230769230769231	0.37037037037037035	0.2777777777777778	0.4	0.3533568904593639	0.26501766784452296	0.38162544169611307	0.04814814814814827				-0.017013479911006435	-0.018374558303886956	-0.012760109933254826	0.75	0.6944444444444444	1.08	0.05978260869565233	1.95	0.0514985924821989				0	Unknown	Unknown	Normal	2.72	0.14088544645801232	5.0	-0.8	3.6399999999999997	0.12101864636388304	4.0	1.0	0.07261032253797596	0.18338306056633322	0.4510012973067295	0.29300531958896137	0.773134303516074	0.06891785324352549	0.14932680248228888	0.3436684317733784	0.4380869125008072	1.0239558353722649	1.3333333333333333	1.5	-0.16666666666666674	-0.18720509679209452	1.174217985666519	-1.3614230824586135	1.0	1.0	0.1	0.5	0.3	0.3	-0.6	-0.19999999999999996	5.0	12.0	-7.0	1.0	4.0
2025-04-10	19:00	Zwolle	PSV Eindhoven	0	4	A	0	2	A	4	19	0	9	7	8	4	8	0	3	1	0	7.0	5.0	1.4	6.5	5.25	1.41				6.71	5.32	1.39							7.5	5.4	1.41	6.95	5.18	1.38	1.4	2.88	1.38	2.95	1.41	3.0	1.39	2.83	1.5	1.75	2.05	1.78	2.05	1.87	2.05	1.79	1.97	6.5	5.5	1.4	5.75	5.25	1.46				6.37	5.48	1.43							7.0	5.5	1.46	6.13	5.23	1.42	1.3	3.5	1.32	3.54	1.34	3.5	1.31	3.26	1.25	1.95	1.85	1.99	1.91	1.98	1.85	1.95	1.79	eredivisie							7.4	5.5	1.43	1.43	3.1	1.81	2.05							7.2	5.6	1.45	1.36	3.75	2.07	1.9	7.5	5.0	1.4	7.5	5.3	1.34	7.0	5.25	1.36	6.5	5.25	1.4	6.5	5.25	1.4	6.5	5.0	1.44	6.1	5.3	1.4	7.0	5.25	1.4	5.75	5.25	1.44	5.75	5.25	1.44	0	1	0	PSV Eindhoven	0	1	0	0	3	11.0	8.0	0	0	0	2025	1	1	98.0	97.0	zwolle	1.2105263157894737	23	0.5263157894736842	10	13.263157894736842	252	4.526315789473684	0.05263157894736842	-0.05263157894736842	0.2166666666666667	2.5806451612903225	80	1.0	31	17.806451612903224	552	6.870967741935484	0.5161290322580645	1.5161290322580645	0.32666666666666666	0.14285714285714285	0.2	0.7142857142857143	0.13513513513513511	0.1891891891891892	0.6756756756756757	0.05714285714285716				-0.007722007722007734	-0.038610038610038644	-0.010810810810810811	1.4	0.27999999999999997	5.0	0.06150793650793651	2.1399999999999997	0.059233449477351874				0	Unknown	Unknown	Normal	4.319999999999999	0.15400131273229578	7.0	1.2	4.74	0.1402850049196151	6.0	1.2	0.027510377201787988	0.0876333751701942	0.3116871395775265	0.5731691080504914	0.7014619676201992	0.0238166141524284	0.07896801043450159	0.2930596021779169	0.6041557732351531	0.7760540115926732	0.5	0.3333333333333333	0.16666666666666669	-0.8566051398668568	-0.5032362795713652	-0.35336886029549164	0.0	-1.0	0.2222222222222222	0.3	0.1111111111111111	0.0	-0.7777777777777778	-0.5888888888888888	11.0	8.0	3.0	3.0	2.0
2025-04-10	20:00	Heerenveen	Excelsior	2	1	H	0	1	A	19	9	4	2	6	17	7	3	1	3	0	0	1.6	4.33	5.0	1.66	4.2	4.6				1.57	4.41	5.14							1.67	4.5	5.2	1.6	4.28	4.9	1.53	2.4	1.53	2.51	1.55	2.55	1.51	2.43	-1.0	1.98	1.83	2.01	1.86	2.0	1.91	1.93	1.84	1.67	4.1	4.5	1.66	4.1	4.75				1.66	4.26	4.98							1.7	4.1	5.0	1.66	4.04	4.65	1.57	2.35	1.6	2.44	1.6	2.4	1.56	2.32	-0.75	1.85	1.95	1.85	2.07	1.85	1.98	1.82	1.93	eredivisie							1.62	4.4	5.3	1.58	2.54	2.01	1.87							1.73	4.4	5.0	1.62	2.52	1.91	2.06	1.62	4.2	5.0	1.53	4.5	5.2	1.57	4.33	5.0	1.67	4.2	4.6	1.65	4.2	4.6	1.67	4.0	5.0	1.63	4.1	4.7	1.7	4.1	4.6	1.67	4.0	4.8	1.65	4.0	4.6	1	0	0	Heerenveen	0	1	0	3	0	10.0	1.0	0	0	0	2025	7	1	6.0	89.0	heerenveen	1.7692307692307692	46	1.0384615384615385	27	15.384615384615385	400	5.5	0.19230769230769232	0.34615384615384615	0.03571428571428571	1.2272727272727273	27	0.6818181818181818	15	9.545454545454545	210	4.090909090909091	-0.5454545454545454	-1.4545454545454546	-0.5625	0.625	0.23094688221709006	0.2	0.5918858330143802	0.2187107004210181	0.1894034665646017	0.0559468822170901				-0.03311416698561975	-0.01059653343539832	-0.012236181796071971	0.3695150115473441	1.1547344110854503	0.32	0.0702614379084967	1.9649999999999999	0.0514985924821989				0	Unknown	Unknown	Normal	4.18	0.14601842541301374	8.0	0.6	2.1800000000000006	0.1467714345699663	3.0	-1.8	0.019317880526526023	0.07265027464925379	0.32146889070661394	0.5865629541176063	0.8489318450685494	0.24011343154868672	0.23071664531013933	0.3058708302774894	0.22329909286368457	0.42071992323963164	1.75	0.5	1.25	0.48219494628266774	-0.5032362795713652	0.985431225854033	4.0	0.0	0.2	0.0	0.0	0.4	-0.39999999999999997	-1.0	10.0	1.0	9.0	3.0	0.0
2025-04-10	17:45	For Sittard	Volendam	1	0	H	1	0	H	16	8	3	1	14	13	7	4	1	2	0	0	1.85	3.9	3.8	1.85	3.9	3.9				1.87	3.86	3.86							1.85	3.9	4.0	1.83	3.83	3.87	1.67	2.15	1.7	2.19	1.67	2.25	1.63	2.18	-0.5	1.85	1.95	1.88	1.98	1.85	2.0	1.8	1.95	1.75	4.0	4.33	1.8	3.8	4.2				1.89	3.99	3.89							1.85	4.0	4.4	1.79	3.88	4.08	1.65	2.2	1.69	2.26	1.67	2.28	1.62	2.2	-0.75	1.95	1.85	2.17	1.76	2.05	1.85	1.96	1.79	eredivisie							1.89	3.95	4.0	1.71	2.26	1.89	2.06							1.88	4.0	4.4	1.7	2.36	2.11	1.85	1.83	3.75	4.0	1.78	3.9	4.0	1.85	3.75	3.8	1.85	3.9	3.9	1.83	3.9	3.8	1.8	3.75	4.2	1.76	3.95	4.0	1.75	4.0	4.4	1.85	3.8	3.9	1.85	3.75	3.9	1	0	0	For Sittard	1	0	0	3	0	9.0	1.0	1	0	0	2025	0	0	126.0	89.0	for_sittard	1.4285714285714286	50	0.6857142857142857	24	13.8	483	4.457142857142857	0.4	0.02857142857142857	0.574074074074074	0.9583333333333334	23	0.5	12	9.166666666666666	220	3.4166666666666665	-0.875	-1.375	-0.7	0.5405405405405405	0.25641025641025644	0.2631578947368421	0.509891622226045	0.2418716669533804	0.24823671082057458	0.06010869168763899				-0.030648918314495455	-0.01492118391626751	-0.014538589456876055	0.4743589743589744	0.9743589743589743	0.48684210526315796	0.06391867427934828	1.91	0.053361053361053346				0	Unknown	Unknown	Normal	3.2699999999999996	0.1460610610573417	2.0	0.8	1.9100000000000001	0.1857851452168647	3.0	-2.6	0.061095999940851776	0.1486329211321245	0.3848861553047868	0.40538492362223694	1.1401403741170593	0.18187228828029983	0.2807148987476951	0.38967596850770103	0.14773684446430405	0.09519356909312424	0.0	0.0	0.0	-1.0797384875584441	-0.838727132618942	-0.2410113549395021	0.0	-2.0	0.4	0.1	0.2	0.2	-0.4	-0.7000000000000001	9.0	1.0	8.0	2.0	0.0
2025-04-10	15:30	Sparta Rotterdam	Ajax	3	3	D	1	1	D	14	17	5	4	8	9	6	4	1	3	0	0	4.1	4.1	1.75	3.9	4.1	1.8				4.16	4.14	1.75							4.1	4.1	1.82	3.97	4.0	1.77	1.53	2.4	1.55	2.46	1.58	2.5	1.53	2.38	0.5	2.05	1.75	2.12	1.75	2.05	1.83	2.02	1.75	4.33	4.1	1.73	4.5	4.0	1.71				4.58	4.27	1.71							4.55	4.2	1.73	4.38	4.04	1.7	1.57	2.35	1.58	2.48	1.58	2.38	1.56	2.32	0.75	1.9	1.9	1.98	1.92	1.94	1.9	1.9	1.86	eredivisie							4.3	4.2	1.8	1.57	2.56	2.14	1.79							5.0	4.2	1.75	1.6	2.52	1.98	1.98	4.0	4.0	1.8	4.0	4.0	1.74	4.0	4.0	1.75	3.9	4.0	1.8	3.9	4.0	1.8	4.33	4.0	1.73	4.4	4.1	1.66	4.5	4.1	1.7	4.5	4.0	1.7	4.4	4.0	1.7	0	0	1		0	0	1	1	1	7.0	4.0	0	0	0	2025	6	3	5.0	66.0	sparta_rotterdam	1.3571428571428572	38	0.5	14	14.857142857142858	416	5.107142857142857	0.10714285714285714	0.0	0.2156862745098039	2.0344827586206895	59	0.8620689655172413	25	12.96551724137931	376	5.517241379310345	0.3448275862068966	0.5172413793103449	0.30833333333333335	0.24390243902439027	0.24390243902439027	0.5714285714285714	0.23026315789473686	0.23026315789473686	0.5394736842105263	0.059233449477351874				-0.013639281129653402	-0.03195488721804507	-0.013639281129653402	1.0	0.426829268292683	2.3428571428571425	0.0702614379084967	1.9649999999999999	0.059233449477351874				0	Unknown	Unknown	Normal	2.57	0.060890453047315794	4.0	0.4	1.98	0.13647858763472231	5.0	-1.4	0.1533769274777733	0.2488147440947915	0.3485663560550396	0.24924197237239562	0.8859908263948025	0.2380483356728053	0.2409247257435167	0.3304435888925947	0.19058334969108323	0.6274116271535803	1.2	1.5	-0.30000000000000004	0.2590615985910803	0.1677454265237884	0.0913161720672919	2.0	1.0	0.3	0.1	0.5	0.1	-0.6000000000000001	-0.4	7.0	4.0	3.0	2.0	1.0
2025-05-04	15:30	AZ Alkmaar	Feyenoord	0	1	A	0	1	A	13	9	5	1	17	10	5	3	3	2	0	0	2.38	3.6	2.8							2.45	3.58	2.76							2.45	3.61	2.8	2.41	3.54	2.74	1.8	2.0	1.79	2.06	1.8	2.11	1.76	2.03	0.0	1.75	2.05	1.82	2.06	1.82	2.07	1.79	2.04	2.55	3.5	2.6							2.65	3.58	2.66							2.74	3.61	2.75	2.57	3.5	2.64	1.85	2.0	1.88	2.0	1.92	2.07	1.82	1.98	0.0	1.95	1.95	1.95	1.95	1.99	1.99	1.93	1.94	eredivisie	2.38	3.6	2.7	2.43	3.58	2.74	2.5	3.65	2.88	1.8	2.1	1.82	2.1	2.3	3.5	2.63	2.74	3.61	2.58	2.7	3.65	2.76	1.9	2.08	1.95	2.02																															0	1	0	Feyenoord	0	1	0	0	3	10.0	12.0	0	1	0	2025	1	3	120.0	60.0	az_alkmaar	1.8666666666666667	56	0.9666666666666667	29	17.266666666666666	518	6.3	0.4666666666666667	0.9333333333333333	0.3083333333333333	2.0	60	1.0333333333333334	31	15.3	459	6.233333333333333	0.3333333333333333	0.8333333333333334	0.14814814814814814	0.42016806722689076	0.2777777777777778	0.35714285714285715	0.39823008849557523	0.26327433628318586	0.33849557522123896	0.0550887021475257				-0.021937978731315533	-0.018647281921618186	-0.014503441494591929	0.6611111111111111	0.7777777777777777	0.85	0.05555555555555558	1.9	0.059233449477351874				0	Unknown	Unknown	Normal	3.7299999999999995	0.14559328127536708	7.0	1.0	4.539999999999999	0.16663728463129607	8.0	1.4	0.03992392984939957	0.1124957800896054	0.3539907111193974	0.49358957894159766	1.247550704035531	0.014739203493454811	0.05790028013615002	0.28133119032113785	0.6460293260492573	0.7551017766841517	0.5	1.0	-0.5	-0.8566051398668568	0.1677454265237884	-1.0243505663906451	0.0	2.0	0.4	0.3	0.1	0.1	-0.5	-0.6000000000000001	10.0	12.0	-2.0	3.0	4.0
2025-05-04	20:00	Almere City	Zwolle	2	2	D	0	2	A	24	10	5	5	9	12	7	4	2	2	0	0	2.25	3.5	3.1							2.26	3.41	3.18							2.3	3.5	3.25	2.25	3.42	3.1	2.03	1.83	2.01	1.85	2.03	1.85	1.98	1.82	-0.25	1.98	1.92	1.97	1.9	1.99	1.92	1.94	1.87	2.4	3.3	3.0							2.44	3.32	3.1							2.53	3.4	3.15	2.39	3.32	3.02	2.03	1.83	2.04	1.85	2.13	1.86	1.99	1.82	-0.25	2.09	1.81	2.1	1.82	2.14	1.82	2.05	1.8	eredivisie	2.2	3.5	3.0	2.24	3.44	3.17	2.34	3.45	3.25	2.04	1.84	2.0	1.92	2.3	3.4	2.88	2.53	3.37	2.94	2.5	3.4	3.2	2.08	1.9	2.13	1.86																															0	0	1		0	1	0	1	1	1.0	4.0	0	1	0	2025	0	3	90.0	29.0	almere_city	0.8666666666666667	13	0.3333333333333333	5	13.533333333333333	203	3.533333333333333	-0.4	-0.8666666666666667	-0.6666666666666666	1.25	30	0.4166666666666667	10	9.666666666666666	232	3.7916666666666665	-0.5	-1.1666666666666667	-0.4230769230769231	0.4444444444444444	0.2857142857142857	0.3225806451612903	0.42217898832684825	0.2714007782101167	0.306420233463035	0.05273937532002049				-0.022265456117596172	-0.016160411698255328	-0.014313507504168987	0.6428571428571429	0.8857142857142858	0.7258064516129032	0.03905892487011764	1.93	0.025883838383838453				0	Unknown	Unknown	Normal	2.0100000000000002	0.037936391137274136	2.0	-1.6	2.5799999999999996	0.19381596054817374	7.0	-1.4	0.16090371233598103	0.27185003842855315	0.40658621469696443	0.16066003453850136	0.8095676759648998	0.16284528188380082	0.2238585756317925	0.3354467322149145	0.27784941026949206	0.6078048773962561	0.0	0.75	-0.75	-1.0797384875584441	0.1677454265237884	-1.2474839140822325	-4.0	-6.0	0.1	0.2	0.4	0.3	-0.6	-0.39999999999999997	1.0	4.0	-3.0	0.0	1.0
2025-05-04	19:00	Groningen	PSV Eindhoven	1	3	A	1	2	A	14	15	3	4	6	11	4	5	1	2	0	0	7.0	5.0	1.4							7.16	5.06	1.39							8.5	5.06	1.4	7.44	4.92	1.38	1.57	2.35	1.59	2.4	1.59	2.45	1.55	2.35	1.25	1.99	1.91	2.0	1.87	2.0	1.91	1.97	1.84	6.5	4.75	1.44							7.18	4.68	1.46							7.6	5.0	1.47	6.93	4.68	1.44	1.6	2.3	1.65	2.33	1.65	2.37	1.61	2.29	1.25	1.87	2.03	1.88	2.03	1.92	2.03	1.88	1.97	eredivisie	8.5	4.75	1.33	7.5	5.05	1.39	7.8	5.2	1.41	1.58	2.52	1.98	1.89	7.0	4.4	1.4	6.94	4.87	1.47	7.4	5.3	1.46	1.66	2.46	1.94	2.01																															0	1	0	PSV Eindhoven	0	1	0	0	3	11.0	8.0	0	0	0	2025	5	4	60.0	24.0	groningen	1.4761904761904763	31	0.9047619047619048	19	14.19047619047619	298	5.333333333333333	0.38095238095238093	0.14285714285714285	0.4375	2.5806451612903225	80	1.0	31	17.806451612903224	552	6.870967741935484	0.5161290322580645	1.5161290322580645	0.32666666666666666	0.14285714285714285	0.2	0.7142857142857143	0.13513513513513511	0.1891891891891892	0.6756756756756757	0.05714285714285716				-0.007722007722007734	-0.038610038610038644	-0.010810810810810811	1.4	0.27999999999999997	5.0	0.06247459005285272	1.96	0.026072772238153963				0	Unknown	Unknown	Normal	3.94	0.16961023529242986	8.0	1.8	4.65	0.1523190754048851	9.0	1.4	0.05877714867066125	0.12504303786049797	0.3067455792589792	0.5094342342098617	0.9973349635145613	0.024281126553986863	0.08094598863291005	0.30189272900794395	0.5928801558051593	0.8767035305122887	1.25	1.0	0.25	0.03592825089949289	0.5032362795713652	-0.46730802867187227	5.0	3.0	0.2	0.4	0.1	0.0	-0.8	-0.5	11.0	8.0	3.0	3.0	2.0
2025-05-04	17:45	Twente	For Sittard	1	1	D	1	0	H	11	6	3	1	12	15	7	3	1	3	0	0	1.4	4.75	7.5							1.39	4.91	7.4							1.4	5.0	9.5	1.38	4.8	7.7	1.73	2.08	1.77	2.1	1.8	2.1	1.73	2.08	-1.25	1.93	1.97	1.92	1.95	1.93	1.98	1.88	1.93	1.38	5.0	7.5							1.38	5.3	8.09							1.45	5.3	8.4	1.38	4.95	7.8	1.62	2.25	1.67	2.3	1.77	2.35	1.66	2.21	-1.25	1.86	2.04	1.86	2.05	1.89	2.06	1.85	2.0	eredivisie	1.33	4.75	9.5	1.4	4.8	7.8	1.4	5.0	8.8	1.74	2.26	1.89	1.98	1.33	4.6	8.0	1.43	5.13	7.4	1.39	5.5	9.6	1.69	2.38	1.87	2.13																															0	0	1		1	0	0	1	1	13.0	5.0	1	0	0	2025	0	1	150.0	60.0	twente	2.740740740740741	74	1.2592592592592593	34	21.962962962962962	593	7.7407407407407405	0.8888888888888888	1.8888888888888888	0.5333333333333333	1.0526315789473684	20	0.3684210526315789	7	8.842105263157896	168	3.263157894736842	-0.5263157894736842	-1.0	-0.35	0.7142857142857143	0.21052631578947367	0.13333333333333333	0.6750355281856939	0.19895783988630977	0.1260066319279962	0.05814536340852139				-0.0392501861000204	-0.007326701405337144	-0.0115684759031639	0.29473684210526313	1.5789473684210527	0.18666666666666665	0.058803912850155626	1.905	0.02574892822387631				0	Unknown	Unknown	Normal	4.74	0.17022540180525808	11.0	2.2	1.78	0.20458029462514346	5.0	-1.0	0.011377090742870159	0.048032486023789935	0.25803352717579925	0.6825568960575407	0.9883831559512941	0.22227004266407446	0.2760363084805793	0.3672628099066869	0.1344308389486594	0.37054863646832226	0.0	0.3333333333333333	-0.3333333333333333	-1.0797384875584441	-0.5032362795713652	-0.576502207987079	0.0	-3.0	0.5	0.2	0.0	0.3	-0.19999999999999996	-0.8	13.0	5.0	8.0	4.0	1.0
2025-05-10	13:30	Feyenoord	Utrecht	3	2	H	1	0	H	22	10	10	4	7	10	12	3	1	0	0	0	1.48	4.5	6.0	1.47	4.6	6.25				1.46	4.57	6.53							1.5	4.75	6.6	1.46	4.56	6.26	1.62	2.25	1.64	2.27	1.62	2.38	1.59	2.25	-1.25	2.03	1.78	2.05	1.81	2.03	1.86	1.95	1.79	1.42	4.75	6.5	1.49	4.6	6.0				1.5	4.62	6.51							1.49	4.8	7.0	1.44	4.62	6.47	1.57	2.35	1.66	2.31	1.6	2.38	1.57	2.31	-1.25	1.9	1.9	2.12	1.79	1.97	1.9	1.92	1.83	eredivisie							1.52	4.7	6.6	1.21	1.43	1.97	1.67							1.47	4.9	8.2	1.61	2.56	2.03	1.92	1.5	4.5	6.5	1.42	4.7	6.5	1.44	4.5	6.5	1.48	4.6	6.0	1.48	4.6	6.0	1.44	4.6	7.0	1.44	4.5	6.5	1.44	4.8	7.0	1.48	4.6	6.0	1.48	4.6	6.0	1	0	0	Feyenoord	1	0	0	3	0	11.0	9.0	0	0	1	2025	7	1	95.0	128.0	feyenoord	2.5185185185185186	68	1.1851851851851851	32	20.703703703703702	559	7.148148148148148	0.9629629629629629	1.7037037037037037	0.5873015873015873	1.9285714285714286	54	0.6785714285714286	19	12.964285714285714	363	4.535714285714286	0.03571428571428571	0.42857142857142855	0.17592592592592593	0.6756756756756757	0.2222222222222222	0.16666666666666666	0.6346967559943583	0.20874471086036672	0.15655853314527504	0.0645645645645645				-0.040978919681317394	-0.010108133521391616	-0.013477511361855488	0.3288888888888889	1.3333333333333333	0.24666666666666667	0.061728395061728225	1.935	0.054408590247412514				0	Unknown	Unknown	Normal	4.46	0.10403589933042012	7.0	1.4	3.55	0.15774440591379976	7.0	0.6	0.018322713756235332	0.06890581836951422	0.3026191337868389	0.6101523340874115	1.4281272272536307	0.037285841907172865	0.11478939343237202	0.384296107563913	0.463628657096542	1.1802324932559753	1.75	0.5	1.25	0.48219494628266774	-0.5032362795713652	0.985431225854033	5.0	0.0	0.5	0.0	0.1	0.3	-0.19999999999999996	-0.9	11.0	9.0	2.0	3.0	2.0
2025-05-10	15:45	AZ Alkmaar	Telstar	2	1	H	2	0	H	27	14	10	5	7	13	6	4	3	2	0	0	1.3	6.0	8.5	1.29	6.0	9.0				1.29	6.29	7.75							1.3	6.1	9.5	1.27	5.94	9.08	1.36	3.1	1.37	3.04	1.4	3.1	1.37	2.93	-1.75	1.98	1.83	2.02	1.83	1.98	1.87	1.93	1.83	1.36	5.25	7.5	1.35	5.25	7.75				1.34	5.9	8.13							1.36	5.75	9.0	1.33	5.37	8.04	1.5	2.5	1.53	2.6	1.53	2.6	1.49	2.51	-1.5	1.98	1.83	1.98	1.93	1.98	1.94	1.9	1.85	eredivisie							1.33	6.0	9.8	1.32	3.2									1.37	6.0	9.4	1.55	2.76	2.04	1.9	1.29	6.0	9.5	1.25	6.1	9.5	1.25	6.0	9.5	1.28	6.0	9.0	1.28	6.0	9.0	1.3	5.5	9.0	1.3	5.6	8.0	1.33	5.5	8.5	1.33	5.5	8.0	1.33	5.25	8.0	1	0	0	AZ Alkmaar	1	0	0	3	0	7.0		0	0	0	2025	1	0	6.0		az_alkmaar	1.8666666666666667	56	0.9666666666666667	29	17.266666666666666	518	6.3	0.4666666666666667	0.9333333333333333	0.3083333333333333	1.125	9	0.375	3	12.375	99	4.375	-0.25	-0.375	-0.5	0.7692307692307692	0.16666666666666666	0.11764705882352941	0.730136005726557	0.15819613457408735	0.11166785969935578	0.05354449472096512				-0.03909476350421215	-0.005979199124173634	-0.008470532092579308	0.21666666666666667	1.4166666666666667	0.15294117647058825	0.057874762808349134	2.23	0.0514985924821989				0	Unknown	Unknown	Normal	3.8600000000000003	0.10598932087932748	3.0	0.6	1.5	0.15	3.0	0.0	0.03125212406974525	0.09784010638928335	0.3487798766355666	0.5221278929054047	1.4203117313693192	0.3	0.35	0.25	0.1	1.5	0.3333333333333333	0.0	0.3333333333333333	-0.8566051398668568	-0.838727132618942	-0.017878007247914773	-1.0	0.0	0.4	0.3	0.2	0.2	-0.4	-0.5	7.0	5.0	2.0	2.0	1.0
2025-05-10	19:00	Go Ahead Eagles	Nijmegen	1	1	D	0	1	A	8	17	3	7	13	18	11	4	1	4	0	1	2.55	4.0	2.5	2.4	4.0	2.55				2.56	3.88	2.49							2.55	4.0	2.63	2.44	3.86	2.51	1.44	2.7	1.42	2.86	1.44	2.8	1.41	2.74	0.0	1.93	1.88	1.95	1.89	1.93	1.95	1.86	1.85	2.55	4.1	2.45	2.5	3.9	2.45				2.6	4.01	2.51							2.55	4.1	2.6	2.5	3.89	2.46	1.36	3.1	1.4	3.04	1.4	3.1	1.36	2.96	0.0	1.95	1.85	1.99	1.92	1.95	1.91	1.89	1.84	eredivisie							2.68	4.0	2.52	1.44	2.94									2.68	4.1	2.56	1.41	3.3	2.04	1.95	2.5	3.75	2.63	2.45	3.9	2.48	2.45	3.9	2.45	2.4	4.0	2.6	2.37	3.9	2.5	2.5	3.75	2.6	2.5	3.9	2.4	2.55	4.1	2.45	2.5	3.9	2.45	2.5	3.9	2.45	0	0	1		0	1	0	1	1	4.0	4.0	2	0	0	2025	4	1	35.0	88.0	go_ahead_eagles	1.7096774193548387	53	0.7741935483870968	24	15.096774193548388	468	6.193548387096774	-0.0967741935483871	0.12903225806451613	0.15789473684210525	1.3	39	0.36666666666666664	11	12.333333333333334	370	4.666666666666667	-0.16666666666666666	0.13333333333333333	-0.04761904761904761	0.3921568627450981	0.25	0.4	0.37629350893697083	0.2398871119473189	0.38381937911571024	0.04215686274509811				-0.015863353808127256	-0.016180620884289787	-0.010112888052681096	0.6375	0.625	1.02	0.06481481481481488	2.0700000000000003	0.05004960864292807				0	Unknown	Unknown	Normal	2.4	0.1284630862095651	5.0	-1.4	3.13	0.029850746268656712	3.0	-1.0	0.11197230165272445	0.22255796944926468	0.4322729814789882	0.23319674741902272	0.6264969451292144	0.08979281670842632	0.16173797119618913	0.36063738312866256	0.387831828966722	0.7693482350374752	1.0	0.3333333333333333	0.6666666666666667	-0.18720509679209452	-0.5032362795713652	0.31603118277927067	-2.0	-1.0	0.1	0.4	0.4	0.5	-0.4	-0.19999999999999996	4.0	4.0	0.0	1.0	1.0
2025-05-10	11:15	Twente	Heracles	2	1	H	0	1	A	21	7	9	2	5	8	4	3	0	2	1	0	1.33	5.5	8.5	1.35	5.5	7.75				1.32	5.64	8.3							1.35	5.66	8.5	1.32	5.5	8.13	1.44	2.7	1.45	2.75	1.45	2.8	1.42	2.69	-1.5	1.85	1.95	1.9	1.95	1.85	1.96	1.83	1.91	1.3	5.75	9.0	1.31	5.75	9.0				1.33	5.74	8.77							1.31	6.0	11.0	1.28	5.72	9.27	1.48	2.6	1.51	2.66	1.5	2.8	1.45	2.62	-1.5	1.78	2.03	1.94	1.96	1.85	2.05	1.77	1.98	eredivisie							1.32	5.7	9.0	1.52	2.88	1.75	1.83							1.31	6.2	12.0	1.51	2.88	1.88	2.11	1.33	5.5	8.5	1.29	5.6	8.5	1.3	5.5	8.5	1.35	5.5	7.5	1.35	5.5	7.5	1.29	5.5	10.0	1.27	6.0	9.0	1.25	6.0	11.0	1.3	5.75	9.0	1.3	5.5	8.5	1	0	0	Twente	0	1	0	3	0	11.0	4.0	0	0	0	2025	1	0	6.0	156.0	twente	2.740740740740741	74	1.2592592592592593	34	21.962962962962962	593	7.7407407407407405	0.8888888888888888	1.8888888888888888	0.5333333333333333	0.6	15	0.32	8	8.88	222	2.64	-0.52	-1.72	-0.6	0.7518796992481203	0.18181818181818182	0.11764705882352941	0.7151598592626587	0.17293865687624294	0.11190148386109836	0.051344939889831576				-0.03671983998546158	-0.005745574962431055	-0.008879524941938888	0.24181818181818182	1.5454545454545454	0.15647058823529414	0.06481481481481488	2.0700000000000003	0.053361053361053346				0	Unknown	Unknown	Normal	4.15	0.15097633907793445	10.0	1.6	1.3199999999999998	0.04395604395604395	2.0	-1.4	0.03345457298446643	0.09190199236956768	0.30765148171802414	0.5669919529279418	1.2558262992958114	0.2967909286731187	0.32826496667972094	0.31743638851284267	0.05750771613431773	0.5054117257764178	0.5	0.0	0.5	-0.8566051398668568	-0.838727132618942	-0.017878007247914773	0.0	0.0	0.4	0.1	0.0	0.6	0.0	-0.9	11.0	4.0	7.0	3.0	1.0
2025-05-12	19:00	Excelsior	Groningen	0	2	A	0	0	D	16	20	6	8	10	9	5	5	2	3	1	1	3.4	3.5	2.1	3.5	3.5	2.05				3.44	3.58	2.16							3.5	3.6	2.1	3.36	3.49	2.06	1.85	1.95	1.87	2.03	1.85	1.95	1.8	1.93	0.25	2.0	1.8	2.04	1.88	2.0	1.82	1.97	1.74	3.6	3.6	2.0	3.5	3.5	2.05				3.71	3.53	2.08							3.7	3.6	2.08	3.56	3.42	2.02	1.85	1.95	1.88	2.02	1.88	1.95	1.82	1.9	0.5	1.83	1.98	1.83	2.09	1.83	2.05	1.75	1.96	eredivisie							3.6	3.6	2.18	1.9	2.06	2.09	1.89							3.85	3.6	2.14	1.91	2.04	1.86	2.13	3.25	3.3	2.0	3.3	3.5	2.07	3.3	3.5	2.1	3.5	3.5	2.05	3.5	3.5	2.05	3.5	3.3	1.95	3.65	3.3	2.0	3.6	3.5	2.05	3.5	3.5	2.05	3.5	3.5	2.05	0	1	0	Groningen	0	0	1	0	3	6.0	3.0	1	0	0	2025	0	3	158.0	63.0	excelsior	1.0	23	0.34782608695652173	8	13.478260869565217	310	4.521739130434782	-0.21739130434782608	-0.391304347826087	-0.018518518518518528	0.75	15	0.35	7	11.9	238	4.3	-0.55	-1.45	-0.14285714285714285	0.29411764705882354	0.2857142857142857	0.47619047619047616	0.2785145888594165	0.27055702917771884	0.4509283819628648	0.056022408963585235				-0.01560305819940705	-0.025262094227611387	-0.015157256536566854	0.9714285714285714	0.6	1.6190476190476188	0.053361053361053346	1.9	0.05555555555555558				0	Unknown	Unknown	Normal	3.46	0.0646768395459495	8.0	0.0	2.8	0.07768460519197748	3.0	-1.4	0.27969436323868535	0.12580658436755798	0.20540809622076459	0.3890909561729921	0.520515958010555	0.13222403319759746	0.19562455700719977	0.34370636164741486	0.3284450481477879	0.6961982577184218	0.0	0.6	-0.6	-1.0797384875584441	0.1677454265237884	-1.2474839140822325	0.0	-5.0	0.4	0.0	0.5	0.6	0.0	-0.5	6.0	3.0	3.0	2.0	1.0
2025-06-04	11:15	Waalwijk	Heracles	0	0	D	0	0	D	10	10	3	1	11	12	6	9	1	1	0	0	2.35	3.7	2.75							2.38	3.42	2.97							2.38	3.7	2.97	2.34	3.52	2.87	1.7	2.1	1.72	2.15	1.72	2.21	1.7	2.11	-0.25	2.09	1.81	2.06	1.81	2.09	1.81	2.02	1.79	2.35	3.5	2.8							2.43	3.52	2.97							2.52	3.63	2.97	2.41	3.49	2.84	1.7	2.1	1.75	2.17	1.75	2.21	1.71	2.12	-0.25	2.09	1.81	2.11	1.82	2.13	1.82	2.09	1.78	eredivisie	2.38	3.5	2.8	2.34	3.62	2.87	2.38	3.6	2.98	1.74	2.16	2.05	1.82	2.3	3.4	2.75	2.52	3.63	2.79	2.52	3.6	3.0	1.81	2.2	2.17	1.85																															0	0	1		0	0	1	1	1	7.0	4.0	0	1	0	2025	0	0	181.0	25.0	waalwijk	1.76	44	0.84	21	13.2	330	4.56	0.28	0.44	0.19642857142857142	0.6	15	0.32	8	8.88	222	2.64	-0.52	-1.72	-0.6	0.425531914893617	0.27027027027027023	0.36363636363636365	0.4016579492746472	0.2551070758906543	0.3432349748346985	0.0594385488002509				-0.023873965618969817	-0.020401388801665143	-0.01516319437961594	0.6351351351351351	0.7432432432432432	0.8545454545454546	0.06442577030812324	1.9	0.030955087366835166				0	Unknown	Unknown	Normal	3.38	0.09122325284684384	2.0	0.0	1.2600000000000002	0.072125058040551	3.0	-1.4	0.052499442317577825	0.13528449968125353	0.3818273525030683	0.43038870549810027	0.5959448740807551	0.30957361665089306	0.335199718405441	0.30561178550698	0.04961487943668601	0.45656858233021386	0.0	0.0	0.0	-1.0797384875584441	-0.838727132618942	-0.2410113549395021	0.0	-1.0	0.4	0.1	0.4	0.5	-0.09999999999999998	-0.5	7.0	4.0	3.0	2.0	1.0
2025-06-04	13:30	Go Ahead Eagles	Utrecht	2	2	D	2	2	D	11	14	6	3	9	16	1	5	1	4	0	0	2.05	4.0	3.1							2.12	3.73	3.22							2.15	4.0	3.5	2.09	3.74	3.16	1.65	2.2	1.67	2.24	1.67	2.29	1.63	2.2	-0.25	1.85	2.05	1.86	2.0	1.86	2.05	1.83	1.98	2.2	3.9	2.88							2.28	3.81	3.01							2.35	4.0	3.1	2.24	3.73	2.96	1.6	2.3	1.64	2.36	1.73	2.36	1.63	2.26	-0.25	2.0	1.9	2.0	1.9	2.04	1.94	1.97	1.88	eredivisie	2.15	3.75	2.9	2.12	3.75	3.19	2.14	3.85	3.4	1.68	2.3			2.1	3.5	2.9	2.19	4.0	3.08	2.34	3.85	3.1	1.69	2.42	2.05	1.93																															0	0	1		0	0	1	1	1	5.0	8.0	0	1	0	2025	5	1	25.0	25.0	go_ahead_eagles	1.7096774193548387	53	0.7741935483870968	24	15.096774193548388	468	6.193548387096774	-0.0967741935483871	0.12903225806451613	0.15789473684210525	1.9285714285714286	54	0.6785714285714286	19	12.964285714285714	363	4.535714285714286	0.03571428571428571	0.42857142857142855	0.17592592592592593	0.48780487804878053	0.25	0.3225806451612903	0.46002596920793926	0.23576330921906882	0.30421072157299206	0.060385523210070735				-0.027778908840841277	-0.018369923588298254	-0.014236690780931177	0.5125	0.775	0.6612903225806451	0.06060606060606055	1.925	0.028345418589321048				0	Unknown	Unknown	Normal	2.13	0.15315444423425645	3.0	-1.0	3.34	0.17395655344434227	6.0	0.4	0.13526729411977673	0.25464791043915247	0.43300926721589417	0.17707552822517658	0.49415971086016297	0.04908030528944178	0.13642952191042315	0.39711420758153587	0.4173759652185992	0.9513637064890801	1.0	0.3333333333333333	0.6666666666666667	0.03592825089949289	-0.5032362795713652	0.5391645304708581	-2.0	-1.0	0.1	0.0	0.4	0.2	-0.7000000000000001	-0.6	5.0	8.0	-3.0	1.0	2.0
2025-06-04	13:30	Sparta Rotterdam	Nijmegen	2	0	H	1	0	H	12	9	3	1	10	10	3	2	0	4	0	1	2.0	3.5	3.7							2.07	3.49	3.55							2.08	3.58	3.7	2.04	3.5	3.5	1.98	1.88	1.95	1.88	1.98	1.89	1.92	1.86	-0.5	2.08	1.82	2.07	1.78	2.1	1.82	2.05	1.79	1.73	3.9	4.5							1.81	3.81	4.51							1.81	3.97	4.6	1.76	3.81	4.46	1.73	2.08	1.78	2.11	1.9	2.13	1.79	2.02	-0.75	1.99	1.91	2.06	1.85	2.06	1.94	1.98	1.87	eredivisie	2.0	3.5	3.4	2.06	3.54	3.53	2.12	3.55	3.85	1.98	1.88			1.73	3.6	4.2	1.78	3.97	4.58	1.83	4.0	4.7	1.83	2.16	2.07	1.91																															1	0	0	Sparta Rotterdam	1	0	0	3	0	7.0	5.0	0	0	1	2025	7	2	55.0	25.0	sparta_rotterdam	1.3571428571428572	38	0.5	14	14.857142857142858	416	5.107142857142857	0.10714285714285714	0.0	0.2156862745098039	1.3	39	0.36666666666666664	11	12.333333333333334	370	4.666666666666667	-0.16666666666666666	0.13333333333333333	-0.04761904761904761	0.5	0.2857142857142857	0.27027027027027023	0.473491773308958	0.2705667276051188	0.2559414990859232	0.055984555984555984				-0.026508226691042025	-0.014328771184347056	-0.015147558109166903	0.5714285714285714	1.0571428571428572	0.5405405405405405	0.03696539866752646	1.93	0.030219780219780112				0	Unknown	Unknown	Normal	2.95	0.1034436445366775	3.0	0.4	3.46	0.04154665270140525	1.0	0.0	0.10464639347914331	0.20418538480597928	0.3723133724118818	0.3188548493029956	0.8508603931574061	0.07652870028061745	0.13377993756666898	0.331289790199092	0.45840157195362163	0.9543240734708942	1.1666666666666667	0.5	0.6666666666666667	0.48219494628266774	-0.1677454265237884	0.6499403728064561	2.0	-1.0	0.3	0.4	0.5	0.5	-0.2	-0.09999999999999998	7.0	5.0	2.0	2.0	1.0
2025-06-04	15:45	Ajax	NAC Breda	3	1	H	2	1	H	10	8	4	3	8	18	9	0	1	5	0	0	1.25	6.25	10.0							1.23	6.37	10.62							1.25	6.75	12.0	1.24	6.23	10.71	1.44	2.7	1.45	2.7	1.45	3.0	1.43	2.68	-1.75	1.93	1.97	1.91	1.93	1.94	2.0	1.87	1.93	1.29	6.0	9.0							1.26	6.28	11.17							1.29	6.4	13.0	1.26	6.15	10.69	1.48	2.6	1.48	2.7	1.5	2.88	1.46	2.65	-1.75	2.03	1.87	2.01	1.88	2.03	1.94	1.97	1.88	eredivisie	1.22	6.0	12.0	1.25	6.3	11.0	1.27	6.8	13.0	1.5	2.78			1.2	6.0	13.0	1.29	6.38	10.1	1.27	6.8	14.0	1.54	2.8	2.04	1.93																															1	0	0	Ajax	1	0	0	3	0	13.0	3.0	0	0	0	2025	7	0	112.0	152.0	ajax	2.0606060606060606	68	1.0606060606060606	35	17.636363636363637	582	5.909090909090909	0.696969696969697	1.0606060606060606	0.3492063492063492	0.46153846153846156	6	0.23076923076923078	3	10.846153846153847	141	3.769230769230769	-0.6923076923076923	-1.3846153846153846	-0.6666666666666666	0.8	0.16	0.1	0.7547169811320755	0.1509433962264151	0.09433962264150944	0.06000000000000005				-0.04528301886792452	-0.005660377358490565	-0.009056603773584915	0.2	1.6	0.125	0.06481481481481488	2.0700000000000003	0.02574892822387631				0	Unknown	Unknown	Normal	2.8299999999999996	0.14794007329384332	5.0	1.4	2.6375	0.07337920653693152	3.0	-1.0	0.08181014788654153	0.18107759277270424	0.4164891943466477	0.3206230649941064	1.1329892344984938	0.10619366883959175	0.2130438195741242	0.40343591528024014	0.2773265963060439	0.6345434553369244	1.75	0.0	1.75	0.48219494628266774	-0.838727132618942	1.3209220789016098	3.0	-1.0	0.4	0.25	0.0	0.5	-0.09999999999999998	-0.75	13.0	3.0	10.0	4.0	1.0
2025-06-12	17:45	For Sittard	Ajax	1	3	A	1	1	D	26	13	7	4	13	9	4	4	3	4	1	1	4.33	3.9	1.75	4.2	3.9	1.78				4.23	3.97	1.77							4.5	4.0	1.82	4.18	3.84	1.76	1.65	2.2	1.65	2.29	1.65	2.2	1.62	2.18	0.75	1.85	1.95	1.88	2.0	1.87	1.95	1.83	1.92	3.6	3.6	2.0	3.5	3.6	2.0				3.64	3.66	2.06							3.8	3.7	2.0	3.55	3.57	1.98	1.7	2.1	1.76	2.15	1.73	2.14	1.68	2.08	0.5	1.8	2.0	1.85	2.07	1.83	2.0	1.77	1.94	eredivisie							4.7	4.1	1.78	1.68	2.28	1.92	2.01							3.75	3.75	2.12	1.79	2.22	1.87	2.12	4.0	3.6	1.73	4.5	3.75	1.72	4.2	3.9	1.73	4.2	3.9	1.8	4.2	3.8	1.8	3.4	3.4	1.95	3.75	3.6	1.9	3.5	3.7	2.0	3.5	3.6	2.0	3.5	3.6	2.0	0	1	0	Ajax	0	0	1	0	3	11.0	5.0	0	1	2	2025	3	4	63.0	63.0	for_sittard	1.4285714285714286	50	0.6857142857142857	24	13.8	483	4.457142857142857	0.4	0.02857142857142857	0.574074074074074	2.0344827586206895	59	0.8620689655172413	25	12.96551724137931	376	5.517241379310345	0.3448275862068966	0.5172413793103449	0.30833333333333335	0.23094688221709006	0.25641025641025644	0.5714285714285714	0.21812429089630705	0.2421738922002589	0.539701816903434	0.05878571005591793				-0.012822591320783006	-0.0317267545251374	-0.014236364209997548	1.1102564102564103	0.44871794871794873	2.474285714285714	0.06060606060606055	1.925	0.053361053361053346				0	Unknown	Unknown	Normal	3.3299999999999996	0.11268189458823168	3.0	1.0	2.5100000000000002	0.17156630693296793	6.0	-0.2	0.05615241010982776	0.14125455781284385	0.38440346700165523	0.4181895650756731	1.3490095573647127	0.11953254582716225	0.21146869758156295	0.40362246642879446	0.2653762901624804	0.7992087487826496	1.5	1.3333333333333333	0.16666666666666674	-0.41033844448368195	0.5032362795713652	-0.9135747240550471	1.0	1.0	0.5	0.1	0.2	0.1	-0.4	-0.7000000000000001	11.0	5.0	6.0	3.0	1.0
2025-06-12	15:30	Heerenveen	PSV Eindhoven	0	2	A	0	2	A	12	11	3	7	13	5	7	3	1	0	0	0	4.5	5.0	1.57	4.75	4.75	1.57				4.38	5.03	1.59							5.0	5.0	1.6	4.63	4.71	1.56	1.3	3.5	1.33	3.38	1.33	3.5	1.3	3.28	1.0	1.9	1.9	1.94	1.93	1.94	1.91	1.89	1.86	3.4	4.33	1.85	3.5	4.33	1.83				3.62	4.37	1.88							3.95	4.4	1.96	3.53	4.24	1.83	1.33	3.4	1.34	3.36	1.33	3.4	1.31	3.27	0.5	1.93	1.88	2.02	1.89	1.93	1.95	1.89	1.81	eredivisie							4.7	5.2	1.64	1.34	3.5	1.96	1.92							3.85	4.4	1.92	1.37	3.55	2.07	1.9	4.6	4.33	1.53	4.7	4.9	1.54	4.8	4.6	1.55	4.8	4.8	1.57	4.8	4.6	1.57	3.4	4.0	1.8	3.9	4.25	1.72	3.5	4.2	1.9	3.5	4.33	1.85	3.5	4.33	1.83	0	1	0	PSV Eindhoven	0	1	0	0	3	10.0	8.0	0	1	0	2025	10	7	63.0	39.0	heerenveen	1.7692307692307692	46	1.0384615384615385	27	15.384615384615385	400	5.5	0.19230769230769232	0.34615384615384615	0.03571428571428571	2.5806451612903225	80	1.0	31	17.806451612903224	552	6.870967741935484	0.5161290322580645	1.5161290322580645	0.32666666666666666	0.2222222222222222	0.2	0.6369426751592356	0.2098089001737271	0.18882801015635442	0.6013630896699185	0.059164897381457804				-0.012413322048495101	-0.03557958548931717	-0.011171989843645591	0.9	0.314	2.8662420382165603	0.05494505494505475	2.4	0.05263157894736836				0	Unknown	Unknown	Normal	4.15	0.13187311449173147	8.0	0.6	3.5699999999999994	0.1627286615461525	9.0	1.0	0.020345386731160438	0.07508867603320532	0.3245787322836697	0.5799872049519645	0.9999008659691728	0.03523606719984672	0.11244691833262706	0.3864506454179071	0.46586636904961914	1.0652658361343579	2.0	1.4	0.6000000000000001	1.15159498935743	1.5097088387140958	-0.3581138493566658	5.0	5.0	0.1	0.3	0.0	0.0	-0.9	-0.7	10.0	8.0	2.0	3.0	2.0
2025-06-12	20:00	Feyenoord	Zwolle	6	1	H	4	0	H	25	7	12	4	17	12	8	4	1	1	0	0	1.18	8.0	13.0	1.17	8.25	14.5				1.16	8.52	12.32							1.18	8.5	15.0	1.16	7.72	13.72	1.3	3.5	1.28	3.63	1.3	3.65	1.28	3.43	-2.25	1.98	1.83	1.99	1.87	1.98	1.96	1.88	1.86	1.17	8.5	13.0	1.16	8.75	15.0				1.15	9.73	14.96							1.17	9.0	17.0	1.14	8.13	14.66	1.25	4.0	1.25	4.03	1.29	4.0	1.25	3.66	-2.5	2.03	1.78	2.06	1.82	2.06	1.78	2.01	1.74	eredivisie							1.19	8.4	16.5	1.32	3.6	1.98	1.88							1.17	10.0	18.5	1.3	4.2	2.16	1.83	1.14	7.0	12.0	1.14	8.0	15.0	1.14	8.0	15.0	1.17	8.0	15.0	1.17	8.0	13.0	1.13	7.0	13.0	1.14	8.0	15.0	1.13	9.0	17.0	1.15	8.5	15.0	1.15	8.5	15.0	1	0	0	Feyenoord	1	0	0	3	0	13.0	5.0	1	0	0	2025	10	4	33.0	39.0	feyenoord	2.5185185185185186	68	1.1851851851851851	32	20.703703703703702	559	7.148148148148148	0.9629629629629629	1.7037037037037037	0.5873015873015873	1.25	30	0.4166666666666667	10	9.666666666666666	232	3.7916666666666665	-0.5	-1.1666666666666667	-0.4230769230769231	0.8474576271186441	0.125	0.07692307692307693	0.8075788165864264	0.11911787544649789	0.07330330796707563	0.049380704041721124				-0.03987881053221776	-0.0036197689560013013	-0.005882124553502108	0.1475	1.625	0.09076923076923077	0.05494505494505475	2.4	0.0514985924821989				0	Unknown	Unknown	Normal	4.6899999999999995	0.12170654761160644	10.0	1.6	2.96	0.23341992094421332	7.0	-1.2	0.01687846597095906	0.06310406300172554	0.27908865515324044	0.6409288158740749	1.2622504874323912	0.090147867735397	0.18635836086419816	0.3884785665341995	0.3350152048662054	0.5420408329789891	2.0	0.8	1.2	1.15159498935743	0.5032362795713652	0.6483587097860648	6.0	-6.0	0.5	0.1	0.1	0.3	-0.19999999999999996	-0.8	13.0	5.0	8.0	4.0	1.0
2025-06-12	19:00	Heracles	Telstar	1	1	D	0	0	D	15	11	6	2	15	12	6	6	3	2	0	0	2.2	3.75	2.9	2.2	3.7	3.0				2.26	3.79	2.91							2.26	3.75	3.1	2.19	3.62	2.98	1.65	2.2	1.65	2.29	1.65	2.25	1.62	2.19	-0.25	1.95	1.85	2.0	1.88	1.95	1.91	1.89	1.85	2.3	3.75	2.75	2.3	3.7	2.8				2.37	3.69	2.94							2.38	3.75	2.95	2.3	3.59	2.82	1.62	2.25	1.65	2.33	1.62	2.25	1.6	2.22	-0.25	2.03	1.78	2.07	1.85	2.03	1.85	1.97	1.78	eredivisie							2.28	3.75	3.1	1.68	2.28	1.99	1.9							2.42	3.85	2.96	1.68	2.42	2.12	1.87	2.15	3.4	2.88	2.14	3.6	3.1	2.2	3.6	3.0	2.2	3.7	3.0	2.15	3.7	3.0	2.25	3.4	2.75	2.23	3.6	2.9	2.3	3.7	2.88	2.3	3.7	2.8	2.3	3.6	2.8	0	0	1		0	0	1	1	1	10.0	0.0	0	0	0	2025	6	0	99.0	33.0	heracles	2.1052631578947367	40	0.7894736842105263	15	14.842105263157896	282	5.368421052631579	-0.3157894736842105	0.21052631578947367	-0.1987179487179487	1.125	9	0.375	3	12.375	99	4.375	-0.25	-0.375	-0.5	0.45454545454545453	0.26666666666666666	0.3448275862068966	0.42638698294452065	0.2501470299941188	0.32346598706136054	0.06603970741901777				-0.028158471600933876	-0.021361599145536037	-0.016519636672547855	0.5866666666666667	0.7733333333333333	0.7586206896551725	0.06060606060606055	1.925	0.053361053361053346				0	Unknown	Unknown	Normal	4.08	0.1933123407696984	13.0	1.2	3.1500000000000004	0.07092198581560284	1.0	-1.0	0.03623728849375733	0.09933065923693116	0.31928264763823455	0.545149404631077	0.8747970897371443	0.042852126867040166	0.13498419963117653	0.4358302345591612	0.38633343894262206	0.16687649569961316	1.5	0.0	1.5	0.2590615985910803	-0.838727132618942	1.0977887312100223	5.0	-1.0	0.2	0.0	0.2	0.0	-0.8	-0.8	10.0	0.0	10.0	3.0	0.0
2025-07-03	19:00	NAC Breda	Sparta Rotterdam	1	1	D	0	1	A	11	17	3	5	10	5	5	7	0	2	1	0	2.7	3.2	2.7							2.75	3.29	2.7	2.7	3.25	2.5				2.77	3.35	2.7	2.7	3.25	2.64	1.95	1.9	1.93	1.93	1.95	1.95	1.9	1.9	0.0	1.98	1.92	1.96	1.93	1.98	1.97	1.94	1.89	3.3	3.25	2.25							3.37	3.33	2.29	3.1	3.3	2.25				3.45	3.47	2.4	3.25	3.3	2.27	1.93	1.93	1.98	1.93	1.98	1.98	1.93	1.88	0.25	1.85	1.93	1.94	1.96	1.96	2.01	1.89	1.91	eredivisie	2.7	3.25	2.63	2.76	3.18	2.64	2.86	3.4	2.76	1.96	1.97	2.03	1.93	3.2	3.2	2.25	3.45	3.3	2.29	3.6	3.35	2.32	1.99	1.99	2.0	1.98																															0	0	1		0	1	0	1	1	6.0	3.0	0	0	0	2025	3	0	89.0	210.0	nac_breda	1.0833333333333333	13	0.4166666666666667	5	14.0	168	4.333333333333333	-0.5833333333333334	-0.5	-0.5	1.2758620689655173	37	0.4482758620689655	13	11.379310344827585	330	4.137931034482759	-0.2413793103448276	-0.1724137931034483	-0.2	0.37037037037037035	0.3125	0.37037037037037035	0.3516483516483516	0.2967032967032967	0.3516483516483516	0.0532407407407407	0.0	0.20000000000000018	-0.04999999999999982	-0.01872201872201873	-0.01872201872201873	-0.015796703296703296	0.84375	0.84375	1.0	0.03913630229419707	1.9249999999999998	0.025883838383838453				0	Unknown	Unknown	Normal	2.5	0.06794349696273602	3.0	-0.8	1.8799999999999997	0.07320206363565018	1.0	-0.8	0.10564696289820011	0.216142283511501	0.42670721305355724	0.25150354053674173	0.8232229684462222	0.19932426350981128	0.2726335897818558	0.37901281133236064	0.14902933537597235	0.5571519846162369	0.75	0.0	0.75	-0.41033844448368195	-0.838727132618942	0.4283886881352601	-2.0	0.0	0.4	0.1	0.2	0.2	-0.4	-0.7000000000000001	6.0	3.0	3.0	2.0	1.0
2025-07-11	19:00	Twente	Telstar	0	0	D	0	0	D	27	6	7	0	13	4	10	2	4	2	1	1	1.33	5.5	8.0	1.35	5.25	8.0													1.35	5.6	9.0	1.32	5.32	8.11	1.53	2.4			1.55	2.6	1.51	2.43	-1.5	1.93	1.88			1.93	1.91	1.89	1.84	1.33	5.5	8.0	1.35	5.5	8.0													1.35	5.75	9.5	1.32	5.41	8.22	1.5	2.5			1.5	2.6	1.48	2.5	-1.5	1.93	1.88			1.93	1.91	1.87	1.86	eredivisie							1.36	6.0	9.4	1.59	2.62	2.03	1.92							1.36	5.8	9.8	1.54	2.78	2.01	1.95	1.29	4.6	8.5	1.3	5.6	8.0	1.3	5.25	9.0	1.35	5.25	8.0	1.35	5.25	8.0	1.29	5.0	8.0	1.29	5.6	8.5	1.3	5.75	9.5	1.35	5.5	8.0	1.35	5.25	8.0	0	0	1		0	0	1	1	1	11.0	1.0	0	0	0	2025	4	1	62.0	29.0	twente	2.740740740740741	74	1.2592592592592593	34	21.962962962962962	593	7.7407407407407405	0.8888888888888888	1.8888888888888888	0.5333333333333333	1.125	9	0.375	3	12.375	99	4.375	-0.25	-0.375	-0.5	0.7518796992481203	0.18181818181818182	0.125	0.7101928819304333	0.17173755144863206	0.11806956662093454	0.05869788106630214				-0.041686817317686975	-0.006930433379065459	-0.010080630369549759	0.24181818181818182	1.4545454545454546	0.16625	0.0702614379084967	1.9649999999999999	0.05004960864292807				0	Unknown	Unknown	Normal	4.12	0.15460801455141415	10.0	1.4	2.475	0.08050603795284647	2.0	-0.5	0.033600760475780166	0.09253397927068645	0.3105490512540754	0.5633162089994579	1.2557947181092326	0.10407550754431336	0.21626109921501616	0.4321424764147568	0.24752091682591365	0.3395398940988808	1.3333333333333333	0.3333333333333333	1.0	-0.18720509679209452	-0.5032362795713652	0.31603118277927067	1.0	-1.0	0.4	0.0	0.0	0.0	-0.6	-1.0	11.0	1.0	10.0	3.0	0.0
2025-07-12	13:30	Volendam	Nijmegen	2	3	A	1	0	H	13	16	5	7	7	17	4	8	2	5	0	0	4.0	4.0	1.8	3.75	4.1	1.82				3.84	4.19	1.81							4.0	4.2	1.83	3.78	4.03	1.8	1.44	2.7	1.45	2.74	1.47	2.7	1.43	2.64	0.5	2.03	1.78	2.04	1.81	2.03	1.83	1.97	1.75	4.5	4.2	1.67	4.33	4.33	1.68				4.48	4.48	1.69							4.7	4.5	1.68	4.4	4.29	1.65	1.36	3.1	1.41	2.99	1.4	3.1	1.36	2.92	0.75	1.98	1.83	2.03	1.88	2.04	1.83	1.97	1.78	eredivisie							3.8	3.9	1.8	1.39	2.56	2.0	1.8							4.8	4.7	1.72	1.43	3.25	2.09	1.88	3.6	3.75	1.8	3.8	4.1	1.79	3.9	4.1	1.75	3.75	4.2	1.83	3.75	4.0	1.8	4.2	4.0	1.62	4.7	4.3	1.61	4.4	4.5	1.67	4.33	4.33	1.67	4.33	4.33	1.67	0	1	0	Nijmegen	1	0	0	0	3	4.0	5.0	0	1	1	2025	0	2	252.0	38.0	volendam	1.1818181818181819	26	0.36363636363636365	8	12.590909090909092	277	4.045454545454546	-0.45454545454545453	-1.2272727272727273	-0.16666666666666666	1.3	39	0.36666666666666664	11	12.333333333333334	370	4.666666666666667	-0.16666666666666666	0.13333333333333333	-0.04761904761904761	0.25	0.25	0.5555555555555556	0.23684210526315788	0.23684210526315788	0.5263157894736842	0.05555555555555558				-0.013157894736842118	-0.0292397660818714	-0.013157894736842118	1.0	0.45	2.2222222222222223	0.06481481481481488	2.0700000000000003	0.054408590247412514				0	Unknown	Unknown	Normal	2.51	0.10760225664428058	5.0	-1.8	2.95	0.04154665270140525	1.0	0.0	0.15423844952567764	0.23454302086678763	0.3434802538777001	0.26773827572983466	0.16660715536895052	0.12935550528142237	0.18840435017103066	0.3214877930840616	0.36075235146348544	0.8973739453638299	0.0	0.4	-0.4	-1.0797384875584441	-0.1677454265237884	-0.9119930610346557	0.0	-3.0	0.2	0.4	0.1	0.6	-0.2	-0.5	4.0	5.0	-1.0	1.0	1.0
2025-07-12	15:45	Sparta Rotterdam	NAC Breda	1	0	H	1	0	H	12	22	6	9	11	10	1	14	1	1	0	0	2.1	3.6	3.3	2.05	3.6	3.3				2.09	3.66	3.33							2.1	3.6	3.45	2.04	3.56	3.31	1.67	2.15	1.69	2.19	1.71	2.2	1.67	2.1	-0.25	1.8	2.0	1.83	2.03	1.8	2.06	1.76	1.99	2.45	3.4	2.8	2.37	3.5	2.85				2.45	3.46	2.98							2.45	3.5	3.05	2.33	3.4	2.91	1.8	2.0	1.82	2.07	1.8	2.04	1.75	1.99	-0.25	2.08	1.73	2.12	1.81	2.08	1.85	1.97	1.78	eredivisie							2.12	3.7	3.4	1.73	2.2									2.52	3.55	3.1	1.85	2.12	2.16	1.85	2.0	3.4	3.2	2.0	3.6	3.45	2.05	3.6	3.3	2.05	3.6	3.3	2.05	3.6	3.3	2.25	3.25	2.8	2.25	3.4	3.05	2.4	3.5	2.88	2.3	3.5	2.9	2.37	3.5	2.87	1	0	0	Sparta Rotterdam	1	0	0	3	0	7.0	3.0	0	1	1	2025	10	0	38.0	38.0	sparta_rotterdam	1.3571428571428572	38	0.5	14	14.857142857142858	416	5.107142857142857	0.10714285714285714	0.0	0.2156862745098039	0.46153846153846156	6	0.23076923076923078	3	10.846153846153847	141	3.769230769230769	-0.6923076923076923	-1.3846153846153846	-0.6666666666666666	0.47619047619047616	0.2777777777777778	0.30303030303030304	0.45051194539249145	0.2627986348122867	0.2866894197952219	0.05699855699855694				-0.02567853079798471	-0.01634088323508115	-0.014979142965491077	0.5833333333333334	0.9166666666666666	0.6363636363636365	0.06391867427934828	1.91	0.05555555555555558				0	Unknown	Unknown	Normal	3.0300000000000002	0.11181013775165556	5.0	0.6	2.48	0.08339472325423657	2.0	-1.2	0.09427880512879065	0.19343728432277602	0.3786905186459687	0.3335933919024646	0.936766822972692	0.11640236833439892	0.22861280719534155	0.4097487115003819	0.2452361129698776	0.7042788873377538	1.4285714285714286	0.0	1.4285714285714286	1.15159498935743	-0.838727132618942	1.990322121976372	4.0	-3.0	0.4	0.2	0.5	0.4	-0.19999999999999996	-0.3	7.0	3.0	4.0	2.0	1.0
2025-07-12	13:30	AZ Alkmaar	Go Ahead Eagles	2	2	D	2	1	H	23	12	7	7	8	8	11	4	2	1	0	0	1.42	5.0	6.5	1.42	5.0	6.5				1.42	5.09	6.32							1.44	5.1	6.8	1.4	4.96	6.47	1.44	2.7	1.44	2.79	1.44	2.9	1.39	2.79	-1.25	1.85	1.95	1.9	1.95	1.85	1.97	1.81	1.93	1.3	5.75	8.5	1.34	5.5	8.0				1.33	5.78	8.65							1.34	6.0	9.0	1.31	5.54	8.02	1.36	3.1	1.38	3.18	1.37	3.1	1.35	2.98	-1.5	1.83	1.98	1.88	2.03	1.9	1.98	1.82	1.91	eredivisie							1.45	5.2	7.0	1.44	2.92	1.79	1.82							1.38	5.9	9.2	1.4	3.4	1.92	2.02	1.36	4.6	6.5	1.4	5.0	6.5	1.4	5.0	6.5	1.44	5.0	6.5	1.4	5.0	6.5	1.29	5.0	7.5	1.32	5.4	7.5	1.3	6.0	9.0	1.33	5.5	8.0	1.33	5.5	8.0	0	0	1		1	0	0	1	1	7.0	5.0	1	0	0	2025	4	0	63.0	182.0	az_alkmaar	1.8666666666666667	56	0.9666666666666667	29	17.266666666666666	518	6.3	0.4666666666666667	0.9333333333333333	0.3083333333333333	1.2142857142857142	34	0.5714285714285714	16	11.821428571428571	331	3.7142857142857144	-0.07142857142857142	-0.25	-0.25	0.7042253521126761	0.2	0.15384615384615385	0.6655744419414295	0.18902314151136598	0.1454024165472046	0.05807150595882993				-0.038650910171246666	-0.008443737298949261	-0.010976858488634028	0.284	1.3	0.21846153846153846	0.06481481481481488	2.0700000000000003	0.053361053361053346				0	Unknown	Unknown	Normal	4.58	0.08769161724113406	4.0	0.6	2.21	0.04464670069491421	1.0	0.0	0.016803294554137625	0.061734339706836464	0.2789799935949962	0.6424823721440297	1.197798004138261	0.1693755079773756	0.24761433644975175	0.37143408775377423	0.2115760678190984	0.9272550564460771	1.0	0.0	1.0	-0.18720509679209452	-0.838727132618942	0.6515220358268475	0.0	-1.0	0.3	0.3	0.2	0.5	-0.2	-0.5	7.0	5.0	2.0	2.0	1.0
2025-07-12	11:15	Utrecht	Twente	1	1	D	0	0	D	12	21	4	6	8	8	6	8	1	2	0	0	2.45	3.6	2.7	2.45	3.6	2.7				2.47	3.55	2.75							2.48	3.6	2.76	2.44	3.45	2.71	1.73	2.08	1.77	2.07	1.8	2.08	1.73	2.01	0.0	1.8	2.0	1.83	2.04	1.83	2.0	1.77	1.95	2.45	3.5	2.75	2.5	3.4	2.75				2.59	3.4	2.84							2.54	3.5	2.8	2.48	3.37	2.73	1.83	1.98	1.94	1.94	1.86	1.98	1.82	1.89	0.0	1.78	2.03	1.86	2.05	1.85	2.03	1.77	1.95	eredivisie							2.5	3.5	2.76	1.79	2.1	1.83	2.02							2.6	3.55	2.92	1.98	1.98	1.88	2.09	2.38	3.25	2.63	2.45	3.4	2.75	2.45	3.5	2.63	2.45	3.6	2.7	2.45	3.6	2.7	2.4	3.2	2.63	2.5	3.4	2.7	2.5	3.5	2.75	2.5	3.4	2.75	2.5	3.4	2.7	0	0	1		0	0	1	1	1	12.0	9.0	1	0	1	2025	6	6	151.0	98.0	utrecht	1.6774193548387097	52	0.5161290322580645	16	14.741935483870968	457	5.483870967741935	0.12903225806451613	0.6451612903225806	-7.93016446160826e-18	1.6774193548387097	52	0.8387096774193549	26	13.387096774193548	415	4.354838709677419	0.25806451612903225	0.4838709677419355	0.15789473684210525	0.4081632653061224	0.2777777777777778	0.37037037037037035	0.3864042933810376	0.26296958855098396	0.3506261180679786	0.056311413454270376				-0.021758971925084802	-0.01974425230239174	-0.014808189226793833	0.6805555555555556	0.75	0.9074074074074074	0.058803912850155626	1.905	0.05555555555555558				0	Unknown	Unknown	Normal	3.18	0.10015668517831049	2.0	1.2	2.8	0.1301688288645611	5.0	0.6	0.06915354623127742	0.1530652775854376	0.3831042962460394	0.39467687993724554	1.282002137207479	0.09775713517753017	0.19778433995517736	0.39500567066390735	0.3094528542033851	1.0894598306854637	2.0	1.2	0.8	0.2590615985910803	1.174217985666519	-0.9151563870754387	2.0	2.0	0.6	0.2	0.1	0.0	-0.4	-0.7	12.0	9.0	3.0	4.0	2.0
2025-08-02	15:30	Heracles	Go Ahead Eagles	4	2	H	1	1	D	24	11	8	5	6	12	11	5	0	0	0	0	3.3	3.75	2.05	3.3	3.6	2.1				3.31	3.74	2.08	3.25	3.6	2.05				3.38	3.78	2.14	3.27	3.67	2.08	1.67	2.15	1.68	2.21	1.71	2.28	1.66	2.2	0.25	2.07	1.83	2.05	1.83	2.08	1.85	2.01	1.8	2.75	3.4	2.5	2.7	3.5	2.45				2.92	3.56	2.44	2.8	3.4	2.4				3.23	3.61	2.53	2.89	3.48	2.4	1.73	2.08	1.75	2.17	1.82	2.23	1.73	2.1	0.25	1.7	2.1	1.81	2.12	1.98	2.23	1.79	2.06	eredivisie	3.25	3.5	2.1	3.26	3.74	2.09	3.4	3.75	2.2	1.7	2.26	2.05	1.9	2.9	3.4	2.3	3.0	3.5	2.43	2.94	3.6	2.56	1.78	2.26	1.81	2.2																															1	0	0	Heracles	0	0	1	3	0	10.0	5.0	0	0	0	2025	7	1	51.0	21.0	heracles	2.1052631578947367	40	0.7894736842105263	15	14.842105263157896	282	5.368421052631579	-0.3157894736842105	0.21052631578947367	-0.1987179487179487	1.2142857142857142	34	0.5714285714285714	16	11.821428571428571	331	3.7142857142857144	-0.07142857142857142	-0.25	-0.25	0.30303030303030304	0.26666666666666666	0.48780487804878053	0.28655297735532564	0.2521666200726866	0.4612804025719877	0.05750184774575029	0.04999999999999982	0.0	0.1499999999999999	-0.016477325674977394	-0.02652447547679282	-0.014500046593980076	0.88	0.5466666666666666	1.6097560975609757	0.06391867427934828	1.91	0.029539874871307603				0	Unknown	Unknown	Normal	4.01	0.1800673076571156	10.0	1.2	2.75	0.07770455193458363	2.0	0.0	0.037851092628138454	0.10379252499642613	0.3275904011822619	0.5307659811931735	0.9433479079732818	0.09722552904222645	0.19310706600188793	0.40223378447021335	0.3074336204856723	0.9750228788242363	1.4	0.3333333333333333	1.0666666666666667	0.48219494628266774	-0.5032362795713652	0.985431225854033	5.0	-1.0	0.2	0.3	0.1	0.4	-0.39999999999999997	-0.6000000000000001	10.0	5.0	5.0	3.0	1.0
2025-08-02	20:00	Feyenoord	Sparta Rotterdam	3	0	H	1	0	H	17	14	6	5	6	5	6	2	0	0	0	0	1.4	5.0	7.0	1.4	5.0	7.25				1.41	4.94	6.9	1.4	4.75	7.0				1.42	5.2	7.5	1.4	4.89	7.07	1.57	2.35	1.61	2.33	1.64	2.45	1.57	2.33	-1.25	1.91	1.99	1.92	1.95	1.92	2.04	1.88	1.93	1.44	4.75	6.5	1.47	4.6	6.25				1.46	4.56	7.55	1.44	4.5	6.5				1.5	4.87	7.55	1.45	4.6	6.84	1.6	2.3	1.63	2.37	1.68	2.44	1.59	2.32	-1.25	2.01	1.89	1.99	1.92	2.05	1.94	1.97	1.87	eredivisie	1.36	4.75	7.5	1.4	5.0	7.3	1.44	5.2	7.8	1.6	2.46	1.91	1.97	1.4	4.33	6.5	1.47	4.87	6.94	1.5	4.8	7.8	1.63	2.54	2.03	1.92																															1	0	0	Feyenoord	1	0	0	3	0	13.0	4.0	2	0	0	2025	13	1	51.0	30.0	feyenoord	2.5185185185185186	68	1.1851851851851851	32	20.703703703703702	559	7.148148148148148	0.9629629629629629	1.7037037037037037	0.5873015873015873	1.2758620689655173	37	0.4482758620689655	13	11.379310344827585	330	4.137931034482759	-0.2413793103448276	-0.1724137931034483	-0.2	0.7142857142857143	0.2	0.14285714285714285	0.6756756756756757	0.1891891891891892	0.13513513513513511	0.05714285714285716	0.0	0.0	0.25	-0.038610038610038644	-0.007722007722007734	-0.010810810810810811	0.27999999999999997	1.4	0.19999999999999998	0.06247459005285272	1.96	0.026072772238153963				0	Unknown	Unknown	Normal	5.29	0.15219929523582815	13.0	2.2	2.0100000000000002	0.07071357290527816	2.0	-0.6	0.012179943057425877	0.046458075363256864	0.2213641099558365	0.7199978716234807	0.9987046152662729	0.19351137826038126	0.2604844438126006	0.3680792463620703	0.17792493156494785	0.6810069808347806	2.1666666666666665	0.5	1.6666666666666665	1.8209950324321924	-0.5032362795713652	2.3242313120035574	11.0	0.0	0.4	0.1	0.1	0.2	-0.4	-0.8	13.0	4.0	9.0	4.0	1.0
2025-08-02	19:00	Groningen	Nijmegen	2	1	H	2	0	H	17	14	6	4	7	5	7	6	1	0	1	0	3.1	3.25	2.38	2.95	3.3	2.4				3.07	3.35	2.35	3.0	3.25	2.3				3.15	3.4	2.45	3.02	3.3	2.35	2.05	1.75	2.06	1.78	2.1	1.83	2.04	1.77	0.25	1.85	2.05	1.84	2.04	1.86	2.08	1.81	2.01	2.9	3.1	2.63	2.75	3.1	2.7				2.99	3.07	2.68	2.8	3.0	2.6				3.07	3.15	2.75	2.9	3.04	2.65	2.25	1.62	2.4	1.62	2.49	1.63	2.36	1.58	0.0	2.05	1.85	2.07	1.85	2.1	1.88	2.04	1.84	eredivisie	2.9	3.3	2.38	3.04	3.38	2.34	3.05	3.45	2.48	2.08	1.79	1.84	2.13	2.8	2.9	2.7	3.07	3.15	2.58	2.98	3.1	2.9	2.5	1.65	2.02	1.96																															1	0	0	Groningen	1	0	0	3	0	8.0	5.0	0	0	0	2025	5	5	90.0	21.0	groningen	1.4761904761904763	31	0.9047619047619048	19	14.19047619047619	298	5.333333333333333	0.38095238095238093	0.14285714285714285	0.4375	1.3	39	0.36666666666666664	11	12.333333333333334	370	4.666666666666667	-0.16666666666666666	0.13333333333333333	-0.04761904761904761	0.3225806451612903	0.3076923076923077	0.42016806722689076	0.30709067810068286	0.2929172621883437	0.39999205971097346	0.050441020080488785	0.10000000000000009	0.08000000000000007	0.0	-0.015489967060607457	-0.020176007515917305	-0.014775045503964024	0.9538461538461539	0.7323076923076923	1.3025210084033614	0.059233449477351874	1.9	0.028345418589321048				0	Unknown	Unknown	Normal	3.46	0.1370110067245563	8.0	0.8	2.8	0.04896298717809015	4.0	-0.4	0.07447019046069019	0.1597333690224405	0.3526606923612263	0.41313574815564297	0.9709224442785962	0.13119403079951705	0.1946159164619612	0.33934438386732074	0.33484566887120104	0.867016478180715	1.0	0.8333333333333334	0.16666666666666663	0.03592825089949289	0.838727132618942	-0.8027988817194491	3.0	-2.0	0.2	0.4	0.1	0.5	-0.3	-0.5	8.0	5.0	3.0	2.0	1.0
2025-08-02	17:45	PSV Eindhoven	Willem II	1	1	D	0	0	D	15	8	5	3	8	7	6	2	0	2	0	0	1.11	9.0	19.0	1.13	9.75	18.0				1.11	10.5	17.08	1.12	9.0	21.0				1.13	12.0	23.0	1.11	9.86	18.77	1.3	3.5	1.29	3.53	1.33	3.65	1.28	3.44	-2.5	2.02	1.88	1.98	1.87	2.02	1.89	1.97	1.85	1.14	8.0	15.0	1.16	8.5	15.0				1.14	9.52	16.94	1.15	8.0	17.0				1.16	10.0	19.0	1.14	8.9	16.72	1.36	3.1	1.37	3.19	1.41	3.5	1.35	3.13	-2.25	1.99	1.91	1.98	1.91	2.05	1.98	1.95	1.89	eredivisie	1.1	9.0	20.0	1.1	9.9	23.0	1.13	10.5	23.0	1.34	3.55	1.83	1.86	1.11	9.0	19.0	1.16	9.19	16.6	1.16	10.0	25.0	1.4	3.45	2.03	1.93																															0	0	1		0	0	1	1	1	15.0	5.0	0	0	0	2025	3	1	150.0	120.0	psv_eindhoven	3.2962962962962963	89	1.6296296296296295	44	20.296296296296298	548	8.25925925925926	1.1851851851851851	2.4444444444444446	0.8927536231884057	1.125	9	0.625	5	7.875	63	2.5	-0.125	-1.0	-0.75	0.9009009009009008	0.1111111111111111	0.05263157894736842	0.8461995249406176	0.1043646080760095	0.04943586698337293	0.06464359095938033	-0.010000000000000009	-2.0	0.0	-0.05470137596028324	-0.0031957119639954915	-0.006746503035101603	0.12333333333333335	2.111111111111111	0.05842105263157895	0.05494505494505475	2.4	0.026964398567516312				0	Unknown	Unknown	Normal	4.859999999999999	0.2418402937549354	15.0	3.4	1.7299999999999998	0.18664527917764823	2.0	-1.0	0.012754237408218785	0.051091300667944574	0.2543030607004798	0.6818514012233567	0.935945334431137	0.22342037824415986	0.2773770639805577	0.37917286612602036	0.12002969164926205	0.2845862897556184	1.5	0.25	1.25	-0.41033844448368195	-0.5032362795713652	0.09289783508768323	3.0	-6.0	0.3	0.16666666666666666	0.0	0.16666666666666666	-0.5333333333333334	-0.8333333333333334	15.0	5.0	10.0	5.0	1.0
2025-08-03	19:00	PSV Eindhoven	Heerenveen	2	1	H	1	0	H	25	8	10	4	10	10	8	4	2	1	0	0	1.25	6.5	10.0							1.25	6.44	9.47	1.25	6.0	10.0				1.26	6.9	11.0	1.24	6.46	9.8	1.33	3.4	1.31	3.42	1.35	3.52	1.3	3.36	-1.75	1.84	2.06	1.84	2.02	1.86	2.06	1.82	1.98	1.22	7.0	11.0							1.2	7.91	11.63	1.22	6.5	11.0				1.25	8.4	13.0	1.21	7.44	11.34	1.3	3.5	1.31	3.57	1.34	3.65	1.3	3.45	-2.0	1.97	1.93	1.95	1.93	2.0	1.96	1.93	1.91	eredivisie	1.2	6.5	11.0	1.24	6.7	10.5	1.26	7.4	11.5	1.35	3.5	1.82	2.05	1.17	7.5	13.0	1.25	7.2	11.3	1.22	8.2	15.5	1.34	3.85	1.99	2.0																															1	0	0	PSV Eindhoven	1	0	0	3	0	13.0	5.0	1	0	0	2025	4	1	1.0	204.0	psv_eindhoven	3.2962962962962963	89	1.6296296296296295	44	20.296296296296298	548	8.25925925925926	1.1851851851851851	2.4444444444444446	0.8927536231884057	1.1666666666666667	35	0.4666666666666667	14	11.866666666666667	356	3.8666666666666667	-0.26666666666666666	-0.7666666666666667	0.13333333333333333	0.8	0.15384615384615385	0.1	0.759124087591241	0.14598540145985403	0.09489051094890512	0.05384615384615388	0.0	0.0	0.5	-0.040875912408759096	-0.005109489051094887	-0.007860752386299824	0.19230769230769232	1.5384615384615385	0.125	0.045997346306943854	2.365	0.02891515407344869				0	Unknown	Unknown	Normal	4.77	0.2302406063706238	10.0	3.2	2.6500000000000004	0.043688038566617945	1.0	-0.4	0.015564373680495309	0.05799912617051274	0.26403597888221597	0.662400521266776	1.0310318888610777	0.12892398758826695	0.20569314710909264	0.36569257195573746	0.299690293346903	0.9491400809302579	1.3333333333333333	0.5	0.8333333333333333	-0.18720509679209452	-0.5032362795713652	0.31603118277927067	3.0	0.0	0.2	0.1	0.0	0.5	-0.3	-0.9	13.0	5.0	8.0	4.0	1.0
2025-08-03	15:30	For Sittard	Heracles	1	0	H	0	0	D	12	5	5	0	11	19	2	6	0	2	0	0	2.25	3.6	3.0							2.36	3.25	3.26	2.25	3.3	3.0				2.38	3.6	3.26	2.3	3.33	3.12	1.93	1.93	1.94	1.93	1.96	2.0	1.9	1.9	-0.25	2.01	1.89	2.02	1.87	2.03	1.91	1.96	1.85	2.3	3.5	3.0							2.36	3.49	3.1	2.25	3.4	3.0				2.43	3.58	3.14	2.32	3.45	3.04	1.83	2.03	1.85	2.04	1.99	2.04	1.83	1.97	-0.25	2.05	1.85	2.04	1.87	2.1	2.0	2.0	1.84	eredivisie	2.2	3.5	3.1	2.26	3.5	3.09	2.34	3.4	3.25	1.99	1.89	2.01	1.91	2.25	3.4	3.1	2.43	3.58	2.95	2.4	3.55	3.25	1.89	2.08	2.06	1.93																															1	0	0	For Sittard	0	0	1	3	0	8.0	5.0	1	0	1	2025	3	1	52.0	60.0	for_sittard	1.4285714285714286	50	0.6857142857142857	24	13.8	483	4.457142857142857	0.4	0.02857142857142857	0.574074074074074	0.6	15	0.32	8	8.88	222	2.64	-0.52	-1.72	-0.6	0.4444444444444444	0.2777777777777778	0.3333333333333333	0.42105263157894735	0.2631578947368421	0.3157894736842105	0.05555555555555558	0.0	0.0	0.30000000000000027	-0.023391812865497075	-0.017543859649122806	-0.0146198830409357	0.625	0.8333333333333333	0.75	0.0362694300518136	1.93	0.026612966911474523				0	Unknown	Unknown	Normal	3.44	0.061865197673531123	3.0	0.0	1.33	0.072125058040551	1.0	-0.8	0.05521247749143058	0.1377298877091447	0.37202433572733307	0.4350332990720916	1.228272391744992	0.2878457805457829	0.3316187005455432	0.3250686727297226	0.055466846178951326	0.5927496575261485	1.0	0.3333333333333333	0.6666666666666667	-0.41033844448368195	-0.5032362795713652	0.09289783508768323	-1.0	-1.0	0.4	0.2	0.2	0.5	-0.09999999999999998	-0.6000000000000001	8.0	5.0	3.0	2.0	1.0
2025-08-08	19:00	For Sittard	Go Ahead Eagles	2	2	D	1	1	D	36	6	8	2	10	9	8	5	2	2	0	1	2.63	3.6	2.5	2.65	3.6	2.5				2.73	3.43	2.56							2.7	3.6	2.55	2.66	3.44	2.5	1.73	2.08	1.75	2.11	1.74	2.1	1.71	2.05	0.0	1.98	1.83	2.0	1.88	1.98	1.85	1.91	1.8	2.6	3.5	2.55	2.6	3.4	2.6				3.15	3.58	2.29							3.15	3.7	2.63	2.74	3.48	2.45	1.75	2.05	1.74	2.18	1.75	2.15	1.7	2.07	0.0	1.93	1.88	2.31	1.68	1.98	1.91	1.91	1.81	eredivisie							2.72	3.65	2.58	1.78	2.14	2.02	1.9							2.82	3.5	2.7	1.83	2.16	2.04	1.92	2.63	3.3	2.5	2.7	3.35	2.5	2.63	3.5	2.5	2.62	3.6	2.5	2.62	3.5	2.5	2.63	3.5	2.63	2.75	3.45	2.4	2.8	3.6	2.4	3.0	3.5	2.3	3.0	3.5	2.25	0	0	1		0	0	1	1	1	10.0	2.0	0	1	1	2025	6	1	5.0	6.0	for_sittard	1.4285714285714286	50	0.6857142857142857	24	13.8	483	4.457142857142857	0.4	0.02857142857142857	0.574074074074074	1.2142857142857142	34	0.5714285714285714	16	11.821428571428571	331	3.7142857142857144	-0.07142857142857142	-0.25	-0.25	0.3802281368821293	0.2777777777777778	0.4	0.35938186319530413	0.26254841672323603	0.37806972008145995	0.05800591465990701				-0.02084627368682518	-0.021930279918540074	-0.015229361054541757	0.7305555555555555	0.6944444444444444	1.052	0.058803912850155626	1.905	0.0514985924821989				0	Unknown	Unknown	Normal	3.1399999999999997	0.07839412329336584	3.0	0.2	2.51	0.08889586747372527	4.0	-0.8	0.06334470528703795	0.1582163896150679	0.40493168587512407	0.3735072192227701	1.3761683973934775	0.10530991828929544	0.2119662054425561	0.42669661374415035	0.25602726252399816	0.8820890809242888	1.5	0.25	1.25	0.2590615985910803	-0.5032362795713652	0.7622978781624454	0.0	-3.0	0.5	0.2	0.1	0.4	-0.09999999999999998	-0.7	10.0	2.0	8.0	3.0	0.0
2025-08-11	15:30	Excelsior	Heracles	1	2	A	1	0	H	12	10	5	5	14	13	6	13	1	2	0	0	1.91	4.1	3.5	1.95	3.9	3.5													1.96	4.1	3.7	1.92	3.81	3.52	1.65	2.2			1.66	2.2	1.62	2.18	-0.5	1.9	1.9			1.96	1.9	1.88	1.84	1.85	4.0	3.75	1.88	3.9	3.75													1.91	4.0	3.9	1.86	3.84	3.72	1.53	2.4			1.57	2.4	1.54	2.35	-0.5	1.8	2.0			1.94	2.0	1.83	1.89	eredivisie							1.98	3.9	3.9	1.67	2.32	1.98	1.96							1.96	4.0	4.0	1.61	2.58	1.96	2.02	1.9	3.5	3.5	1.94	3.75	3.45	1.9	3.75	3.6	1.95	3.9	3.5	1.95	3.8	3.5	1.83	3.6	3.6	1.88	3.8	3.6	1.85	4.0	3.9	1.91	3.9	3.75	1.85	3.8	3.7	0	1	0	Heracles	1	0	0	0	3	6.0	4.0	1	0	0	2025	0	1	91.0	8.0	excelsior	1.0	23	0.34782608695652173	8	13.478260869565217	310	4.521739130434782	-0.21739130434782608	-0.391304347826087	-0.018518518518518528	0.6	15	0.32	8	8.88	222	2.64	-0.52	-1.72	-0.6	0.5235602094240838	0.24390243902439027	0.2857142857142857	0.4971246449109679	0.2315873345804753	0.27128802050855677	0.053176934162759704				-0.02643556451311585	-0.014426265205728928	-0.012315104443914954	0.4658536585365854	0.853658536585366	0.5457142857142857	0.06060606060606055	1.925	0.05263157894736836				0	Unknown	Unknown	Normal	4.2	0.0646768395459495	8.0	0.0	1.09	0.072125058040551	1.0	-1.0	0.08463906853275319	0.14410199395560913	0.2809986301687293	0.49026030734290843	0.59082561835168	0.3726152076777626	0.33015936833887677	0.26004614006439797	0.03717928391896268	0.3175709754913434	0.0	0.25	-0.25	-1.0797384875584441	-0.5032362795713652	-0.576502207987079	-2.0	-2.0	0.3	0.2	0.5	0.6	-0.10000000000000003	-0.3	6.0	4.0	2.0	2.0	1.0
2025-08-11	17:45	Volendam	NAC Breda	2	1	H	0	1	A	12	12	5	2	13	9	8	6	2	2	0	2	2.63	3.8	2.45	2.55	3.7	2.5													2.66	3.8	2.5	2.57	3.63	2.46	1.65	2.2			1.65	2.25	1.61	2.19	0.0	2.0	1.8			2.0	1.85	1.91	1.81	2.8	3.7	2.3	2.75	3.6	2.4													2.8	3.7	2.45	2.72	3.55	2.39	1.62	2.25			1.66	2.25	1.63	2.17	0.25	1.8	2.0			1.8	2.14	1.71	2.0	eredivisie							2.76	3.8	2.58	1.68	2.32	2.06	1.9							3.0	3.7	2.5	1.74	2.28	1.84	2.16	2.5	3.4	2.4	2.48	3.8	2.48	2.6	3.6	2.45	2.6	3.7	2.5	2.5	3.7	2.5	2.63	3.3	2.38	2.65	3.55	2.45	2.7	3.7	2.45	2.75	3.6	2.4	2.75	3.6	2.37	1	0	0	Volendam	0	1	0	3	0	4.0	3.0	0	0	0	2025	0	0	30.0	30.0	volendam	1.1818181818181819	26	0.36363636363636365	8	12.590909090909092	277	4.045454545454546	-0.45454545454545453	-1.2272727272727273	-0.16666666666666666	0.46153846153846156	6	0.23076923076923078	3	10.846153846153847	141	3.769230769230769	-0.6923076923076923	-1.3846153846153846	-0.6666666666666666	0.3802281368821293	0.2631578947368421	0.4081632653061224	0.36158850373822704	0.250257306534615	0.38815418972715793	0.05154929692509391				-0.018639633143902268	-0.020009075578964475	-0.012900588202227115	0.6921052631578948	0.6447368421052633	1.0734693877551018	0.06060606060606055	1.925	0.05555555555555558				0	Unknown	Unknown	Normal	2.4199999999999995	0.1097678134630776	6.0	-1.4	3.05	0.08339472325423657	1.0	-1.0	0.15767075771944214	0.24229379634976062	0.35217690486426173	0.24785854106653554	0.23633257721102535	0.10093499880950148	0.19265082945276243	0.3535195838784468	0.3528945878592893	0.5526311663250552	0.0	0.0	0.0	-1.0797384875584441	-0.838727132618942	-0.2410113549395021	-1.0	-4.0	0.2	0.16666666666666666	0.1	0.5	-0.3	-0.7333333333333334	4.0	3.0	1.0	1.0	1.0
2025-08-11	19:00	For Sittard	Heerenveen	2	0	H	0	0	D	10	18	5	8	14	12	4	5	2	1	0	0	3.0	3.7	2.2	2.9	3.7	2.25													3.0	3.7	2.26	2.93	3.61	2.22	1.67	2.15			1.67	2.25	1.63	2.17	0.25	1.85	1.95			1.87	1.95	1.83	1.86	3.1	3.5	2.25	2.9	3.6	2.3													3.1	3.7	2.3	2.96	3.52	2.25	1.67	2.15			1.67	2.2	1.66	2.12	0.25	1.85	1.95			1.85	1.97	1.82	1.87	eredivisie							3.15	3.55	2.32	1.67	2.28	1.89	2.03							3.15	3.6	2.4	1.75	2.28	1.9	2.08	2.88	3.4	2.15	3.0	3.6	2.18	2.88	3.6	2.25	2.9	3.7	2.25	2.87	3.7	2.25	2.88	3.3	2.2	2.95	3.55	2.25	3.0	3.7	2.25	2.9	3.6	2.3	2.9	3.5	2.3	1	0	0	For Sittard	0	0	1	3	0	8.0	4.0	1	0	2	2025	7	1	3.0	8.0	for_sittard	1.4285714285714286	50	0.6857142857142857	24	13.8	483	4.457142857142857	0.4	0.02857142857142857	0.574074074074074	1.1666666666666667	35	0.4666666666666667	14	11.866666666666667	356	3.8666666666666667	-0.26666666666666666	-0.7666666666666667	0.13333333333333333	0.3333333333333333	0.27027027027027023	0.45454545454545453	0.315015479876161	0.25541795665634676	0.4295665634674923	0.05814905814905802				-0.018317853457172295	-0.02497889107796225	-0.014852313613923473	0.8108108108108107	0.5945945945945946	1.3636363636363635	0.06391867427934828	1.91	0.053361053361053346				0	Unknown	Unknown	Normal	4.029999999999999	0.06749643372531616	4.0	0.0	2.3800000000000003	0.05732967283440323	2.0	-0.6	0.035222202424370026	0.10485629500599021	0.3369918025207347	0.5229297000489052	1.2595508499020152	0.14533969132988583	0.23405204263400953	0.3796118723898875	0.24099639364621717	0.7749411286494094	1.4	0.3333333333333333	1.0666666666666667	0.48219494628266774	-0.5032362795713652	0.985431225854033	0.0	-1.0	0.5	0.0	0.1	0.4	-0.09999999999999998	-0.9	8.0	4.0	4.0	2.0	1.0
2025-08-11	20:00	Zwolle	Sparta Rotterdam	1	0	H	1	0	H	11	14	3	1	9	15	3	6	2	4	0	1	2.5	3.6	2.63	2.45	3.6	2.6													2.6	3.6	2.66	2.49	3.49	2.61	1.65	2.2			1.68	2.25	1.63	2.16	0.0	1.85	1.95			1.85	1.95	1.82	1.9	2.55	3.6	2.6	2.65	3.6	2.45													2.74	3.7	2.6	2.63	3.53	2.48	1.62	2.25			1.63	2.25	1.61	2.2	0.0	1.9	1.9			2.0	1.9	1.89	1.83	eredivisie							2.64	3.65	2.8	1.69	2.3	1.92	2.03							2.92	3.75	2.52	1.69	2.38	2.15	1.85	2.4	3.3	2.6	2.55	3.4	2.6	2.45	3.6	2.6	2.5	3.6	2.62	2.45	3.6	2.6	2.6	3.3	2.4	2.65	3.45	2.48	2.6	3.7	2.55	2.7	3.6	2.45	2.62	3.6	2.45	1	0	0	Zwolle	1	0	0	3	0	8.0	4.0	0	1	0	2025	1	1	123.0	9.0	zwolle	1.2105263157894737	23	0.5263157894736842	10	13.263157894736842	252	4.526315789473684	0.05263157894736842	-0.05263157894736842	0.2166666666666667	1.2758620689655173	37	0.4482758620689655	13	11.379310344827585	330	4.137931034482759	-0.2413793103448276	-0.1724137931034483	-0.2	0.4	0.2777777777777778	0.3802281368821293	0.37806972008145995	0.26254841672323603	0.35938186319530413	0.05800591465990701				-0.021930279918540074	-0.02084627368682518	-0.015229361054541757	0.6944444444444444	0.7305555555555555	0.9505703422053232	0.06060606060606055	1.925	0.053361053361053346				0	Unknown	Unknown	Normal	3.7299999999999995	0.11673423198695417	4.0	-0.2	2.4	0.03149788663076835	2.0	-1.0	0.15455751558874684	0.11775246160547918	0.24050187838749754	0.48718814441827635	0.474213593067679	0.14184296125134888	0.2151946728799074	0.39452454015240257	0.2484378257163411	0.7426649384763446	0.3333333333333333	0.3333333333333333	0.0	-0.8566051398668568	-0.5032362795713652	-0.35336886029549164	-4.0	-3.0	0.2	0.1	0.2	0.3	-0.49999999999999994	-0.7000000000000001	8.0	4.0	4.0	2.0	1.0
2025-09-02	11:15	Utrecht	Almere City	0	1	A	0	1	A	15	15	4	6	7	17	8	5	1	5	0	0	1.38	5.0	7.5	1.38	5.0	7.75				1.38	4.85	7.77	1.36	4.8	7.5				1.39	5.09	8.0	1.37	4.88	7.64	1.67	2.15	1.72	2.14	1.74	2.22	1.69	2.15	-1.25	1.87	2.03	1.88	1.98	1.9	2.06	1.85	1.96	1.39	4.75	7.0	1.4	5.0	7.25				1.43	4.82	7.75	1.36	4.8	7.5				1.43	5.2	8.4	1.4	4.88	7.54	1.62	2.25	1.67	2.3	1.7	2.34	1.64	2.27	-1.25	1.92	1.98	1.93	1.97	1.95	2.05	1.86	1.98	eredivisie	1.33	5.0	6.5	1.38	4.95	8.0	1.39	5.1	9.0	1.62	2.12			1.4	4.5	5.5	1.43	5.13	7.48	1.45	5.0	8.6	1.71	2.36	1.96	2.0																															0	1	0	Almere City	0	1	0	0	3	10.0	3.0	0	0	1	2025	7	0	52.0	271.0	utrecht	1.6774193548387097	52	0.5161290322580645	16	14.741935483870968	457	5.483870967741935	0.12903225806451613	0.6451612903225806	-7.93016446160826e-18	0.5833333333333334	7	0.4166666666666667	5	10.333333333333334	124	2.8333333333333335	-0.6666666666666666	-1.25	0.0	0.7246376811594204	0.2	0.13333333333333333	0.6849315068493151	0.18904109589041096	0.12602739726027395	0.05797101449275366	0.019999999999999796	0.0	0.20000000000000018	-0.03970617431010526	-0.007305936073059377	-0.010958904109589052	0.27599999999999997	1.5	0.184	0.06391867427934828	1.91	0.02737019572719368				0	Unknown	Unknown	Normal	2.8200000000000003	0.06699616980435638	3.0	0.4	1.8800000000000001	0.03941851808314721	1.0	-1.0	0.0815527938935305	0.180883479142191	0.418197621346327	0.3193661056179515	1.108352497804017	0.3294312278815323	0.22645112557631678	0.2375326542241314	0.20658499231801958	0.6083444142010593	1.75	0.0	1.75	0.48219494628266774	-0.838727132618942	1.3209220789016098	2.0	0.0	0.6	0.125	0.1	0.5	0.09999999999999998	-0.775	10.0	3.0	7.0	3.0	0.0
2025-09-02	15:45	Heerenveen	Twente	3	3	D	1	2	A	22	9	7	5	9	9	9	2	1	3	0	1	3.8	3.8	1.91	3.7	3.8	1.9				3.74	3.87	1.9	3.6	3.6	1.91				3.95	4.0	1.95	3.69	3.82	1.9	1.7	2.1	1.69	2.18	1.76	2.28	1.67	2.17	0.5	1.97	1.93	1.94	1.91	1.99	1.95	1.94	1.91	3.4	3.75	2.0	3.3	3.7	2.05				3.64	3.73	2.03	3.3	3.6	2.05				3.64	3.86	2.09	3.5	3.69	2.02	1.67	2.15	1.73	2.2	1.76	2.21	1.7	2.14	0.5	1.84	2.06	1.87	2.04	1.88	2.09	1.82	2.02	eredivisie	3.5	4.0	1.91	3.76	3.8	1.91	3.85	3.9	1.91	1.74	2.18			3.6	3.6	2.0	3.64	3.86	2.01	3.75	3.8	2.1	1.76	2.3	1.89	2.1																															0	0	1		0	1	0	1	1	10.0	7.0	0	0	2	2025	10	7	82.0	52.0	heerenveen	1.7692307692307692	46	1.0384615384615385	27	15.384615384615385	400	5.5	0.19230769230769232	0.34615384615384615	0.03571428571428571	1.6774193548387097	52	0.8387096774193549	26	13.387096774193548	415	4.354838709677419	0.25806451612903225	0.4838709677419355	0.15789473684210525	0.2631578947368421	0.2631578947368421	0.5235602094240838	0.25065616797900264	0.25065616797900264	0.49868766404199477	0.04987599889776795	0.19999999999999973	0.0	0.19999999999999973	-0.012501726757839449	-0.024872545382088995	-0.012501726757839449	1.0	0.5026315789473684	1.9895287958115184	0.06442577030812324	1.9	0.02574892822387631				0	Unknown	Unknown	Normal	3.8099999999999996	0.12282334073607537	5.0	0.6	2.9899999999999998	0.11315743562517752	4.0	0.4	0.03757429128845592	0.10730711268348861	0.34835821389625304	0.5067603821318023	1.0193240709941565	0.0930014089752813	0.18517738939375933	0.37316749256138093	0.3486537090695784	0.9970327201397782	1.6666666666666667	1.1666666666666667	0.5	1.15159498935743	1.5097088387140958	-0.3581138493566658	3.0	2.0	0.1	0.2	0.1	0.0	-0.9	-0.7	10.0	7.0	3.0	3.0	1.0
2025-09-02	13:30	For Sittard	Ajax	0	2	A	0	0	D	8	9	2	6	19	24	5	4	2	3	0	0	6.0	4.5	1.5	5.75	4.33	1.55				6.66	4.52	1.46	5.8	4.2	1.5				6.7	4.7	1.55	6.1	4.47	1.48	1.65	2.2	1.65	2.27	1.7	2.3	1.64	2.23	1.0	2.06	1.84	2.06	1.81	2.09	1.87	2.03	1.81	5.75	4.75	1.5	6.25	4.75	1.46				6.3	4.56	1.52	6.5	4.5	1.44				7.2	5.0	1.52	6.53	4.7	1.46	1.53	2.4	1.56	2.52	1.59	2.61	1.54	2.45	1.25	1.82	2.08	1.81	2.1	1.94	2.11	1.86	1.99	eredivisie	6.0	4.6	1.44	5.95	4.5	1.51	6.4	4.9	1.52	1.67	2.28			6.5	4.5	1.44	6.94	4.87	1.47	7.0	4.8	1.53	1.58	2.68	1.9	2.06																															0	1	0	Ajax	0	0	1	0	3	10.0	8.0	0	2	2	2025	10	7	22.0	82.0	for_sittard	1.4285714285714286	50	0.6857142857142857	24	13.8	483	4.457142857142857	0.4	0.02857142857142857	0.574074074074074	2.0344827586206895	59	0.8620689655172413	25	12.96551724137931	376	5.517241379310345	0.3448275862068966	0.5172413793103449	0.30833333333333335	0.16666666666666666	0.2222222222222222	0.6666666666666666	0.15789473684210528	0.2105263157894737	0.6315789473684211	0.05555555555555536	0.20000000000000018	0.0	0.2999999999999998	-0.008771929824561375	-0.0350877192982455	-0.01169590643274851	1.3333333333333333	0.3333333333333333	4.0	0.06060606060606055	1.925	0.02891515407344869				0	Unknown	Unknown	Normal	3.96	0.08729841392333597	5.0	0.4	2.7	0.18919881956601814	7.0	0.4	0.03899793418699997	0.11208611318567352	0.34162626239232374	0.5072896902350028	1.1515859202087106	0.09821885968502315	0.18693879425337204	0.41244656100359867	0.3023957850580062	0.6902159494615867	1.6666666666666667	1.75	-0.08333333333333326	1.15159498935743	1.5097088387140958	-0.3581138493566658	2.0	3.0	0.5	0.1	0.1	0.1	-0.4	-0.8	10.0	8.0	2.0	3.0	2.0
2025-09-02	15:45	AZ Alkmaar	Zwolle	2	0	H	1	0	H	11	12	6	4	9	7	3	3	0	0	0	0	1.4	5.0	7.5	1.41	4.8	7.25				1.39	4.88	7.51	1.4	4.6	7.5				1.41	5.2	8.0	1.39	4.86	7.46	1.65	2.2	1.65	2.21	1.7	2.33	1.64	2.22	-1.25	1.91	1.99	1.89	1.96	1.93	2.0	1.86	1.94	1.33	5.5	8.5	1.35	5.5	8.0				1.37	5.16	8.81	1.36	5.0	8.0				1.37	5.6	9.19	1.35	5.2	8.58	1.57	2.35	1.63	2.38	1.65	2.44	1.59	2.34	-1.5	2.02	1.88	2.06	1.86	2.06	1.92	2.0	1.86	eredivisie	1.33	5.0	8.0	1.39	4.95	7.7	1.4	5.1	8.4	1.69	2.26			1.33	5.0	8.5	1.35	5.6	9.01	1.4	5.4	9.6	1.63	2.52	2.09	1.87																															1	0	0	AZ Alkmaar	1	0	0	3	0	5.0	4.0	0	0	0	2025	5	4	52.0	82.0	az_alkmaar	1.8666666666666667	56	0.9666666666666667	29	17.266666666666666	518	6.3	0.4666666666666667	0.9333333333333333	0.3083333333333333	1.25	30	0.4166666666666667	10	9.666666666666666	232	3.7916666666666665	-0.5	-1.1666666666666667	-0.4230769230769231	0.7142857142857143	0.2	0.13333333333333333	0.6818181818181818	0.19090909090909092	0.12727272727272726	0.04761904761904767	0.0	0.0	0.40000000000000036	-0.032467532467532534	-0.006060606060606072	-0.009090909090909094	0.27999999999999997	1.5	0.18666666666666665	0.06060606060606055	1.925	0.026072772238153963				0	Unknown	Unknown	Normal	4.51	0.05531819356336256	4.0	-0.2	2.31	0.2483439019161376	6.0	-2.2	0.017314284281658623	0.06373476865297512	0.2865920386862887	0.6323589083790776	1.0621399257519455	0.11368952318611107	0.23270953916108028	0.442457550827511	0.2111433868252976	0.481475886916707	1.0	0.6666666666666666	0.33333333333333337	0.03592825089949289	0.5032362795713652	-0.46730802867187227	0.0	-11.0	0.2	0.1	0.2	0.2	-0.6000000000000001	-0.7000000000000001	5.0	4.0	1.0	1.0	1.0
2025-09-02	13:30	Waalwijk	NAC Breda	5	0	H	3	0	H	20	14	9	2	5	12	7	5	0	1	0	0	2.6	3.5	2.6	2.65	3.5	2.5				2.58	3.57	2.62	2.6	3.4	2.5				2.65	3.64	2.63	2.57	3.51	2.58	1.7	2.1	1.7	2.17	1.77	2.25	1.69	2.14	0.0	1.95	1.95	1.92	1.93	1.96	1.96	1.92	1.92	2.2	3.75	3.0	2.3	3.5	2.95				2.26	3.73	3.09	2.25	3.5	2.9				2.43	3.84	3.12	2.27	3.63	2.98	1.6	2.3	1.65	2.33	1.7	2.38	1.64	2.26	-0.25	1.98	1.92	1.98	1.93	2.07	1.96	1.98	1.87	eredivisie	2.6	3.4	2.6	2.57	3.64	2.56	2.7	3.6	2.64	1.8	2.18			2.25	3.5	3.0	2.32	3.84	2.95	2.38	3.75	3.15	1.69	2.42	2.06	1.92																															1	0	0	Waalwijk	1	0	0	3	0	5.0	0.0	0	0	0	2025	1	0	90.0	22.0	waalwijk	1.76	44	0.84	21	13.2	330	4.56	0.28	0.44	0.19642857142857142	0.46153846153846156	6	0.23076923076923078	3	10.846153846153847	141	3.769230769230769	-0.6923076923076923	-1.3846153846153846	-0.6666666666666666	0.3846153846153846	0.2857142857142857	0.3846153846153846	0.36458333333333337	0.27083333333333337	0.36458333333333337	0.05494505494505475	0.0	0.10000000000000009	0.10000000000000009	-0.02003205128205121	-0.02003205128205121	-0.014880952380952328	0.7428571428571429	0.7428571428571429	1.0	0.06442577030812324	1.9	0.025641025641025772				0	Unknown	Unknown	Normal	3.29	0.05518721681080781	2.0	-0.4	2.54	0.06938929772903311	2.0	-1.6	0.06182942331035892	0.1470233108403039	0.37884137768835513	0.4123058881609821	0.8084640765146258	0.1285130092599494	0.23909298015371183	0.3842794631556581	0.2481145474306808	0.6029005784912999	0.5	0.0	0.5	-0.8566051398668568	-0.838727132618942	-0.017878007247914773	0.0	-5.0	0.4	0.14285714285714285	0.4	0.42857142857142855	-0.17142857142857137	-0.45714285714285713	5.0	0.0	5.0	1.0	0.0
2025-09-03	11:15	Willem II	Utrecht	2	3	A	1	0	H	13	15	6	6	14	10	4	5	0	2	0	0	4.1	3.3	1.95							4.0	3.46	1.95	3.8	3.4	1.95				4.1	3.6	1.98	3.89	3.47	1.95	2.0	1.85	2.03	1.82	2.05	1.87	1.98	1.81	0.5	1.91	1.99	1.89	1.96	1.92	2.0	1.87	1.96	3.5	3.5	2.05							3.71	3.43	2.12	3.5	3.3	2.05				3.9	3.6	2.12	3.69	3.42	2.05	2.05	1.8	2.05	1.85	2.14	1.92	2.01	1.81	0.5	1.75	2.05	1.79	2.12	1.85	2.12	1.8	2.05	eredivisie	3.9	3.3	1.95	3.88	3.58	1.94	4.2	3.45	2.0	1.91	1.81	1.92	2.0	3.7	3.25	1.95	3.6	3.6	2.1	4.0	3.55	2.1	2.1	1.88	1.89	2.11																															0	1	0	Utrecht	1	0	0	0	3	0.0	6.0	0	0	0	2025	0	2	213.0	91.0	willem_ii	0.8	4	0.2	1	8.6	43	3.4	-0.4	-1.2	0.0	1.9285714285714286	54	0.6785714285714286	19	12.964285714285714	363	4.535714285714286	0.03571428571428571	0.42857142857142855	0.17592592592592593	0.24390243902439027	0.30303030303030304	0.5128205128205129	0.23015021459227467	0.28594420600858367	0.48390557939914164	0.05975325487520622	0.2999999999999998	0.0	-0.10000000000000009	-0.0137522244321156	-0.028914933421371247	-0.01708609702171937	1.2424242424242424	0.5909090909090909	2.1025641025641026	0.04054054054054035	1.925	0.026072772238153963				0	Unknown	Unknown	Normal	1.4000000000000001	0.03300330033003301	1.0	-1.3333333333333333	3.05	0.16917617649986522	7.0	0.2	0.30980016647649394	0.30706170919172054	0.298031799541235	0.08510632479055054	0.4146031726505495	0.062290640300155006	0.16292468836738724	0.4204011297255274	0.3543835416069303	0.9404620795920431	0.0	0.5	-0.5	-1.0797384875584441	-0.1677454265237884	-0.9119930610346557	-2.0	-1.0	0.0	0.0	0.6666666666666666	0.2	-0.8	-0.33333333333333337	0.0	6.0	-6.0	0.0	1.0
2025-09-03	13:30	Nijmegen	Go Ahead Eagles	2	3	A	0	1	A	10	27	4	14	13	8	3	15	2	1	1	0	2.15	3.5	3.3							2.19	3.43	3.31	2.15	3.5	3.2				2.25	3.66	3.34	2.17	3.48	3.23	1.69	2.07	1.76	2.09	1.79	2.14	1.73	2.07	-0.25	1.91	1.99	1.9	1.95	1.92	1.99	1.87	1.93	2.4	3.5	2.8							2.45	3.49	2.96	2.4	3.4	2.8				2.59	3.57	3.0	2.41	3.43	2.89	1.7	2.1	1.77	2.14	1.82	2.14	1.76	2.07	0.0	1.81	2.09	1.77	2.15	1.86	2.15	1.79	2.09	eredivisie	2.1	3.5	3.3	2.14	3.66	3.21	2.18	3.45	3.35	1.64	1.97	1.88	1.92	2.3	3.25	2.88	2.59	3.57	2.74	2.52	3.55	3.0	1.82	2.16	1.81	2.2																															0	1	0	Go Ahead Eagles	0	1	0	0	3	5.0	2.0	0	0	1	2025	2	2	182.0	26.0	nijmegen	1.896551724137931	55	0.4827586206896552	14	14.758620689655173	428	5.620689655172414	-0.1724137931034483	0.3793103448275862	-0.2427536231884058	1.2142857142857142	34	0.5714285714285714	16	11.821428571428571	331	3.7142857142857144	-0.07142857142857142	-0.25	-0.25	0.46511627906976744	0.2857142857142857	0.30303030303030304	0.44134505158578524	0.2711119602598395	0.28754298815437523	0.05386086781435617	0.0	0.09999999999999964	0.0	-0.023771227483982194	-0.015487314875927805	-0.014602325454446174	0.6142857142857142	0.9428571428571428	0.6515151515151515	0.07480776377097453	1.88	0.026072772238153963				0	Unknown	Unknown	Normal	3.0200000000000005	0.15152924167901496	6.0	0.0	2.29	0.13466765776750875	6.0	-0.8	0.06014690247453878	0.15510204979548467	0.4242640358819988	0.3604870118479778	0.9954937782704955	0.14167268623821544	0.23927985405248137	0.39865652443962646	0.22039093526967676	0.8173999675836218	0.6666666666666666	0.4	0.2666666666666666	-0.6334717921752694	-0.1677454265237884	-0.46572636565148096	0.0	-3.0	0.3	0.2	0.1	0.4	-0.3	-0.7	5.0	2.0	3.0	1.0	0.0
2025-09-03	13:30	Zwolle	Ajax	0	1	A	0	0	D	9	14	2	6	9	5	3	3	1	0	0	0	5.75	4.0	1.6							5.15	4.16	1.61	5.0	4.0	1.62				5.75	4.25	1.63	5.09	4.12	1.6	1.67	2.15	1.7	2.18	1.73	2.24	1.67	2.16	1.0	1.86	2.04	1.81	2.06	1.86	2.09	1.8	2.03	6.25	4.1	1.55							6.11	4.24	1.57	5.5	4.0	1.57				6.75	4.5	1.6	5.95	4.21	1.55	1.7	2.1	1.76	2.15	1.79	2.17	1.72	2.11	1.0	1.93	1.97	1.94	1.96	1.99	2.0	1.92	1.92	eredivisie	5.0	4.2	1.57	4.98	4.2	1.63	6.0	4.4	1.61	1.7	2.22	1.86	2.03	6.0	4.0	1.5	6.37	4.28	1.57	6.8	4.3	1.6	1.79	2.22	1.98	1.98																															0	1	0	Ajax	0	0	1	0	3	8.0	10.0	0	0	0	2025	4	10	23.0	1.0	zwolle	1.2105263157894737	23	0.5263157894736842	10	13.263157894736842	252	4.526315789473684	0.05263157894736842	-0.05263157894736842	0.2166666666666667	2.0344827586206895	59	0.8620689655172413	25	12.96551724137931	376	5.517241379310345	0.3448275862068966	0.5172413793103449	0.30833333333333335	0.17391304347826086	0.25	0.625	0.16580310880829016	0.2383419689119171	0.5958549222797929	0.048913043478260754	0.75	-0.020000000000000018	0.0	-0.008109934669970703	-0.029145077720207135	-0.011658031088082887	1.4375	0.4	3.59375	0.06391867427934828	1.91	0.027830487033523088				0	Unknown	Unknown	Normal	2.8899999999999997	0.11881599502489253	4.0	-0.2	2.66	0.19711882748602605	8.0	0.8	0.17750499771619402	0.16562228058503128	0.3109837708151137	0.345888950883661	0.6583893872898551	0.10002383256292272	0.190723224727936	0.41579959052647003	0.2934533521826713	0.9123753862143646	1.0	2.0	-1.0	-0.18720509679209452	2.516181397856826	-2.7033864946489206	-3.0	5.0	0.2	0.2	0.2	0.1	-0.7	-0.6000000000000001	8.0	10.0	-2.0	2.0	3.0
2025-09-03	15:45	Twente	Almere City	1	0	H	1	0	H	15	7	3	1	9	13	4	3	0	2	0	0	1.27	5.75	8.5							1.29	5.74	9.19	1.3	5.0	9.5				1.3	6.2	12.0	1.28	5.7	9.54	1.54	2.35	1.6	2.37	1.62	2.48	1.56	2.36	-1.5	1.88	2.02	1.88	1.97	1.89	2.02	1.85	1.96	1.27	6.25	9.5							1.27	6.12	11.06	1.25	5.5	11.0				1.3	6.38	12.0	1.27	5.87	10.64	1.62	2.25	1.65	2.31	1.7	2.48	1.62	2.29	-1.5	1.78	2.03	1.81	2.08	1.87	2.09	1.82	2.02	eredivisie	1.22	5.5	12.0	1.3	5.65	9.7	1.3	5.8	1.26	1.54	2.16			1.22	5.5	10.0	1.3	6.38	9.33	1.28	6.6	13.5	1.69	2.4	1.85	2.11																															1	0	0	Twente	1	0	0	3	0	9.0	5.0	0	0	0	2025	5	3	54.0	1.0	twente	2.740740740740741	74	1.2592592592592593	34	21.962962962962962	593	7.7407407407407405	0.8888888888888888	1.8888888888888888	0.5333333333333333	0.5833333333333334	7	0.4166666666666667	5	10.333333333333334	124	2.8333333333333335	-0.6666666666666666	-1.25	0.0	0.7874015748031495	0.17391304347826086	0.11764705882352941	0.7297771473365934	0.16118556123782152	0.10903729142558514	0.07896167710493973	-0.030000000000000027	-1.0	0.75	-0.05762442746655616	-0.008609767397944265	-0.012727482240439347	0.22086956521739132	1.4782608695652173	0.14941176470588236	0.07488256424426631	1.945	0.026964398567516312				0	Unknown	Unknown	Normal	4.42	0.1336656061744508	3.0	1.2	1.9	0.024294756869488864	2.0	-0.8	0.029562415665397534	0.07953384213084246	0.27557957106210806	0.6153241711416519	1.160768814534419	0.32885649568652714	0.22498603734274444	0.23528916316578163	0.21086830380494687	0.6400827476194626	1.25	1.5	-0.25	0.03592825089949289	0.1677454265237884	-0.1318171756242955	1.0	1.0	0.4	0.2222222222222222	0.1	0.4444444444444444	-0.15555555555555556	-0.6777777777777778	9.0	5.0	4.0	2.0	1.0
2025-09-05	19:00	Willem II	Heracles	1	2	A	0	1	A	9	16	5	6	6	11	5	10	1	1	0	0	2.7	3.25	2.6							2.79	3.38	2.64							2.79	3.5	2.64	2.7	3.32	2.58	2.05	1.8	2.03	1.87	2.07	2.0	1.97	1.83	0.0	2.01	1.89	2.01	1.9	2.01	1.91	1.98	1.87	2.63	3.5	2.55							2.72	3.5	2.63							2.72	3.59	2.73	2.65	3.39	2.6	1.75	2.05	1.83	2.06	1.9	2.06	1.84	1.97	0.0	1.99	1.91	1.99	1.92	2.0	1.94	1.96	1.91	eredivisie	2.45	3.5	2.63	2.74	3.32	2.57	2.6	3.75	2.8	1.87	2.02			2.63	3.1	2.55	2.59	3.59	2.73	2.82	3.45	2.78	1.92	2.08	2.0	1.97																															0	1	0	Heracles	0	1	0	0	3	0.0	4.0	0	0	0	2025	0	4	2.0	25.0	willem_ii	0.8	4	0.2	1	8.6	43	3.4	-0.4	-1.2	0.0	0.6	15	0.32	8	8.88	222	2.64	-0.52	-1.72	-0.6	0.37037037037037035	0.3076923076923077	0.3846153846153846	0.34852546916890076	0.28954423592493295	0.3619302949061662	0.06267806267806275				-0.02184490120146959	-0.022685089709218398	-0.018148071767374763	0.8307692307692308	0.8	1.0384615384615385	0.04336043360433606	1.9249999999999998	0.026612966911474523				0	Unknown	Unknown	Normal	1.9	0.06292041417882246	3.0	-1.25	1.3199999999999998	0.06777297448054664	2.0	-1.0	0.24069344234745196	0.25866356136006763	0.3264025165202914	0.17424047977218904	0.48495826538822306	0.34502147632017305	0.3007128062442762	0.2734571298562433	0.08080858757930742	0.45273674013976056	0.0	0.8	-0.8	-1.0797384875584441	0.5032362795713652	-1.5829747671298093	-3.0	-1.0	0.0	0.2	0.5	0.6	-0.4	-0.3	0.0	4.0	-4.0	0.0	1.0
2025-09-08	19:00	Heerenveen	Volendam	1	1	D	1	0	H	18	5	6	3	8	9	9	2	1	1	0	0	1.57	4.2	5.5	1.6	4.1	5.25				1.58	4.19	5.4							1.6	4.2	5.6	1.57	4.03	5.4	1.7	2.1	1.74	2.12	1.71	2.14	1.68	2.08	-1.0	1.98	1.83	2.0	1.85	2.0	1.83	1.93	1.77	1.65	4.2	5.0	1.61	4.2	5.0				1.65	4.15	5.29							1.65	4.5	5.5	1.59	4.21	5.15	1.57	2.35	1.61	2.41	1.63	2.38	1.56	2.31	-1.0	2.03	1.78	2.1	1.83	2.03	1.9	1.91	1.78	eredivisie							1.61	4.0	5.8	1.75	2.18									1.68	4.3	5.5	1.63	2.56	2.1	1.85	1.53	4.0	5.5	1.57	4.0	5.5	1.55	4.1	5.5	1.6	4.0	5.25	1.6	4.0	5.25	1.57	4.2	5.0	1.55	4.1	5.5	1.57	4.4	5.25	1.61	4.2	5.0	1.6	4.2	5.0	0	0	1		1	0	0	1	1	10.0	1.0	1	0	0	2025	11	0	6.0	151.0	heerenveen	1.7692307692307692	46	1.0384615384615385	27	15.384615384615385	400	5.5	0.19230769230769232	0.34615384615384615	0.03571428571428571	0.9583333333333334	23	0.5	12	9.166666666666666	220	3.4166666666666665	-0.875	-1.375	-0.7	0.6369426751592356	0.23809523809523808	0.18181818181818182	0.6026768243366641	0.22528633671632445	0.1720368389470114	0.056856095072655544				-0.0342658508225715	-0.009781342871170412	-0.012808901378913634	0.3738095238095238	1.3095238095238095	0.28545454545454546	0.06442577030812324	1.9	0.0514985924821989				0	Unknown	Unknown	Normal	3.8	0.13464699150495937	5.0	0.6	1.8299999999999996	0.10735377266784507	3.0	-2.4	0.03766755625422545	0.1076498420033	0.34951027808547164	0.5051723236570029	0.982278673358563	0.20275004739076188	0.287744483818587	0.3702646063160493	0.13924086247460185	0.1890140508347137	1.5714285714285714	0.0	1.5714285714285714	1.3747283370490173	-0.838727132618942	2.2134554696679594	3.0	-3.0	0.1	0.1	0.1	0.3	-0.6	-0.8	10.0	1.0	9.0	3.0	0.0
2025-09-08	17:45	Feyenoord	NAC Breda	2	0	H	1	0	H	20	7	4	0	10	13	3	4	1	1	0	0	1.18	8.5	11.0	1.18	8.0	14.0				1.16	7.99	13.87							1.18	8.5	15.0	1.16	7.56	13.94	1.4	2.88	1.42	2.82	1.43	3.1	1.39	2.82	-2.0	1.83	1.98	1.83	2.01	1.85	2.0	1.75	1.94	1.38	5.25	7.0	1.35	5.25	8.0				1.27	6.48	9.76							1.38	5.8	9.0	1.33	5.31	8.06	1.62	2.25	1.53	2.62	1.62	2.45	1.55	2.33	-1.5	2.05	1.75	1.83	2.07	2.05	1.93	1.93	1.82	eredivisie							1.18	8.8	15.5	1.44	2.94									1.36	5.7	10.0	1.64	2.52	2.05	1.92	1.14	7.0	15.0	1.14	8.0	15.0	1.15	7.5	15.0	1.18	8.0	13.0	1.17	8.0	13.0	1.33	5.0	8.0	1.28	5.8	8.5	1.33	5.25	9.0	1.33	5.5	8.5	1.33	5.5	8.5	1	0	0	Feyenoord	1	0	0	3	0	15.0	0.0	0	0	0	2025	16	0	37.0	6.0	feyenoord	2.5185185185185186	68	1.1851851851851851	32	20.703703703703702	559	7.148148148148148	0.9629629629629629	1.7037037037037037	0.5873015873015873	0.46153846153846156	6	0.23076923076923078	3	10.846153846153847	141	3.769230769230769	-0.6923076923076923	-1.3846153846153846	-0.6666666666666666	0.8474576271186441	0.11764705882352941	0.09090909090909091	0.8025062226418332	0.11140674620204273	0.08608703115612393	0.05601377685126452				-0.0449514044768109	-0.004822059752966984	-0.006240312621486679	0.1388235294117647	1.2941176470588236	0.10727272727272727	0.06150793650793651	2.1399999999999997	0.0514985924821989				0	Unknown	Unknown	Normal	5.36	0.18728701453407376	12.0	2.8	2.61	0.04122028364452607	1.0	-2.0	0.01030497015304541	0.041555372873075834	0.21334686367301686	0.7347927933008619	0.8219762223434571	0.11824950622045674	0.22970379981230843	0.3918227862958955	0.2602239076713394	0.6032836377785966	2.2857142857142856	0.0	2.2857142857142856	2.490395075506955	-0.838727132618942	3.329122208125897	14.0	-10.0	0.5	0.125	0.1	0.5	0.0	-0.775	15.0	0.0	15.0	5.0	0.0
2025-09-08	20:00	PSV Eindhoven	Sparta Rotterdam	6	1	H	3	0	H	22	8	12	4	8	2	8	5	1	1	0	0	1.2	7.5	11.0	1.21	7.0	13.0				1.19	7.25	11.58							1.21	7.5	14.0	1.18	6.99	12.69	1.4	2.88	1.39	2.96	1.4	3.1	1.37	2.88	-2.0	1.95	1.85	1.96	1.88	1.95	1.95	1.82	1.87	1.18	7.5	13.0	1.21	7.5	11.5				1.21	7.59	11.67							1.22	8.0	13.0	1.19	7.34	12.0	1.29	3.6	1.32	3.47	1.33	3.6	1.29	3.41	-2.0	1.88	1.93	1.95	1.93	1.88	2.02	1.77	1.93	eredivisie							1.21	7.4	12.5	1.43	3.05									1.2	8.2	17.5	1.34	3.85	1.9	2.01	1.18	6.5	13.0	1.16	7.5	14.0	1.18	7.0	13.0	1.2	7.0	13.0	1.2	7.0	13.0	1.18	6.5	12.0	1.16	8.0	12.5	1.18	8.0	13.0	1.22	7.0	11.0	1.22	7.0	11.0	1	0	0	PSV Eindhoven	1	0	0	3	0	13.0	4.0	2	0	1	2025	7	1	36.0	28.0	psv_eindhoven	3.2962962962962963	89	1.6296296296296295	44	20.296296296296298	548	8.25925925925926	1.1851851851851851	2.4444444444444446	0.8927536231884057	1.2758620689655173	37	0.4482758620689655	13	11.379310344827585	330	4.137931034482759	-0.2413793103448276	-0.1724137931034483	-0.2	0.8333333333333334	0.13333333333333333	0.09090909090909091	0.7879656160458453	0.12607449856733524	0.08595988538681948	0.05757575757575761				-0.04536771728748812	-0.004949205522271433	-0.00725883476599809	0.16	1.4666666666666666	0.10909090909090909	0.06150793650793651	2.1399999999999997	0.053361053361053346				0	Unknown	Unknown	Normal	5.05	0.19092824256617308	7.0	2.6	2.3200000000000003	0.03149788663076835	1.0	-1.0	0.01404975696690186	0.05172593989744947	0.23692330181991283	0.6973010013157358	1.007861470026774	0.15330091838673848	0.22592736524495952	0.38635322462555416	0.23441849174274781	0.7554346402502797	1.75	0.25	1.5	0.48219494628266774	-0.5032362795713652	0.985431225854033	4.0	-4.0	0.1	0.1	0.0	0.4	-0.5	-0.9	13.0	4.0	9.0	4.0	1.0
2025-09-08	15:30	Nijmegen	Excelsior	5	0	H	1	0	H	15	9	10	6	14	14	7	2	1	1	0	0	1.75	4.0	4.33	1.77	3.75	4.4				1.75	3.9	4.46							1.8	4.0	4.5	1.75	3.73	4.39	1.73	2.08	1.76	2.09	1.82	2.08	1.76	1.98	-0.75	1.95	1.85	1.97	1.88	1.97	1.85	1.93	1.75	1.62	4.33	4.75	1.68	4.2	4.4				1.74	4.26	4.45							1.68	4.4	4.8	1.65	4.18	4.59	1.5	2.5	1.58	2.47	1.54	2.55	1.5	2.45	-0.75	1.78	2.03	1.93	1.97	1.83	2.03	1.76	1.91	eredivisie							1.77	3.9	4.5	1.77	2.14									1.69	4.5	5.3	1.56	2.72	1.84	2.14	1.7	3.75	4.5	1.76	3.55	4.5	1.73	3.8	4.4	1.8	3.75	4.4	1.75	3.7	4.33	1.67	4.0	4.5	1.63	4.1	4.7	1.65	4.33	4.75	1.67	4.2	4.4	1.67	4.2	4.4	1	0	0	Nijmegen	1	0	0	3	0	2.0	1.0	0	0	1	2025	2	1	5.0	151.0	nijmegen	1.896551724137931	55	0.4827586206896552	14	14.758620689655173	428	5.620689655172414	-0.1724137931034483	0.3793103448275862	-0.2427536231884058	1.2272727272727273	27	0.6818181818181818	15	9.545454545454545	210	4.090909090909091	-0.5454545454545454	-1.4545454545454546	-0.5625	0.5714285714285714	0.25	0.23094688221709006	0.5429892624813857	0.23755780233560622	0.21945293518300807	0.05237545364566154				-0.028439308947185715	-0.011493947034081992	-0.012442197664393778	0.4375	1.0825	0.40415704387990764	0.058803912850155626	1.905	0.053361053361053346				0	Unknown	Unknown	Normal	2.91	0.15807535083538513	6.0	-0.6	2.0600000000000005	0.14405809852329693	3.0	-1.8	0.06782255194273482	0.16776624086482758	0.4279822954675755	0.33642891172486217	0.645647347858459	0.258332103475151	0.24657014138900216	0.29216548048555085	0.20293227465029595	0.24612141771830612	0.5	0.3333333333333333	0.16666666666666669	-0.6334717921752694	-0.5032362795713652	-0.1302355126039042	-1.0	-1.0	0.2	0.0	0.0	0.3	-0.49999999999999994	-1.0	2.0	1.0	1.0	0.0	0.0
2025-09-11	15:45	AZ Alkmaar	PSV Eindhoven	1	5	A	1	3	A	8	15	3	6	9	10	4	6	2	1	0	0	3.0	4.0	2.1	2.95	4.0	2.15													3.15	4.0	2.15	2.99	3.93	2.08	1.4	2.88			1.4	2.95	1.38	2.83	0.25	1.95	1.85			2.02	1.85	1.94	1.76	3.4	4.33	1.85	3.4	4.1	1.9													3.6	4.35	1.95	3.38	4.11	1.89	1.33	3.4			1.35	3.4	1.32	3.16	0.5	1.95	1.85			1.95	1.97	1.86	1.87	eredivisie							3.05	4.2	2.18	1.42	3.0									3.65	4.2	1.98	1.35	3.65	2.0	1.98	3.0	3.6	2.05	3.15	4.0	1.98	3.0	3.9	2.1	3.0	4.0	2.15	2.9	3.9	2.15	3.2	4.0	1.83	3.3	4.0	1.95	3.3	4.2	1.95	3.4	4.2	1.91	3.4	4.2	1.91	0	1	0	PSV Eindhoven	0	1	0	0	3	8.0	10.0	0	0	0	2025	8	10	9.0	91.0	az_alkmaar	1.8666666666666667	56	0.9666666666666667	29	17.266666666666666	518	6.3	0.4666666666666667	0.9333333333333333	0.3083333333333333	2.5806451612903225	80	1.0	31	17.806451612903224	552	6.870967741935484	0.5161290322580645	1.5161290322580645	0.32666666666666666	0.3333333333333333	0.25	0.47619047619047616	0.31460674157303375	0.23595505617977533	0.44943820224719105	0.05952380952380931				-0.01872659176029956	-0.02675227394328511	-0.01404494382022467	0.75	0.525	1.4285714285714286	0.06150793650793651	2.1399999999999997	0.053361053361053346				0	Unknown	Unknown	Normal	4.34	0.08470971132697336	6.0	0.4	3.69	0.18223577196235383	9.0	1.4	0.021982250149433166	0.07571045574113974	0.30569966471986376	0.5966076293895634	1.0192305626517473	0.030513053941008127	0.10196098597756194	0.37514969358764494	0.4923762664937851	1.1318674800402602	1.3333333333333333	1.6666666666666667	-0.3333333333333335	0.7053282939742551	2.516181397856826	-1.810853103882571	2.0	7.0	0.2	0.4	0.2	0.0	-0.8	-0.4	8.0	10.0	-2.0	2.0	3.0
2025-09-11	11:15	Utrecht	Ajax	2	1	H	1	0	H	16	10	6	4	15	10	6	4	1	0	0	0	2.7	3.7	2.45	2.7	3.6	2.4													2.75	3.7	2.45	2.7	3.54	2.4	1.62	2.25			1.62	2.25	1.6	2.23	0.0	2.03	1.78			2.03	1.83	1.97	1.76	2.8	3.6	2.38	2.8	3.5	2.4													2.8	3.7	2.48	2.74	3.48	2.41	1.67	2.15			1.67	2.2	1.64	2.15	0.0	2.08	1.73			2.08	1.83	2.0	1.74	eredivisie							2.8	3.9	2.54	1.63	2.4	2.09	1.89							2.9	3.75	2.52	1.75	2.3	2.12	1.86	2.63	3.4	2.3	2.7	3.45	2.43	2.7	3.6	2.38	2.7	3.6	2.45	2.7	3.6	2.4	2.63	3.3	2.38	2.7	3.45	2.45	2.8	3.7	2.38	2.8	3.5	2.4	2.75	3.5	2.4	1	0	0	Utrecht	1	0	0	3	0	7.0	13.0	0	0	1	2025	7	13	9.0	8.0	utrecht	1.6774193548387097	52	0.5161290322580645	16	14.741935483870968	457	5.483870967741935	0.12903225806451613	0.6451612903225806	-7.93016446160826e-18	2.0344827586206895	59	0.8620689655172413	25	12.96551724137931	376	5.517241379310345	0.3448275862068966	0.5172413793103449	0.30833333333333335	0.37037037037037035	0.27027027027027023	0.4081632653061224	0.3531359563693027	0.2576938059992208	0.3891702376314764	0.04880390594676309				-0.017234414001067677	-0.018993027674646	-0.012576464271049415	0.7297297297297297	0.6621621621621622	1.1020408163265305	0.061728395061728225	1.935	0.054408590247412514				0	Unknown	Unknown	Normal	3.08	0.045018147826334405	2.0	0.0	2.7	0.1782453734094772	6.0	1.2	0.05217813430588088	0.14819006101661744	0.4299530800154539	0.3696787246620478	0.8801736015493422	0.09868667576713841	0.18751850263874054	0.4116003634966446	0.30219445809747647	1.0649608853804458	1.4	2.1666666666666665	-0.7666666666666666	0.48219494628266774	3.5226539569995565	-3.040459010716889	1.0	6.0	0.6	0.3	0.2	0.1	-0.30000000000000004	-0.5	7.0	13.0	-6.0	2.0	4.0
2025-09-11	19:00	Go Ahead Eagles	Feyenoord	2	1	H	1	0	H	9	20	5	6	7	10	4	7	2	1	0	0	5.25	4.75	1.53	5.0	4.6	1.55													5.5	4.75	1.57	5.34	4.55	1.51	1.48	2.6			1.48	2.8	1.45	2.6	1.0	1.98	1.83			2.04	1.85	1.97	1.78	6.25	5.25	1.42	6.25	5.0	1.44													6.5	5.25	1.44	6.27	4.94	1.42	1.4	2.88			1.41	2.9	1.4	2.78	1.25	1.98	1.83			1.98	1.89	1.89	1.85	eredivisie							5.8	5.0	1.54	1.48	2.74									7.4	5.2	1.48	1.46	3.05	1.97	1.96	5.5	4.2	1.44	5.5	4.75	1.48	5.5	4.5	1.5	5.0	4.6	1.57	5.0	4.6	1.55	6.5	4.6	1.36	6.4	4.75	1.42	6.5	5.0	1.44	6.0	5.0	1.44	6.0	5.0	1.44	1	0	0	Go Ahead Eagles	1	0	0	3	0	6.0	12.0	0	1	0	2025	6	6	99.0	130.0	go_ahead_eagles	1.7096774193548387	53	0.7741935483870968	24	15.096774193548388	468	6.193548387096774	-0.0967741935483871	0.12903225806451613	0.15789473684210525	2.0	60	1.0333333333333334	31	15.3	459	6.233333333333333	0.3333333333333333	0.8333333333333334	0.14814814814814814	0.19047619047619047	0.21052631578947367	0.6535947712418301	0.18061509785647717	0.1996272134203169	0.619757688723206	0.0545972775074941				-0.009861092619713296	-0.03383708251862405	-0.010899102369156782	1.105263157894737	0.32210526315789473	3.4313725490196076	0.06029106029106024	2.04	0.0514985924821989				0	Unknown	Unknown	Normal	2.17	0.18919048027029248	3.0	-0.4	3.8200000000000003	0.15352758731107244	6.0	1.4	0.13346232124187718	0.2508634799645885	0.4296562376930229	0.1860179611005114	0.5497443203637723	0.07047448735564768	0.12193295312844854	0.29656613302352597	0.5110264264923778	0.6873708124561688	1.0	1.5	-0.5	0.2590615985910803	1.174217985666519	-0.9151563870754387	-2.0	3.0	0.1	0.3	0.4	0.1	-0.8	-0.3	6.0	12.0	-6.0	1.0	4.0
2025-09-11	13:30	Nijmegen	Groningen	2	0	H	0	0	D	13	10	5	4	6	13	9	3	1	1	0	0	1.95	3.8	3.6	1.93	3.8	3.6													2.0	3.8	3.8	1.94	3.65	3.57	1.67	2.15			1.71	2.2	1.66	2.12	-0.5	1.95	1.85			2.0	1.91	1.9	1.82	2.0	3.9	3.4	2.0	3.6	3.5													2.05	3.9	3.65	1.98	3.62	3.49	1.62	2.25			1.68	2.25	1.64	2.16	-0.5	2.0	1.8			2.0	1.86	1.94	1.79	eredivisie							2.02	3.55	3.75	1.74	2.16	2.02	1.87							2.12	3.65	3.7	1.72	2.32	2.12	1.87	1.9	3.5	3.5	2.0	3.65	3.4	1.93	3.7	3.6	1.95	3.8	3.6	1.91	3.8	3.5	1.95	3.5	3.3	1.93	3.65	3.6	2.0	3.8	3.5	2.0	3.6	3.5	2.0	3.6	3.5	1	0	0	Nijmegen	0	0	1	3	0	5.0	6.0	1	0	0	2025	5	6	3.0	122.0	nijmegen	1.896551724137931	55	0.4827586206896552	14	14.758620689655173	428	5.620689655172414	-0.1724137931034483	0.3793103448275862	-0.2427536231884058	0.75	15	0.35	7	11.9	238	4.3	-0.55	-1.45	-0.14285714285714285	0.5128205128205129	0.2631578947368421	0.2777777777777778	0.4866595517609391	0.2497331910352187	0.263607257203842	0.05375618533513293				-0.026160961059573773	-0.014170520573935808	-0.01342470370162338	0.5131578947368421	0.9473684210526316	0.5416666666666666	0.06391867427934828	1.91	0.053361053361053346				0	Unknown	Unknown	Normal	3.53	0.20777159077846435	8.0	0.6	3.2399999999999998	0.0810561770845806	4.0	-0.6	0.039256417498024894	0.11766811255931173	0.38471129861383885	0.45836417132882457	0.6476054541440004	0.11901526696453468	0.1649028535028054	0.299282485807137	0.4167993937255229	0.7180278548612415	1.0	1.0	0.0	0.03592825089949289	1.174217985666519	-1.138289734767026	4.0	-3.0	0.3	0.1	0.0	0.6	-0.10000000000000003	-0.9	5.0	6.0	-1.0	1.0	2.0
2025-10-01	19:00	For Sittard	Go Ahead Eagles	0	3	A	0	1	A	18	21	3	6	12	13	9	4	2	0	0	0	3.0	3.3	2.4	2.8	3.3	2.5				2.93	3.37	2.53	2.8	3.3	2.4				3.0	3.5	2.58	2.85	3.36	2.44	1.85	2.0	1.88	2.01	1.88	2.04	1.83	1.96	0.25	1.81	2.09	1.76	2.16	1.81	2.16	1.75	2.07	3.0	3.4	2.35	3.0	3.3	2.35				3.09	3.41	2.4	2.9	3.3	2.3				3.09	3.48	2.47	2.96	3.36	2.38	1.85	2.0	1.86	2.03	1.91	2.05	1.83	1.97	0.25	1.85	2.05	1.84	2.07	1.87	2.1	1.81	2.04	eredivisie	2.8	3.5	2.4	2.83	3.5	2.42	3.05	3.5	2.54	1.91	2.06	1.82	2.18	2.8	3.3	2.25	2.96	3.48	2.47	3.25	3.45	2.44	1.92	2.06	1.9	2.1																															0	1	0	Go Ahead Eagles	0	1	0	0	3	7.0	5.0	0	1	2	2025	10	5	29.0	28.0	for_sittard	1.4285714285714286	50	0.6857142857142857	24	13.8	483	4.457142857142857	0.4	0.02857142857142857	0.574074074074074	1.2142857142857142	34	0.5714285714285714	16	11.821428571428571	331	3.7142857142857144	-0.07142857142857142	-0.25	-0.25	0.3333333333333333	0.30303030303030304	0.4166666666666667	0.31654676258992803	0.2877697841726619	0.3956834532374101	0.05303030303030298	0.20000000000000018	0.0	0.0	-0.016786570743405282	-0.020983213429256575	-0.015260518857641125	0.9090909090909092	0.7272727272727273	1.25	0.04054054054054035	1.925	0.030955087366835166				0	Unknown	Unknown	Normal	3.7299999999999995	0.07487605367488877	4.0	-0.2	3.3600000000000003	0.15680787916972277	7.0	-0.4	0.06949372360460002	0.1415800183081748	0.32349145770907556	0.46543480037814966	0.9012525505305566	0.1206929316125307	0.19261088917847213	0.3154928786904369	0.37120330051856026	0.45241847020942416	1.4285714285714286	0.8333333333333334	0.5952380952380952	1.15159498935743	0.838727132618942	0.31286785673848794	0.0	-2.0	0.5	0.2	0.2	0.3	-0.19999999999999996	-0.6000000000000001	7.0	5.0	2.0	2.0	1.0
2025-10-05	20:00	Almere City	Sparta Rotterdam	0	3	A	0	0	D	17	15	4	9	6	8	6	2	0	1	0	0	2.8	3.5	2.45							2.76	3.69	2.41							2.85	3.7	2.45	2.76	3.58	2.4	1.67	2.15	1.67	2.25	1.76	2.25	1.68	2.15	0.0	2.07	1.83	2.08	1.81	2.08	1.83	2.05	1.79	2.7	3.5	2.45							2.73	3.73	2.51							2.79	3.73	2.55	2.69	3.61	2.48	1.65	2.2	1.68	2.28	1.76	2.29	1.65	2.22	0.0	2.03	1.87	2.04	1.88	2.06	1.88	2.02	1.86	eredivisie	2.75	3.4	2.4	2.75	3.66	2.39	2.9	1.77	2.46					2.7	3.6	2.4	2.79	3.61	2.53	2.86	3.8	2.54	1.7	2.4	2.11	1.87																															0	1	0	Sparta Rotterdam	0	0	1	0	3	1.0	4.0	0	0	0	2025	1	1	154.0	27.0	almere_city	0.8666666666666667	13	0.3333333333333333	5	13.533333333333333	203	3.533333333333333	-0.4	-0.8666666666666667	-0.6666666666666666	1.2758620689655173	37	0.4482758620689655	13	11.379310344827585	330	4.137931034482759	-0.2413793103448276	-0.1724137931034483	-0.2	0.35714285714285715	0.2857142857142857	0.4081632653061224	0.33980582524271846	0.27184466019417475	0.3883495145631068	0.05102040816326525				-0.01733703190013869	-0.019813750743015612	-0.01386962552011095	0.7999999999999999	0.7000000000000001	1.1428571428571428	0.06391867427934828	1.91	0.029539874871307603				0	Unknown	Unknown	Normal	2.55	0.05453390151071813	3.0	-1.6	2.5900000000000003	0.056189244655459714	1.0	-1.6	0.11714253801419239	0.21690912056378103	0.3981387181342252	0.26780962328780133	0.7950307084732054	0.08997856366945993	0.20202021649310287	0.4396794189449322	0.2683218008925049	0.7360113040054237	0.25	0.2	0.04999999999999999	-0.8566051398668568	-0.5032362795713652	-0.35336886029549164	-4.0	-9.0	0.1	0.1	0.4	0.4	-0.5	-0.5	1.0	4.0	-3.0	0.0	1.0
2025-10-05	17:45	For Sittard	NAC Breda	1	0	H	1	0	H	10	6	4	4	14	10	5	3	1	2	0	0	1.95	3.4	4.0							1.98	3.46	3.86							2.02	3.62	4.0	1.97	3.48	3.79	1.93	1.93	1.95	1.9	1.95	1.96	1.91	1.88	-0.5	2.02	1.88	2.0	1.87	2.05	1.9	1.99	1.85	1.73	3.7	4.75							1.79	3.71	4.84							1.82	3.8	4.84	1.78	3.65	4.6	1.93	1.93	1.95	1.93	2.08	1.93	1.93	1.88	-0.75	1.97	1.81	2.03	1.88	2.07	1.88	2.01	1.83	eredivisie	1.91	3.5	3.9	1.96	3.62	3.77	1.35	1.03	1.35					1.73	3.5	4.4	1.8	3.8	4.69	1.85	3.85	4.8	1.95	2.0	2.1	1.87																															1	0	0	For Sittard	1	0	0	3	0	7.0	0.0	0	0	0	2025	10	0	4.0	27.0	for_sittard	1.4285714285714286	50	0.6857142857142857	24	13.8	483	4.457142857142857	0.4	0.02857142857142857	0.574074074074074	0.46153846153846156	6	0.23076923076923078	3	10.846153846153847	141	3.769230769230769	-0.6923076923076923	-1.3846153846153846	-0.6666666666666666	0.5128205128205129	0.29411764705882354	0.25	0.48519443453442745	0.27827327863003926	0.23653228683553335	0.05693815987933637				-0.02762607828608543	-0.013467713164466655	-0.015844368428784283	0.5735294117647058	1.1764705882352942	0.4875	0.0362694300518136	1.93	0.026964398567516312				0	Unknown	Unknown	Normal	3.29	0.06721321842584663	2.0	-0.4	2.38	0.04122028364452607	1.0	-2.2	0.07978072109031643	0.16807785442611378	0.37125019078819177	0.3808912336953781	0.8573531967102358	0.18611913371601313	0.24104799080706352	0.3348331122121665	0.23799976326475675	0.5435899114889755	1.25	0.0	1.25	1.15159498935743	-0.838727132618942	1.990322121976372	-3.0	-12.0	0.5	0.1111111111111111	0.3	0.5555555555555556	0.05555555555555558	-0.5888888888888888	7.0	0.0	7.0	2.0	0.0
2025-10-05	15:30	Waalwijk	Heerenveen	3	1	H	1	1	D	18	3	6	1	10	11	5	2	2	1	0	1	3.4	3.8	2.0							3.48	3.85	1.98							3.55	3.92	2.11	3.37	3.83	1.99	1.5	2.4	1.55	2.47	1.57	2.47	1.52	2.41	0.5	1.86	2.04	1.87	2.0	1.87	2.11	1.83	2.0	3.1	3.8	2.1							3.18	3.97	2.14							3.39	4.01	2.14	3.23	3.9	2.05	1.48	2.6	1.51	2.66	1.51	2.66	1.48	2.61	0.25	2.0	1.9	2.02	1.88	2.13	1.9	2.04	1.79	eredivisie	3.2	3.8	2.0	3.4	3.92	1.99	3.25	1.85	2.04					3.2	3.75	1.95	3.39	4.01	2.06	3.45	4.1	2.14	1.52	2.9	2.13	1.88																															1	0	0	Waalwijk	0	0	1	3	0	5.0	1.0	0	0	1	2025	4	1	33.0	55.0	waalwijk	1.76	44	0.84	21	13.2	330	4.56	0.28	0.44	0.19642857142857142	1.1666666666666667	35	0.4666666666666667	14	11.866666666666667	356	3.8666666666666667	-0.26666666666666666	-0.7666666666666667	0.13333333333333333	0.29411764705882354	0.2631578947368421	0.5	0.2781844802342606	0.24890190336749632	0.47291361639824303	0.05727554179566563				-0.015933166824562917	-0.02708638360175697	-0.014255991369345772	0.8947368421052632	0.5263157894736842	1.7	0.08333333333333326	1.95	0.027830487033523088				0	Unknown	Unknown	Normal	3.5599999999999996	0.06985074129365672	6.0	0.2	2.71	0.03638726445743988	2.0	-1.2	0.05851514988449423	0.13599491109826545	0.34740668007571857	0.4580832589415218	0.8479759327405139	0.13688211728912608	0.21241930500949735	0.3431569585753011	0.30754161912607547	0.700708392505192	1.3333333333333333	0.25	1.0833333333333333	-0.18720509679209452	-0.5032362795713652	0.31603118277927067	5.0	-3.0	0.5	0.0	0.3	0.4	-0.09999999999999998	-0.7	5.0	1.0	4.0	1.0	0.0
2025-10-08	15:45	Utrecht	Heracles	4	0	H	1	0	H	19	10	7	3	10	16	4	4	1	2	0	0	1.55	4.5	5.5	1.57	4.33	5.5				1.55	4.27	5.67							1.57	4.5	5.8	1.52	4.3	5.55	1.67	2.15	1.71	2.16	1.67	2.25	1.64	2.15	-1.0	1.93	1.88	1.93	1.92	1.93	1.94	1.82	1.88	1.53	4.33	6.0	1.55	4.1	6.0				1.58	4.2	5.98							1.58	4.33	6.5	1.54	4.16	5.79	1.75	2.05	1.84	2.06	1.8	2.06	1.75	2.0	-1.0	1.85	1.95	2.0	1.91	1.94	1.95	1.85	1.84	eredivisie							1.55	4.2	6.0											1.61	4.3	6.6	1.85	2.12	2.02	1.95	1.53	4.0	5.5	1.47	4.5	5.8	1.53	4.2	5.75	1.57	4.33	5.5	1.55	4.33	5.25	1.53	4.0	5.5	1.53	4.2	5.75	1.53	4.33	6.0	1.57	4.0	5.75	1.57	4.0	5.5	1	0	0	Utrecht	1	0	0	3	0	10.0	7.0	1	0	0	2025	10	7	27.0	33.0	utrecht	1.6774193548387097	52	0.5161290322580645	16	14.741935483870968	457	5.483870967741935	0.12903225806451613	0.6451612903225806	-7.93016446160826e-18	0.6	15	0.32	8	8.88	222	2.64	-0.52	-1.72	-0.6	0.6451612903225806	0.2222222222222222	0.18181818181818182	0.6149068322981366	0.21180124223602484	0.17329192546583852	0.049201694362984716				-0.030254458024444042	-0.008526256352343303	-0.01042097998619737	0.34444444444444444	1.2222222222222223	0.2818181818181818	0.06391867427934828	1.91	0.05004960864292807				0	Unknown	Unknown	Normal	3.0700000000000003	0.06986286832322881	3.0	0.4	1.94	0.09261769497744106	4.0	0.0	0.052419290428746934	0.14884716121266175	0.43113199621588977	0.3676015521427015	0.8818604098165961	0.24020385439543568	0.2531508195010442	0.325339001124946	0.18130632497857413	0.6465297769081338	1.6666666666666667	1.1666666666666667	0.5	1.15159498935743	1.5097088387140958	-0.3581138493566658	2.0	0.0	0.5	0.2	0.2	0.6	0.09999999999999998	-0.6000000000000001	10.0	7.0	3.0	3.0	2.0
2025-10-08	13:30	Ajax	Telstar	2	0	H	1	0	H	15	18	7	5	9	12	8	10	0	0	0	0	1.17	7.5	17.0	1.17	8.25	14.5				1.15	8.51	13.84							1.17	8.5	17.0	1.15	7.78	15.16	1.33	3.4	1.33	3.24	1.35	3.4	1.33	3.15	-2.25	1.98	1.83	1.99	1.85	1.98	1.83	1.87	1.8	1.2	6.5	13.0	1.21	7.5	11.5				1.14	9.58	17.61							1.21	8.0	15.0	1.18	7.28	13.06	1.33	3.4	1.33	3.37	1.34	3.4	1.33	3.14	-2.0	1.9	1.9	1.65	2.3	1.9	1.98	1.8	1.91	eredivisie							1.18	8.6	17.0	1.36	3.25									1.2	8.6	17.0	1.39	3.45	1.92	2.0	1.17	7.0	13.0	1.13	8.5	16.0	1.13	8.0	17.0	1.17	8.0	15.0	1.17	8.0	13.0	1.18	6.5	12.0	1.14	8.0	15.0	1.18	7.5	15.0	1.2	7.5	12.0	1.2	7.5	12.0	1	0	0	Ajax	1	0	0	3	0	13.0	2.0	0	0	0	2025	10	2	126.0	89.0	ajax	2.0606060606060606	68	1.0606060606060606	35	17.636363636363637	582	5.909090909090909	0.696969696969697	1.0606060606060606	0.3492063492063492	1.125	9	0.375	3	12.375	99	4.375	-0.25	-0.375	-0.5	0.8547008547008548	0.13333333333333333	0.058823529411764705	0.8164441456152147	0.12736528671597347	0.05619056766881183	0.046857717445952796				-0.03825670908564005	-0.002632961742952876	-0.005968046617359862	0.156	2.2666666666666666	0.0688235294117647	0.045997346306943854	2.365	0.0514985924821989				0	Unknown	Unknown	Normal	2.79	0.19081708826806804	7.0	1.6	1.8500000000000003	0.05367069196856431	2.0	-0.3333333333333333	0.08509902290155726	0.1859999496801686	0.4168222157543832	0.31207881166389095	1.0766377214186533	0.252320883727551	0.2539363933621494	0.32760942207527444	0.1661333008350251	0.2426510115136866	2.0	0.5	1.5	1.15159498935743	-0.1677454265237884	1.3193404158812183	5.0	-1.0	0.3	0.3333333333333333	0.0	0.3333333333333333	-0.36666666666666675	-0.6666666666666667	13.0	2.0	11.0	4.0	0.0
2025-10-08	13:30	AZ Alkmaar	Groningen	4	1	H	3	1	H	10	11	5	8	11	12	6	1	2	2	0	0	1.53	4.33	6.0	1.53	4.4	5.75				1.51	4.37	6.0							1.53	4.5	6.25	1.5	4.32	5.91	1.73	2.08	1.74	2.12	1.73	2.12	1.69	2.07	-1.0	1.85	1.95	1.86	1.99	1.86	1.95	1.78	1.91	1.33	5.5	9.0	1.34	5.25	8.75				1.4	5.0	8.12							1.34	5.75	10.0	1.31	5.34	9.02	1.57	2.35	1.68	2.27	1.57	2.4	1.55	2.33	-1.5	1.9	1.9	2.12	1.79	1.93	1.95	1.87	1.87	eredivisie							1.52	4.3	6.6	1.74	2.12									1.38	5.4	10.0	1.64	2.5	2.0	1.94	1.5	4.2	6.0	1.47	4.5	6.1	1.5	4.2	6.0	1.53	4.4	5.75	1.53	4.4	5.5	1.3	5.0	9.0	1.29	5.5	9.5	1.3	5.5	10.0	1.33	5.25	8.5	1.33	5.25	8.5	1	0	0	AZ Alkmaar	1	0	0	3	0	7.0	6.0	1	0	0	2025	8	6	27.0	27.0	az_alkmaar	1.8666666666666667	56	0.9666666666666667	29	17.266666666666666	518	6.3	0.4666666666666667	0.9333333333333333	0.3083333333333333	0.75	15	0.35	7	11.9	238	4.3	-0.55	-1.45	-0.14285714285714285	0.6535947712418301	0.23094688221709006	0.16666666666666666	0.6217557060086298	0.21969658895916944	0.15854770503220061	0.05120832012558685				-0.03183906523320024	-0.008118961634466043	-0.011250293257920624	0.3533487297921478	1.3856812933025404	0.255	0.058803912850155626	1.905	0.053361053361053346				0	Unknown	Unknown	Normal	3.81	0.09280355897822073	5.0	-0.4	3.3699999999999997	0.0810561770845806	4.0	-0.8	0.05120788410451023	0.12389011039276387	0.33646034902120187	0.488441656481524	0.8641042551080321	0.10240406893232816	0.14762659087406757	0.3090765986565768	0.4408927415370275	0.6394403182060334	1.1428571428571428	0.8571428571428571	0.2857142857142857	0.7053282939742551	1.174217985666519	-0.4688896916922638	-2.0	-5.0	0.2	0.1	0.1	0.6	-0.2	-0.8	7.0	6.0	1.0	2.0	2.0
2025-10-08	11:15	Zwolle	Twente	1	0	H	1	0	H	7	16	2	4	14	15	2	4	4	1	0	0	4.0	3.6	1.91	3.7	3.7	1.93				3.75	3.66	1.95							4.0	3.7	1.95	3.73	3.57	1.92	1.75	2.05	1.78	2.06	1.77	2.12	1.72	2.03	0.5	1.88	1.93	1.89	1.96	1.9	1.94	1.84	1.89	3.25	3.6	2.1	3.4	3.7	2.05				3.8	3.78	1.97							3.7	3.75	2.1	3.46	3.63	2.01	1.67	2.15	1.76	2.15	1.73	2.15	1.69	2.07	0.5	1.75	2.05	1.93	1.98	1.88	2.05	1.79	1.95	eredivisie							3.85	3.65	1.93	1.78	2.06									3.75	3.75	2.12	1.79	2.22	1.87	2.12	3.75	3.5	1.91	3.85	3.5	1.92	3.7	3.6	1.91	3.7	3.7	1.95	3.6	3.7	1.91	3.3	3.5	2.05	3.7	3.65	1.9	3.4	3.75	2.05	3.4	3.7	2.05	3.4	3.7	2.05	1	0	0	Zwolle	1	0	0	3	0	5.0	7.0	0	0	0	2025	4	8	35.0	36.0	zwolle	1.2105263157894737	23	0.5263157894736842	10	13.263157894736842	252	4.526315789473684	0.05263157894736842	-0.05263157894736842	0.2166666666666667	1.6774193548387097	52	0.8387096774193549	26	13.387096774193548	415	4.354838709677419	0.25806451612903225	0.4838709677419355	0.15789473684210525	0.25	0.2777777777777778	0.5235602094240838	0.23779222575736617	0.2642135841748513	0.49799419006778256	0.05133798720186156				-0.012207774242633834	-0.025566019356301206	-0.013564193602926489	1.1111111111111112	0.5305555555555556	2.094240837696335	0.059233449477351874	1.9	0.05004960864292807				0	Unknown	Unknown	Normal	2.65	0.0762628035355308	1.0	-0.8	3.1399999999999997	0.16256257593940876	6.0	0.4	0.2057222887900815	0.19617553127319892	0.29806304508881876	0.30003913484790073	0.5852968376797786	0.07721792774284023	0.1657864570111857	0.3784180827804179	0.3785775324655562	0.7913556699192191	0.8	1.1428571428571428	-0.34285714285714275	-0.18720509679209452	1.8451996917616726	-2.0324047885537673	-4.0	2.0	0.2	0.2	0.2	0.0	-0.8	-0.6000000000000001	5.0	7.0	-2.0	1.0	1.0
2025-11-01	20:00	PSV Eindhoven	AZ Alkmaar	2	2	D	0	1	A	18	8	4	5	7	8	11	1	0	2	0	0	1.36	5.25	7.5	1.39	5.25	7.0				1.43	5.25	6.0	1.36	5.0	7.0				1.43	5.3	8.0	1.39	5.09	6.98	1.44	2.7	1.45	2.77	1.45	3.05	1.41	2.75	-1.5	2.01	1.89	1.98	1.89	2.05	1.89	1.97	1.84	1.38	5.25	6.5	1.41	5.0	6.75				1.41	5.05	7.34	1.4	5.0	6.5				1.43	5.55	7.5	1.4	5.03	6.94	1.44	2.7	1.46	2.8	1.48	2.85	1.44	2.74	-1.5	2.06	1.84	2.06	1.85	2.09	1.85	2.05	1.8	eredivisie	1.33	5.0	8.0	1.38	5.3	7.2	1.41	5.8	7.4	1.46	2.84	2.02	1.87	1.33	4.75	7.5	1.42	5.55	6.87	1.42	5.4	8.4	1.51	2.94	2.14	1.85																															0	0	1		0	1	0	1	1	13.0	12.0	1	1	0	2025	10	9	54.0	210.0	psv_eindhoven	3.2962962962962963	89	1.6296296296296295	44	20.296296296296298	548	8.25925925925926	1.1851851851851851	2.4444444444444446	0.8927536231884057	1.3103448275862069	38	0.7931034482758621	23	12.862068965517242	373	5.206896551724138	0.3793103448275862	0.10344827586206896	0.4230769230769231	0.7352941176470588	0.19047619047619047	0.13333333333333333	0.6942607775720708	0.1798466014281936	0.12589262099973553	0.059103641456582645	0.0	0.5	0.25	-0.041033340074987934	-0.007440712333597804	-0.010629589047996879	0.2590476190476191	1.4285714285714286	0.18133333333333335	0.06481481481481488	2.0700000000000003	0.026612966911474523				0	Unknown	Unknown	Normal	5.089999999999999	0.1855253925627963	9.0	2.6	4.21	0.123319480416227	5.0	1.4	0.0139761822942775	0.051336239218105394	0.23432447988263974	0.7003630986049774	0.9877217822466406	0.03272967082702312	0.09594842952185809	0.3188650659341297	0.5524568337169892	0.985176355588673	2.0	1.8	0.19999999999999996	1.15159498935743	2.1806905448092495	-1.0290955554518195	9.0	4.0	0.0	0.6	0.0	0.3	-0.7	-0.4	13.0	12.0	1.0	4.0	4.0
2025-11-01	15:30	Heracles	Sparta Rotterdam	1	1	D	0	0	D	10	21	4	12	7	13	8	4	3	3	0	1	2.7	3.4	2.6	2.65	3.4	2.55				2.56	3.46	2.52	2.62	3.4	2.5				2.7	3.55	2.62	2.6	3.46	2.54	1.8	2.0	1.79	2.05	1.82	2.05	1.78	2.0	0.0	2.0	1.9	1.91	1.88	2.0	1.91	1.93	1.89	3.4	3.25	2.15	3.4	3.2	2.2				3.61	3.33	2.19	3.3	3.2	2.2				3.61	3.37	2.24	3.39	3.25	2.19	2.03	1.83	2.06	1.84	2.13	1.86	2.01	1.79	0.25	2.03	1.87	2.03	1.88	2.03	1.92	1.95	1.88	eredivisie	2.6	3.5	2.55	2.63	3.55	2.54	2.78	3.6	2.68	1.84	2.08	2.02	1.94	3.3	3.1	2.1	3.52	3.37	2.23	3.65	3.45	2.28	2.06	1.9	2.04	1.95																															0	0	1		0	0	1	1	1	10.0	4.0	0	1	1	2025	10	4	91.0	27.0	heracles	2.1052631578947367	40	0.7894736842105263	15	14.842105263157896	282	5.368421052631579	-0.3157894736842105	0.21052631578947367	-0.1987179487179487	1.2758620689655173	37	0.4482758620689655	13	11.379310344827585	330	4.137931034482759	-0.2413793103448276	-0.1724137931034483	-0.2	0.37037037037037035	0.29411764705882354	0.3846153846153846	0.3530351437699681	0.2803514376996806	0.36661341853035145	0.049103402044578415	0.08000000000000007	0.10000000000000009	0.0	-0.017335226600402265	-0.018001966085033128	-0.013766209359142967	0.7941176470588236	0.7647058823529412	1.0384615384615385	0.05555555555555558	1.9	0.02631578947368407				0	Unknown	Unknown	Normal	4.09	0.18341158213534683	6.0	1.4	3.04	0.07612236379518826	4.0	-1.2	0.037308456102486606	0.10162919482695809	0.31906348432269377	0.5419988647478615	0.9113881602839818	0.07374729339768613	0.16736788870959035	0.39834320809897955	0.360541609793744	0.758355648313316	1.6666666666666667	0.6666666666666666	1.0	1.15159498935743	0.5032362795713652	0.6483587097860648	7.0	-6.0	0.1	0.2	0.1	0.4	-0.5	-0.7	10.0	4.0	6.0	3.0	1.0
2025-11-01	17:45	Ajax	Waalwijk	2	1	H	2	0	H	17	11	4	3	7	17	9	1	1	0	0	0	1.13	10.0	15.0	1.13	10.0	17.5				1.11	10.29	18.05	1.14	8.5	17.0				1.14	11.0	23.0	1.11	9.68	18.31	1.25	4.0	1.23	4.08	1.25	4.2	1.23	3.85	-2.5	1.95	1.95	1.92	1.93	2.0	1.95	1.9	1.9	1.13	10.0	15.0	1.13	9.75	18.0				1.11	10.93	21.12	1.12	9.0	21.0				1.14	11.0	21.12	1.11	9.87	18.72	1.25	4.0	1.27	3.88	1.29	4.1	1.26	3.74	-2.5	1.95	1.95	1.96	1.93	1.96	1.99	1.92	1.9	eredivisie	1.1	9.5	19.0	1.12	9.4	18.0	1.13	11.0	27.0	1.25	3.85	1.88	1.87	1.1	9.5	20.0	1.14	11.0	16.5	1.12	12.0	34.0	1.3	4.2	1.98	1.99																															1	0	0	Ajax	1	0	0	3	0	13.0	4.0	1	0	0	2025	13	4	24.0	241.0	ajax	2.0606060606060606	68	1.0606060606060606	35	17.636363636363637	582	5.909090909090909	0.696969696969697	1.0606060606060606	0.3492063492063492	1.3157894736842106	25	0.2631578947368421	5	12.210526315789474	232	4.7894736842105265	-0.8421052631578947	-1.0	-1.1736111111111112	0.8849557522123894	0.1	0.06666666666666667	0.8415147265077139	0.09509116409537166	0.06339410939691444	0.051622418879056164	-0.010000000000000009	-2.0	1.5	-0.04344102570467556	-0.00327255726975223	-0.004908835904628345	0.11299999999999999	1.5	0.07533333333333332	0.050000000000000044	2.625	0.025641025641025772				0	Unknown	Unknown	Normal	3.0799999999999996	0.1632531004391795	7.0	1.4	3.4899999999999998	0.1672029676093619	7.0	-1.4	0.07253296353185487	0.1601686647707749	0.39236413206219245	0.37493423963517775	0.7408186097894225	0.09956098929834134	0.17834429550097539	0.3256959178262041	0.39639879737447925	0.20724286110700577	2.1666666666666665	1.0	1.1666666666666665	1.8209950324321924	0.5032362795713652	1.3177587528608272	7.0	-2.0	0.4	0.1	0.0	0.2	-0.4	-0.9	13.0	4.0	9.0	4.0	1.0
2025-11-01	19:00	Zwolle	Nijmegen	0	1	A	0	1	A	8	10	3	3	9	14	6	4	1	1	0	0	2.7	3.3	2.63	2.65	3.4	2.6				2.7	3.33	2.64	2.62	3.3	2.6				2.72	3.5	2.64	2.64	3.36	2.58	1.88	1.98	1.85	2.0	1.88	2.01	1.82	1.96	0.0	1.98	1.92	1.96	1.91	1.98	1.94	1.94	1.88	2.9	3.3	2.38	3.0	3.3	2.37				3.08	3.37	2.43	2.9	3.25	2.4				3.12	3.42	2.47	2.96	3.32	2.39	1.83	2.03	1.88	2.02	1.99	2.06	1.84	1.95	0.25	1.8	2.1	1.83	2.09	1.86	2.11	1.79	2.04	eredivisie	2.6	3.4	2.6	2.65	3.5	2.55	2.7	3.5	2.7	1.92	1.99	1.97	1.95	2.88	3.25	2.3	3.12	3.42	2.39	3.15	3.55	2.48	1.88	2.1	1.87	2.13																															0	1	0	Nijmegen	0	1	0	0	3	7.0	4.0	0	1	0	2025	7	5	24.0	91.0	zwolle	1.2105263157894737	23	0.5263157894736842	10	13.263157894736842	252	4.526315789473684	0.05263157894736842	-0.05263157894736842	0.2166666666666667	1.3	39	0.36666666666666664	11	12.333333333333334	370	4.666666666666667	-0.16666666666666666	0.13333333333333333	-0.04761904761904761	0.37037037037037035	0.30303030303030304	0.3802281368821293	0.3515188335358444	0.28760631834750905	0.3608748481166464	0.05362881028280286	0.08000000000000007	0.029999999999999805	0.0	-0.01885153683452595	-0.019353288765482923	-0.01542398468279399	0.8181818181818182	0.796969696969697	1.0266159695817492	0.03696539866752646	1.93	0.025883838383838453				0	Unknown	Unknown	Normal	1.77	0.09577380896202921	2.0	-0.6	3.12	0.06314738434121073	4.0	-0.6	0.2544361706293276	0.2617107176722128	0.33907634944379617	0.14477676225466338	0.5765170707609302	0.08311720094212023	0.15638294067315472	0.37079546966895116	0.38970438871577395	0.9170565454552078	1.1666666666666667	0.7142857142857143	0.45238095238095244	0.48219494628266774	0.838727132618942	-0.3565321863362743	-3.0	-3.0	0.3	0.3	0.2	0.5	-0.2	-0.5	7.0	4.0	3.0	2.0	1.0
2025-11-04	19:00	Nijmegen	Waalwijk	2	1	H	0	0	D	19	10	4	4	14	9	3	7	2	0	0	0	1.67	4.0	4.75							1.69	4.21	4.76							1.72	4.25	4.8	1.68	4.1	4.62	1.57	2.35	1.57	2.49	1.58	2.49	1.56	2.41	-0.75	1.87	2.03	1.88	2.02	1.9	2.03	1.84	1.98	1.75	3.9	4.2							1.8	4.04	4.3							1.82	4.1	4.63	1.75	3.98	4.34	1.57	2.35	1.6	2.43	1.67	2.44	1.58	2.36	-0.75	2.03	1.87	2.03	1.88	2.05	1.95	1.97	1.88	eredivisie	1.62	4.2	4.75	1.69	4.25	4.48	1.72	4.2	5.1	1.62	2.56	1.89	2.06	1.67	4.0	4.5	1.77	4.0	4.63	1.83	4.2	4.6	1.63	2.54	2.03	1.95																															1	0	0	Nijmegen	0	0	1	3	0	8.0	4.0	0	0	0	2025	8	4	54.0	3.0	nijmegen	1.896551724137931	55	0.4827586206896552	14	14.758620689655173	428	5.620689655172414	-0.1724137931034483	0.3793103448275862	-0.2427536231884058	1.3157894736842106	25	0.2631578947368421	5	12.210526315789474	232	4.7894736842105265	-0.8421052631578947	-1.0	-1.1736111111111112	0.5988023952095809	0.25	0.21052631578947367	0.5652658981033842	0.23599851245816286	0.19873558943845293	0.05932871099905457				-0.03353649710619666	-0.011790726351020742	-0.014001487541837138	0.4175	1.1875	0.35157894736842105	0.06247459005285272	1.96	0.02737019572719368				0	Unknown	Unknown	Normal	3.4799999999999995	0.20524809068383307	9.0	1.2	3.0599999999999996	0.15873091940221434	6.0	-1.4	0.041351568896005074	0.12221416595308929	0.3892087225705751	0.4472255425803306	0.78105517631273	0.12014410905060054	0.21676352259308632	0.3570813814810808	0.3060109868752324	0.292363027988465	1.3333333333333333	0.8	0.5333333333333332	0.7053282939742551	0.5032362795713652	0.20209201440288993	6.0	-3.0	0.4	0.1	0.0	0.2	-0.4	-0.9	8.0	4.0	4.0	2.0	1.0
2025-11-05	13:30	Feyenoord	PSV Eindhoven	2	3	A	2	0	H	11	24	4	9	7	14	1	12	2	3	1	0	2.55	3.9	2.4							2.6	3.63	2.41							2.7	3.9	2.48	2.6	3.76	2.41	1.4	2.88	1.41	2.71	1.42	3.1	1.39	2.8	0.0	2.04	1.86	1.96	1.81	2.04	1.9	1.99	1.83	3.0	3.9	2.1							3.04	4.03	2.19							3.23	4.05	2.23	2.98	3.92	2.16	1.36	3.1	1.38	3.05	1.4	3.25	1.36	3.05	0.25	1.97	1.93	1.97	1.93	2.02	1.97	1.93	1.87	eredivisie	2.7	3.9	2.25	2.65	3.85	2.39	1.3	1.01	1.3					2.88	3.75	2.05	3.23	4.03	2.11	3.15	4.1	2.24	1.41	3.4	2.01	1.97																															0	1	0	PSV Eindhoven	1	0	0	0	3	15.0	12.0	0	1	2	2025	19	13	58.0	55.0	feyenoord	2.5185185185185186	68	1.1851851851851851	32	20.703703703703702	559	7.148148148148148	0.9629629629629629	1.7037037037037037	0.5873015873015873	2.5806451612903225	80	1.0	31	17.806451612903224	552	6.870967741935484	0.5161290322580645	1.5161290322580645	0.32666666666666666	0.3921568627450981	0.25641025641025644	0.4166666666666667	0.368141592920354	0.24070796460176988	0.39115044247787606	0.06523378582202133				-0.024015269824744112	-0.025516224188790626	-0.015702291808486563	0.6538461538461539	0.6153846153846154	1.0625	0.06150793650793651	2.1399999999999997	0.027830487033523088				0	Unknown	Unknown	Normal	4.67	0.1910150053079671	11.0	2.8	3.69	0.20872583818751939	10.0	2.2	0.016767733006529104	0.06279774214681413	0.27932758879644226	0.6411069360502145	1.1085205806098748	0.030513053941008127	0.10196098597756194	0.3751496935876449	0.4923762664937851	1.2603994542211059	2.375	1.8571428571428572	0.5178571428571428	3.159795118581717	3.5226539569995565	-0.3628588384178397	16.0	11.0	0.5	0.4	0.1	0.0	-0.5	-0.5	15.0	12.0	3.0	5.0	4.0
2025-11-05	15:45	AZ Alkmaar	Groningen	3	0	H	2	0	H	19	10	12	4	9	11	11	4	1	2	0	0	1.62	4.2	5.0							1.62	4.08	5.2							1.63	4.2	5.5	1.61	4.04	5.19	1.75	2.05	1.79	2.05	1.82	2.05	1.78	2.01	-0.75	1.83	2.07	1.79	2.08	1.83	2.11	1.77	2.05	1.8	3.7	4.33							1.75	3.84	4.86							1.83	3.89	5.1	1.76	3.75	4.63	1.9	1.95	1.88	2.01	2.08	2.06	1.86	1.95	-0.75	2.03	1.78	1.98	1.93	2.07	1.93	1.99	1.86	eredivisie	1.6	3.9	5.5	1.62	4.1	5.21	1.3	1.03	1.04					1.67	3.6	4.75	1.77	3.89	4.8	1.78	3.95	5.3	1.89	2.08	2.02	1.96																															1	0	0	AZ Alkmaar	1	0	0	3	0	10.0	6.0	2	0	0	2025	11	6	28.0	28.0	az_alkmaar	1.8666666666666667	56	0.9666666666666667	29	17.266666666666666	518	6.3	0.4666666666666667	0.9333333333333333	0.3083333333333333	0.75	15	0.35	7	11.9	238	4.3	-0.55	-1.45	-0.14285714285714285	0.6172839506172839	0.23809523809523808	0.2	0.5848930481283423	0.22560160427807488	0.18950534759358292	0.0553791887125219				-0.03239090248894161	-0.010494652406417088	-0.012493633817163202	0.38571428571428573	1.1904761904761905	0.324	0.059233449477351874	1.9	0.029539874871307603				0	Unknown	Unknown	Normal	3.75	0.17201147977029993	7.0	0.4	3.96	0.06628730985669697	3.0	-0.8	0.054521671467623566	0.13016149017785708	0.34027691252325065	0.47503992583126875	0.6276412120874187	0.029104246530588813	0.0899344873454398	0.33393276393452204	0.5470285021894494	0.783274134124804	1.375	0.75	0.625	1.3747283370490173	1.174217985666519	0.2005103513824984	1.0	-8.0	0.2	0.1	0.1	0.5	-0.3	-0.8	10.0	6.0	4.0	3.0	2.0
2025-11-05	15:45	Ajax	Nijmegen	0	3	A	0	0	D	22	9	4	6	12	12	8	1	3	4	0	0	1.3	5.5	9.0							1.31	5.64	8.55							1.31	5.75	10.0	1.3	5.51	8.94	1.48	2.6	1.48	2.63	1.48	2.7	1.46	2.59	-1.5	1.87	2.03	1.87	1.99	1.9	2.03	1.85	1.97	1.22	7.0	12.0							1.22	6.89	12.44							1.23	7.09	13.0	1.21	6.74	12.23	1.4	2.88	1.43	2.88	1.48	3.1	1.41	2.85	-2.0	2.01	1.89	2.01	1.88	2.01	1.94	1.98	1.87	eredivisie	1.25	5.5	10.0	1.3	5.65	9.4	1.05	1.32	1.81					1.18	6.0	11.0	1.23	7.09	12.7	1.26	7.2	14.0	1.47	3.05	2.07	1.9																															0	1	0	Nijmegen	0	0	1	0	3	15.0	7.0	1	0	1	2025	16	8	4.0	4.0	ajax	2.0606060606060606	68	1.0606060606060606	35	17.636363636363637	582	5.909090909090909	0.696969696969697	1.0606060606060606	0.3492063492063492	1.3	39	0.36666666666666664	11	12.333333333333334	370	4.666666666666667	-0.16666666666666666	0.13333333333333333	-0.04761904761904761	0.7692307692307692	0.18181818181818182	0.1111111111111111	0.7242136064374541	0.1711777615215801	0.10460863204096561	0.0621600621600622				-0.045017162793315024	-0.006502479070145492	-0.010640420296601727	0.23636363636363636	1.6363636363636365	0.14444444444444446	0.06029106029106024	2.04	0.02737019572719368				0	Unknown	Unknown	Normal	3.38	0.1646668913266546	7.0	1.6	2.86	0.08294936453923052	5.0	-0.2	0.04116350041163537	0.12349228449649101	0.4011406619824488	0.4342035531094249	0.9355931630912828	0.10184731083951207	0.1856577338965883	0.3785248244193134	0.33397013084458627	0.9610131550413474	2.2857142857142856	1.0	1.2857142857142856	2.490395075506955	1.8451996917616726	0.6451953837452822	8.0	-2.0	0.4	0.3	0.0	0.5	-0.09999999999999998	-0.7	15.0	7.0	8.0	5.0	2.0
2025-11-05	13:30	Twente	Utrecht	2	0	H	1	0	H	11	8	5	0	11	18	7	3	0	2	0	0	2.35	3.8	2.7							2.43	3.65	2.74							2.43	3.8	2.75	2.38	3.68	2.71	1.57	2.35	1.6	2.36	1.6	2.38	1.56	2.32	0.0	1.84	2.06	1.81	2.05	1.84	2.06	1.8	2.03	1.8	3.9	4.1							1.84	3.87	4.27							1.88	3.99	4.29	1.83	3.8	4.07	1.62	2.25	1.66	2.29	1.7	2.43	1.62	2.27	-0.75	2.05	1.85	2.07	1.81	2.1	1.85	2.04	1.8	eredivisie	2.3	3.75	2.7	2.41	3.68	2.71	2.44	3.95	2.84					1.75	3.6	4.0	1.88	3.99	4.04	1.87	4.0	4.5	1.69	2.42	2.11	1.87																															1	0	0	Twente	1	0	0	3	0	11.0	6.0	0	0	2	2025	8	5	63.0	63.0	twente	2.740740740740741	74	1.2592592592592593	34	21.962962962962962	593	7.7407407407407405	0.8888888888888888	1.8888888888888888	0.5333333333333333	1.9285714285714286	54	0.6785714285714286	19	12.964285714285714	363	4.535714285714286	0.03571428571428571	0.42857142857142855	0.17592592592592593	0.425531914893617	0.2631578947368421	0.37037037037037035	0.4018014489915802	0.24848247503426668	0.3497160759741531	0.059060180000829465				-0.023730465902036812	-0.020654294396217243	-0.01467541970257541	0.618421052631579	0.7105263157894738	0.8703703703703703	0.06247459005285272	1.96	0.02891515407344869				0	Unknown	Unknown	Normal	4.1	0.12351882642153651	3.0	1.4	3.1799999999999997	0.15932449897810938	7.0	0.0	0.04202586556865727	0.10627102610900137	0.30480075253870675	0.5469023557836346	1.3921068766940174	0.05728744359992703	0.1517173420198628	0.4079684127823618	0.3830268015978483	0.8291941500458506	1.6	1.0	0.6000000000000001	0.7053282939742551	0.838727132618942	-0.13339883864468693	2.0	0.0	0.4	0.0	0.1	0.1	-0.5	-0.9	11.0	6.0	5.0	3.0	1.0
2025-11-05	11:15	Zwolle	Go Ahead Eagles	1	1	D	0	0	D	21	9	7	3	12	7	6	2	2	2	0	0	2.55	3.8	2.5							2.48	3.89	2.4							2.7	4.01	2.5	2.54	3.82	2.44	1.57	2.35	1.54	2.35	1.58	2.48	1.55	2.37	0.0	1.98	1.92	1.92	1.85	1.98	1.93	1.94	1.87	2.35	4.0	2.63							2.39	3.85	2.81							2.41	4.1	2.81	2.35	3.87	2.7	1.48	2.6	1.51	2.62	1.51	2.63	1.49	2.57	-0.25	2.05	1.75	2.11	1.82	2.12	1.82	2.07	1.78	eredivisie	2.63	3.6	2.45	2.57	3.88	2.45	1.41	1.49	2.44					2.3	3.5	2.63	2.41	4.1	2.69	2.44	4.0	2.86	1.53	2.82	2.13	1.86																															0	0	1		0	0	1	1	1	6.0	8.0	0	0	2	2025	7	8	4.0	35.0	zwolle	1.2105263157894737	23	0.5263157894736842	10	13.263157894736842	252	4.526315789473684	0.05263157894736842	-0.05263157894736842	0.2166666666666667	1.2142857142857142	34	0.5714285714285714	16	11.821428571428571	331	3.7142857142857144	-0.07142857142857142	-0.25	-0.25	0.3921568627450981	0.2631578947368421	0.4	0.37160179933502835	0.24936436534324266	0.37903383532172885	0.05531475748194037				-0.02055506341006974	-0.02096616467827117	-0.01379352939359943	0.6710526315789473	0.6578947368421053	1.02	0.06247459005285272	1.96	0.025883838383838453				0	Unknown	Unknown	Normal	1.48	0.04618703210252507	1.0	-0.8	3.9199999999999995	0.18524389812706873	8.0	0.4	0.27850697041180517	0.2955455787234366	0.34172821319009017	0.08421923767466806	0.7354363287552491	0.07437265418830494	0.13616002380402362	0.30808974548319756	0.48137757652447394	0.3720348960911996	1.0	1.1428571428571428	-0.1428571428571428	0.48219494628266774	1.8451996917616726	-1.3630047454790049	-4.0	1.0	0.3	0.3	0.3	0.3	-0.39999999999999997	-0.39999999999999997	6.0	8.0	-2.0	2.0	2.0
2025-12-01	13:30	Feyenoord	Utrecht	1	2	A	0	0	D	16	11	5	3	1	7	9	2	0	1	0	0	1.42	5.0	6.25	1.46	4.6	6.5				1.47	4.79	6.0	1.44	4.6	6.0				1.48	5.0	7.0	1.43	4.74	6.32	1.53	2.4	1.53	2.51	1.53	2.63	1.5	2.48	-1.25	1.93	1.97	1.9	1.95	2.0	1.97	1.91	1.88	1.36	5.5	7.0	1.37	5.0	8.25				1.4	5.03	7.87	1.36	5.0	7.5				1.41	5.64	8.3	1.37	5.11	7.73	1.44	2.7	1.47	2.79	1.48	2.9	1.44	2.72	-1.5	2.0	1.9	2.02	1.89	2.04	1.9	1.97	1.86	eredivisie	1.36	5.0	6.5	1.44	4.9	6.51	1.45	5.3	6.4	1.53	2.52			1.33	4.75	7.5	1.4	5.64	7.18	1.42	5.3	8.8	1.53	2.88	2.07	1.9																															0	1	0	Utrecht	0	0	1	0	3	12.0	5.0	1	0	1	2025	19	5	26.0	26.0	feyenoord	2.5185185185185186	68	1.1851851851851851	32	20.703703703703702	559	7.148148148148148	0.9629629629629629	1.7037037037037037	0.5873015873015873	1.9285714285714286	54	0.6785714285714286	19	12.964285714285714	363	4.535714285714286	0.03571428571428571	0.42857142857142855	0.17592592592592593	0.7042253521126761	0.2	0.16	0.6617257808364214	0.18793012175754367	0.15034409740603494	0.0642253521126761	-0.020000000000000018	0.25	0.40000000000000036	-0.0424995712762547	-0.009655902593965066	-0.012069878242456339	0.284	1.25	0.22719999999999999	0.0702614379084967	1.9649999999999999	0.02574892822387631				0	Unknown	Unknown	Normal	4.42	0.16598233905392684	7.0	2.0	2.82	0.1427955733582747	5.0	-0.4	0.028481183560107044	0.0862019320667567	0.29897169863879747	0.5863451857343388	0.8107223944193489	0.13229852078050458	0.18498771560716465	0.35067066157740373	0.33204310203492704	0.5408208735224592	2.111111111111111	0.8333333333333334	1.2777777777777777	3.159795118581717	0.838727132618942	2.3210679859627747	15.0	-2.0	0.4	0.0	0.1	0.1	-0.5	-0.9	12.0	5.0	7.0	4.0	1.0
2025-12-01	13:30	Groningen	Almere City	0	0	D	0	0	D	18	5	5	1	3	12	15	2	1	2	0	0	1.75	3.8	4.5	1.77	3.5	4.75				1.79	3.68	4.46	1.75	3.5	4.6				1.81	3.8	4.75	1.77	3.6	4.5	2.1	1.7	2.15	1.72	2.15	1.76	2.09	1.71	-0.75	2.05	1.85	2.05	1.81	2.06	1.86	1.98	1.81	1.91	3.3	4.0	1.9	3.4	4.2				1.96	3.38	4.36	1.91	3.25	4.0				2.0	3.44	4.42	1.91	3.35	4.19	2.2	1.65	2.26	1.69	2.35	1.71	2.19	1.66	-0.5	1.99	1.91	1.97	1.93	2.0	1.93	1.93	1.89	eredivisie	1.75	3.5	4.6	1.81	3.6	4.53	1.78	3.6	5.4	2.14	1.76			1.83	3.2	4.2	1.94	3.44	4.42	1.98	3.5	4.6	2.32	1.74	2.0	1.99																															0	0	1		0	0	1	1	1	8.0	5.0	0	0	0	2025	8	3	121.0	89.0	groningen	1.4761904761904763	31	0.9047619047619048	19	14.19047619047619	298	5.333333333333333	0.38095238095238093	0.14285714285714285	0.4375	0.5833333333333334	7	0.4166666666666667	5	10.333333333333334	124	2.8333333333333335	-0.6666666666666666	-1.25	0.0	0.5714285714285714	0.2631578947368421	0.2222222222222222	0.540711462450593	0.24901185770750991	0.21027667984189727	0.05680868838763553	0.0	-0.09999999999999964	0.2999999999999998	-0.030717108977978413	-0.011945542380324942	-0.014146037029332176	0.46052631578947373	1.1842105263157896	0.3888888888888889	0.06442577030812324	1.9	0.028345418589321048				0	Unknown	Unknown	Normal	3.71	0.135711461565362	9.0	0.8	1.9499999999999997	0.024294756869488864	1.0	-0.6	0.06332801163169269	0.13691350597253826	0.3319524038943345	0.4678060785014345	0.9035201625098509	0.30897825268531387	0.22658033039733158	0.25094742154134375	0.2134939953760108	0.6390443911481404	1.3333333333333333	1.0	0.33333333333333326	0.7053282939742551	0.1677454265237884	0.5375828674504667	4.0	0.0	0.2	0.2	0.1	0.5	-0.3	-0.7	8.0	5.0	3.0	2.0	1.0
2025-12-01	11:15	Twente	Willem II	6	2	H	2	2	D	21	10	12	3	6	8	7	4	0	1	0	0	1.38	5.0	7.5	1.4	4.8	7.5				1.41	4.56	6.17	1.4	4.5	7.0				1.42	5.0	8.3	1.39	4.69	7.31	1.67	2.15	1.66	2.13	1.73	2.25	1.67	2.14	-1.25	1.88	2.02	1.84	1.93	1.93	2.03	1.86	1.93	1.29	5.0	11.0	1.3	5.25	11.0				1.33	5.21	10.85	1.3	5.0	10.0				1.38	5.38	11.5	1.31	5.04	10.37	1.67	2.15	1.7	2.22	1.7	2.35	1.66	2.2	-1.5	1.9	2.0	1.89	2.01	1.97	2.01	1.91	1.92	eredivisie	1.33	4.75	8.0	1.42	4.75	7.3	1.44	4.7	7.8	1.65	2.12			1.3	5.0	10.0	1.32	5.38	11.4	1.34	5.8	12.0	1.74	2.32	1.91	2.04																															1	0	0	Twente	0	0	1	3	0	11.0	5.0	0	0	0	2025	11	2	26.0	121.0	twente	2.740740740740741	74	1.2592592592592593	34	21.962962962962962	593	7.7407407407407405	0.8888888888888888	1.8888888888888888	0.5333333333333333	1.125	9	0.625	5	7.875	63	2.5	-0.125	-1.0	-0.75	0.7246376811594204	0.2	0.13333333333333333	0.6849315068493151	0.18904109589041096	0.12602739726027395	0.05797101449275366	-0.020000000000000018	0.5	0.5	-0.03970617431010526	-0.007305936073059377	-0.010958904109589052	0.27599999999999997	1.5	0.184	0.06391867427934828	1.91	0.026964398567516312				0	Unknown	Unknown	Normal	3.59	0.08625643313820083	3.0	0.8	1.9899999999999998	0.11609854196424434	3.0	-1.0	0.05269141355510243	0.1343643815896376	0.35954266923810857	0.45340153561715146	1.6084113442291585	0.13947784943078806	0.2720903363747464	0.445520446148132	0.1429113680463336	0.3977511694533036	1.8333333333333333	0.4	1.4333333333333331	1.3747283370490173	-0.1677454265237884	1.5424737635728056	4.0	-6.0	0.5	0.14285714285714285	0.1	0.14285714285714285	-0.3571428571428572	-0.7571428571428571	11.0	5.0	6.0	3.0	1.0
2025-12-01	15:45	NAC Breda	Heerenveen	2	4	A	1	3	A	15	14	6	6	8	14	7	4	0	3	0	0	2.15	3.6	3.2	2.15	3.5	3.2				2.14	3.53	3.34	2.1	3.5	3.25				2.18	3.6	3.35	2.13	3.49	3.24	1.9	1.95	1.89	1.94	1.9	1.99	1.85	1.92	-0.25	1.89	2.01	1.86	2.0	1.9	2.01	1.83	1.96	2.15	3.4	3.4	2.2	3.25	3.4				2.23	3.28	3.57	2.15	3.25	3.3				2.25	3.48	3.57	2.2	3.28	3.39	2.05	1.75	2.08	1.82	2.14	1.85	2.03	1.78	-0.25	1.89	2.01	1.91	2.0	1.94	2.01	1.88	1.95	eredivisie	2.1	3.4	3.3	2.15	3.56	3.26	2.18	3.5	3.4	1.92	1.94			2.2	3.2	3.3	2.25	3.48	3.36	2.3	3.35	3.65	2.14	1.84	1.96	2.03																															0	1	0	Heerenveen	0	1	0	0	3	4.0	1.0	0	0	0	2025	4	1	151.0	57.0	nac_breda	1.0833333333333333	13	0.4166666666666667	5	14.0	168	4.333333333333333	-0.5833333333333334	-0.5	-0.5	1.1666666666666667	35	0.4666666666666667	14	11.866666666666667	356	3.8666666666666667	-0.26666666666666666	-0.7666666666666667	0.13333333333333333	0.46511627906976744	0.2777777777777778	0.3125	0.4407039020657995	0.2631981637337414	0.29609793420045905	0.05539405684754528	0.04999999999999982	-0.04999999999999982	0.10000000000000009	-0.024412377003967922	-0.016402065799540955	-0.014579614044036404	0.5972222222222222	0.888888888888889	0.6718749999999999	0.03913630229419707	1.9249999999999998	0.026612966911474523				0	Unknown	Unknown	Normal	2.15	0.07491179122384797	3.0	-1.0	2.6	0.10090339348969794	2.0	-1.2	0.1248954121637386	0.2504417804263773	0.44832851089057124	0.17633429651931284	0.6943079622458755	0.1810524302588889	0.20799864512950092	0.3092715335700539	0.30167739104155633	0.6279703719339703	0.8	0.2	0.6000000000000001	-0.18720509679209452	-0.5032362795713652	0.31603118277927067	-2.0	-5.0	0.3333333333333333	0.0	0.16666666666666666	0.4	-0.26666666666666666	-0.8333333333333334	4.0	1.0	3.0	1.0	0.0
2025-12-04	15:30	For Sittard	Feyenoord	0	2	A	0	0	D	7	14	2	8	18	7	5	7	2	1	1	0	5.75	4.75	1.48							6.18	4.53	1.48							6.5	4.75	1.48	6.16	4.59	1.47	1.65	2.2	1.66	2.25	1.66	2.3	1.62	2.23	1.25	1.83	2.07	1.81	2.08	1.83	2.08	1.78	2.03	5.75	4.33	1.5							6.65	4.36	1.53							6.65	4.6	1.54	6.21	4.4	1.5	1.73	2.08	1.78	2.11	1.9	2.17	1.77	2.05	1.0	2.01	1.89	2.06	1.89	2.1	1.89	2.03	1.82	eredivisie	6.5	4.6	1.4	6.4	4.65	1.47	6.6	4.8	1.52	1.57	2.24	1.75	1.96	6.0	4.2	1.44	6.22	4.5	1.54	7.2	4.5	1.54	1.81	2.2	2.07	1.87																															0	1	0	Feyenoord	0	0	1	0	3	7.0	9.0	0	0	0	2025	13	6	60.0	84.0	for_sittard	1.4285714285714286	50	0.6857142857142857	24	13.8	483	4.457142857142857	0.4	0.02857142857142857	0.574074074074074	2.0	60	1.0333333333333334	31	15.3	459	6.233333333333333	0.3333333333333333	0.8333333333333334	0.14814814814814814	0.17391304347826086	0.21052631578947367	0.6756756756756757	0.16405110553643312	0.1985881803862085	0.6373607140773585	0.060115034943410084				-0.009861937941827742	-0.038314961598317154	-0.01193813540326516	1.2105263157894737	0.31157894736842107	3.885135135135135	0.06060606060606055	1.925	0.029539874871307603				0	Unknown	Unknown	Normal	3.18	0.07048627300403171	1.0	-0.4	3.4699999999999998	0.12367684104241569	6.0	0.6	0.08745637055851245	0.18074204549545667	0.37496845037376847	0.35683313357226243	0.6945714005812039	0.07321304260438229	0.13215306494292953	0.33342389448276544	0.46120999796992274	0.7512382609858117	1.4444444444444444	1.2	0.24444444444444446	1.8209950324321924	1.174217985666519	0.6467770467656735	-2.0	2.0	0.5	0.3	0.2	0.1	-0.4	-0.5	7.0	9.0	-2.0	2.0	3.0
2025-12-04	19:00	PSV Eindhoven	Almere City	5	0	H	4	0	H	34	8	17	2	6	6	11	3	0	0	0	0	1.13	9.0	17.0							1.13	9.15	14.92							1.14	9.4	19.5	1.13	8.82	16.7	1.25	4.0	1.25	3.96	1.29	4.0	1.24	3.75	-2.5	2.02	1.88	1.99	1.87	2.02	1.89	1.97	1.84	1.08	9.5	17.0							1.11	10.73	19.39							1.12	12.0	24.0	1.1	10.29	20.08	1.22	4.2	1.21	4.53	1.26	4.53	1.21	4.18	-2.5	1.88	2.02	1.9	1.99	1.9	2.08	1.85	1.99	eredivisie	1.12	8.5	17.0	1.13	8.9	18.5	1.16	11.0	21.0	1.27	4.2	2.02	1.88	1.07	12.0	21.0	1.12	11.2	21.0	1.12	13.5	28.0	1.25	4.8	0.0	0.0																															1	0	0	PSV Eindhoven	1	0	0	3	0	11.0	5.0	0	0	0	2025	11	4	33.0	3.0	psv_eindhoven	3.2962962962962963	89	1.6296296296296295	44	20.296296296296298	548	8.25925925925926	1.1851851851851851	2.4444444444444446	0.8927536231884057	0.5833333333333334	7	0.4166666666666667	5	10.333333333333334	124	2.8333333333333335	-0.6666666666666666	-1.25	0.0	0.8849557522123894	0.1111111111111111	0.058823529411764705	0.8389077749753262	0.10532953174690206	0.055762693277771676	0.0548903927352653				-0.04604797723706322	-0.0030608361339930293	-0.005781579364209047	0.12555555555555553	1.8888888888888888	0.06647058823529411	0.050000000000000044	2.625	0.026964398567516312				0	Unknown	Unknown	Normal	4.51	0.15526881913420007	10.0	1.8	1.94	0.024294756869488864	1.0	-0.6	0.02168004954605358	0.0746877511464871	0.29527285070983	0.6083593485976293	1.0960233415214642	0.3131473071269394	0.22605833007530726	0.24776590504005455	0.21302845775769877	0.5892439603116025	1.8333333333333333	1.0	0.8333333333333333	1.3747283370490173	0.5032362795713652	0.8714920574776521	9.0	0.0	0.0	0.3	0.0	0.5	-0.5	-0.7	11.0	5.0	6.0	3.0	1.0
2025-12-04	20:00	NAC Breda	Go Ahead Eagles	1	1	D	0	1	A	22	10	7	4	12	13	6	3	2	2	0	0	3.1	3.5	2.2							3.11	3.62	2.21							3.3	3.7	2.21	3.11	3.58	2.17	1.75	2.05	1.78	2.08	1.78	2.2	1.71	2.08	0.25	1.95	1.95	1.93	1.94	1.95	1.95	1.91	1.86	3.2	3.5	2.15							3.23	3.69	2.2							3.44	3.8	2.2	3.19	3.62	2.14	1.67	2.15	1.72	2.21	1.77	2.25	1.68	2.16	0.25	1.99	1.91	1.98	1.93	2.05	1.93	1.97	1.84	eredivisie	3.3	3.5	2.1	3.11	3.62	2.2	3.2	3.65	2.3	1.78	2.16	1.95	1.98	3.1	3.4	2.05	3.44	3.61	2.16	3.3	3.75	2.3	1.75	2.3	1.99	1.99																															0	0	1		0	1	0	1	1	4.0	8.0	1	0	0	2025	4	9	3.0	29.0	nac_breda	1.0833333333333333	13	0.4166666666666667	5	14.0	168	4.333333333333333	-0.5833333333333334	-0.5	-0.5	1.2142857142857142	34	0.5714285714285714	16	11.821428571428571	331	3.7142857142857144	-0.07142857142857142	-0.25	-0.25	0.3225806451612903	0.2857142857142857	0.45454545454545453	0.303508080409933	0.26882144264879776	0.4276704769412692	0.06284038542103065				-0.019072564751357324	-0.026874977604185335	-0.01689284306548794	0.8857142857142858	0.6285714285714287	1.409090909090909	0.059233449477351874	1.9	0.025641025641025772				0	Unknown	Unknown	Normal	2.44	0.10140185744901353	4.0	-0.8	3.5799999999999996	0.1741640688654213	7.0	0.4	0.10706332509849774	0.22002667274582421	0.4338003316844203	0.2391096704712578	0.7983416148156143	0.0976292427498566	0.1726733877142725	0.3205984661731197	0.4090989033627512	0.35929857781825447	0.6666666666666666	1.125	-0.45833333333333337	-0.18720509679209452	2.1806905448092495	-2.367895641601344	-4.0	1.0	0.2857142857142857	0.2	0.14285714285714285	0.2	-0.5142857142857143	-0.6571428571428573	4.0	8.0	-4.0	1.0	2.0
2025-12-04	17:45	Sparta Rotterdam	Heerenveen	3	1	H	1	0	H	15	11	7	5	13	11	4	1	1	2	0	0	1.91	3.75	3.75							1.92	3.66	3.89							1.95	3.75	4.0	1.92	3.65	3.77	1.83	2.03	1.81	2.04	1.84	2.04	1.8	1.99	-0.5	1.95	1.95	1.93	1.93	1.98	1.95	1.93	1.91	1.85	3.9	3.9							1.88	3.73	4.22							1.9	3.98	4.35	1.87	3.74	4.02	1.67	2.15	1.71	2.23	1.77	2.25	1.7	2.14	-0.5	1.83	1.95	1.89	2.01	1.92	2.03	1.87	1.96	eredivisie	1.95	3.5	3.8	1.94	3.64	3.82	1.98	3.75	4.1	1.82	2.08	1.98	2.0	1.85	3.6	4.0	1.89	3.98	3.98	1.94	3.8	4.3	1.75	2.3	1.94	2.04																															1	0	0	Sparta Rotterdam	1	0	0	3	0	7.0	4.0	0	0	1	2025	13	4	145.0	3.0	sparta_rotterdam	1.3571428571428572	38	0.5	14	14.857142857142858	416	5.107142857142857	0.10714285714285714	0.0	0.2156862745098039	1.1666666666666667	35	0.4666666666666667	14	11.866666666666667	356	3.8666666666666667	-0.26666666666666666	-0.7666666666666667	0.13333333333333333	0.5235602094240838	0.26666666666666666	0.26666666666666666	0.4953764861294584	0.2523117569352708	0.2523117569352708	0.05689354275741709				-0.028183723294625374	-0.01435490973139586	-0.01435490973139586	0.5093333333333333	1.0	0.5093333333333333	0.03905892487011764	1.93	0.025641025641025772				0	Unknown	Unknown	Normal	2.48	0.09213996834886583	6.0	0.0	3.02	0.1576409821421802	5.0	-0.6	0.1011838662077406	0.21492716177974125	0.437003701541276	0.24688527047124217	0.8673479039607687	0.1377725141550313	0.16008966362147406	0.3185320148357104	0.38360580738778427	0.6245793213496105	1.625	0.6666666666666666	0.9583333333333334	1.8209950324321924	0.5032362795713652	1.3177587528608272	5.0	-3.0	0.5	0.0	0.4	0.3	-0.19999999999999996	-0.6	7.0	4.0	3.0	2.0	1.0
2026-01-02	13:30	PSV Eindhoven	Feyenoord	3	0	H	3	0	H	14	8	7	2	8	8	8	3	1	3	0	1	1.73	4.2	4.2	1.75	4.33	3.9													1.75	4.33	4.6	1.69	4.13	4.25	1.4	2.88			1.41	2.88	1.39	2.77	-0.75	1.88	1.93			1.88	1.98	1.83	1.94	1.62	4.33	4.75	1.65	4.33	4.5													1.65	4.5	4.75	1.63	4.27	4.55	1.4	2.88			1.41	2.9	1.39	2.79	-1.0	2.0	1.8			2.06	1.83	1.98	1.77	eredivisie							1.75	4.6	4.5	1.43	2.96	1.92	2.02							1.7	4.6	4.9	1.45	3.1	2.12	1.84	1.67	4.2	4.2	1.66	4.1	4.6										1.62	4.2	4.5	1.64	4.1	4.5	1.62	4.5	4.75							1	0	0	PSV Eindhoven	1	0	0	3	0	11.0	9.0	0	0	2	2026	0	0	29.0	29.0	psv_eindhoven	3.2962962962962963	89	1.6296296296296295	44	20.296296296296298	548	8.25925925925926	1.1851851851851851	2.4444444444444446	0.8927536231884057	2.0	60	1.0333333333333334	31	15.3	459	6.233333333333333	0.3333333333333333	0.8333333333333334	0.14814814814814814	0.5780346820809249	0.23809523809523808	0.23809523809523808	0.5483028720626633	0.2258485639686684	0.2258485639686684	0.054225158271401064				-0.02973181001826164	-0.012246674126569684	-0.012246674126569684	0.4119047619047619	1.0	0.4119047619047619	0.06150793650793651	2.1399999999999997	0.05004960864292807				0	Unknown	Unknown	Normal	5.64	0.1349048913368922	13.0	2.2	3.4699999999999998	0.12360961641131088	4.0	0.8	0.016752737335804582	0.056554966892142476	0.22281210906960322	0.7038801867024497	0.7526934766434235	0.07321304260438227	0.13215306494292953	0.33342389448276544	0.4612099979699228	0.8838683197559568	0.0	0.0	0.0	-1.005323582802017	-0.8321384564687361	-0.17318512633328098	0.0	0.0	0.1	0.4	0.0	0.1	-0.8	-0.6	11.0	9.0	2.0	3.0	3.0
2026-01-02	11:15	Excelsior	Ajax	2	2	D	0	2	A	11	9	5	3	12	5	4	1	1	0	0	0	4.2	3.9	1.75	4.0	4.0	1.8													4.4	4.0	1.81	4.05	3.89	1.77	1.57	2.35			1.57	2.38	1.54	2.34	0.5	2.05	1.75			2.05	1.83	1.99	1.75	3.8	3.8	1.85	4.0	3.9	1.8													4.2	4.0	1.85	3.98	3.82	1.8	1.6	2.3			1.62	2.3	1.58	2.25	0.5	1.98	1.83			2.0	1.83	1.95	1.77	eredivisie							4.5	4.0	1.81	1.47	2.48	2.17	1.81							4.2	4.2	1.88	1.65	2.48	2.11	1.88	4.0	3.75	1.8	4.4	3.85	1.72										4.0	3.75	1.8	4.2	3.8	1.76	4.1	4.0	1.8							0	0	1		0	1	0	1	1	6.0	10.0	0	0	0	2026	0	0	144.0	113.0	excelsior	1.0	23	0.34782608695652173	8	13.478260869565217	310	4.521739130434782	-0.21739130434782608	-0.391304347826087	-0.018518518518518528	2.0344827586206895	59	0.8620689655172413	25	12.96551724137931	376	5.517241379310345	0.3448275862068966	0.5172413793103449	0.30833333333333335	0.23809523809523808	0.25641025641025644	0.5714285714285714	0.2233676975945017	0.2405498281786942	0.5360824742268041	0.06593406593406592				-0.01472754050073638	-0.03534609720176729	-0.01586042823156225	1.076923076923077	0.44871794871794873	2.4	0.06247459005285272	1.96	0.059233449477351874				0	Unknown	Unknown	Normal	4.54	0.0812057651657842	5.0	0.4	2.9400000000000004	0.1588316673329872	4.0	0.8	0.037806050350401646	0.1033562212501367	0.30791771399862544	0.5509200144008363	0.7609842845951501	0.05659142404258048	0.15877650935873006	0.44493598434560744	0.33969608225308195	0.9865642838946378	0.0	0.0	0.0	-1.005323582802017	-0.8321384564687361	-0.17318512633328098	0.0	0.0	0.3	0.3	0.5	0.1	-0.6000000000000001	-0.2	6.0	10.0	-4.0	2.0	3.0
2026-01-02	13:30	Heracles	For Sittard	2	1	H	2	1	H	11	12	7	6	17	14	4	5	2	3	0	0	2.35	3.5	2.9	2.35	3.6	2.8													2.4	3.6	3.0	2.34	3.36	2.88	1.75	2.05			1.8	2.05	1.73	2.01	-0.25	2.03	1.78			2.04	1.83	2.01	1.77	2.2	3.4	3.25	2.25	3.4	3.1													2.26	3.4	3.3	2.21	3.35	3.16	1.9	1.9			1.9	1.91	1.85	1.86	-0.25	1.9	1.9			1.95	1.94	1.87	1.87	eredivisie							2.46	3.6	2.98	1.81	2.1	2.12	1.81							2.3	3.55	3.4	1.98	2.0	1.98	2.0	2.3	3.3	2.88	2.35	3.4	2.85										2.25	3.3	3.0	2.14	3.35	3.3	2.25	3.4	3.2							1	0	0	Heracles	1	0	0	3	0	8.0	5.0	0	0	1	2026	0	0	62.0	243.0	heracles	2.1052631578947367	40	0.7894736842105263	15	14.842105263157896	282	5.368421052631579	-0.3157894736842105	0.21052631578947367	-0.1987179487179487	1.0526315789473684	20	0.3684210526315789	7	8.842105263157896	168	3.263157894736842	-0.5263157894736842	-1.0	-0.35	0.425531914893617	0.2857142857142857	0.3448275862068966	0.40293767368003175	0.2705438666137356	0.3265184597062326	0.05607378681479935				-0.022594241213585275	-0.018309126500663964	-0.015170419100550114	0.6714285714285715	0.8285714285714285	0.810344827586207	0.059233449477351874	1.9	0.054408590247412514				0	Unknown	Unknown	Normal	3.8999999999999995	0.15352412133957782	6.0	1.0	1.51	0.19341113591500117	4.0	-1.0	0.0484351759402001	0.12166729515830994	0.3297794602683481	0.5001180686331418	0.6247979528544165	0.27956647861041395	0.30339803482444483	0.31952035005772406	0.09751513650741717	0.4294626668835491	0.0	0.0	0.0	-1.005323582802017	-0.8321384564687361	-0.17318512633328098	0.0	0.0	0.1	0.2	0.1	0.2	-0.7000000000000001	-0.7	8.0	5.0	3.0	2.0	1.0
2026-01-02	15:45	Heerenveen	Utrecht	1	1	D	1	0	H	19	11	3	4	11	10	5	6	1	2	0	0	1.85	3.75	3.9	1.9	3.75	3.75													1.91	3.8	3.95	1.85	3.72	3.81	1.67	2.15			1.68	2.2	1.63	2.16	-0.5	1.83	1.98			1.85	1.98	1.81	1.91	1.67	3.9	4.75	1.78	3.7	4.4													1.8	3.9	4.75	1.75	3.67	4.43	1.8	2.0			1.83	2.0	1.78	1.94	-0.75	1.85	1.95			2.05	1.95	1.93	1.81	eredivisie							1.91	3.9	4.2	1.61	2.26									1.83	3.8	5.0	1.91	2.08	2.06	1.9	1.9	3.6	3.75	1.82	3.75	3.9				1.91	3.75	3.75	1.91	3.75	3.75	1.73	3.6	4.33	1.8	3.65	4.2	1.75	3.8	4.6							0	0	1		1	0	0	1	1	8.0	7.0	0	1	0	2026	0	0	116.0	32.0	heerenveen	1.7692307692307692	46	1.0384615384615385	27	15.384615384615385	400	5.5	0.19230769230769232	0.34615384615384615	0.03571428571428571	1.9285714285714286	54	0.6785714285714286	19	12.964285714285714	363	4.535714285714286	0.03571428571428571	0.42857142857142855	0.17592592592592593	0.5405405405405405	0.26666666666666666	0.25641025641025644	0.5082095387021109	0.2507167057597081	0.24107375553818092	0.06361746361746357				-0.03233100183842952	-0.015336500872075526	-0.01594996090695855	0.49333333333333335	1.04	0.4743589743589744	0.06391867427934828	1.91	0.0514985924821989				0	Unknown	Unknown	Normal	3.8899999999999997	0.08629077466780607	4.0	0.2	2.28	0.1437438900960651	5.0	-0.2	0.035366811267772746	0.10153404383016054	0.3390842829434891	0.5240148619585776	1.035978261695669	0.15402967682535879	0.22748237722701936	0.3949201503726735	0.22356779557494838	0.5538558811043887	0.0	0.0	0.0	-1.005323582802017	-0.8321384564687361	-0.17318512633328098	0.0	0.0	0.1	0.0	0.1	0.1	-0.8	-0.9	8.0	7.0	1.0	2.0	2.0
2026-01-02	19:00	Volendam	Go Ahead Eagles	1	1	D	0	1	A	20	13	4	5	7	16	6	5	4	6	0	1	2.9	3.7	2.25	2.95	3.7	2.2													3.0	3.7	2.25	2.91	3.58	2.22	1.57	2.35			1.61	2.38	1.56	2.28	0.25	1.85	1.95			1.85	1.95	1.83	1.94	3.6	3.6	1.95	3.5	3.6	2.05													3.6	3.7	2.08	3.46	3.54	2.02	1.75	2.05			1.8	2.16	1.72	2.02	0.5	1.83	1.98			1.83	2.48	1.71	2.08	eredivisie							3.3	3.65	2.28	1.62	2.4									3.65	3.9	2.1	1.83	2.18	1.89	2.1	3.0	3.5	2.2	3.0	3.5	2.23										3.4	3.4	2.05	3.3	3.45	2.07	3.6	3.7	2.0	3.5	3.6	2.05	3.5	3.6	2.0	0	0	1		0	1	0	1	1	6.0	9.0	0	1	0	2026	0	0	144.0	29.0	volendam	1.1818181818181819	26	0.36363636363636365	8	12.590909090909092	277	4.045454545454546	-0.45454545454545453	-1.2272727272727273	-0.16666666666666666	1.2142857142857142	34	0.5714285714285714	16	11.821428571428571	331	3.7142857142857144	-0.07142857142857142	-0.25	-0.25	0.3448275862068966	0.27027027027027023	0.4444444444444444	0.32544956997654423	0.2550820953870211	0.41946833463643474	0.05954230092161117				-0.019378016230352346	-0.024976109808009683	-0.01518817488324914	0.7837837837837838	0.6081081081081081	1.2888888888888888	0.06247459005285272	1.96	0.053361053361053346				0	Unknown	Unknown	Normal	2.76	0.14282566470274705	5.0	-1.2	3.4899999999999998	0.15793001302740506	5.0	0.8	0.11083773953709057	0.2015480236442882	0.37909598869415795	0.3085182481244634	0.5069073010367081	0.10420396923277142	0.1832467423945326	0.3230359433639369	0.38951334500875906	0.3732599592277728	0.0	0.0	0.0	-1.005323582802017	-0.8321384564687361	-0.17318512633328098	0.0	0.0	0.2	0.1	0.1	0.2	-0.6000000000000001	-0.8	6.0	9.0	-3.0	2.0	2.0
2026-01-03	11:15	Zwolle	Ajax	0	0	D	0	0	D	9	6	2	2	12	8	12	3	3	2	0	0	4.1	4.2	1.75	4.1	3.9	1.8													4.2	4.2	1.8	3.97	3.94	1.76	1.5	2.5			1.53	2.55	1.5	2.46	0.75	1.83	1.98			1.86	1.98	1.81	1.93	3.6	4.0	1.9	3.7	3.9	1.87													3.95	4.1	1.96	3.68	3.9	1.84	1.5	2.5			1.53	2.63	1.49	2.48	0.5	1.95	1.85			1.95	1.93	1.89	1.81	eredivisie							4.1	4.2	1.79	1.52	2.58	1.86	1.98							4.0	4.2	1.93	1.57	2.72	2.07	1.92	4.0	3.75	1.8	4.0	4.1	1.74	4.0	4.0	1.75							3.75	4.0	1.8	3.8	3.95	1.81	3.7	4.1	1.87							0	0	1		0	0	1	1	1	7.0	10.0	0	1	0	2026	0	1	59.0	1.0	zwolle	1.2105263157894737	23	0.5263157894736842	10	13.263157894736842	252	4.526315789473684	0.05263157894736842	-0.05263157894736842	0.2166666666666667	2.0344827586206895	59	0.8620689655172413	25	12.96551724137931	376	5.517241379310345	0.3448275862068966	0.5172413793103449	0.30833333333333335	0.24390243902439027	0.23809523809523808	0.5714285714285714	0.23153252480705624	0.22601984564498345	0.5424476295479603	0.05342624854819977				-0.012369914217334022	-0.028980941880611066	-0.01207539245025463	0.976190476190476	0.41666666666666663	2.3428571428571425	0.06666666666666665	2.0	0.0514985924821989				0	Unknown	Unknown	Normal	2.3099999999999996	0.05566570508830706	2.0	0.0	2.71	0.16769999199078553	4.0	0.8	0.14655640208144782	0.25153613102989136	0.3846295761257492	0.21727789076291165	0.9452016048125529	0.07603639788117164	0.18633289179346452	0.44617287216778917	0.29145783815757464	0.9773472627077942	0.0	0.5	-0.5	-1.005323582802017	-0.42966626183679835	-0.5756573209652187	0.0	0.0	0.2	0.3	0.3	0.0	-0.8	-0.39999999999999997	7.0	10.0	-3.0	2.0	3.0
2026-01-03	13:30	Volendam	Groningen	3	2	H	1	1	D	12	28	4	9	8	13	2	10	2	2	0	0	3.75	3.6	1.95	3.6	3.7	1.95													3.75	3.7	1.95	3.61	3.6	1.92	1.7	2.1			1.7	2.16	1.66	2.11	0.5	1.85	1.95			1.9	1.95	1.83	1.86	3.7	3.7	2.0	3.75	3.7	1.9													3.75	3.75	2.0	3.64	3.6	1.93	1.67	2.15			1.7	2.15	1.67	2.08	0.5	1.83	1.98			1.85	1.98	1.82	1.88	eredivisie							3.7	3.75	1.98	1.73	1.25									3.95	3.8	2.04	1.76	2.28	1.94	2.04	3.6	3.6	1.91	3.6	3.65	1.93	3.6	3.7	1.93							3.6	3.6	1.91	3.75	3.55	1.92	3.6	3.75	2.0							1	0	0	Volendam	0	0	1	3	0	7.0	6.0	0	0	1	2026	1	0	1.0	59.0	volendam	1.1818181818181819	26	0.36363636363636365	8	12.590909090909092	277	4.045454545454546	-0.45454545454545453	-1.2272727272727273	-0.16666666666666666	0.75	15	0.35	7	11.9	238	4.3	-0.55	-1.45	-0.14285714285714285	0.26666666666666666	0.2777777777777778	0.5128205128205129	0.2522231204527081	0.26273241713823764	0.48504446240905413	0.057264957264957506				-0.014443546213958547	-0.027776050411458753	-0.01504536063954015	1.0416666666666667	0.5416666666666666	1.9230769230769231	0.06442577030812324	1.9	0.053361053361053346				0	Unknown	Unknown	Normal	3.1399999999999997	0.12808455543427458	5.0	-0.6	3.6100000000000003	0.06628730985669697	1.0	-1.0	0.07288636149946984	0.15730279917278098	0.386092493135555	0.3837183461921942	0.6600979110782588	0.04409495389150042	0.12039463924192857	0.3632810032446714	0.47222940362189963	0.674525032469804	0.5	0.0	0.5	-0.6137765031843894	-0.8321384564687361	0.2183619532843467	0.0	0.0	0.1	0.1	0.1	0.5	-0.4	-0.8	7.0	6.0	1.0	2.0	2.0
2026-01-03	19:00	Excelsior	Go Ahead Eagles	0	1	A	0	0	D	19	7	7	1	11	6	6	3	1	1	0	0	2.45	3.5	2.8	2.4	3.6	2.75													2.48	3.6	2.8	2.4	3.43	2.73	1.7	2.1			1.7	2.12	1.68	2.08	0.0	1.78	2.03			1.8	2.03	1.75	1.97	2.35	3.5	2.9	2.37	3.5	2.85													2.4	3.6	2.9	2.35	3.41	2.84	1.7	2.1			1.71	2.2	1.67	2.08	-0.25	2.03	1.78			2.08	1.8	2.01	1.74	eredivisie							2.48	3.65	2.84	1.73	2.2									2.44	3.7	3.05	1.78	2.26	2.09	1.87	2.4	3.3	2.75	2.38	3.5	2.75	2.4	3.5	2.7	2.45	3.6	2.75	2.4	3.5	2.7	2.3	3.4	2.88	2.38	3.4	2.8	2.4	3.6	2.8							0	1	0	Go Ahead Eagles	0	0	1	0	3	7.0	9.0	0	0	0	2026	1	1	1.0	1.0	excelsior	1.0	23	0.34782608695652173	8	13.478260869565217	310	4.521739130434782	-0.21739130434782608	-0.391304347826087	-0.018518518518518528	1.2142857142857142	34	0.5714285714285714	16	11.821428571428571	331	3.7142857142857144	-0.07142857142857142	-0.25	-0.25	0.4081632653061224	0.2857142857142857	0.35714285714285715	0.3883495145631068	0.27184466019417475	0.33980582524271846	0.05102040816326525				-0.019813750743015612	-0.01733703190013869	-0.01386962552011095	0.7000000000000001	0.7999999999999999	0.8750000000000001	0.06442577030812324	1.9	0.054408590247412514				0	Unknown	Unknown	Normal	4.66	0.11724180120182023	3.0	1.0	3.839999999999999	0.10762341810812086	3.0	0.8	0.028295069612996472	0.0888978330959557	0.30615948526799447	0.5766476120230534	0.8276442182569891	0.05916939550419707	0.14127742008428532	0.34586519818462996	0.4536879862268878	0.5148952730678328	0.5	0.5	0.0	-0.6137765031843894	-0.42966626183679835	-0.18411024134759102	0.0	0.0	0.3	0.1	0.5	0.2	-0.5	-0.4	7.0	9.0	-2.0	2.0	2.0
2026-01-03	13:30	Twente	Feyenoord	2	0	H	1	0	H	19	8	8	2	13	8	4	2	0	0	0	0	2.25	3.8	2.88	2.3	3.6	2.87													2.3	3.8	3.0	2.24	3.57	2.86	1.6	2.3			1.6	2.3	1.57	2.26	-0.25	1.98	1.83			2.0	1.83	1.95	1.81	2.05	3.9	3.2	2.1	3.7	3.2													2.1	3.9	3.2	2.05	3.72	3.17	1.57	2.35			1.57	2.4	1.55	2.32	-0.25	1.78	2.03			1.8	2.03	1.78	1.96	eredivisie							2.26	4.0	2.98	1.61	2.4									2.12	3.95	3.55	1.65	2.5	1.85	2.14	2.2	3.5	3.0	2.28	3.55	2.85	2.25	3.6	2.88							2.05	3.6	3.2	2.02	3.75	3.2	2.1	3.8	3.2							1	0	0	Twente	1	0	0	3	0	13.0	9.0	0	0	0	2026	0	0	33.0	1.0	twente	2.740740740740741	74	1.2592592592592593	34	21.962962962962962	593	7.7407407407407405	0.8888888888888888	1.8888888888888888	0.5333333333333333	2.0	60	1.0333333333333334	31	15.3	459	6.233333333333333	0.3333333333333333	0.8333333333333334	0.14814814814814814	0.4444444444444444	0.2631578947368421	0.3472222222222222	0.4213444213444214	0.24948024948024952	0.3291753291753292	0.054824561403508554				-0.023100023100023015	-0.018046893046892998	-0.013677645256592569	0.5921052631578948	0.7578947368421053	0.78125	0.05978260869565233	1.95	0.0514985924821989				0	Unknown	Unknown	Normal	4.42	0.12511045303487472	9.0	1.6	3.1100000000000003	0.10708069079147617	3.0	0.4	0.02976184295580881	0.08658993776609032	0.289702802936323	0.5939454163417779	1.3295264982848978	0.11046244115382024	0.17474922250264008	0.32438220800296474	0.390406128340575	0.8456432714337639	0.0	0.0	0.0	-1.005323582802017	-0.8321384564687361	-0.17318512633328098	0.0	-3.0	0.4	0.3	0.1	0.2	-0.4	-0.6000000000000001	13.0	9.0	4.0	4.0	3.0
2026-01-03	15:45	Utrecht	AZ Alkmaar	2	0	H	2	0	H	11	10	3	6	13	13	5	4	1	3	0	0	2.2	3.6	3.1	2.3	3.5	2.95													2.3	3.6	3.1	2.21	3.47	3.01	1.7	2.1			1.7	2.12	1.68	2.08	-0.25	1.9	1.9			1.93	1.9	1.88	1.86	2.25	3.4	3.1	2.3	3.3	3.1													2.3	3.5	3.13	2.24	3.33	3.07	1.9	1.9			1.9	1.94	1.84	1.87	-0.25	1.9	1.9			1.93	1.9	1.89	1.85	eredivisie							2.2	3.6	3.3	1.66	2.16									2.32	3.5	3.4	2.0	1.98	1.99	1.96	2.2	3.4	3.0	2.2	3.45	3.05	2.2	3.6	3.0	2.3	3.5	2.9	2.3	3.5	2.9	2.25	3.3	3.0	2.2	3.4	3.1	2.25	3.5	3.13							1	0	0	Utrecht	1	0	0	3	0	10.0	10.0	0	1	1	2026	0	0	87.0	63.0	utrecht	1.6774193548387097	52	0.5161290322580645	16	14.741935483870968	457	5.483870967741935	0.12903225806451613	0.6451612903225806	-7.93016446160826e-18	1.3103448275862069	38	0.7931034482758621	23	12.862068965517242	373	5.206896551724138	0.3793103448275862	0.10344827586206896	0.4230769230769231	0.45454545454545453	0.2777777777777778	0.3225806451612903	0.4308880308880309	0.2633204633204634	0.3057915057915058	0.05490387748452252				-0.023657423657423626	-0.01678913936978449	-0.014457314457314407	0.6111111111111112	0.8611111111111112	0.7096774193548387	0.06442577030812324	1.9	0.05263157894736836				0	Unknown	Unknown	Normal	3.21	0.10127648088867383	6.0	1.0	4.1	0.1376144771673641	6.0	0.8	0.049802427189091836	0.14110256414918784	0.41421233042480043	0.3948826782369199	0.8298975069827896	0.0393361635485422	0.10783957369844037	0.3247667389539502	0.5280575237990672	0.9616564789610553	0.0	0.0	0.0	-1.005323582802017	-0.8321384564687361	-0.17318512633328098	0.0	0.0	0.6	0.6	0.2	0.2	-0.20000000000000007	-0.20000000000000007	10.0	10.0	0.0	3.0	3.0
2026-02-05	20:00	Nijmegen	Telstar	1	1	D	0	1	A	21	10	7	4	10	11	9	0	3	2	0	0	1.5	4.75	5.25	1.52	4.8	5.25													1.53	5.0	6.0	1.47	4.71	5.47	1.36	3.1			1.4	3.1	1.35	2.96	-1.25	2.0	1.8			2.0	1.8	1.94	1.77	1.5	4.5	5.25	1.55	4.75	5.0													1.55	4.8	5.5	1.51	4.56	5.13	1.4	2.88			1.4	3.2	1.36	2.94	-1.25	2.05	1.75			2.05	1.75	2.02	1.7	eredivisie																											1.44	4.6	5.5	1.43	4.7	6.0	1.45	4.8	5.75	1.53	4.8	5.25	1.53	4.8	5.25	1.5	4.6	5.0	1.5	4.5	5.3	1.5	4.8	5.5				1.55	4.6	5.0	0	0	1		0	1	0	1	1	10.0	2.0	0	0	0	2026	0	0	93.0	120.0	nijmegen	1.896551724137931	55	0.4827586206896552	14	14.758620689655173	428	5.620689655172414	-0.1724137931034483	0.3793103448275862	-0.2427536231884058	1.125	9	0.375	3	12.375	99	4.375	-0.25	-0.375	-0.5	0.6666666666666666	0.21052631578947367	0.19047619047619047	0.6244131455399061	0.1971830985915493	0.17840375586854462	0.06766917293233066				-0.04225352112676051	-0.012072434607645843	-0.013343217197924362	0.3157894736842105	1.105263157894737	0.2857142857142857	0.057874762808349134	2.23	0.05555555555555558				0	Unknown	Unknown	Normal	3.45	0.16678455846673704	9.0	1.4	2.2750000000000004	0.040253018976423235	1.0	-0.75	0.042379075100639485	0.12465256733704082	0.3923185641476308	0.44064979341468896	0.8769287256727287	0.19642182270922315	0.21594541271474954	0.3445035197497358	0.24312924482629153	0.32778506129422064	0.0	0.0	0.0	-1.005323582802017	-0.8321384564687361	-0.17318512633328098	0.0	0.0	0.4	0.25	0.0	0.5	-0.09999999999999998	-0.75	10.0	2.0	8.0	3.0	0.0
2026-02-05	19:00	Ajax	PSV Eindhoven	2	2	D	1	1	D	13	7	4	2	7	14	6	4	1	2	0	0	2.45	4.2	2.45	2.5	4.0	2.45													2.5	4.2	2.5	2.44	3.94	2.41	1.36	3.1			1.36	3.4	1.31	3.18	0.0	1.93	1.88			1.93	1.88	1.87	1.83	2.38	4.2	2.55	2.37	4.0	2.55													2.45	4.3	2.62	2.36	4.0	2.5	1.33	3.4			1.36	3.4	1.33	3.08	0.0	1.83	1.98			1.85	1.98	1.79	1.91	eredivisie																											2.4	4.0	2.38	2.48	3.9	2.43	2.5	4.0	2.38				2.45	4.0	2.45	2.4	4.0	2.38	2.38	4.0	2.48	2.45	4.1	2.55				2.37	4.0	2.5	0	0	1		0	0	1	1	1	12.0	15.0	1	1	1	2026	0	0	92.0	92.0	ajax	2.0606060606060606	68	1.0606060606060606	35	17.636363636363637	582	5.909090909090909	0.696969696969697	1.0606060606060606	0.3492063492063492	2.5806451612903225	80	1.0	31	17.806451612903224	552	6.870967741935484	0.5161290322580645	1.5161290322580645	0.32666666666666666	0.4081632653061224	0.23809523809523808	0.4081632653061224	0.3870967741935484	0.22580645161290325	0.3870967741935484	0.05442176870748283				-0.021066491112574026	-0.021066491112574026	-0.012288786482334835	0.5833333333333334	0.5833333333333334	1.0	0.057874762808349134	2.23	0.05004960864292807				0	Unknown	Unknown	Normal	3.29	0.13982217082976023	4.0	0.8	4.13	0.20877738325079095	10.0	2.6	0.043143769973195176	0.1290532412005519	0.41188999191846054	0.4159129969077924	0.9669966039847064	0.02427367456953435	0.08276954627025428	0.3259361650593558	0.5670206141008556	1.1293370036575765	0.0	0.0	0.0	-1.005323582802017	-0.8321384564687361	-0.17318512633328098	0.0	0.0	0.4	0.3	0.1	0.0	-0.6	-0.6000000000000001	12.0	15.0	-3.0	4.0	5.0
2026-02-05	17:45	Groningen	Excelsior	2	3	A	1	1	D	12	18	5	9	5	10	5	8	0	0	0	0	1.7	4.1	4.5	1.68	4.1	4.6													1.7	4.2	4.7	1.65	4.08	4.41	1.5	2.5			1.52	2.63	1.49	2.48	-0.75	1.85	1.95			1.85	1.95	1.79	1.91	1.7	4.0	4.5	1.73	4.0	4.33													1.73	4.1	4.75	1.68	3.93	4.41	1.6	2.3			1.62	2.43	1.56	2.29	-0.75	1.9	1.9			1.9	1.9	1.84	1.86	eredivisie																											1.67	4.0	4.33	1.64	4.0	4.6	1.67	4.1	4.4				1.67	4.0	4.5	1.7	3.75	4.2	1.65	4.0	4.5	1.7	4.1	4.5				1.73	3.9	4.33	0	1	0	Excelsior	0	0	1	0	3	8.0	1.0	0	0	0	2026	0	0	66.0	150.0	groningen	1.4761904761904763	31	0.9047619047619048	19	14.19047619047619	298	5.333333333333333	0.38095238095238093	0.14285714285714285	0.4375	1.2272727272727273	27	0.6818181818181818	15	9.545454545454545	210	4.090909090909091	-0.5454545454545454	-1.4545454545454546	-0.5625	0.5882352941176471	0.24390243902439027	0.2222222222222222	0.5579074690051407	0.23132748714847295	0.21076504384638645	0.05435995536425953				-0.030327825112506424	-0.011457178375835764	-0.012574951875917312	0.41463414634146345	1.0975609756097562	0.37777777777777777	0.06666666666666665	2.0	0.053361053361053346				0	Unknown	Unknown	Normal	4.090000000000001	0.10292457631946035	3.0	0.8	2.4200000000000004	0.06562672597427732	3.0	-2.2	0.030662957838389744	0.09393153028219939	0.32994690563485796	0.5454586062445529	1.035403380328108	0.20805067476628336	0.204155771550792	0.32106145042620604	0.2667321032567186	0.27485588793690424	0.0	0.0	0.0	-1.005323582802017	-0.8321384564687361	-0.17318512633328098	0.0	0.0	0.3	0.0	0.2	0.4	-0.3	-0.8	8.0	1.0	7.0	2.0	0.0
2026-02-05	15:30	Utrecht	NAC Breda	2	0	H	0	0	D	28	9	11	1	12	13	8	4	0	2	0	1	1.8	3.9	4.1	1.77	3.9	4.2													1.8	4.0	4.2	1.75	3.85	3.96	1.62	2.25			1.62	2.25	1.6	2.21	-0.75	2.0	1.8			2.0	1.8	1.95	1.75	1.7	4.1	4.5	1.72	4.0	4.5													1.73	4.1	4.6	1.68	3.9	4.42	1.6	2.3			1.67	2.3	1.62	2.19	-0.75	1.88	1.93			1.9	1.93	1.84	1.87	eredivisie																											1.73	3.75	4.0										1.75	3.9	4.2	1.73	3.75	4.0	1.67	3.9	4.6	1.7	4.1	4.6				1.7	3.9	4.4	1	0	0	Utrecht	0	0	1	3	0	10.0	0.0	1	0	0	2026	3	0	33.0	123.0	utrecht	1.6774193548387097	52	0.5161290322580645	16	14.741935483870968	457	5.483870967741935	0.12903225806451613	0.6451612903225806	-7.93016446160826e-18	0.46153846153846156	6	0.23076923076923078	3	10.846153846153847	141	3.769230769230769	-0.6923076923076923	-1.3846153846153846	-0.6666666666666666	0.5555555555555556	0.25641025641025644	0.24390243902439027	0.5261599210266535	0.24284304047384012	0.23099703849950645	0.055868250990202206				-0.029395634528902037	-0.012905400524883814	-0.013567215936416327	0.46153846153846156	1.0512820512820513	0.4390243902439025	0.061728395061728225	1.935	0.05555555555555558				0	Unknown	Unknown	Normal	3.1399999999999997	0.11929449890669186	8.0	1.2	2.41	0.01652892561983471	0.0	-2.0	0.05668225901901147	0.15014825267984216	0.412590179482788	0.38057930881835844	0.8356625794410188	0.1817387571006101	0.23700435256566638	0.3380566550937185	0.24320023524000495	0.5537983398564272	1.5	0.0	1.5	0.16931765605086604	-0.8321384564687361	1.0014561125196022	2.0	0.0	0.6	0.1	0.2	0.6	0.19999999999999996	-0.7000000000000001	10.0	0.0	10.0	3.0	0.0
2026-03-05	15:45	Sparta Rotterdam	Go Ahead Eagles	2	2	D	1	0	H	24	16	3	5	11	10	6	8	1	5	0	1	2.05	3.9	3.2	2.05	3.7	3.3													2.05	3.9	3.4	2.01	3.7	3.2	1.57	2.35			1.57	2.55	1.52	2.4	-0.25	1.8	2.0			1.8	2.0	1.77	1.94	2.1	3.9	3.1	2.1	3.8	3.2													2.1	4.0	3.3	2.03	3.76	3.18	1.48	2.6			1.5	2.8	1.47	2.54	-0.25	1.83	1.98			1.83	2.0	1.76	1.96	eredivisie																											2.0	3.75	3.1	1.94	3.75	3.4	2.05	3.75	3.2	2.05	3.7	3.3	2.05	3.7	3.3	2.0	3.75	3.1	2.0	3.7	3.3	2.05	4.0	3.2	2.1	3.8	3.2	2.1	3.8	3.1	0	0	1		1	0	0	1	1	10.0	9.0	1	0	0	2026	0	4	91.0	61.0	sparta_rotterdam	1.3571428571428572	38	0.5	14	14.857142857142858	416	5.107142857142857	0.10714285714285714	0.0	0.2156862745098039	1.2142857142857142	34	0.5714285714285714	16	11.821428571428571	331	3.7142857142857144	-0.07142857142857142	-0.25	-0.25	0.48780487804878053	0.25641025641025644	0.3125	0.46162382097281307	0.2426484187164787	0.29572776031070835	0.056715134459036864				-0.026181057075967462	-0.016772239689291646	-0.013761837693777756	0.5256410256410257	0.8205128205128206	0.6406249999999999	0.06247459005285272	1.96	0.05555555555555558				0	Unknown	Unknown	Normal	2.8600000000000003	0.1318750676866142	6.0	0.6	2.5300000000000002	0.11365221079041388	3.0	0.8	0.07928782584525715	0.17735706571129722	0.4155315926637984	0.32782351577964725	1.0334856672729889	0.12905685503974001	0.21400366121879819	0.38773557815687437	0.26920390558458746	0.49809958298715323	0.0	1.3333333333333333	-1.3333333333333333	-1.005323582802017	0.7777503220590148	-1.7830739048610318	0.0	1.0	0.5	0.2	0.4	0.1	-0.4	-0.39999999999999997	10.0	9.0	1.0	3.0	2.0
2026-03-05	11:15	Volendam	Heerenveen	0	2	A	0	1	A	15	11	5	4	8	14	7	5	3	3	0	0	3.25	4.0	2.0	3.25	3.8	2.05													3.3	4.0	2.05	3.17	3.85	1.99	1.48	2.6			1.48	2.75	1.44	2.61	0.5	1.8	2.0			1.8	2.0	1.77	1.94	3.0	3.9	2.15	3.1	3.75	2.1													3.15	3.9	2.15	3.04	3.72	2.07	1.5	2.5			1.5	2.7	1.46	2.56	0.25	1.9	1.9			1.9	1.9	1.87	1.83	eredivisie																											3.1	4.0	1.95	3.3	3.75	1.98	3.2	3.9	2.0	3.25	3.8	2.05	3.25	3.8	2.05				3.15	3.75	2.04							3.1	3.7	2.1	0	1	0	Heerenveen	0	1	0	0	3	7.0	3.0	0	0	1	2026	4	0	61.0	91.0	volendam	1.1818181818181819	26	0.36363636363636365	8	12.590909090909092	277	4.045454545454546	-0.45454545454545453	-1.2272727272727273	-0.16666666666666666	1.1666666666666667	35	0.4666666666666667	14	11.866666666666667	356	3.8666666666666667	-0.26666666666666666	-0.7666666666666667	0.13333333333333333	0.3076923076923077	0.25	0.5	0.2909090909090909	0.23636363636363636	0.4727272727272727	0.05769230769230771				-0.016783216783216814	-0.027272727272727282	-0.013636363636363641	0.8125	0.5	1.625	0.06029106029106024	2.04	0.05555555555555558				0	Unknown	Unknown	Normal	2.7	0.147820586025122	6.0	-0.6	2.7600000000000002	0.16396309372744972	6.0	-1.0	0.08609512773253261	0.18802450267717535	0.4305163689758329	0.29536400061445917	0.6165909840457314	0.1461884950330281	0.17997646083770275	0.3454427769550426	0.32839226717422654	0.4740801568486683	1.3333333333333333	0.0	1.3333333333333333	0.5608647356684938	-0.8321384564687361	1.39300319213723	1.0	0.0	0.1	0.0	0.1	0.3	-0.6	-0.9	7.0	3.0	4.0	2.0	1.0
2026-03-05	13:30	For Sittard	Feyenoord	1	2	A	0	0	D	7	19	3	7	16	13	1	8	2	3	1	0	5.75	5.0	1.48	5.5	4.6	1.53													6.25	5.0	1.53	5.56	4.57	1.47	1.5	2.5			1.5	2.65	1.48	2.51	1.25	1.8	2.0			1.8	2.0	1.76	1.95	4.5	4.5	1.62	4.75	4.33	1.63													5.0	4.5	1.63	4.79	4.22	1.58	1.53	2.4			1.53	2.63	1.5	2.43	1.0	1.78	2.03			1.78	2.03	1.76	1.94	eredivisie																											5.5	4.5	1.44	5.3	4.5	1.5	6.0	4.75	1.45	5.5	4.6	1.53	5.25	4.6	1.53				5.0	4.25	1.56							4.6	4.2	1.61	0	1	0	Feyenoord	0	0	1	0	3	6.0	6.0	0	1	0	2026	0	0	91.0	61.0	for_sittard	1.4285714285714286	50	0.6857142857142857	24	13.8	483	4.457142857142857	0.4	0.02857142857142857	0.574074074074074	2.0	60	1.0333333333333334	31	15.3	459	6.233333333333333	0.3333333333333333	0.8333333333333334	0.14814814814814814	0.17391304347826086	0.2	0.6756756756756757	0.1656963725929243	0.19055082848186297	0.6437527989252126	0.04958871915393659				-0.008216670885336563	-0.031922876750463014	-0.00944917151813704	1.15	0.296	3.885135135135135	0.06666666666666665	2.0	0.05555555555555558				0	Unknown	Unknown	Normal	2.18	0.05940594059405942	1.0	-0.8	2.5100000000000002	0.06029706506048201	2.0	-0.6	0.13644345189219897	0.24766240208944384	0.4245322100232983	0.19136193599505893	0.6265958684696907	0.15286667387585776	0.23169017366275094	0.34344934207820815	0.27199381038318327	0.683152856029648	0.0	0.0	0.0	-1.005323582802017	-0.8321384564687361	-0.17318512633328098	0.0	-5.0	0.4	0.2	0.3	0.2	-0.4	-0.49999999999999994	6.0	6.0	0.0	2.0	2.0
2026-03-05	13:30	Zwolle	Heracles	1	0	H	1	0	H	9	14	5	3	18	18	3	3	2	4	0	1	1.48	5.0	5.5	1.49	4.6	6.0													1.49	5.0	6.1	1.44	4.68	5.81	1.44	2.7			1.48	2.75	1.43	2.63	-1.25	1.98	1.83			1.98	1.83	1.92	1.79	1.55	4.75	5.0	1.52	4.6	5.5													1.55	4.75	5.8	1.48	4.58	5.46	1.48	2.6			1.48	2.7	1.45	2.58	-1.0	1.85	1.95			1.85	1.95	1.78	1.93	eredivisie																											1.44	4.5	6.0	1.42	4.8	6.1	1.44	4.75	6.0				1.48	4.6	5.75				1.45	4.7	5.8							1.5	4.6	5.5	1	0	0	Zwolle	1	0	0	3	0	5.0	7.0	1	0	0	2026	1	0	61.0	148.0	zwolle	1.2105263157894737	23	0.5263157894736842	10	13.263157894736842	252	4.526315789473684	0.05263157894736842	-0.05263157894736842	0.2166666666666667	0.6	15	0.32	8	8.88	222	2.64	-0.52	-1.72	-0.6	0.6756756756756757	0.2	0.18181818181818182	0.6389405204460966	0.18912639405204462	0.17193308550185873	0.05749385749385749				-0.03673515522957904	-0.009885096316323089	-0.01087360594795539	0.296	1.1	0.2690909090909091	0.06481481481481488	2.0700000000000003	0.0514985924821989				0	Unknown	Unknown	Normal	2.1999999999999997	0.03764768707028903	1.0	-0.2	2.07	0.06444868089293401	4.0	-0.6	0.1636388741256795	0.2660548289455774	0.3714471126747131	0.19885918425403007	0.9602655652350354	0.2166314423246752	0.23688498006839415	0.34552034666570297	0.2009632309412277	0.6937450007864825	0.5	0.0	0.5	-0.6137765031843894	-0.8321384564687361	0.2183619532843467	0.0	0.0	0.3	0.2	0.4	0.6	-0.10000000000000003	-0.39999999999999997	5.0	7.0	-2.0	1.0	2.0
2026-03-05	15:45	AZ Alkmaar	Twente	2	2	D	1	1	D	18	9	4	2	9	14	4	3	0	0	0	0	2.7	4.0	2.3	2.6	3.9	2.4													2.7	4.0	2.4	2.59	3.8	2.33	1.44	2.7			1.44	2.75	1.41	2.7	0.0	2.05	1.75			2.05	1.8	1.97	1.74	2.25	4.0	2.75	2.3	3.8	2.75													2.6	4.0	2.84	2.26	3.77	2.72	1.44	2.7			1.45	2.88	1.42	2.67	-0.25	2.0	1.8			2.0	1.8	1.92	1.78	eredivisie																											2.6	3.75	2.3	2.55	3.75	2.38	2.63	3.9	2.3	2.6	3.9	2.4	2.6	3.8	2.4	2.6	3.75	2.3	2.28	3.75	2.7	2.25	4.0	2.8	2.3	3.8	2.75	2.3	3.75	2.7	0	0	1		0	0	1	1	1	10.0	6.0	1	0	1	2026	0	0	120.0	148.0	az_alkmaar	1.8666666666666667	56	0.9666666666666667	29	17.266666666666666	518	6.3	0.4666666666666667	0.9333333333333333	0.3083333333333333	1.6774193548387097	52	0.8387096774193549	26	13.387096774193548	415	4.354838709677419	0.25806451612903225	0.4838709677419355	0.15789473684210525	0.37037037037037035	0.25	0.4347826086956522	0.3510110644792064	0.23693246852346433	0.4120564669973293	0.05515297906602257				-0.01935930589116397	-0.022726141698322933	-0.013067531476535665	0.675	0.575	1.173913043478261	0.06481481481481488	2.0700000000000003	0.059233449477351874				0	Unknown	Unknown	Normal	3.7299999999999995	0.18866494473426895	8.0	0.8	2.7699999999999996	0.13917076307391169	4.0	0.2	0.054564358884261574	0.13038129480662303	0.34166876571318705	0.47338558059592833	0.6557944813247902	0.08560966590656785	0.18806517180915505	0.41985071798997115	0.30647444429430604	0.9530184074691007	0.0	0.0	0.0	-1.005323582802017	-0.8321384564687361	-0.17318512633328098	0.0	0.0	0.3	0.2	0.1	0.1	-0.6000000000000001	-0.7	10.0	6.0	4.0	3.0	1.0
2026-04-04	15:30	PSV Eindhoven	Utrecht	4	3	H	1	2	A	19	12	8	7	6	10	8	3	0	1	0	0	1.5	4.75	5.5	1.51	4.75	5.5													1.52	4.75	6.4	1.48	4.38	5.72	1.44	2.7			1.45	2.75	1.41	2.7	-1.25	2.03	1.78			2.03	1.8	1.99	1.74	1.45	5.0	5.75	1.47	5.0	6.0													1.47	5.25	6.4	1.43	4.82	5.95	1.33	3.4			1.35	3.4	1.32	3.17	-1.25	1.9	1.9			1.9	1.9	1.84	1.86	eredivisie							1.56	4.8	6.4	1.46	2.92	2.1	1.81							1.47	5.3	7.6	1.36	3.65	1.9	2.04	1.44	4.5	5.5	1.47	4.25	6.25	1.5	4.5	5.5							1.4	4.6	6.0	1.42	4.5	6.4	1.44	5.25	6.0							1	0	0	PSV Eindhoven	0	1	0	3	0	13.0	8.0	1	0	0	2026	3	1	92.0	92.0	psv_eindhoven	3.2962962962962963	89	1.6296296296296295	44	20.296296296296298	548	8.25925925925926	1.1851851851851851	2.4444444444444446	0.8927536231884057	1.9285714285714286	54	0.6785714285714286	19	12.964285714285714	363	4.535714285714286	0.03571428571428571	0.42857142857142855	0.17592592592592593	0.6666666666666666	0.21052631578947367	0.18181818181818182	0.6295180722891567	0.19879518072289157	0.17168674698795183	0.05901116427432207				-0.03714859437750995	-0.01013143483022999	-0.011731135066582105	0.3157894736842105	1.1578947368421053	0.2727272727272727	0.06481481481481488	2.0700000000000003	0.054408590247412514				0	Unknown	Unknown	Normal	5.76	0.16421304971367112	10.0	2.8	2.3	0.12215794771804353	3.0	0.0	0.013253843057135617	0.047737128859073594	0.20950930425661057	0.7294997238271802	0.757528161117708	0.15230308589225608	0.22498025896005075	0.39491950399209463	0.2277971511555986	0.6946274622796883	1.5	0.5	1.0	0.16931765605086604	-0.42966626183679835	0.5989839178876644	3.0	0.0	0.2	0.0	0.0	0.1	-0.7	-1.0	13.0	8.0	5.0	4.0	2.0
2026-04-04	17:45	AZ Alkmaar	For Sittard	2	0	H	2	0	H	15	9	6	4	11	14	10	6	0	3	0	0	1.33	5.25	9.0	1.37	5.25	7.5													1.37	5.6	9.0	1.31	5.32	7.92	1.4	2.88			1.44	2.9	1.39	2.8	-1.5	1.88	1.93			1.88	1.93	1.82	1.87	1.3	5.5	9.5	1.32	5.75	8.25													1.32	6.25	10.0	1.28	5.64	8.87	1.4	2.88			1.4	3.1	1.36	2.92	-1.5	1.8	2.0			1.8	2.06	1.73	1.98	eredivisie							1.36	5.8	9.2	1.39	3.05	1.92	1.99							1.35	5.8	10.0	1.43	3.2	1.9	2.06	1.33	5.0	7.5	1.28	5.6	8.5	1.3	5.5	8.5							1.25	5.5	8.5	1.23	6.25	10.0	1.29	6.0	9.5							1	0	0	AZ Alkmaar	1	0	0	3	0	10.0	5.0	1	0	0	2026	1	0	30.0	92.0	az_alkmaar	1.8666666666666667	56	0.9666666666666667	29	17.266666666666666	518	6.3	0.4666666666666667	0.9333333333333333	0.3083333333333333	1.0526315789473684	20	0.3684210526315789	7	8.842105263157896	168	3.263157894736842	-0.5263157894736842	-1.0	-0.35	0.7518796992481203	0.19047619047619047	0.1111111111111111	0.7137192704203014	0.18080888183980967	0.10547184773988898	0.053467000835421885				-0.03816042882781889	-0.005639263371222128	-0.009667308636380795	0.25333333333333335	1.7142857142857142	0.14777777777777779	0.06150793650793651	2.1399999999999997	0.05004960864292807				0	Unknown	Unknown	Normal	3.4200000000000004	0.19344837493206377	9.0	0.8	1.9200000000000004	0.20994006153483585	3.0	-0.4	0.060986460639310694	0.14824999490981283	0.3775047920555318	0.4132587523953447	0.8610436730208004	0.22964215271862393	0.2561147260942157	0.34044943503262987	0.17379368615453053	0.5300364043365678	0.5	0.0	0.5	-0.6137765031843894	-0.8321384564687361	0.2183619532843467	0.0	-1.0	0.2	0.1	0.1	0.2	-0.6000000000000001	-0.8	10.0	5.0	5.0	3.0	1.0
2026-04-04	17:45	Telstar	Groningen	0	2	A	0	1	A	14	24	3	11	12	10	5	12	1	2	0	0	2.63	3.6	2.55	2.65	3.7	2.45													2.75	3.7	2.55	2.59	3.6	2.44	1.57	2.35			1.57	2.38	1.54	2.34	0.0	1.95	1.85			1.95	1.85	1.89	1.82	2.63	3.6	2.55	2.65	3.7	2.45													2.65	3.75	2.55	2.6	3.62	2.43	1.57	2.35			1.57	2.5	1.54	2.35	0.0	1.95	1.85			1.95	1.85	1.91	1.81	eredivisie							2.7	3.85	2.52	1.6	2.52	2.01	1.88							2.78	3.8	2.6	1.62	2.56	2.04	1.94	2.6	3.6	2.38	2.7	3.4	2.43	2.55	3.7	2.45							2.6	3.6	2.38	2.6	3.6	2.4	2.6	3.75	2.5							0	1	0	Groningen	0	1	0	0	3	1.0	3.0	0	0	0	2026	0	0	448.0	91.0	telstar	1.75	7	0.5	2	12.5	50	5.25	-0.5	0.0	-0.5	0.75	15	0.35	7	11.9	238	4.3	-0.55	-1.45	-0.14285714285714285	0.3802281368821293	0.2777777777777778	0.3921568627450981	0.36206590546056916	0.26450925871147135	0.3734248358279596	0.05016277740500508				-0.01816223142156015	-0.01873202691713849	-0.013268519066306439	0.7305555555555555	0.7083333333333333	1.031372549019608	0.06247459005285272	1.96	0.053361053361053346				0	Unknown	Unknown	Normal	4.5	0.11695906432748537	2.0	0.0	3.8899999999999997	0.052153390975295685	3.0	-1.4	0.011108996538242306	0.049990484422090385	0.28119647487425836	0.657704044165409	0.3130407584295809	0.04250268111841159	0.11387943346952878	0.33574672871186495	0.5078711567001948	0.6009260137775664	0.0	0.0	0.0	-1.005323582802017	-0.8321384564687361	-0.17318512633328098	0.0	-1.0	0.0	0.1	0.0	0.4	-0.6	-0.9	1.0	3.0	-2.0	0.0	1.0
2026-04-04	20:00	Ajax	Twente	1	2	A	1	1	D	10	16	2	7	14	10	2	2	4	2	0	0	2.3	3.75	2.88	2.3	3.7	2.85													2.33	3.75	2.88	2.27	3.64	2.77	1.53	2.4			1.55	2.5	1.53	2.37	-0.25	2.0	1.8			2.0	1.8	1.95	1.77	2.3	3.9	2.8	2.3	3.7	2.8													2.32	3.9	2.8	2.27	3.7	2.77	1.44	2.7			1.5	2.88	1.46	2.56	-0.25	2.03	1.78			2.03	1.8	1.96	1.76	eredivisie							2.36	3.85	2.9	1.58	2.52	2.06	1.87							2.44	3.9	2.92	1.51	2.96	2.12	1.85	2.25	3.6	2.75	2.32	3.55	2.75	2.25	3.75	2.8							2.2	3.75	2.75	2.3	3.6	2.8	2.3	3.9	2.8	2.3	3.7	2.8	2.3	3.6	2.8	0	1	0	Twente	0	0	1	0	3	10.0	6.0	0	0	1	2026	1	1	58.0	30.0	ajax	2.0606060606060606	68	1.0606060606060606	35	17.636363636363637	582	5.909090909090909	0.696969696969697	1.0606060606060606	0.3492063492063492	1.6774193548387097	52	0.8387096774193549	26	13.387096774193548	415	4.354838709677419	0.25806451612903225	0.4838709677419355	0.15789473684210525	0.4347826086956522	0.26666666666666666	0.3472222222222222	0.4146032477254405	0.2542899919382701	0.3311067603362892	0.04867149758454126				-0.020179360970211724	-0.01611546188593299	-0.012376674728396542	0.6133333333333333	0.768	0.798611111111111	0.0702614379084967	1.9649999999999999	0.05555555555555558				0	Unknown	Unknown	Normal	3.15	0.1398221708297602	4.0	0.4	2.6100000000000003	0.16332482683193583	5.0	0.2	0.04991021852907991	0.14265039450699504	0.4226734141227958	0.38476597284112923	1.203080451264424	0.10784537884761643	0.20912743998852684	0.4050454572163436	0.2779817239475132	0.9774395431204663	0.5	0.5	0.0	-0.6137765031843894	-0.42966626183679835	-0.18411024134759102	0.0	0.0	0.4	0.2	0.1	0.1	-0.5	-0.7	10.0	6.0	4.0	3.0	1.0
2026-04-04	20:00	Excelsior	Nijmegen	0	2	A	0	1	A	8	12	4	5	8	9	2	5	0	0	0	0	3.5	4.0	1.95	3.5	3.8	1.95													3.55	4.0	1.96	3.39	3.87	1.91	1.5	2.5			1.5	2.63	1.48	2.49	0.5	1.88	1.93			1.88	1.95	1.83	1.87	3.6	3.9	1.91	3.6	3.75	1.93													3.8	4.0	1.95	3.6	3.83	1.87	1.53	2.4			1.53	2.6	1.51	2.42	0.5	1.9	1.9			1.92	1.9	1.86	1.83	eredivisie							3.75	4.0	1.99	1.53	2.72	1.94	1.99							4.0	4.1	1.95	1.59	2.66	2.03	1.95	3.25	3.75	1.91	3.55	3.9	1.87	3.4	3.9	1.93							3.5	3.75	1.83	3.8	3.95	1.79	3.6	4.0	1.93	3.6	3.75	1.95	3.6	3.75	1.91	0	1	0	Nijmegen	0	1	0	0	3	4.0	9.0	0	1	1	2026	1	0	91.0	150.0	excelsior	1.0	23	0.34782608695652173	8	13.478260869565217	310	4.521739130434782	-0.21739130434782608	-0.391304347826087	-0.018518518518518528	1.3	39	0.36666666666666664	11	12.333333333333334	370	4.666666666666667	-0.16666666666666666	0.13333333333333333	-0.04761904761904761	0.2857142857142857	0.25	0.5128205128205129	0.2724890829694323	0.23842794759825325	0.48908296943231444	0.048534798534798584				-0.013225202744853393	-0.023737543388198445	-0.011572052401746746	0.875	0.4875	1.794871794871795	0.06666666666666665	2.0	0.05004960864292807				0	Unknown	Unknown	Normal	3.78	0.09444977840979744	3.0	0.0	2.63	0.13718752404054793	5.0	0.4	0.030844739864069298	0.0998494527220206	0.361243853271288	0.5080619541426221	1.0921797871240935	0.10865184121611396	0.20244550923487745	0.403433412821155	0.2854692367278536	0.8525411558822664	0.3333333333333333	0.0	0.3333333333333333	-0.6137765031843894	-0.8321384564687361	0.2183619532843467	-1.0	0.0	0.3	0.4	0.5	0.4	-0.3	-0.09999999999999998	4.0	9.0	-5.0	1.0	3.0
2026-05-04	13:30	Volendam	Feyenoord	0	0	D	0	0	D	13	17	4	4	10	5	5	5	3	0	0	0	6.0	5.0	1.44	5.75	5.0	1.47													6.6	5.0	1.5	5.99	4.71	1.43	1.44	2.7			1.45	2.75	1.42	2.69	1.25	1.88	1.93			1.9	1.93	1.83	1.88	6.0	4.75	1.45	6.0	4.8	1.47													6.5	4.8	1.47	5.92	4.65	1.45	1.48	2.6			1.5	2.75	1.48	2.52	1.25	1.83	1.98			1.83	1.98	1.79	1.92	eredivisie							6.6	5.1	1.45	1.45	2.84	1.9	1.88							6.8	5.2	1.51	1.52	2.88	1.9	2.06	6.0	4.6	1.4	6.4	4.8	1.4	6.0	4.75	1.44							6.0	4.5	1.44	5.75	4.5	1.45	6.5	4.8	1.45							0	0	1		0	0	1	1	1	7.0	6.0	0	1	1	2026	4	3	60.0	60.0	volendam	1.1818181818181819	26	0.36363636363636365	8	12.590909090909092	277	4.045454545454546	-0.45454545454545453	-1.2272727272727273	-0.16666666666666666	2.0	60	1.0333333333333334	31	15.3	459	6.233333333333333	0.3333333333333333	0.8333333333333334	0.14814814814814814	0.16666666666666666	0.2	0.6944444444444444	0.15706806282722513	0.18848167539267016	0.6544502617801047	0.061111111111111116				-0.009598603839441527	-0.03999418266433974	-0.01151832460732985	1.2	0.288	4.166666666666667	0.06481481481481488	2.0700000000000003	0.05004960864292807				0	Unknown	Unknown	Normal	3.05	0.12312922800043062	4.0	-0.2	3.13	0.05926145145942339	2.0	-0.6	0.049223937269191054	0.14628868972326572	0.4405333920554386	0.3639539809521046	0.8391966385977575	0.0981470770199157	0.17129290139272088	0.33986645598148	0.3906935656058834	0.8272117162098731	1.0	0.75	0.25	0.5608647356684938	0.37527812742707706	0.18558660824141676	-1.0	-4.0	0.1	0.2	0.2	0.2	-0.7000000000000001	-0.6000000000000001	7.0	6.0	1.0	2.0	2.0
2026-05-04	13:30	Heerenveen	Heracles	4	1	H	2	1	H	24	7	14	4	12	10	8	1	0	1	0	0	1.48	5.0	5.5	1.52	4.6	5.5													1.52	5.0	6.1	1.46	4.63	5.63	1.44	2.7			1.44	2.8	1.41	2.72	-1.25	2.0	1.8			2.0	1.83	1.94	1.77	1.48	5.25	5.25	1.49	5.0	5.5													1.49	5.25	6.5	1.43	4.91	5.91	1.4	2.88			1.4	3.2	1.37	2.89	-1.25	1.95	1.85			1.95	1.9	1.87	1.83	eredivisie							1.51	5.0	6.0	1.45	2.8	2.0	1.82							1.48	5.3	7.2	1.42	3.25	1.99	1.96	1.44	4.5	5.5	1.44	4.6	6.1	1.45	4.75	6.0							1.4	4.6	6.0	1.38	5.1	6.5	1.44	5.0	6.5							1	0	0	Heerenveen	1	0	0	3	0	6.0	6.0	0	0	0	2026	1	0	122.0	60.0	heerenveen	1.7692307692307692	46	1.0384615384615385	27	15.384615384615385	400	5.5	0.19230769230769232	0.34615384615384615	0.03571428571428571	0.6	15	0.32	8	8.88	222	2.64	-0.52	-1.72	-0.6	0.6756756756756757	0.2	0.18181818181818182	0.6389405204460966	0.18912639405204462	0.17193308550185873	0.05749385749385749				-0.03673515522957904	-0.009885096316323089	-0.01087360594795539	0.296	1.1	0.2690909090909091	0.06481481481481488	2.0700000000000003	0.05555555555555558				0	Unknown	Unknown	Normal	3.41	0.06961265758931942	5.0	-0.2	2.29	0.06444868089293401	2.0	-0.8	0.044885122257576925	0.12733394877036536	0.39159579736042627	0.4361851316116315	1.1165224572765962	0.18204210749537103	0.20917396707869496	0.3711120682416171	0.23767185718431696	0.7125897905940626	0.5	0.0	0.5	-0.6137765031843894	-0.8321384564687361	0.2183619532843467	0.0	-1.0	0.0	0.2	0.1	0.6	-0.4	-0.7	6.0	6.0	0.0	1.0	2.0
2026-05-04	11:15	Go Ahead Eagles	Zwolle	5	0	H	3	0	H	15	16	12	1	9	16	5	8	0	1	0	0	1.95	3.9	3.5	2.0	3.8	3.4													2.0	3.9	3.6	1.93	3.74	3.41	1.57	2.35			1.57	2.55	1.53	2.38	-0.5	1.95	1.85			1.95	1.85	1.89	1.8	1.8	4.1	3.9	1.83	3.9	3.8													1.85	4.1	4.0	1.81	3.84	3.84	1.5	2.5			1.53	2.63	1.49	2.47	-0.5	1.78	2.03			1.83	2.03	1.77	1.94	eredivisie							2.02	3.95	3.55	1.6	2.52	2.02	1.9							1.92	4.0	4.2	1.57	2.72	1.93	2.06	1.91	3.75	3.3	1.86	3.9	3.55	1.95	3.8	3.4							1.8	3.75	3.75	1.81	3.8	3.85	1.8	4.1	4.0							1	0	0	Go Ahead Eagles	1	0	0	3	0	6.0	4.0	0	0	3	2026	0	0	235.0	244.0	go_ahead_eagles	1.7096774193548387	53	0.7741935483870968	24	15.096774193548388	468	6.193548387096774	-0.0967741935483871	0.12903225806451613	0.15789473684210525	1.25	30	0.4166666666666667	10	9.666666666666666	232	3.7916666666666665	-0.5	-1.1666666666666667	-0.4230769230769231	0.5128205128205129	0.25641025641025644	0.2857142857142857	0.48611111111111105	0.24305555555555552	0.27083333333333326	0.054945054945055194				-0.026709401709401837	-0.014880952380952439	-0.013354700854700918	0.5	0.8974358974358975	0.5571428571428572	0.06247459005285272	1.96	0.053361053361053346				0	Unknown	Unknown	Normal	2.28	0.14863948197281532	5.0	-0.4	2.52	0.16991252936711798	3.0	-2.2	0.12310127820336673	0.23687692302036378	0.4312918871651056	0.20872991161116383	0.5202198038389413	0.08609464406362924	0.20553492794624356	0.4588421635605614	0.24952826442956583	0.5412876928853178	0.0	0.0	0.0	-1.005323582802017	-0.8321384564687361	-0.17318512633328098	0.0	0.0	0.0	0.1	0.4	0.3	-0.7	-0.5	6.0	4.0	2.0	1.0	1.0
2026-05-04	15:45	NAC Breda	Sparta Rotterdam	0	0	D	0	0	D	12	6	4	3	12	19	11	3	1	3	0	0	2.5	3.4	2.8	2.45	3.5	2.75													2.5	3.5	2.88	2.4	3.38	2.74	1.8	2.0			1.8	2.0	1.78	1.95	0.0	1.8	2.0			1.8	2.0	1.75	1.97	2.2	3.5	3.2	2.2	3.5	3.1													2.25	3.6	3.2	2.18	3.47	3.07	1.7	2.1			1.73	2.2	1.69	2.08	-0.25	1.9	1.9			1.9	1.9	1.87	1.84	eredivisie							2.56	3.45	2.84	1.83	2.04	1.86	2.04							2.3	3.65	3.35	1.77	2.24	1.98	1.99	2.38	3.4	2.63	2.35	3.35	2.85	2.45	3.4	2.7							2.15	3.5	3.0	2.16	3.5	3.1	2.2	3.6	3.13							0	0	1		0	0	1	1	1	2.0	4.0	0	0	1	2026	0	0	151.0	184.0	nac_breda	1.0833333333333333	13	0.4166666666666667	5	14.0	168	4.333333333333333	-0.5833333333333334	-0.5	-0.5	1.2758620689655173	37	0.4482758620689655	13	11.379310344827585	330	4.137931034482759	-0.2413793103448276	-0.1724137931034483	-0.2	0.4	0.29411764705882354	0.35714285714285715	0.38049560351718625	0.2797761790567546	0.33972821742605913	0.05126050420168071				-0.01950439648281377	-0.01741463971679802	-0.014341468002068924	0.7352941176470589	0.8235294117647058	0.8928571428571429	0.05555555555555558	1.9	0.05555555555555558				0	Unknown	Unknown	Normal	3.0700000000000003	0.08576027317997828	4.0	-1.0	3.6099999999999994	0.07390513034822171	5.0	-1.2	0.06434961345492046	0.16197991449670074	0.41121406575883535	0.3624564062895435	0.7029740644438343	0.06776542707747832	0.14777714362777988	0.33969864449222553	0.44475878480251635	0.6028043279178075	0.0	0.0	0.0	-1.005323582802017	-0.8321384564687361	-0.17318512633328098	0.0	0.0	0.25	0.2	0.125	0.4	-0.35	-0.675	2.0	4.0	-2.0	0.0	1.0
2026-06-02	19:00	NAC Breda	Excelsior	0	2	A	0	2	A	15	9	6	6	6	15	8	3	2	2	1	0	1.83	3.7	4.2	1.85	3.6	4.1													1.87	3.75	4.2	1.81	3.59	4.14	1.8	2.0			1.83	2.0	1.79	1.92	-0.5	1.8	2.0			1.85	2.0	1.78	1.93	1.85	3.6	4.1	1.9	3.5	4.0													1.9	3.7	4.35	1.85	3.54	4.11	1.9	1.9			1.9	1.93	1.84	1.87	-0.5	1.83	1.98			1.85	1.98	1.81	1.9	eredivisie							1.9	3.85	4.5	1.92	2.04	1.9	2.08							1.94	3.8	4.4	1.95	2.02	1.94	2.04	1.8	3.6	4.0	1.83	3.5	4.2	1.8	3.6	4.2							1.9	3.4	4.0	1.79	3.55	4.35	1.83	3.7	4.33							0	1	0	Excelsior	0	1	0	0	3	3.0	4.0	0	0	0	2026	1	3	29.0	117.0	nac_breda	1.0833333333333333	13	0.4166666666666667	5	14.0	168	4.333333333333333	-0.5833333333333334	-0.5	-0.5	1.2272727272727273	27	0.6818181818181818	15	9.545454545454545	210	4.090909090909091	-0.5454545454545454	-1.4545454545454546	-0.5625	0.5464480874316939	0.27027027027027023	0.23809523809523808	0.5180518051805181	0.25622562256225623	0.22572257225722572	0.05481359579720224				-0.028396282251175853	-0.012372665838012359	-0.014044647708014002	0.4945945945945946	1.135135135135135	0.4357142857142857	0.05555555555555558	1.9	0.05555555555555558				0	Unknown	Unknown	Normal	3.0900000000000003	0.06774225516196027	3.0	-0.8	2.97	0.0740845392203042	4.0	-1.8	0.06278732937300749	0.15955967585620495	0.4108816907316787	0.36677130403910885	0.937629640322827	0.18730672487962702	0.1624149567111267	0.27409871266771846	0.3761796057415278	0.3875228433090629	0.5	1.5	-1.0	-0.6137765031843894	0.37527812742707706	-0.9890546306114665	0.0	1.0	0.3333333333333333	0.0	0.2222222222222222	0.3	-0.36666666666666664	-0.7777777777777778	3.0	4.0	-1.0	0.0	1.0
2026-06-03	19:00	Heracles	Utrecht	0	0	D	0	0	D	10	16	3	3	13	17	4	12	1	1	0	0	3.0	3.6	2.2	3.1	3.5	2.2													3.1	3.6	2.22	3.05	3.43	2.18	1.83	1.98			1.86	2.0	1.8	1.92	0.25	1.9	1.9			1.9	1.91	1.86	1.88	3.1	3.5	2.15	3.2	3.5	2.15													3.3	3.5	2.18	3.19	3.42	2.15	1.85	1.95			1.94	2.0	1.84	1.89	0.25	1.95	1.85			1.95	1.9	1.9	1.84	eredivisie							3.4	3.6	2.3	1.9	2.06	1.99	1.96							3.45	3.6	2.26	1.93	2.04	2.02	1.96	3.0	3.5	2.15	3.1	3.4	2.18	3.1	3.4	2.2							3.1	3.4	2.15	3.25	3.4	2.14	3.3	3.5	2.15	3.2	3.5	2.15	3.2	3.5	2.15	0	0	1		0	0	1	1	1	8.0	7.0	0	0	0	2026	3	1	152.0	60.0	heracles	2.1052631578947367	40	0.7894736842105263	15	14.842105263157896	282	5.368421052631579	-0.3157894736842105	0.21052631578947367	-0.1987179487179487	1.9285714285714286	54	0.6785714285714286	19	12.964285714285714	363	4.535714285714286	0.03571428571428571	0.42857142857142855	0.17592592592592593	0.3333333333333333	0.2777777777777778	0.45454545454545453	0.31279620853080564	0.2606635071090047	0.42654028436018954	0.06565656565656575				-0.020537124802527673	-0.028005170185264994	-0.01711427066877308	0.8333333333333333	0.6111111111111112	1.3636363636363635	0.0514985924821989	1.905	0.05263157894736836				0	Unknown	Unknown	Normal	3.38	0.1202960881115446	7.0	0.0	2.54	0.14337593025130652	6.0	-0.2	0.053753407517040455	0.13943760673567357	0.3842050704775605	0.42260391526972557	0.6680759986472626	0.14024259434813305	0.2016699255838506	0.3775761132865969	0.2805113667814195	0.6156916000796853	1.5	0.3333333333333333	1.1666666666666667	0.16931765605086604	-0.42966626183679835	0.5989839178876644	1.0	-1.0	0.0	0.0	0.1	0.1	-0.9	-0.9	8.0	7.0	1.0	2.0	2.0
2026-07-02	17:45	Zwolle	Volendam	1	2	A	1	1	D	14	15	4	7	18	10	6	5	3	0	0	0	1.7	3.7	5.25	1.7	4.0	4.6													1.7	4.0	5.25	1.68	3.8	4.78	1.65	2.2			1.65	2.25	1.61	2.2	-0.75	1.85	1.95			1.9	1.96	1.83	1.91	1.57	3.9	6.25	1.62	4.1	5.25													1.62	4.33	6.25	1.59	3.96	5.49	1.6	2.3			1.63	2.32	1.59	2.24	-1.0	1.95	1.85			2.0	1.85	1.94	1.8	eredivisie							1.7	4.1	5.5	1.69	2.26	1.87	2.07							1.65	4.2	6.0	1.7	2.4	2.07	1.89	1.67	4.0	4.5	1.65	3.7	5.2	1.67	4.0	4.6							1.6	4.0	5.0	1.56	3.9	5.8	1.57	4.33	5.5							0	1	0	Volendam	0	0	1	0	3	8.0	1.0	0	0	1	2026	4	0	119.0	297.0	zwolle	1.2105263157894737	23	0.5263157894736842	10	13.263157894736842	252	4.526315789473684	0.05263157894736842	-0.05263157894736842	0.2166666666666667	0.9583333333333334	23	0.5	12	9.166666666666666	220	3.4166666666666665	-0.875	-1.375	-0.7	0.5882352941176471	0.27027027027027023	0.19047619047619047	0.5607678983833718	0.2576501154734411	0.18158198614318705	0.04898175486410783				-0.027467395734275257	-0.00889420433300342	-0.012620154796829153	0.45945945945945943	1.4189189189189189	0.3238095238095238	0.06060606060606055	1.925	0.053361053361053346				0	Unknown	Unknown	Normal	2.4099999999999997	0.059625709048311014	2.0	0.2	1.6599999999999997	0.12676747874433508	2.0	-2.4	0.13738981313883436	0.23889308610931534	0.3856372332112209	0.23807986754062943	1.0925535834130986	0.227056051498228	0.30999673812595935	0.35354697217526354	0.10940023820054914	0.2266825234441959	1.3333333333333333	0.0	1.3333333333333333	0.5608647356684938	-0.8321384564687361	1.39300319213723	1.0	0.0	0.4	0.0	0.4	0.3	-0.29999999999999993	-0.6	8.0	1.0	7.0	2.0	0.0
2026-07-02	20:00	For Sittard	Sparta Rotterdam	2	2	D	1	0	H	11	16	3	5	13	10	3	13	3	1	0	0	2.88	3.5	2.35	2.8	3.5	2.4													2.9	3.5	2.54	2.79	3.32	2.43	1.75	2.05			1.8	2.05	1.73	2.01	0.0	2.1	1.7			2.1	1.83	2.01	1.73	3.0	3.4	2.25	3.0	3.5	2.3													3.0	3.7	2.35	2.95	3.41	2.28	1.7	2.1			1.8	2.1	1.7	2.04	0.25	1.85	1.95			1.85	2.04	1.79	1.95	eredivisie							3.0	3.4	2.62	1.81	2.1	2.13	1.84							3.1	3.6	2.44	1.8	2.22	1.86	2.11	2.75	3.3	2.4	2.7	3.4	2.45	2.75	3.5	2.38							2.88	3.4	2.25	2.9	3.3	2.35	3.0	3.7	2.25							0	0	1		1	0	0	1	1	3.0	5.0	0	0	1	2026	0	1	119.0	59.0	for_sittard	1.4285714285714286	50	0.6857142857142857	24	13.8	483	4.457142857142857	0.4	0.02857142857142857	0.574074074074074	1.2758620689655173	37	0.4482758620689655	13	11.379310344827585	330	4.137931034482759	-0.2413793103448276	-0.1724137931034483	-0.2	0.3472222222222222	0.2857142857142857	0.425531914893617	0.32804211701830654	0.26993179914649224	0.4020260838352012	0.05846842283012488				-0.019180105203915665	-0.023505831058415805	-0.015782486567793463	0.8228571428571428	0.6714285714285715	1.225531914893617	0.059233449477351874	1.9	0.06442577030812324				0	Unknown	Unknown	Normal	1.9799999999999998	0.047970994282526845	2.0	-1.4	3.31	0.07390513034822171	4.0	-0.6	0.1584126683409465	0.27332295863341055	0.41613236815564064	0.15213200487000247	0.6108031727728077	0.09760498342822112	0.18415677354639343	0.33357525839449365	0.3846629846308918	0.639148555524401	0.0	0.5	-0.5	-1.005323582802017	-0.42966626183679835	-0.5756573209652187	-1.0	0.0	0.4	0.3	0.3	0.5	-0.09999999999999998	-0.39999999999999997	3.0	5.0	-2.0	1.0	1.0
2026-07-02	15:30	Nijmegen	Heracles	4	1	H	2	1	H	15	10	6	2	10	18	3	6	0	2	0	0	1.44	4.75	6.25	1.47	5.0	5.5													1.47	5.0	6.5	1.42	4.8	6.12	1.4	2.88			1.4	3.0	1.38	2.85	-1.25	1.93	1.88			1.93	1.93	1.87	1.87	1.38	4.75	8.0	1.4	5.0	7.0													1.41	5.0	8.0	1.39	4.78	7.15	1.53	2.4			1.55	2.8	1.5	2.43	-1.25	1.78	2.03			1.92	2.03	1.82	1.92	eredivisie							1.48	5.1	6.4	1.44	3.05	1.94	1.95							1.43	5.2	8.0	1.6	2.62	1.9	2.05	1.4	4.6	6.5	1.41	4.75	6.5	1.4	5.0	6.5							1.4	4.6	7.0	1.41	4.7	7.0	1.4	5.0	7.5							1	0	0	Nijmegen	1	0	0	3	0	10.0	6.0	1	0	0	2026	1	0	147.0	59.0	nijmegen	1.896551724137931	55	0.4827586206896552	14	14.758620689655173	428	5.620689655172414	-0.1724137931034483	0.3793103448275862	-0.2427536231884058	0.6	15	0.32	8	8.88	222	2.64	-0.52	-1.72	-0.6	0.6944444444444444	0.21052631578947367	0.16	0.6520784141452969	0.19768271923562683	0.1502388666190764	0.06497076023391801				-0.04236603029914754	-0.009761133380923603	-0.012843596553846842	0.30315789473684207	1.3157894736842106	0.2304	0.06150793650793651	2.1399999999999997	0.05004960864292807				0	Unknown	Unknown	Normal	3.6599999999999993	0.166784558466737	5.0	1.4	2.6100000000000003	0.09261769497744106	1.0	-1.2	0.038453039292946314	0.1131305549307238	0.367226175417999	0.481190230358331	0.8027588744784534	0.08522726120344072	0.19995260097368397	0.4452271749279258	0.2695929628949495	0.6821451560842866	0.5	0.0	0.5	-0.6137765031843894	-0.8321384564687361	0.2183619532843467	0.0	-4.0	0.3	0.1	0.0	0.5	-0.2	-0.9	10.0	6.0	4.0	3.0	2.0
2026-07-02	19:00	Twente	Heerenveen	5	0	H	2	0	H	29	7	14	0	8	10	7	0	1	3	0	0	1.73	4.2	4.33	1.75	4.0	4.2													1.75	4.2	4.55	1.72	3.89	4.3	1.62	2.25			1.63	2.25	1.61	2.19	-0.75	1.9	1.9			1.98	1.91	1.9	1.84	1.55	4.5	5.25	1.6	4.2	5.25													1.6	4.5	5.5	1.57	4.21	5.18	1.57	2.35			1.57	2.38	1.55	2.32	-1.0	1.9	1.9			2.02	1.9	1.93	1.81	eredivisie							1.79	4.1	4.7	1.7	2.34	2.0	1.92							1.62	4.5	6.0	1.63	2.56	2.02	1.94	1.73	3.75	4.33	1.74	3.75	4.35	1.7	3.9	4.4							1.57	4.2	5.0	1.58	4.1	5.1	1.57	4.33	5.5							1	0	0	Twente	1	0	0	3	0	13.0	6.0	0	0	3	2026	3	3	180.0	119.0	twente	2.740740740740741	74	1.2592592592592593	34	21.962962962962962	593	7.7407407407407405	0.8888888888888888	1.8888888888888888	0.5333333333333333	1.1666666666666667	35	0.4666666666666667	14	11.866666666666667	356	3.8666666666666667	-0.26666666666666666	-0.7666666666666667	0.13333333333333333	0.5780346820809249	0.23809523809523808	0.23094688221709006	0.5520461161585652	0.22739042403674234	0.22056345980469233	0.04707680239325307				-0.025988565922359652	-0.01038342241239773	-0.010704814058495743	0.4119047619047619	1.0309523809523808	0.3995381062355658	0.061728395061728225	1.935	0.05263157894736836				0	Unknown	Unknown	Normal	4.3100000000000005	0.12709551544027411	10.0	1.8	2.8200000000000003	0.1753077717387944	7.0	-0.4	0.0305313946963117	0.08962960392254393	0.3014963522553194	0.578342649125825	1.3657490261872454	0.14044486308534107	0.17226557047022525	0.34654204155615265	0.34074752488828103	0.5997849706777563	1.5	1.5	0.0	0.16931765605086604	0.37527812742707706	-0.205960471376211	2.0	2.0	0.4	0.1	0.1	0.3	-0.29999999999999993	-0.8	13.0	6.0	7.0	4.0	2.0
2026-07-03	15:30	Groningen	Ajax	3	1	H	1	1	D	13	13	6	5	5	7	6	8	1	1	0	0	2.8	3.6	2.45	2.8	3.6	2.35													2.8	3.66	2.45	2.7	3.58	2.36	1.62	2.25			1.62	2.25	1.6	2.2	0.0	2.03	1.78			2.03	1.8	1.97	1.75	2.8	3.7	2.35	2.85	3.7	2.3													2.9	3.75	2.35	2.82	3.63	2.27	1.62	2.25			1.64	2.4	1.6	2.23	0.25	1.78	2.03			1.83	2.03	1.79	1.96	eredivisie							2.82	3.85	2.54	1.66	2.32	2.09	1.88							3.0	3.8	2.38	1.66	2.44	1.88	2.09	2.75	3.6	2.3	2.75	3.55	2.35	2.7	3.6	2.38							2.75	3.6	2.3	2.85	3.6	2.25	2.9	3.7	2.3	2.87	3.7	2.3	2.8	3.6	2.3	1	0	0	Groningen	0	0	1	3	0	7.0	8.0	0	0	0	2026	0	2	148.0	181.0	groningen	1.4761904761904763	31	0.9047619047619048	19	14.19047619047619	298	5.333333333333333	0.38095238095238093	0.14285714285714285	0.4375	2.0344827586206895	59	0.8620689655172413	25	12.96551724137931	376	5.517241379310345	0.3448275862068966	0.5172413793103449	0.30833333333333335	0.35714285714285715	0.2777777777777778	0.4081632653061224	0.3423913043478261	0.266304347826087	0.3913043478260869	0.04308390022675734				-0.014751552795031042	-0.016858917480035485	-0.011473429951690817	0.7777777777777777	0.6805555555555556	1.1428571428571428	0.061728395061728225	1.935	0.054408590247412514				0	Unknown	Unknown	Normal	3.8300000000000005	0.1249327038022237	4.0	0.6	2.4300000000000006	0.12189846527322827	3.0	0.4	0.038278052246276374	0.11268735796912513	0.3580201531492636	0.49101443663533495	0.9012380315702524	0.11710165394002421	0.2209001811028429	0.4191028011379008	0.24289536381923202	1.1446505482484832	0.0	0.6666666666666666	-0.6666666666666666	-1.005323582802017	-0.027194067204860648	-0.9781295155971564	-1.0	0.0	0.3	0.4	0.2	0.1	-0.6000000000000001	-0.4	7.0	8.0	-1.0	2.0	2.0
2026-07-03	19:00	PSV Eindhoven	AZ Alkmaar	2	1	H	1	1	D	19	13	8	5	7	4	5	6	2	1	0	0	1.33	5.5	8.0	1.35	5.75	7.0													1.35	5.75	8.0	1.31	5.58	7.52	1.33	3.4			1.33	3.4	1.3	3.28	-1.5	1.85	1.95			1.85	1.95	1.8	1.91	1.42	5.0	7.0	1.43	5.25	6.0													1.43	5.25	7.0	1.38	5.07	6.56	1.36	3.1			1.36	3.5	1.33	3.11	-1.25	1.8	2.0			1.85	2.05	1.77	1.98	eredivisie							1.34	6.4	9.0	1.35	3.5	1.84	2.02							1.44	5.6	7.6	1.38	3.55	1.87	2.09	1.3	5.5	7.5	1.3	5.75	8.0	1.3	5.75	8.0							1.36	5.0	6.5	1.36	5.25	7.0	1.4	5.25	7.0							1	0	0	PSV Eindhoven	0	0	1	3	0	13.0	7.0	1	1	1	2026	6	0	90.0	181.0	psv_eindhoven	3.2962962962962963	89	1.6296296296296295	44	20.296296296296298	548	8.25925925925926	1.1851851851851851	2.4444444444444446	0.8927536231884057	1.3103448275862069	38	0.7931034482758621	23	12.862068965517242	373	5.206896551724138	0.3793103448275862	0.10344827586206896	0.4230769230769231	0.7518796992481203	0.18181818181818182	0.125	0.7101928819304333	0.17173755144863206	0.11806956662093454	0.05869788106630214				-0.041686817317686975	-0.006930433379065459	-0.010080630369549759	0.24181818181818182	1.4545454545454546	0.16625	0.045997346306943854	2.365	0.053361053361053346				0	Unknown	Unknown	Normal	5.5	0.19016161148751812	12.0	2.8	3.8899999999999997	0.11422266430186703	5.0	0.0	0.014577148042141507	0.053312186722668034	0.23430687968390546	0.6978037855512851	0.7481071278314422	0.045193120730282865	0.12268561350001699	0.34808624741072836	0.48403501835897184	0.8959677375740099	2.0	0.0	2.0	1.343958894903749	-0.8321384564687361	2.1760973513724853	4.0	-2.0	0.2	0.6	0.0	0.3	-0.49999999999999994	-0.4	13.0	7.0	6.0	4.0	2.0
2026-07-03	20:00	Excelsior	Heerenveen	1	2	A	0	1	A	21	10	5	5	4	7	6	8	1	1	0	0	2.8	3.75	2.3	2.75	3.75	2.35													2.85	3.75	2.35	2.76	3.62	2.29	1.65	2.2			1.65	2.3	1.61	2.2	0.25	1.78	2.03			1.82	2.03	1.77	1.97	2.88	3.75	2.25	2.85	3.6	2.3													3.0	3.75	2.3	2.84	3.6	2.26	1.62	2.25			1.65	2.25	1.62	2.18	0.25	1.83	1.98			1.83	2.02	1.79	1.95	eredivisie							2.92	3.8	2.44	1.68	2.32	1.85	2.12							3.1	3.8	2.38	1.71	2.38	1.91	2.06	2.75	3.6	2.3	2.85	3.65	2.25	2.8	3.6	2.3							2.88	3.6	2.2	2.75	3.7	2.3	2.9	3.7	2.3							0	1	0	Heerenveen	0	1	0	0	3	1.0	6.0	0	1	0	2026	1	3	90.0	1.0	excelsior	1.0	23	0.34782608695652173	8	13.478260869565217	310	4.521739130434782	-0.21739130434782608	-0.391304347826087	-0.018518518518518528	1.1666666666666667	35	0.4666666666666667	14	11.866666666666667	356	3.8666666666666667	-0.26666666666666666	-0.7666666666666667	0.13333333333333333	0.35714285714285715	0.26666666666666666	0.4347826086956522	0.3373753178173283	0.2519069039702718	0.41071777821239974	0.05859213250517614				-0.019767539325528827	-0.024064830483252475	-0.01475976269639484	0.7466666666666666	0.6133333333333333	1.2173913043478262	0.06060606060606055	1.925	0.054408590247412514				0	Unknown	Unknown	Normal	3.2099999999999995	0.05256496165587075	2.0	-1.2	2.04	0.1753077717387944	3.0	-1.0	0.051723504847284794	0.14212941562072856	0.41034015255953254	0.39580692697245423	1.0170543899008757	0.2377515566946963	0.2325398241159597	0.3226691461783137	0.20703947301103032	0.4382487606736662	0.25	1.0	-0.75	-0.6137765031843894	0.37527812742707706	-0.9890546306114665	-3.0	-3.0	0.2	0.1	0.6	0.4	-0.39999999999999997	-0.30000000000000004	1.0	6.0	-5.0	0.0	2.0
2026-08-02	13:30	AZ Alkmaar	Ajax	1	1	D	0	0	D	13	11	6	2	11	12	2	4	3	0	0	0	2.2	3.8	3.0	2.2	3.7	2.95													2.25	3.8	3.0	2.18	3.62	2.96	1.57	2.35			1.6	2.38	1.55	2.32	-0.25	1.93	1.88			1.95	1.89	1.89	1.85	2.4	3.7	2.75	2.37	3.6	2.75													2.42	3.7	2.8	2.38	3.54	2.75	1.6	2.3			1.62	2.3	1.6	2.22	0.0	1.8	2.0			1.83	2.0	1.75	1.98	eredivisie							2.24	3.7	3.3	1.62	2.32									2.54	3.75	2.88	1.69	2.4	1.87	2.12	2.2	3.5	3.0	2.15	3.7	3.0	2.15	3.7	3.0							2.4	3.4	2.75	2.35	3.5	2.8	2.4	3.7	2.75							0	0	1		0	0	1	1	1	10.0	5.0	1	0	1	2026	4	2	120.0	30.0	az_alkmaar	1.8666666666666667	56	0.9666666666666667	29	17.266666666666666	518	6.3	0.4666666666666667	0.9333333333333333	0.3083333333333333	2.0344827586206895	59	0.8620689655172413	25	12.96551724137931	376	5.517241379310345	0.3448275862068966	0.5172413793103449	0.30833333333333335	0.45454545454545453	0.2631578947368421	0.3333333333333333	0.4324734446130501	0.2503793626707132	0.31714719271623676	0.05103668261562988				-0.022072009932404435	-0.016186140617096556	-0.01277853206612889	0.5789473684210527	0.7894736842105263	0.7333333333333334	0.06247459005285272	1.96	0.05004960864292807				0	Unknown	Unknown	Normal	3.5	0.18390240512119332	7.0	0.8	2.4400000000000004	0.09320959688970341	3.0	-0.4	0.058298764333095957	0.14183526452570908	0.3691464959579685	0.4307194751832265	0.8793560809653427	0.11661602514467961	0.21991688396072054	0.41833161756237774	0.2451354733322222	0.9694539378205116	1.3333333333333333	0.5	0.8333333333333333	0.5608647356684938	-0.027194067204860648	0.5880588028733544	2.0	-2.0	0.3	0.4	0.1	0.1	-0.6000000000000001	-0.5	10.0	5.0	5.0	3.0	1.0
2026-08-02	11:15	Utrecht	Feyenoord	0	1	A	0	1	A	6	10	5	4	12	14	2	7	3	4	1	0	3.1	3.75	2.15	3.1	3.75	2.1													3.2	3.75	2.15	3.1	3.59	2.13	1.7	2.1			1.7	2.2	1.64	2.14	0.25	1.95	1.85			1.95	1.86	1.91	1.83	3.4	3.6	2.1	3.4	3.6	2.05													3.55	3.6	2.1	3.38	3.49	2.06	1.88	1.93			1.88	2.02	1.8	1.92	0.5	1.73	2.08			1.83	2.08	1.73	1.99	eredivisie							3.2	3.7	2.22	1.61	2.2	1.97	1.94							3.7	3.75	2.14	1.96	2.0	1.87	2.13	3.1	3.5	2.1	3.15	3.6	2.12	3.1	3.6	2.15							3.4	3.4	2.05	3.3	3.55	2.07	3.5	3.5	2.1							0	1	0	Feyenoord	0	1	0	0	3	12.0	7.0	0	1	1	2026	6	4	178.0	90.0	utrecht	1.6774193548387097	52	0.5161290322580645	16	14.741935483870968	457	5.483870967741935	0.12903225806451613	0.6451612903225806	-7.93016446160826e-18	2.0	60	1.0333333333333334	31	15.3	459	6.233333333333333	0.3333333333333333	0.8333333333333334	0.14814814814814814	0.3225806451612903	0.26666666666666666	0.46511627906976744	0.3059482022578503	0.25291718053315626	0.44113461720899344	0.05436359089772447				-0.016632442903440015	-0.023981661860773995	-0.013749486133510402	0.8266666666666667	0.5733333333333334	1.4418604651162792	0.06442577030812324	1.9	0.053361053361053346				0	Unknown	Unknown	Normal	3.95	0.11700044873169699	8.0	1.6	2.93	0.04931120270320448	2.0	-0.4	0.04208634779723786	0.11324704140865811	0.3372741673598604	0.5073924434342436	0.8485396681494833	0.103842382418275	0.1856338130472825	0.36196191970271824	0.3485618848317243	0.8461482547457448	2.0	0.8	1.2	1.343958894903749	0.7777503220590148	0.5662085728447342	4.0	-4.0	0.6	0.3	0.2	0.3	-0.09999999999999998	-0.5	12.0	7.0	5.0	4.0	2.0
2026-08-02	13:30	Go Ahead Eagles	Telstar	1	1	D	0	0	D	23	12	11	2	6	14	13	2	1	0	0	0	1.9	3.9	3.8	1.95	3.75	3.6													1.95	3.9	3.8	1.89	3.71	3.65	1.65	2.2			1.65	2.23	1.61	2.21	-0.5	1.85	1.95			1.9	1.95	1.84	1.86	1.85	3.9	3.9	1.87	3.8	3.8													1.92	4.0	4.1	1.83	3.83	3.86	1.65	2.2			1.65	2.45	1.57	2.26	-0.5	1.83	1.98			1.91	1.98	1.79	1.92	eredivisie							1.92	3.9	3.9	1.65	2.24									1.93	4.0	4.1	1.67	2.46	1.93	2.05	1.91	3.6	3.6	1.9	3.65	3.75	1.87	3.75	3.75							1.8	3.75	4.0	1.78	4.0	3.85	1.83	3.9	4.1							0	0	1		0	0	1	1	1	8.0	3.0	0	0	0	2026	3	1	90.0	178.0	go_ahead_eagles	1.7096774193548387	53	0.7741935483870968	24	15.096774193548388	468	6.193548387096774	-0.0967741935483871	0.12903225806451613	0.15789473684210525	1.125	9	0.375	3	12.375	99	4.375	-0.25	-0.375	-0.5	0.5263157894736842	0.25641025641025644	0.2631578947368421	0.5032258064516129	0.2451612903225807	0.25161290322580643	0.045883940620782715				-0.023089983022071325	-0.011544991511035663	-0.011248966087675755	0.48717948717948717	0.9743589743589743	0.5	0.06060606060606055	1.925	0.053361053361053346				0	Unknown	Unknown	Normal	2.9599999999999995	0.17090860357968526	9.0	0.6	2.3	0.052004395379158394	1.0	-0.6	0.10371870255030022	0.19457225552939134	0.3691193349200708	0.33258970700023766	0.6026621496401304	0.17528104882526102	0.21630094775071768	0.36965918977025153	0.23875881365376986	0.3386706960665965	1.5	0.5	1.0	0.16931765605086604	-0.42966626183679835	0.5989839178876644	5.0	0.0	0.1	0.2	0.3	0.4	-0.5	-0.49999999999999994	8.0	3.0	5.0	2.0	0.0
2026-08-02	15:45	Groningen	PSV Eindhoven	1	2	A	1	0	H	8	15	4	5	8	9	6	11	1	1	0	0	3.8	4.33	1.8	3.9	4.0	1.8													4.2	4.33	1.8	3.88	3.99	1.77	1.5	2.5			1.5	2.5	1.48	2.48	0.75	1.8	2.0			1.87	2.0	1.8	1.94	4.33	4.5	1.65	4.4	4.33	1.68													4.9	4.5	1.68	4.5	4.27	1.64	1.44	2.7			1.48	2.7	1.44	2.61	1.0	1.75	2.05			1.84	2.1	1.75	2.0	eredivisie							4.1	4.2	1.85	1.46	2.56									4.8	4.6	1.72	1.49	3.0	1.8	2.16	4.0	3.75	1.8	4.2	4.0	1.72	3.9	4.0	1.75							4.5	4.0	1.67	4.9	4.35	1.57	4.6	4.4	1.65							0	1	0	PSV Eindhoven	1	0	0	0	3	7.0	13.0	0	1	0	2026	3	1	30.0	178.0	groningen	1.4761904761904763	31	0.9047619047619048	19	14.19047619047619	298	5.333333333333333	0.38095238095238093	0.14285714285714285	0.4375	2.5806451612903225	80	1.0	31	17.806451612903224	552	6.870967741935484	0.5161290322580645	1.5161290322580645	0.32666666666666666	0.2631578947368421	0.23094688221709006	0.5555555555555556	0.2507076685537828	0.22002058672156458	0.5292717447246527	0.04966033250948776				-0.012450226183059299	-0.02628381083090292	-0.010926295495525484	0.8775981524249422	0.41570438799076215	2.111111111111111	0.06666666666666665	2.0	0.05555555555555558				0	Unknown	Unknown	Normal	3.2299999999999995	0.1164355879858443	5.0	0.0	3.4	0.22323059466587836	10.0	1.8	0.0446203947837068	0.13325438823248423	0.4189984390558717	0.40312677792793733	0.9827995060244217	0.07231120066860437	0.14534326939318515	0.3529644085932401	0.4293811213449704	1.0147080230524999	1.0	0.5	0.5	0.16931765605086604	-0.42966626183679835	0.5989839178876644	1.0	0.0	0.2	0.2	0.1	0.0	-0.8	-0.7	7.0	13.0	-6.0	2.0	4.0
2026-08-03	15:45	NAC Breda	Feyenoord	3	3	D	3	2	H	12	14	4	5	12	8	4	9	1	4	1	0	4.1	3.7	1.85	4.0	3.9	1.82													4.2	3.9	1.85	3.99	3.74	1.8	1.7	2.1			1.7	2.2	1.64	2.14	0.5	1.98	1.83			2.0	1.83	1.94	1.77	4.0	3.7	1.85	3.8	3.75	1.87													4.1	3.75	1.9	3.85	3.7	1.84	1.7	2.1			1.7	2.3	1.63	2.16	0.5	1.95	1.85			1.95	1.85	1.9	1.8	eredivisie							4.1	4.0	1.88	1.72	2.2									4.3	3.9	1.92	1.71	2.38	2.06	1.92	4.0	3.75	1.8	4.2	3.8	1.76	4.0	3.75	1.8	4.0	3.9	1.83	4.0	3.8	1.8	3.75	3.75	1.83	4.1	3.7	1.81	3.9	3.75	1.9							0	0	1		1	0	0	1	1	3.0	7.0	0	0	0	2026	1	7	62.0	1.0	nac_breda	1.0833333333333333	13	0.4166666666666667	5	14.0	168	4.333333333333333	-0.5833333333333334	-0.5	-0.5	2.0	60	1.0333333333333334	31	15.3	459	6.233333333333333	0.3333333333333333	0.8333333333333334	0.14814814814814814	0.24390243902439027	0.27027027027027023	0.5405405405405405	0.23125000000000004	0.25625	0.5125	0.05471324983520098				-0.012652439024390227	-0.028040540540540504	-0.014020270270270252	1.108108108108108	0.5	2.216216216216216	0.06442577030812324	1.9	0.0514985924821989				0	Unknown	Unknown	Normal	3.3199999999999994	0.053557857998839685	1.0	-0.8	2.5699999999999994	0.04074438857498315	3.0	-0.6	0.05099335656259189	0.13694889863356405	0.3946878872185503	0.41736985758529377	0.9472450261841058	0.11898685771206197	0.21658214609699922	0.39253301964600673	0.2718979765449322	0.8016053217487965	0.3333333333333333	1.1666666666666667	-0.8333333333333335	-0.6137765031843894	1.985166905954828	-2.5989434091392174	-2.0	-3.0	0.3	0.4	0.3	0.3	-0.39999999999999997	-0.29999999999999993	3.0	7.0	-4.0	0.0	2.0
2026-08-03	19:00	Nijmegen	Volendam	3	0	H	1	0	H	27	7	11	3	10	7	12	1	1	0	0	0	1.36	5.25	8.0	1.35	5.75	7.25													1.36	5.75	8.0	1.32	5.42	7.61	1.36	3.1			1.37	3.1	1.35	3.0	-1.5	1.9	1.9			1.9	1.91	1.82	1.88	1.29	6.0	8.0	1.31	6.0	8.25													1.31	6.0	9.5	1.27	5.84	8.8	1.4	2.88			1.4	3.1	1.38	2.85	-1.75	2.0	1.8			2.0	1.85	1.94	1.8	eredivisie							1.37	5.8	8.4	1.38	3.2									1.32	6.4	10.5	1.44	3.25	2.07	1.9	1.3	5.5	8.0	1.32	5.5	8.0	1.3	5.5	8.0	1.35	5.75	7.0	1.35	5.75	7.0	1.25	6.0	9.0	1.25	6.0	9.5	1.29	6.0	9.5							1	0	0	Nijmegen	1	0	0	3	0	13.0	4.0	0	0	1	2026	4	3	32.0	32.0	nijmegen	1.896551724137931	55	0.4827586206896552	14	14.758620689655173	428	5.620689655172414	-0.1724137931034483	0.3793103448275862	-0.2427536231884058	0.9583333333333334	23	0.5	12	9.166666666666666	220	3.4166666666666665	-0.875	-1.375	-0.7	0.7352941176470588	0.19047619047619047	0.125	0.6997667444185273	0.18127290903032325	0.11896034655114963	0.05077030812324912				-0.0355273732285315	-0.006039653448850366	-0.009203281445867212	0.2590476190476191	1.5238095238095237	0.17	0.057874762808349134	2.23	0.05263157894736836				0	Unknown	Unknown	Normal	3.9	0.18016073052102854	7.0	2.2	1.8399999999999999	0.15325754496950064	3.0	-1.4	0.025774193124522327	0.08925901751385643	0.35107519888925676	0.5338915904723646	1.0802936189392305	0.2214352069750772	0.2963190086499191	0.33429907658632474	0.14794670778867897	0.4056885963775959	1.3333333333333333	1.5	-0.16666666666666674	0.5608647356684938	0.37527812742707706	0.18558660824141676	3.0	1.0	0.2	0.0	0.0	0.3	-0.49999999999999994	-1.0	13.0	4.0	9.0	4.0	1.0
2026-08-03	13:30	For Sittard	Telstar	1	4	A	1	2	A	21	15	4	10	8	18	3	5	1	1	0	0	2.1	3.6	3.3	2.1	3.7	3.2													2.1	3.75	3.3	2.07	3.6	3.17	1.65	2.2			1.67	2.2	1.64	2.15	-0.25	1.8	2.0			1.84	2.0	1.8	1.94	2.3	3.6	2.9	2.35	3.6	2.8													2.35	3.7	2.9	2.28	3.57	2.82	1.62	2.25			1.65	2.3	1.62	2.19	-0.25	2.0	1.8			2.02	1.8	1.97	1.77	eredivisie							2.12	3.8	3.4	1.22	1.42	1.84	2.06							2.42	3.9	2.96	1.7	2.4	2.12	1.87	2.05	3.6	3.2	2.1	3.5	3.25	2.1	3.6	3.2							2.25	3.5	2.88	2.3	3.65	2.8	2.3	3.7	2.9							0	1	0	Telstar	0	1	0	0	3	4.0	4.0	0	0	0	2026	1	2	32.0	1.0	for_sittard	1.4285714285714286	50	0.6857142857142857	24	13.8	483	4.457142857142857	0.4	0.02857142857142857	0.574074074074074	1.125	9	0.375	3	12.375	99	4.375	-0.25	-0.375	-0.5	0.47619047619047616	0.2777777777777778	0.30303030303030304	0.45051194539249145	0.2627986348122867	0.2866894197952219	0.05699855699855694				-0.02567853079798471	-0.01634088323508115	-0.014979142965491077	0.5833333333333334	0.9166666666666666	0.6363636363636365	0.06060606060606055	1.925	0.05555555555555558				0	Unknown	Unknown	Normal	2.11	0.0840070303185629	3.0	-1.0	2.05	0.05434892383587253	2.0	-0.4	0.1370834678659599	0.2564720984314853	0.4332595157534171	0.17318491794913776	0.6254060213546043	0.19662434729637998	0.24614018312908365	0.37068378637272564	0.18655168320181073	0.328456228033808	0.3333333333333333	0.6666666666666666	-0.3333333333333333	-0.6137765031843894	-0.027194067204860648	-0.5865824359795287	-1.0	0.0	0.3	0.16666666666666666	0.3	0.3333333333333333	-0.36666666666666675	-0.5333333333333333	4.0	4.0	0.0	1.0	0.0
2026-08-03	11:15	Sparta Rotterdam	Zwolle	1	1	D	0	0	D	20	15	7	6	7	10	6	3	3	1	0	0	1.67	4.2	4.5	1.68	4.1	4.6													1.68	4.2	4.6	1.66	4.04	4.42	1.57	2.35			1.57	2.4	1.53	2.36	-0.75	1.83	1.98			1.87	1.98	1.82	1.92	1.75	4.2	4.0	1.78	4.1	3.9													1.78	4.2	4.2	1.74	4.04	3.98	1.48	2.6			1.48	2.8	1.44	2.63	-0.75	1.95	1.85			1.95	1.88	1.91	1.83	eredivisie							1.68	4.2	5.2	1.57	2.4	1.85	2.08							1.82	4.4	4.4	1.53	2.84	2.03	1.94	1.67	4.0	4.33	1.68	3.95	4.5	1.65	4.1	4.5							1.73	4.0	4.0	1.72	4.0	4.2	1.75	4.2	4.2							0	0	1		0	0	1	1	1	11.0	4.0	0	1	0	2026	1	0	151.0	91.0	sparta_rotterdam	1.3571428571428572	38	0.5	14	14.857142857142858	416	5.107142857142857	0.10714285714285714	0.0	0.2156862745098039	1.25	30	0.4166666666666667	10	9.666666666666666	232	3.7916666666666665	-0.5	-1.1666666666666667	-0.4230769230769231	0.5988023952095809	0.23809523809523808	0.2222222222222222	0.5653773669568339	0.22480481019474108	0.209817822848425	0.05911985552704113				-0.03342502825274696	-0.012404399373797198	-0.013290427900497004	0.3976190476190476	1.0714285714285714	0.3711111111111111	0.06247459005285272	1.96	0.0514985924821989				0	Unknown	Unknown	Normal	3.22	0.14847257806005815	6.0	1.0	2.4899999999999998	0.11357450119810389	1.0	-2.0	0.0472269713967199	0.13588508496731522	0.41572720580253797	0.4011607378334269	0.9219033600962409	0.09005817273033556	0.2095901159987314	0.4563011102385743	0.2440506010323587	0.5471929569056797	0.5	0.0	0.5	-0.6137765031843894	-0.8321384564687361	0.2183619532843467	0.0	-5.0	0.5	0.0	0.3	0.3	-0.19999999999999996	-0.7	11.0	4.0	7.0	3.0	1.0
2026-08-03	13:30	Go Ahead Eagles	Twente	1	4	A	0	2	A	15	11	7	5	8	8	6	5	1	0	0	0	4.33	3.8	1.75	4.2	4.0	1.75													4.4	4.2	1.75	4.11	3.94	1.72	1.57	2.35			1.57	2.38	1.54	2.35	0.75	1.85	1.95			1.92	1.95	1.84	1.9	4.75	4.0	1.7	4.4	4.2	1.7													4.8	4.33	1.7	4.47	4.08	1.66	1.48	2.6			1.48	2.8	1.45	2.58	0.75	1.98	1.83			2.06	1.83	1.96	1.78	eredivisie							4.2	4.1	1.77	1.59	2.44	1.55	1.77							4.8	4.2	1.76	1.51	2.9	2.01	1.94	4.0	4.0	1.73	4.4	3.95	1.68	4.1	4.0	1.73							4.2	4.2	1.67	4.8	4.25	1.6	4.6	4.33	1.67							0	1	0	Twente	0	1	0	0	3	9.0	6.0	0	1	2	2026	4	4	1.0	121.0	go_ahead_eagles	1.7096774193548387	53	0.7741935483870968	24	15.096774193548388	468	6.193548387096774	-0.0967741935483871	0.12903225806451613	0.15789473684210525	1.6774193548387097	52	0.8387096774193549	26	13.387096774193548	415	4.354838709677419	0.25806451612903225	0.4838709677419355	0.15789473684210525	0.23094688221709006	0.2631578947368421	0.5714285714285714	0.2167429884458061	0.24697293157114222	0.5362840799830516	0.06553334838250358				-0.014203893771283949	-0.03514449144551979	-0.016184963165699867	1.1394736842105264	0.46052631578947373	2.474285714285714	0.06247459005285272	1.96	0.053361053361053346				0	Unknown	Unknown	Normal	3.91	0.17956661223769393	8.0	1.2	3.0999999999999996	0.1442135033727863	4.0	0.0	0.054826006115986495	0.1281492882028879	0.3228424800310686	0.49418222565005704	0.6781332687395999	0.07095055017658405	0.1586326776882268	0.3929504115252169	0.3774663606099723	0.9857408683801635	1.3333333333333333	1.3333333333333333	0.0	0.5608647356684938	0.7777503220590148	-0.21688558639052102	5.0	1.0	0.1	0.1	0.3	0.1	-0.8	-0.6	9.0	6.0	3.0	2.0	1.0
2026-10-01	17:45	Twente	Zwolle	1	1	D	0	0	D	26	3	7	1	6	11	7	2	1	3	0	0	1.3	5.5	9.0	1.29	6.0	9.25				1.31	5.79	8.38							1.3	6.0	11.0	1.28	5.69	9.11	1.4	2.88	1.43	2.86	1.45	2.88	1.4	2.75	-1.75	2.03	1.78	2.05	1.81	2.03	1.92	1.93	1.82	1.3	5.5	9.5	1.32	5.5	8.75				1.32	5.79	9.07							1.32	5.75	10.0	1.29	5.58	8.94	1.44	2.7	1.48	2.74	1.44	2.8	1.43	2.65	-1.5	1.83	1.98	1.86	2.05	1.85	1.98	1.79	1.93	eredivisie							1.3	6.2	10.0	1.43	3.05	2.02	1.87							1.33	5.9	11.5	1.49	2.94	1.88	2.08	1.25	5.5	9.5	1.25	5.8	10.0	1.29	5.5	9.0	1.3	6.0	9.0	1.28	5.75	9.0	1.29	5.5	9.0	1.27	5.75	9.5	1.29	5.75	10.0	1.3	5.5	8.5	1.3	5.5	8.5	0	0	1		0	0	1	1	1	15.0	2.0	0	0	0	2026	6	1	91.0	59.0	twente	2.740740740740741	74	1.2592592592592593	34	21.962962962962962	593	7.7407407407407405	0.8888888888888888	1.8888888888888888	0.5333333333333333	1.25	30	0.4166666666666667	10	9.666666666666666	232	3.7916666666666665	-0.5	-1.1666666666666667	-0.4230769230769231	0.7692307692307692	0.18181818181818182	0.1111111111111111	0.7242136064374541	0.1711777615215801	0.10460863204096561	0.0621600621600622				-0.045017162793315024	-0.006502479070145492	-0.010640420296601727	0.23636363636363636	1.6363636363636365	0.14444444444444446	0.06150793650793651	2.1399999999999997	0.054408590247412514				0	Unknown	Unknown	Normal	4.839999999999999	0.161459776608659	13.0	2.8	2.6	0.08101800759312942	1.0	-2.4	0.029453460746739223	0.08429540362110498	0.2686842016015424	0.6175669340306135	1.196176112393774	0.08605113234156589	0.20037425228218614	0.44536096819366283	0.26821364718258517	0.40494340051627625	2.0	0.3333333333333333	1.6666666666666667	1.343958894903749	-0.42966626183679835	1.7736251567405474	7.0	-5.0	0.5	0.0	0.1	0.3	-0.19999999999999996	-0.9	15.0	2.0	13.0	5.0	0.0
2026-10-01	15:30	AZ Alkmaar	Volendam	1	0	H	1	0	H	17	7	8	2	10	9	7	2	0	1	0	0	1.2	7.0	12.0	1.23	7.25	10.0				1.2	7.28	11.33							1.23	7.25	12.0	1.2	6.86	11.28	1.3	3.5	1.3	3.53	1.3	3.5	1.29	3.36	-2.0	1.85	1.95	1.89	1.96	1.9	1.97	1.84	1.91	1.17	7.5	15.0	1.19	8.0	12.5				1.16	8.57	16.15							1.19	8.5	18.0	1.16	7.72	13.94	1.33	3.4	1.33	3.37	1.33	3.6	1.3	3.28	-2.25	1.98	1.83	1.97	1.92	1.98	1.87	1.9	1.83	eredivisie							1.23	7.8	13.0	1.32	3.7	1.86	1.99							1.17	9.0	21.0	1.36	3.6	1.97	1.97	1.18	6.5	12.0	1.19	7.0	12.0	1.18	7.0	12.0	1.22	7.0	10.0	1.22	7.0	10.0	1.14	7.5	15.0	1.16	7.5	13.0	1.14	8.5	18.0	1.18	8.0	12.0	1.18	8.0	12.0	1	0	0	AZ Alkmaar	1	0	0	3	0	11.0	4.0	0	0	1	2026	5	3	60.0	59.0	az_alkmaar	1.8666666666666667	56	0.9666666666666667	29	17.266666666666666	518	6.3	0.4666666666666667	0.9333333333333333	0.3083333333333333	0.9583333333333334	23	0.5	12	9.166666666666666	220	3.4166666666666665	-0.875	-1.375	-0.7	0.8333333333333334	0.14285714285714285	0.08333333333333333	0.7865168539325843	0.1348314606741573	0.07865168539325842	0.059523809523809534				-0.04681647940074907	-0.004681647940074904	-0.00802568218298555	0.17142857142857143	1.7142857142857142	0.09999999999999999	0.05494505494505475	2.4	0.053361053361053346				0	Unknown	Unknown	Normal	3.8099999999999996	0.17447822266902105	5.0	1.6	1.9299999999999997	0.08768377447769735	3.0	-1.0	0.03352598506243565	0.10635133656268861	0.36444945017327085	0.49567322820160487	1.06226658162926	0.20168363705836373	0.2862816226687316	0.3525450530414089	0.15948968723149579	0.3985866557862534	1.25	1.0	0.25	0.9524118152861215	0.37527812742707706	0.5771336878590445	2.0	-2.0	0.3	0.0	0.1	0.3	-0.39999999999999997	-0.9	11.0	4.0	7.0	3.0	1.0
2026-10-01	20:00	Groningen	NAC Breda	0	0	D	0	0	D	16	10	5	2	7	6	3	4	1	2	0	0	1.7	3.9	4.75	1.66	4.0	4.8				1.71	3.75	4.95							1.71	4.0	5.0	1.67	3.86	4.79	1.8	2.0	1.79	2.04	1.8	2.0	1.74	1.99	-0.75	1.88	1.93	1.92	1.95	1.88	1.98	1.82	1.92	1.67	3.8	5.25	1.7	3.7	5.0				1.7	3.82	5.38							1.7	3.9	5.33	1.67	3.73	5.07	1.93	1.88	1.94	1.94	1.93	1.96	1.85	1.86	-0.75	1.85	1.95	1.91	2.0	1.85	1.95	1.82	1.92	eredivisie							1.73	4.0	5.5	1.82	2.08	1.93	2.01							1.72	3.95	5.8	1.98	1.99	1.94	2.03	1.67	3.75	4.6	1.63	3.95	5.0	1.67	3.9	4.75	1.67	4.0	4.8	1.67	3.9	4.8	1.67	3.6	5.0	1.65	3.75	5.1	1.67	3.9	5.25	1.7	3.7	5.0	1.7	3.7	5.0	0	0	1		0	0	1	1	1	7.0	0.0	1	0	0	2026	3	0	60.0	238.0	groningen	1.4761904761904763	31	0.9047619047619048	19	14.19047619047619	298	5.333333333333333	0.38095238095238093	0.14285714285714285	0.4375	0.46153846153846156	6	0.23076923076923078	3	10.846153846153847	141	3.769230769230769	-0.6923076923076923	-1.3846153846153846	-0.6666666666666666	0.5882352941176471	0.25641025641025644	0.21052631578947367	0.5574781823653325	0.24300331026181163	0.1995185073728558	0.05517186631737725				-0.030757111752314548	-0.01100780841661786	-0.013406946148444815	0.4358974358974359	1.217948717948718	0.35789473684210527	0.05555555555555558	1.9	0.05004960864292807				0	Unknown	Unknown	Normal	3.1799999999999997	0.12694254884741513	6.0	0.2	1.59	0.01652892561983471	0.0	-2.2	0.049522309156299474	0.1397239205272196	0.41785570108979664	0.39289806922668424	0.9452574508198923	0.23809008627276587	0.30355003021134364	0.3636490856807596	0.0947107978351309	0.45886943290010923	0.75	0.0	0.75	0.16931765605086604	-0.8321384564687361	1.0014561125196022	0.0	-2.0	0.2	0.1	0.1	0.6	-0.2	-0.8	7.0	0.0	7.0	2.0	0.0
2026-10-01	19:00	PSV Eindhoven	Excelsior	5	1	H	4	1	H	16	8	8	3	10	7	6	4	1	1	0	0	1.14	8.5	15.0	1.17	8.75	13.5				1.13	10.34	13.29							1.17	10.0	18.0	1.14	8.41	14.53	1.25	4.0	1.21	4.34	1.25	4.1	1.22	3.93	-2.5	2.03	1.78	2.08	1.78	2.03	1.83	1.96	1.77	1.17	8.0	15.0	1.18	8.25	12.5				1.15	9.99	13.87							1.18	9.5	15.5	1.15	8.1	13.44	1.25	4.0	1.23	4.3	1.25	4.1	1.22	3.9	-2.25	1.85	1.95	1.92	1.97	1.85	2.0	1.81	1.93	eredivisie							1.14	12.0	18.5	1.24	4.5	2.0	1.87							1.17	10.0	18.5	1.28	4.5	1.92	1.99	1.13	8.0	15.0	1.13	8.5	16.0	1.13	8.5	15.0	1.17	8.5	13.0	1.17	8.5	13.0	1.14	7.5	13.0	1.14	8.0	15.0	1.14	9.0	15.0	1.18	8.0	12.0	1.18	8.0	12.0	1	0	0	PSV Eindhoven	1	0	0	3	0	13.0	7.0	1	0	0	2026	9	6	90.0	121.0	psv_eindhoven	3.2962962962962963	89	1.6296296296296295	44	20.296296296296298	548	8.25925925925926	1.1851851851851851	2.4444444444444446	0.8927536231884057	1.2272727272727273	27	0.6818181818181818	15	9.545454545454545	210	4.090909090909091	-0.5454545454545454	-1.4545454545454546	-0.5625	0.8771929824561404	0.11764705882352941	0.06666666666666667	0.8263659342796034	0.11083025471514679	0.06280381100524984	0.0615067079463365				-0.05082704817653705	-0.0038628556614168225	-0.006816804108382618	0.1341176470588235	1.7647058823529411	0.076	0.050000000000000044	2.625	0.054408590247412514				0	Unknown	Unknown	Normal	5.16	0.15680537733054484	9.0	2.0	3.4899999999999998	0.11804058317634816	5.0	-0.6	0.01606389200784588	0.059734953888599465	0.26455033103431297	0.6596508230692417	0.789559543591108	0.06320012934607196	0.13866159404899395	0.351560298895094	0.4465779777098401	0.5202609434758225	2.25	2.0	0.25	2.518600133756632	1.5826947113228902	0.935905422433742	5.0	3.0	0.2	0.1	0.0	0.2	-0.6000000000000001	-0.9	13.0	7.0	6.0	4.0	2.0
2026-10-04	19:00	Twente	Volendam	2	1	H	2	0	H	23	8	9	4	8	6	7	1	1	1	0	0	1.18	6.5	9.0	1.23	7.25	10.5													1.23	7.5	14.0	1.18	6.84	11.42	1.3	3.5			1.33	3.6	1.29	3.33	-2.0	1.88	1.93			1.88	1.95	1.83	1.88	1.22	7.0	10.0	1.23	7.25	10.5													1.23	7.5	14.0	1.19	6.99	11.63	1.3	3.5			1.33	3.75	1.29	3.37	-2.25	2.1	1.7			2.1	1.8	2.05	1.69	eredivisie							1.22	8.2	15.0	1.34	3.75	1.97	2.01							1.22	8.0	15.0	1.34	3.85	2.17	1.78	1.18	6.5	11.0	1.15	7.5	14.0	1.18	7.0	12.0							1.18	6.5	11.0	1.15	7.5	14.0	1.18	7.5	13.0	1.22	7.0	10.0	1.22	7.0	10.0	1	0	0	Twente	1	0	0	3	0	13.0	4.0	2	0	0	2026	7	3	3.0	3.0	twente	2.740740740740741	74	1.2592592592592593	34	21.962962962962962	593	7.7407407407407405	0.8888888888888888	1.8888888888888888	0.5333333333333333	0.9583333333333334	23	0.5	12	9.166666666666666	220	3.4166666666666665	-0.875	-1.375	-0.7	0.8474576271186441	0.15384615384615385	0.1111111111111111	0.7618179450449277	0.13829925771584842	0.09988279723922384	0.11241489207590916				-0.08563968207371642	-0.01122831387188726	-0.015546896130305438	0.18153846153846154	1.3846153846153846	0.1311111111111111	0.05494505494505475	2.4	0.05004960864292807				0	Unknown	Unknown	Normal	5.34	0.15587757874511837	8.0	2.6	1.9599999999999997	0.06570575249967538	2.0	-0.8	0.01511899423575987	0.05094718074123582	0.21861504916515967	0.7153187758578446	1.0550434014428938	0.193702070474647	0.28370257335733384	0.36001442972083275	0.1625809264471864	0.43624728533970164	1.75	0.75	1.0	1.735505974521377	0.37527812742707706	1.3602278470943	7.0	-3.0	0.5	0.0	0.1	0.4	-0.09999999999999998	-0.9	13.0	4.0	9.0	4.0	1.0
2026-10-05	15:45	Ajax	Utrecht	1	2	A	0	0	D	15	14	6	6	9	9	4	7	2	2	0	0	1.67	4.33	4.5	1.68	4.4	4.33													1.68	4.5	4.75	1.62	4.31	4.41	1.36	3.1			1.4	3.25	1.35	3.0	-0.75	1.8	2.0			1.8	2.0	1.74	1.97	1.65	4.2	4.75	1.65	4.2	4.6													1.65	4.33	5.1	1.61	4.15	4.75	1.44	2.7			1.5	2.8	1.47	2.54	-1.0	2.03	1.78			2.03	1.8	1.96	1.75	eredivisie							1.67	4.7	4.5	1.36	1.25									1.69	4.4	5.4	1.52	2.86	2.11	1.87	1.62	4.2	4.33	1.58	4.35	4.6	1.65	4.4	4.4	1.67	4.4	4.33	1.67	4.33	4.2	1.6	4.0	4.6	1.57	4.1	5.1	1.62	4.33	5.0				1.65	4.2	4.6	0	1	0	Utrecht	0	0	1	0	3	7.0	5.0	1	0	1	2026	1	2	184.0	124.0	ajax	2.0606060606060606	68	1.0606060606060606	35	17.636363636363637	582	5.909090909090909	0.696969696969697	1.0606060606060606	0.3492063492063492	1.9285714285714286	54	0.6785714285714286	19	12.964285714285714	363	4.535714285714286	0.03571428571428571	0.42857142857142855	0.17592592592592593	0.5988023952095809	0.23094688221709006	0.2222222222222222	0.5692192187805826	0.21953720447195677	0.21124357674746064	0.05197149964889314				-0.029583176428998326	-0.010978645474761572	-0.011409677745133295	0.3856812933025404	1.0392609699769053	0.3711111111111111	0.057874762808349134	2.23	0.05555555555555558				0	Unknown	Unknown	Normal	3.01	0.10021821043372062	3.0	-0.2	2.35	0.10364083091355818	4.0	-0.4	0.06830333268174435	0.16121817510600683	0.41133005039260945	0.35914844181963945	0.9923416111258886	0.14890809247076045	0.2194419883438276	0.39311194957821954	0.23853796960719237	0.7350391203854966	0.3333333333333333	0.5	-0.16666666666666669	-0.6137765031843894	-0.027194067204860648	-0.5865824359795287	-1.0	-1.0	0.3	0.1	0.1	0.2	-0.5	-0.8	7.0	5.0	2.0	2.0	1.0
2026-10-05	15:45	NAC Breda	Heerenveen	2	0	H	1	0	H	19	13	4	2	10	13	7	3	1	1	0	0	2.55	3.75	2.55	2.45	3.9	2.5													2.55	4.0	2.55	2.45	3.77	2.47	1.44	2.7			1.44	2.8	1.41	2.7	0.0	1.9	1.9			1.9	1.9	1.84	1.85	2.6	3.7	2.6	2.5	3.7	2.6													2.6	3.9	2.63	2.47	3.62	2.53	1.5	2.5			1.52	2.75	1.48	2.48	0.0	1.9	1.9			1.9	1.9	1.84	1.86	eredivisie							2.58	4.1	2.54	1.45	2.92																2.5	3.75	2.4	2.5	3.55	2.55	2.45	3.8	2.5	2.45	3.9	2.5	2.45	3.9	2.5				2.5	3.45	2.6							2.45	3.7	2.6	1	0	0	NAC Breda	1	0	0	3	0	3.0	9.0	0	1	0	2026	2	6	63.0	94.0	nac_breda	1.0833333333333333	13	0.4166666666666667	5	14.0	168	4.333333333333333	-0.5833333333333334	-0.5	-0.5	1.1666666666666667	35	0.4666666666666667	14	11.866666666666667	356	3.8666666666666667	-0.26666666666666666	-0.7666666666666667	0.13333333333333333	0.3921568627450981	0.26666666666666666	0.3921568627450981	0.3731343283582089	0.25373134328358204	0.3731343283582089	0.05098039215686301				-0.019022534386889167	-0.019022534386889167	-0.012935323383084618	0.6799999999999999	0.6799999999999999	1.0	0.06481481481481488	2.0700000000000003	0.05263157894736836				0	Unknown	Unknown	Normal	3.41	0.08512661684032581	3.0	-0.8	2.46	0.15039560310257594	4.0	-0.4	0.042551240650759284	0.125482971462414	0.39597766313340615	0.4359881247534205	0.9846983277973923	0.1461279735838346	0.19983419680071676	0.3884959210507418	0.26554190856470683	0.5308372908674441	0.5	1.5	-1.0	-0.22222942356676167	1.5826947113228902	-1.8049241348896519	-2.0	-2.0	0.2	0.1	0.3	0.3	-0.49999999999999994	-0.6	3.0	9.0	-6.0	0.0	3.0
2026-10-05	15:45	Groningen	Nijmegen	2	1	H	1	0	H	11	12	7	3	16	12	5	6	2	1	0	0	2.9	3.8	2.2	2.75	4.0	2.25													2.9	4.0	2.25	2.75	3.83	2.2	1.44	2.7			1.44	3.0	1.4	2.76	0.25	1.85	1.95			1.85	1.95	1.79	1.91	2.75	3.6	2.4	2.75	3.6	2.4													2.75	3.75	2.4	2.69	3.59	2.34	1.62	2.25			1.62	2.43	1.55	2.32	0.0	2.03	1.78			2.03	1.78	1.98	1.74	eredivisie							2.96	3.9	2.28	1.47	2.86									2.94	3.75	2.48	1.67	2.48	2.17	1.82	2.75	3.75	2.2	2.8	3.8	2.23	2.8	3.9	2.2	2.75	4.0	2.25	2.75	4.0	2.2	2.6	3.6	2.38	2.7	3.65	2.3	2.75	3.75	2.38				2.7	3.6	2.37	1	0	0	Groningen	1	0	0	3	0	5.0	12.0	1	0	0	2026	4	3	4.0	184.0	groningen	1.4761904761904763	31	0.9047619047619048	19	14.19047619047619	298	5.333333333333333	0.38095238095238093	0.14285714285714285	0.4375	1.3	39	0.36666666666666664	11	12.333333333333334	370	4.666666666666667	-0.16666666666666666	0.13333333333333333	-0.04761904761904761	0.3448275862068966	0.2631578947368421	0.45454545454545453	0.32453416149068326	0.24767080745341613	0.4277950310559006	0.0625309354891932				-0.020293424716213315	-0.02675042348955392	-0.01548708728342596	0.7631578947368421	0.5789473684210527	1.3181818181818181	0.06481481481481488	2.0700000000000003	0.053361053361053346				0	Unknown	Unknown	Normal	3.09	0.10355073598191804	4.0	0.0	2.9699999999999998	0.17024537528021733	6.0	1.2	0.05206502560523536	0.14622865116409992	0.4279750714445848	0.37373125178607997	1.0545099553254182	0.06181882303376242	0.161699736529405	0.43035249665105113	0.34612894378578146	0.9531449414043742	0.8	1.5	-0.7	0.5608647356684938	0.37527812742707706	0.18558660824141676	0.0	2.0	0.2	0.5	0.2	0.3	-0.49999999999999994	-0.30000000000000004	5.0	12.0	-7.0	1.0	4.0
2026-10-05	15:45	Go Ahead Eagles	PSV Eindhoven	1	4	A	1	2	A	11	24	4	10	9	7	8	4	0	0	0	0	4.5	4.75	1.62	4.2	4.75	1.63													4.5	4.8	1.65	4.34	4.57	1.59	1.33	3.4			1.33	3.65	1.29	3.38	1.0	1.85	1.95			1.85	1.95	1.8	1.89	3.25	4.33	1.91	3.1	4.33	1.98													3.35	4.45	2.0	3.15	4.23	1.91	1.29	3.6			1.29	4.0	1.25	3.64	0.5	1.88	1.93			1.9	1.93	1.82	1.89	eredivisie							4.4	4.9	1.64	1.33	3.55									3.5	4.4	2.0	1.3	4.2	1.96	2.02	4.33	4.5	1.57	4.35	4.6	1.6	4.5	4.6	1.57	4.2	4.8	1.65	4.2	4.6	1.65	3.1	4.2	1.9	3.3	4.2	1.87	3.25	4.4	1.95				3.1	4.2	1.95	0	1	0	PSV Eindhoven	0	1	0	0	3	8.0	13.0	1	1	0	2026	4	4	63.0	64.0	go_ahead_eagles	1.7096774193548387	53	0.7741935483870968	24	15.096774193548388	468	6.193548387096774	-0.0967741935483871	0.12903225806451613	0.15789473684210525	2.5806451612903225	80	1.0	31	17.806451612903224	552	6.870967741935484	0.5161290322580645	1.5161290322580645	0.32666666666666666	0.2222222222222222	0.21052631578947367	0.6172839506172839	0.21163366336633663	0.2004950495049505	0.5878712871287128	0.0500324886289798				-0.010588558855885583	-0.029412663488571078	-0.010031266284523166	0.9473684210526315	0.3410526315789474	2.7777777777777777	0.045997346306943854	2.365	0.053361053361053346				0	Unknown	Unknown	Normal	4.33	0.16812028732558534	7.0	0.6	3.4699999999999998	0.2099855615532956	7.0	1.6	0.027229513208338347	0.08518275106940136	0.3054401446525721	0.582147591069688	0.7828317288951979	0.06906139822366733	0.13863303685108827	0.34728128885697856	0.44502427606826583	1.0363723335147559	1.0	1.3333333333333333	-0.33333333333333326	0.5608647356684938	0.7777503220590148	-0.21688558639052102	2.0	1.0	0.1	0.2	0.2	0.0	-0.9	-0.6000000000000001	8.0	13.0	-5.0	2.0	4.0
2026-10-05	15:45	Twente	Sparta Rotterdam	4	0	H	0	0	D	26	9	13	1	7	8	9	2	0	2	0	0	1.36	5.0	8.0	1.38	5.5	6.75													1.4	5.5	9.0	1.33	5.22	7.51	1.4	2.88			1.4	3.0	1.37	2.88	-1.5	1.95	1.85			1.95	1.9	1.87	1.83	1.4	4.75	7.0	1.4	5.5	6.5													1.4	5.5	8.0	1.35	5.19	7.13	1.36	3.1			1.38	3.3	1.35	3.0	-1.5	1.98	1.83			1.98	1.9	1.88	1.82	eredivisie							1.38	5.5	7.8	1.41	3.1									1.4	5.6	8.6	1.4	3.35	2.04	1.91	1.33	5.0	7.5	1.29	5.3	9.0	1.33	5.25	7.5	1.4	5.5	7.0	1.36	5.25	6.5	1.33	5.0	7.0	1.3	5.3	8.0	1.36	5.5	7.5				1.4	5.25	6.5	1	0	0	Twente	0	0	1	3	0	13.0	6.0	1	0	1	2026	10	2	1.0	95.0	twente	2.740740740740741	74	1.2592592592592593	34	21.962962962962962	593	7.7407407407407405	0.8888888888888888	1.8888888888888888	0.5333333333333333	1.2758620689655173	37	0.4482758620689655	13	11.379310344827585	330	4.137931034482759	-0.2413793103448276	-0.1724137931034483	-0.2	0.7352941176470588	0.2	0.125	0.6934812760055478	0.18862690707350901	0.11789181692094314	0.06029411764705883				-0.041812841641511	-0.007108183079056862	-0.011373092926490996	0.272	1.6	0.17	0.06150793650793651	2.1399999999999997	0.053361053361053346				0	Unknown	Unknown	Normal	5.859999999999999	0.13715756002509966	8.0	2.4	3.63	0.09874985084511612	3.0	-0.4	0.004409390998942647	0.022658889955497946	0.16293991459055573	0.8099918044550037	0.7974550218476064	0.06986706555830109	0.14684241058630382	0.3326533952982791	0.450637128557116	0.6819377841973301	2.0	0.6666666666666666	1.3333333333333335	2.91014721337426	-0.027194067204860648	2.9373412805791204	8.0	0.0	0.5	0.3	0.1	0.4	-0.09999999999999998	-0.6000000000000001	13.0	6.0	7.0	4.0	1.0
2026-10-05	15:45	Excelsior	Volendam	1	1	D	1	1	D	8	8	2	2	10	7	5	0	1	3	0	0	1.75	4.0	4.1	1.75	4.0	4.2													1.77	4.0	4.2	1.74	3.91	3.98	1.57	2.35			1.57	2.43	1.55	2.33	-0.75	1.98	1.83			1.98	1.83	1.92	1.78	1.7	4.0	4.5	1.71	3.9	4.6													1.71	4.0	5.0	1.68	3.85	4.55	1.67	2.15			1.67	2.35	1.61	2.21	-0.75	1.88	1.93			1.88	1.93	1.83	1.88	eredivisie							1.81	4.1	4.2	1.62	2.4									1.78	3.95	5.3	1.71	2.34	1.99	2.0	1.73	3.75	4.0	1.75	3.9	4.0	1.75	3.9	4.1	1.75	4.0	4.2	1.75	4.0	4.2	1.67	3.75	4.33	1.66	3.95	4.5	1.7	4.0	4.6				1.7	3.9	4.6	0	0	1		0	0	1	1	1	1.0	4.0	1	0	0	2026	1	3	94.0	1.0	excelsior	1.0	23	0.34782608695652173	8	13.478260869565217	310	4.521739130434782	-0.21739130434782608	-0.391304347826087	-0.018518518518518528	0.9583333333333334	23	0.5	12	9.166666666666666	220	3.4166666666666665	-0.875	-1.375	-0.7	0.5714285714285714	0.25	0.24390243902439027	0.5363859362224039	0.23466884709730174	0.22894521668029438	0.06533101045296164				-0.03504263520616746	-0.014957222344095883	-0.015331152902698264	0.4375	1.025	0.426829268292683	0.06247459005285272	1.96	0.0514985924821989				0	Unknown	Unknown	Normal	3.2399999999999998	0.062043634641652745	1.0	-1.0	2.17	0.09039711052436673	1.0	-0.8	0.051034746840892355	0.14021940309022782	0.40677026592827586	0.40197558414060397	1.1346369479780507	0.1525353482713031	0.2596295060795785	0.3950435150715813	0.19279163057753704	0.36330480654724573	0.2	0.6	-0.39999999999999997	-0.6137765031843894	0.37527812742707706	-0.9890546306114665	-4.0	-4.0	0.2	0.0	0.5	0.4	-0.39999999999999997	-0.5	1.0	4.0	-3.0	0.0	1.0
2026-10-05	15:45	Feyenoord	AZ Alkmaar	1	1	D	0	1	A	10	13	5	3	10	9	7	3	1	0	0	0	1.83	4.0	3.9	1.82	4.2	3.75													1.83	4.2	4.0	1.79	4.01	3.7	1.4	2.88			1.4	3.0	1.38	2.84	-0.5	1.8	2.0			1.8	2.0	1.76	1.95	1.95	3.7	3.6	1.98	3.8	3.4													2.0	4.0	3.6	1.93	3.75	3.42	1.5	2.5			1.53	2.63	1.49	2.46	-0.5	1.95	1.85			1.95	1.85	1.89	1.8	eredivisie							1.85	4.3	3.8	1.41	2.98									2.04	3.95	3.8	1.57	2.68	2.04	1.95	1.8	4.0	3.5	1.78	3.95	3.8	1.8	4.1	3.7	1.8	4.2	3.75	1.8	4.2	3.7	1.91	3.75	3.3	1.92	3.6	3.6	1.95	4.0	3.5				1.95	3.8	3.4	0	0	1		0	1	0	1	1	9.0	7.0	2	0	0	2026	0	0	308.0	94.0	feyenoord	2.5185185185185186	68	1.1851851851851851	32	20.703703703703702	559	7.148148148148148	0.9629629629629629	1.7037037037037037	0.5873015873015873	1.3103448275862069	38	0.7931034482758621	23	12.862068965517242	373	5.206896551724138	0.3793103448275862	0.10344827586206896	0.4230769230769231	0.5464480874316939	0.25	0.25641025641025644	0.5190138736400838	0.23744884719033837	0.24353727916957785	0.05285834384195032				-0.02743421379161015	-0.012872977240678596	-0.012551152809661625	0.4575	0.975	0.4692307692307693	0.06150793650793651	2.1399999999999997	0.05555555555555558				0	Unknown	Unknown	Normal	3.95	0.15125537803540573	5.0	1.6	4.02	0.10968785967636632	3.0	0.2	0.03482886128878179	0.10589404869280564	0.3507860755267659	0.5084910144916467	0.9404803533272862	0.036521314950628554	0.10802993979969495	0.34287541292689755	0.512573332322779	0.8370186272978971	0.0	0.0	0.0	-1.005323582802017	-0.8321384564687361	-0.17318512633328098	0.0	-3.0	0.4	0.6	0.1	0.2	-0.4	-0.30000000000000004	9.0	7.0	2.0	3.0	2.0
2026-10-05	15:45	Telstar	Heracles	3	0	H	0	0	D	12	7	7	1	12	12	6	7	1	3	0	1	1.36	5.25	7.5	1.35	5.75	7.25													1.36	5.75	8.0	1.32	5.39	7.38	1.4	2.88			1.4	3.0	1.37	2.9	-1.5	1.9	1.9			1.9	1.9	1.84	1.86	1.44	4.75	6.5	1.47	4.8	6.0													1.48	5.33	6.75	1.41	4.87	6.19	1.44	2.7			1.44	2.88	1.4	2.73	-1.25	1.9	1.9			1.9	1.9	1.85	1.86	eredivisie							1.35	5.7	8.4	1.01	1.25									1.47	5.2	7.4	1.47	3.05	1.97	1.96	1.3	5.5	7.5	1.33	5.3	7.5	1.3	5.5	8.0	1.35	5.75	7.0	1.35	5.75	7.0	1.4	4.6	6.5	1.38	4.9	6.75	1.44	5.0	6.5				1.48	4.8	5.75	1	0	0	Telstar	0	0	1	3	0	1.0	3.0	0	0	1	2026	0	0	184.0	95.0	telstar	1.75	7	0.5	2	12.5	50	5.25	-0.5	0.0	-0.5	0.6	15	0.32	8	8.88	222	2.64	-0.52	-1.72	-0.6	0.7352941176470588	0.19047619047619047	0.13333333333333333	0.6942607775720708	0.1798466014281936	0.12589262099973553	0.059103641456582645				-0.041033340074987934	-0.007440712333597804	-0.010629589047996879	0.2590476190476191	1.4285714285714286	0.18133333333333335	0.06150793650793651	2.1399999999999997	0.05263157894736836				0	Unknown	Unknown	Normal	3.475	0.05847953216374269	2.0	-1.0	2.4	0.07281571477942125	2.0	-2.0	0.0487012915188064	0.13070488567277405	0.3758462398242517	0.44474758298416783	0.22678089646301738	0.10897839377264615	0.22690467548792462	0.4352780821795215	0.22883884855990777	0.5936944218899025	0.0	0.0	0.0	-1.005323582802017	-0.8321384564687361	-0.17318512633328098	-2.0	-7.0	0.0	0.1	0.5	0.5	-0.5	-0.4	1.0	3.0	-2.0	0.0	1.0
2026-10-05	15:45	For Sittard	Zwolle	3	2	H	1	0	H	12	8	4	3	7	11	6	5	0	1	0	0	2.1	3.6	3.2	2.1	3.8	3.1													2.1	3.95	3.2	2.06	3.76	3.08	1.53	2.4			1.53	2.75	1.48	2.5	-0.25	1.83	1.98			1.83	1.98	1.79	1.92	2.2	3.6	3.0	2.2	3.6	3.0													2.24	3.8	3.1	2.16	3.59	2.98	1.57	2.35			1.6	2.5	1.55	2.32	-0.25	1.9	1.9			1.93	1.9	1.86	1.84	eredivisie							2.08	4.0	3.2	1.56	2.6									2.22	3.8	3.4	1.63	2.56	1.94	2.04	2.05	3.75	3.0	2.0	3.95	3.2	2.1	3.75	3.1	2.1	3.8	3.1	2.1	3.8	3.1	2.15	3.6	2.88	2.16	3.55	3.05	2.15	3.8	3.1				2.2	3.6	3.0	1	0	0	For Sittard	1	0	0	3	0	4.0	2.0	0	0	0	2026	1	2	63.0	4.0	for_sittard	1.4285714285714286	50	0.6857142857142857	24	13.8	483	4.457142857142857	0.4	0.02857142857142857	0.574074074074074	1.25	30	0.4166666666666667	10	9.666666666666666	232	3.7916666666666665	-0.5	-1.1666666666666667	-0.4230769230769231	0.47619047619047616	0.2777777777777778	0.3125	0.44651162790697674	0.26046511627906976	0.2930232558139535	0.06646825396825395				-0.029678848283499426	-0.019476744186046502	-0.017312661498708026	0.5833333333333334	0.888888888888889	0.65625	0.0702614379084967	1.9649999999999999	0.0514985924821989				0	Unknown	Unknown	Normal	2.2399999999999998	0.09348570330434489	4.0	-1.0	2.18	0.1059301762293479	2.0	-2.4	0.13155408037545593	0.24463900392845023	0.42178950747384175	0.20201740822225206	0.5917728502822986	0.17767471545242758	0.233079879597429	0.3795341933212348	0.2097112116289086	0.3140075837435282	0.25	0.5	-0.25	-0.6137765031843894	-0.027194067204860648	-0.5865824359795287	-4.0	-5.0	0.3	0.0	0.3	0.2	-0.5	-0.7	4.0	2.0	2.0	1.0	0.0
2026-11-01	13:30	Go Ahead Eagles	For Sittard	2	2	D	1	1	D	23	12	8	5	10	9	9	1	0	1	0	0	2.2	3.75	3.1	2.15	3.7	3.1				2.18	3.83	3.02							2.2	3.75	3.25	2.12	3.65	3.11	1.67	2.15	1.68	2.21	1.67	2.25	1.63	2.16	-0.25	1.9	1.9	1.92	1.93	1.9	1.98	1.82	1.91	1.85	3.9	3.9	1.85	3.7	4.0				1.88	3.89	4.05							1.96	3.9	4.1	1.88	3.69	3.82	1.73	2.08	1.75	2.16	1.73	2.14	1.68	2.07	-0.5	1.83	1.98	1.89	2.02	1.95	1.98	1.82	1.89	eredivisie							2.22	3.75	3.25	1.68	2.18									1.93	3.9	4.2	1.79	2.2	1.92	2.04	2.1	3.5	3.1	2.07	3.6	3.25	2.15	3.6	3.1	2.15	3.7	3.1	2.15	3.7	3.1	1.9	3.6	3.75	1.95	3.65	3.5	1.83	3.8	4.1	1.85	3.7	4.0	1.85	3.6	4.0	0	0	1		0	0	1	1	1	7.0	2.0	0	1	2	2026	4	0	27.0	211.0	go_ahead_eagles	1.7096774193548387	53	0.7741935483870968	24	15.096774193548388	468	6.193548387096774	-0.0967741935483871	0.12903225806451613	0.15789473684210525	1.0526315789473684	20	0.3684210526315789	7	8.842105263157896	168	3.263157894736842	-0.5263157894736842	-1.0	-0.35	0.45454545454545453	0.26666666666666666	0.3225806451612903	0.43547480801648253	0.2554785540363364	0.3090466379471811	0.04379276637341145				-0.019070646528972002	-0.01353400721410919	-0.01118811263033026	0.5866666666666667	0.8266666666666667	0.7096774193548387	0.06391867427934828	1.91	0.05263157894736836				0	Unknown	Unknown	Normal	4.1899999999999995	0.15010226930756732	3.0	0.0	1.8399999999999999	0.1794057103897977	2.0	-1.2	0.03549407213744486	0.10013743983519638	0.3132321787031723	0.5511363093241864	0.5867910275179544	0.23625281891523472	0.26594281732724057	0.3410616527186774	0.15674271103884735	0.490192628613891	0.8	0.0	0.8	0.5608647356684938	-0.8321384564687361	1.39300319213723	-1.0	-3.0	0.1	0.1	0.1	0.2	-0.7000000000000001	-0.8	7.0	2.0	5.0	2.0	0.0
2026-11-01	13:30	Telstar	Ajax	2	3	A	0	2	A	7	16	3	10	6	6	8	3	1	1	1	0	3.8	4.0	1.85	3.7	3.9	1.88				3.83	4.05	1.83							3.95	4.0	1.9	3.76	3.86	1.84	1.57	2.35	1.56	2.44	1.57	2.38	1.54	2.34	0.5	1.95	1.85	2.01	1.85	1.95	1.85	1.91	1.8	3.7	3.9	1.91	3.9	3.8	1.85				4.09	3.93	1.87							4.1	4.0	1.91	3.91	3.8	1.83	1.62	2.25	1.63	2.33	1.65	2.3	1.6	2.22	0.5	1.93	1.88	2.04	1.88	2.0	1.88	1.92	1.79	eredivisie							4.0	4.1	1.9	1.59	2.46									4.3	3.95	1.92	1.65	2.48	2.05	1.93	3.6	3.75	1.9	3.9	3.8	1.81	3.75	3.9	1.83	3.7	3.9	1.85	3.7	3.9	1.85	4.0	3.75	1.8	4.1	3.8	1.78	4.0	4.0	1.83	3.9	3.9	1.85	3.8	3.8	1.85	0	1	0	Ajax	0	1	0	0	3	4.0	3.0	0	0	0	2026	3	3	27.0	91.0	telstar	1.75	7	0.5	2	12.5	50	5.25	-0.5	0.0	-0.5	2.0344827586206895	59	0.8620689655172413	25	12.96551724137931	376	5.517241379310345	0.3448275862068966	0.5172413793103449	0.30833333333333335	0.2631578947368421	0.25	0.5405405405405405	0.249746878164023	0.23725953425582186	0.5129935875801553	0.053698435277382384				-0.013411016572819096	-0.027546952960385118	-0.012740465744178142	0.95	0.4625	2.054054054054054	0.06247459005285272	1.96	0.053361053361053346				0	Unknown	Unknown	Normal	3.533333333333333	0.12163098287500201	5.0	0.3333333333333333	2.1000000000000005	0.09704321774460087	2.0	-0.6	0.04113123727212272	0.11875913046266838	0.3784905102984199	0.46161912196678906	0.7199369647939954	0.1436363261045332	0.25828631532486873	0.4238736727163778	0.17420368585422025	0.7814012555115457	1.0	0.6	0.4	0.16931765605086604	0.37527812742707706	-0.205960471376211	1.0	-2.0	0.3333333333333333	0.4	0.3333333333333333	0.1	-0.5666666666666667	-0.2666666666666667	4.0	3.0	1.0	1.0	0.0
2026-11-01	15:45	Sparta Rotterdam	Heracles	2	0	H	1	0	H	22	6	9	2	6	16	9	5	1	3	0	0	1.85	3.75	4.1	1.87	3.75	3.9				1.81	3.79	4.23							1.87	3.9	4.1	1.81	3.78	3.93	1.57	2.35	1.57	2.42	1.6	2.38	1.56	2.3	-0.5	1.8	2.0	1.81	2.04	1.8	2.05	1.75	1.96	1.85	3.7	4.2	1.82	3.8	4.1				1.88	3.72	4.29							1.85	3.95	4.35	1.8	3.74	4.13	1.65	2.2	1.68	2.29	1.67	2.25	1.62	2.18	-0.5	1.83	1.98	1.88	2.03	1.83	2.05	1.77	1.95	eredivisie							1.84	4.0	4.3	1.51	1.25									1.93	3.85	4.4	1.7	2.36	1.93	2.06	1.8	3.75	4.0	1.81	3.85	3.9	1.8	3.9	3.9	1.85	3.75	3.9	1.85	3.7	3.9	1.8	3.75	4.0	1.74	3.85	4.2	1.8	3.9	4.2	1.83	3.8	4.0	1.8	3.8	4.0	1	0	0	Sparta Rotterdam	1	0	0	3	0	11.0	0.0	0	1	2	2026	2	0	90.0	27.0	sparta_rotterdam	1.3571428571428572	38	0.5	14	14.857142857142858	416	5.107142857142857	0.10714285714285714	0.0	0.2156862745098039	0.6	15	0.32	8	8.88	222	2.64	-0.52	-1.72	-0.6	0.5405405405405405	0.26666666666666666	0.24390243902439027	0.51425704490342	0.25370014215235387	0.23204281294422613	0.051109646231597416				-0.026283495637120513	-0.011859626080164137	-0.012966524514312794	0.49333333333333335	1.0933333333333333	0.451219512195122	0.06247459005285272	1.96	0.05555555555555558				0	Unknown	Unknown	Normal	3.4799999999999995	0.11586963532691537	6.0	1.0	1.8700000000000003	0.047970994282526845	2.0	-2.8	0.04099225941739096	0.11928216964473189	0.38599192312780095	0.45373364781007625	0.8650996336227772	0.17402123830080934	0.28209619321321605	0.4117714079648884	0.13211116052108618	0.4453430483807286	0.6666666666666666	0.0	0.6666666666666666	-0.22222942356676167	-0.8321384564687361	0.6099090329019744	0.0	-10.0	0.4	0.1	0.2	0.5	-0.09999999999999998	-0.7000000000000001	11.0	0.0	11.0	3.0	0.0
2026-11-01	11:15	Heerenveen	Feyenoord	2	2	D	1	2	A	16	7	7	3	11	6	5	3	1	0	0	0	3.1	3.8	2.15	2.95	3.8	2.2				3.05	3.9	2.14							3.15	3.8	2.2	3.0	3.73	2.13	1.53	2.4	1.54	2.5	1.55	2.5	1.51	2.41	0.25	1.95	1.85	1.96	1.89	1.95	1.9	1.9	1.8	2.8	3.75	2.35	2.8	3.7	2.3				2.82	3.9	2.37							2.88	3.8	2.35	2.78	3.69	2.3	1.57	2.35	1.54	2.58	1.58	2.45	1.53	2.36	0.25	1.78	2.03	1.83	2.09	1.8	2.04	1.77	1.94	eredivisie							3.15	3.9	2.26	1.55	2.58	1.98	1.97							3.0	3.9	2.4	1.58	2.68	1.89	2.09	3.1	3.6	2.1	3.0	3.65	2.16	3.0	3.8	2.1	3.0	3.8	2.2	2.9	3.75	2.15	2.8	3.5	2.3	2.75	3.65	2.32	2.88	3.8	2.3	2.8	3.7	2.3	2.8	3.7	2.3	0	0	1		0	1	0	1	1	6.0	8.0	0	1	0	2026	4	8	181.0	90.0	heerenveen	1.7692307692307692	46	1.0384615384615385	27	15.384615384615385	400	5.5	0.19230769230769232	0.34615384615384615	0.03571428571428571	2.0	60	1.0333333333333334	31	15.3	459	6.233333333333333	0.3333333333333333	0.8333333333333334	0.14814814814814814	0.3225806451612903	0.2631578947368421	0.46511627906976744	0.3069697538981777	0.250422693969566	0.4426075521322562	0.050854818967899895				-0.015610891263112603	-0.022508726937511214	-0.012735200767276078	0.8157894736842106	0.5657894736842105	1.4418604651162792	0.0702614379084967	1.9649999999999999	0.053361053361053346				0	Unknown	Unknown	Normal	4.209999999999999	0.08186526995924405	6.0	0.2	2.9	0.08329758006434486	4.0	0.0	0.03764359653236769	0.10397734489732995	0.31960749688719126	0.538771561683111	0.8723687240311625	0.08293125105578404	0.17663993797870559	0.40439263750774385	0.3360361734577665	0.9461910745569814	1.3333333333333333	1.1428571428571428	0.19047619047619047	0.5608647356684938	2.3876391005867657	-1.826774364918272	3.0	-3.0	0.0	0.4	0.1	0.3	-0.7	-0.5	6.0	8.0	-2.0	1.0	2.0
2026-11-02	20:00	Nijmegen	Utrecht	1	3	A	0	2	A	24	11	7	5	6	16	5	0	3	2	0	0	1.73	3.9	4.75	1.72	4.1	4.33													1.73	4.1	4.75	1.72	3.91	4.33	1.62	2.25			1.62	2.38	1.59	2.23	-0.75	1.9	1.9			1.94	1.91	1.89	1.86	1.67	3.9	5.0	1.71	3.9	4.5													1.71	4.1	5.0	1.68	3.88	4.62	1.62	2.25			1.67	2.28	1.61	2.19	-0.75	1.85	1.95			1.91	1.95	1.85	1.89	eredivisie							1.77	4.2	4.7	1.65	2.4	1.97	1.97							1.77	4.0	5.2	1.74	2.32	1.97	1.99	1.73	3.75	4.2	1.73	3.85	4.35	1.7	3.9	4.4	1.73	4.0	4.33	1.7	4.0	4.33	1.67	4.0	4.5	1.68	3.85	4.6	1.67	4.1	4.8							0	1	0	Utrecht	0	1	0	0	3	13.0	8.0	0	0	1	2026	7	5	91.0	28.0	nijmegen	1.896551724137931	55	0.4827586206896552	14	14.758620689655173	428	5.620689655172414	-0.1724137931034483	0.3793103448275862	-0.2427536231884058	1.9285714285714286	54	0.6785714285714286	19	12.964285714285714	363	4.535714285714286	0.03571428571428571	0.42857142857142855	0.17592592592592593	0.5780346820809249	0.25641025641025644	0.21052631578947367	0.5531584526493378	0.2453754161752191	0.20146613117544301	0.04497125428065507				-0.02487622943158707	-0.009060184614030659	-0.011034840235037341	0.44358974358974357	1.217948717948718	0.3642105263157895	0.061728395061728225	1.935	0.05263157894736836				0	Unknown	Unknown	Normal	4.21	0.13607578636032866	8.0	1.8	2.8899999999999997	0.1320096252397993	5.0	0.2	0.024712626844366807	0.08439452194855428	0.32568706403064207	0.5652057871764369	1.0530713726204795	0.06508177633177983	0.16868752248069513	0.4368352367205205	0.3293954644670045	0.8023595224838989	1.75	1.0	0.75	1.735505974521377	1.1802225166909526	0.5552834578304244	6.0	0.0	0.3	0.1	0.0	0.2	-0.5	-0.9	13.0	8.0	5.0	4.0	2.0
2026-11-02	17:45	Go Ahead Eagles	Heerenveen	1	3	A	0	0	D	13	19	6	10	8	14	8	4	1	0	0	0	2.6	3.75	2.5	2.55	3.8	2.5													2.64	3.8	2.5	2.57	3.62	2.46	1.6	2.3			1.62	2.3	1.58	2.26	0.0	1.95	1.85			1.95	1.85	1.89	1.82	2.6	3.75	2.5	2.6	3.6	2.5													2.6	3.75	2.6	2.57	3.56	2.52	1.57	2.35			1.61	2.35	1.58	2.25	0.0	1.93	1.88			1.93	1.91	1.87	1.84	eredivisie							2.78	3.8	2.6	1.65	2.38	2.06	1.92							2.74	3.85	2.62	1.66	2.46	2.03	1.96	2.6	3.5	2.4	2.63	3.45	2.5	2.6	3.6	2.45							2.5	3.4	2.6	2.55	3.45	2.55	2.6	3.7	2.55							0	1	0	Heerenveen	0	0	1	0	3	5.0	6.0	1	0	0	2026	5	6	1.0	28.0	go_ahead_eagles	1.7096774193548387	53	0.7741935483870968	24	15.096774193548388	468	6.193548387096774	-0.0967741935483871	0.12903225806451613	0.15789473684210525	1.1666666666666667	35	0.4666666666666667	14	11.866666666666667	356	3.8666666666666667	-0.26666666666666666	-0.7666666666666667	0.13333333333333333	0.3846153846153846	0.26666666666666666	0.4	0.3658536585365854	0.2536585365853659	0.38048780487804884	0.0512820512820511				-0.018761726078799168	-0.01951219512195118	-0.01300813008130075	0.6933333333333334	0.6666666666666666	1.04	0.05978260869565233	1.95	0.053361053361053346				0	Unknown	Unknown	Normal	4.68	0.12346224266754069	4.0	-0.2	2.16	0.09365801445009365	2.0	-1.2	0.02258317883846207	0.06891097840999467	0.2626065670754757	0.6458992756760675	0.6133401102996576	0.16715555354669343	0.23283014169973892	0.3985705547084132	0.20144375004515447	0.524204393230053	0.8333333333333334	1.2	-0.3666666666666666	0.9524118152861215	1.5826947113228902	-0.6302828960367687	-1.0	-4.0	0.1	0.1	0.1	0.3	-0.6	-0.8	5.0	6.0	-1.0	1.0	2.0
2026-11-04	17:45	Sparta Rotterdam	PSV Eindhoven	0	2	A	0	1	A	9	18	4	5	6	12	2	5	1	6	0	0	4.0	4.2	1.75	3.6	4.2	1.82													4.0	4.33	1.82	3.75	4.16	1.75	1.4	2.88			1.4	3.0	1.37	2.9	0.5	2.05	1.75			2.05	1.75	1.99	1.72	3.4	4.2	1.9	3.3	4.33	1.9													3.6	4.33	1.91	3.34	4.18	1.87	1.33	3.4			1.33	3.5	1.3	3.27	0.5	1.93	1.88			1.93	1.9	1.86	1.83	eredivisie							4.0	4.6	1.81	1.43	3.15	2.16	1.81							3.6	4.5	1.97	1.35	3.7	2.02	1.97	3.6	4.2	1.73	3.9	4.1	1.74	3.8	4.2	1.75							3.2	4.0	1.9	3.4	4.2	1.84	3.4	4.33	1.91	3.3	4.33	1.91	3.3	4.2	1.91	0	1	0	PSV Eindhoven	0	1	0	0	3	11.0	13.0	0	1	1	2026	5	7	3.0	30.0	sparta_rotterdam	1.3571428571428572	38	0.5	14	14.857142857142858	416	5.107142857142857	0.10714285714285714	0.0	0.2156862745098039	2.5806451612903225	80	1.0	31	17.806451612903224	552	6.870967741935484	0.5161290322580645	1.5161290322580645	0.32666666666666666	0.25	0.23809523809523808	0.5714285714285714	0.23595505617977527	0.2247191011235955	0.5393258426966292	0.059523809523809534				-0.014044943820224726	-0.0321027287319422	-0.013376136971642583	0.9523809523809523	0.41666666666666663	2.2857142857142856	0.06150793650793651	2.1399999999999997	0.059233449477351874				0	Unknown	Unknown	Normal	4.1	0.10091133159855817	5.0	1.0	3.9400000000000004	0.20714454626414752	8.0	1.8	0.020862044704900388	0.0769330401612632	0.3304413975854733	0.5717635175483633	0.7063184254170377	0.0638643592565731	0.12147108758272496	0.29653428163094825	0.5181302715297538	0.9074866576712705	1.25	1.75	-0.5	0.9524118152861215	1.985166905954828	-1.0327550906687066	2.0	4.0	0.4	0.2	0.2	0.0	-0.6	-0.6000000000000001	11.0	13.0	-2.0	3.0	4.0
2026-11-04	15:30	Utrecht	Telstar	4	1	H	1	0	H	18	13	9	7	9	5	7	5	2	1	0	0	1.62	3.7	6.0	1.63	4.0	5.0													1.63	4.2	6.33	1.58	3.92	5.33	1.6	2.3			1.62	2.3	1.58	2.24	-1.0	1.98	1.83			2.0	1.83	1.93	1.79	1.62	3.8	5.75	1.61	4.1	5.25													1.62	4.5	5.8	1.57	4.05	5.32	1.53	2.4			1.53	2.63	1.49	2.47	-1.0	1.95	1.85			1.95	1.85	1.89	1.82	eredivisie							1.62	4.0	6.8	1.57	2.34	2.01	1.89							1.63	4.4	6.0	1.57	2.72	2.01	1.94	1.57	4.0	5.0	1.56	3.95	5.5	1.57	4.2	5.0							1.57	4.2	4.6	1.52	4.1	5.8	1.57	4.5	5.25	1.61	4.0	5.25	1.61	4.0	5.25	1	0	0	Utrecht	1	0	0	3	0	12.0	6.0	0	0	0	2026	6	5	94.0	93.0	utrecht	1.6774193548387097	52	0.5161290322580645	16	14.741935483870968	457	5.483870967741935	0.12903225806451613	0.6451612903225806	-7.93016446160826e-18	1.125	9	0.375	3	12.375	99	4.375	-0.25	-0.375	-0.5	0.6172839506172839	0.27027027027027023	0.16666666666666666	0.5855356860262699	0.2563696787466371	0.15809463522709288	0.05422088755422094				-0.031748264591013986	-0.008572031439573774	-0.013900591523633155	0.43783783783783786	1.6216216216216215	0.27	0.05978260869565233	1.95	0.0514985924821989				0	Unknown	Unknown	Normal	3.84	0.11700044873169699	4.0	1.6	2.69	0.08931103826818564	6.0	0.2	0.05015553622906634	0.12615708001725023	0.34019151753037286	0.48349586622331053	0.9353648474907346	0.16491215905187978	0.19337053036839796	0.32991248937922496	0.31180482120049735	0.3335657392911155	1.5	1.25	0.25	1.343958894903749	1.1802225166909526	0.16373637821279652	3.0	3.0	0.5	0.14285714285714285	0.3	0.2857142857142857	-0.2142857142857143	-0.5571428571428572	12.0	6.0	6.0	4.0	1.0
2026-11-04	20:00	Heracles	Ajax	0	3	A	0	2	A	15	18	3	6	10	4	7	5	2	0	0	1	5.25	4.33	1.57	5.0	4.5	1.58													5.75	4.5	1.59	5.1	4.27	1.54	1.5	2.5			1.52	2.63	1.48	2.5	1.0	1.88	1.93			1.88	1.95	1.82	1.89	5.25	4.5	1.53	5.25	4.6	1.55													5.75	4.75	1.55	5.27	4.4	1.52	1.44	2.7			1.48	2.75	1.44	2.63	1.0	1.98	1.83			2.0	1.83	1.93	1.79	eredivisie							5.7	4.7	1.59	1.54	2.58	1.97	1.95							5.6	4.8	1.61	1.5	2.94	2.0	1.97	5.0	4.2	1.53	5.75	4.35	1.5	5.25	4.33	1.53							5.0	4.5	1.5	5.5	4.25	1.52	5.5	4.75	1.5	5.25	4.6	1.55	5.0	4.5	1.55	0	1	0	Ajax	0	1	0	0	3	9.0	6.0	0	0	0	2026	4	6	154.0	3.0	heracles	2.1052631578947367	40	0.7894736842105263	15	14.842105263157896	282	5.368421052631579	-0.3157894736842105	0.21052631578947367	-0.1987179487179487	2.0344827586206895	59	0.8620689655172413	25	12.96551724137931	376	5.517241379310345	0.3448275862068966	0.5172413793103449	0.30833333333333335	0.19047619047619047	0.23094688221709006	0.6369426751592356	0.17997199064943042	0.2182108431661685	0.6018171661844011	0.05836574785251614				-0.010504199826760041	-0.035125508974834574	-0.01273603905092155	1.2124711316397228	0.3625866050808314	3.343949044585987	0.06666666666666665	2.0	0.05004960864292807				0	Unknown	Unknown	Normal	3.3599999999999994	0.10227807009352659	3.0	0.6	2.64	0.11450831829192268	5.0	-0.2	0.056203556679901914	0.1421307293640696	0.3828412466048597	0.41882446735116885	0.7822186333276286	0.12671208475975385	0.22096037924277664	0.37263292085156163	0.2796946151459078	0.8518392871875526	1.3333333333333333	1.0	0.33333333333333326	0.5608647356684938	1.5826947113228902	-1.0218299756543963	1.0	-1.0	0.1	0.3	0.1	0.1	-0.8	-0.6000000000000001	9.0	6.0	3.0	2.0	1.0
2026-11-04	19:00	Groningen	Go Ahead Eagles	0	0	D	0	0	D	24	10	5	2	5	5	8	5	0	0	0	0	1.85	4.0	3.8	1.87	4.0	3.7													1.87	4.0	3.85	1.82	3.88	3.69	1.53	2.4			1.53	2.63	1.5	2.45	-0.5	1.83	1.98			1.83	2.0	1.79	1.92	1.7	4.2	4.33	1.73	4.1	4.2													1.8	4.2	4.4	1.72	4.03	4.1	1.5	2.5			1.5	2.63	1.48	2.51	-0.75	1.88	1.93			1.9	1.93	1.85	1.85	eredivisie							1.91	4.2	3.9	1.58	2.48	1.91	2.02							1.77	4.3	4.7	1.56	2.7	1.96	2.01	1.8	4.0	3.6	1.83	3.85	3.75	1.83	3.9	3.75							1.7	4.0	4.0	1.73	3.95	4.1	1.7	4.2	4.4	1.73	4.2	4.2	1.73	4.0	4.2	0	0	1		0	0	1	1	1	7.0	7.0	0	0	1	2026	7	5	30.0	244.0	groningen	1.4761904761904763	31	0.9047619047619048	19	14.19047619047619	298	5.333333333333333	0.38095238095238093	0.14285714285714285	0.4375	1.2142857142857142	34	0.5714285714285714	16	11.821428571428571	331	3.7142857142857144	-0.07142857142857142	-0.25	-0.25	0.5405405405405405	0.25	0.2631578947368421	0.5129935875801552	0.2372595342558218	0.24974687816402294	0.053698435277382606				-0.02754695296038523	-0.013411016572819151	-0.012740465744178198	0.4625	0.95	0.48684210526315796	0.0702614379084967	1.9649999999999999	0.0514985924821989				0	Unknown	Unknown	Normal	3.09	0.13958677201795408	3.0	0.2	2.36	0.11006091232996232	4.0	0.2	0.05206502560523536	0.14622865116409992	0.4279750714445848	0.37373125178607997	0.9327880869032199	0.13307461049581348	0.22491389393716305	0.4075907021545085	0.23442079341251496	0.47471291692536566	1.1666666666666667	1.25	-0.08333333333333326	1.735505974521377	1.1802225166909526	0.5552834578304244	1.0	1.0	0.2	0.2	0.2	0.0	-0.8	-0.6000000000000001	7.0	7.0	0.0	2.0	1.0
2026-12-04	15:45	AZ Alkmaar	Heerenveen	3	0	H	2	0	H	23	7	10	1	5	10	6	6	1	1	0	0	1.7	4.33	4.33	1.7	4.4	4.2													1.7	4.4	4.33	1.65	4.28	4.18	1.36	3.1			1.38	3.1	1.35	2.97	-0.75	1.85	1.95			1.85	1.95	1.79	1.91	1.65	4.33	4.75	1.68	4.2	4.5													1.73	4.4	4.75	1.67	4.17	4.27	1.44	2.7			1.44	2.85	1.41	2.72	-0.75	1.8	2.0			1.85	2.0	1.79	1.92	eredivisie							1.74	4.4	4.4	1.4	3.15									1.74	4.5	4.7	1.47	3.05	1.93	2.03	1.62	4.2	4.2	1.65	4.35	4.2	1.67	4.33	4.2							1.62	4.2	4.2	1.72	4.0	4.1	1.65	4.4	4.6							1	0	0	AZ Alkmaar	1	0	0	3	0	11.0	9.0	0	0	1	2026	8	9	64.0	32.0	az_alkmaar	1.8666666666666667	56	0.9666666666666667	29	17.266666666666666	518	6.3	0.4666666666666667	0.9333333333333333	0.3083333333333333	1.1666666666666667	35	0.4666666666666667	14	11.866666666666667	356	3.8666666666666667	-0.26666666666666666	-0.7666666666666667	0.13333333333333333	0.5882352941176471	0.23094688221709006	0.23094688221709006	0.5601552393272963	0.21992238033635186	0.21992238033635186	0.050129058551827255				-0.028080054790350806	-0.011024501880738197	-0.011024501880738197	0.3926096997690531	1.0	0.3926096997690531	0.057874762808349134	2.23	0.053361053361053346				0	Unknown	Unknown	Normal	4.159999999999999	0.10696620830969036	4.0	1.2	2.6700000000000004	0.10705360899752066	5.0	-0.4	0.0229622121287426	0.08118910978341752	0.3280266421594417	0.5678220359283982	1.1995937392834186	0.15649000556024825	0.20473678621910266	0.34382863800901137	0.29494457021163767	0.5071838482102019	1.6	1.5	0.10000000000000009	2.1270530541390045	2.7901112952187033	-0.6630582410796988	3.0	-2.0	0.4	0.1	0.0	0.3	-0.29999999999999993	-0.9	11.0	9.0	2.0	3.0	3.0
2026-12-04	13:30	Zwolle	Excelsior	2	2	D	1	1	D	15	16	5	3	10	13	5	2	0	1	0	0	2.2	3.7	3.1	2.15	3.7	3.1													2.2	4.0	3.25	2.11	3.65	3.04	1.62	2.25			1.62	2.28	1.59	2.24	-0.25	1.88	1.93			1.88	1.93	1.83	1.88	2.25	3.6	3.0	2.2	3.7	3.0													2.3	3.7	3.1	2.18	3.57	3.0	1.73	2.08			1.73	2.2	1.66	2.12	-0.25	1.98	1.83			1.98	1.85	1.9	1.81	eredivisie							2.0	3.85	3.1	1.21	1.96	1.78	2.01							2.36	3.65	3.2	1.81	2.2	2.03	1.94	2.1	3.6	3.0	2.04	3.65	3.2	2.15	3.6	3.1							2.2	3.5	2.88	2.12	3.6	3.05	2.3	3.6	3.0							0	0	1		0	0	1	1	1	5.0	6.0	1	0	0	2026	4	6	155.0	64.0	zwolle	1.2105263157894737	23	0.5263157894736842	10	13.263157894736842	252	4.526315789473684	0.05263157894736842	-0.05263157894736842	0.2166666666666667	1.2272727272727273	27	0.6818181818181818	15	9.545454545454545	210	4.090909090909091	-0.5454545454545454	-1.4545454545454546	-0.5625	0.45454545454545453	0.27027027027027023	0.3225806451612903	0.43397654180855094	0.2580401059402194	0.3079833522512297	0.04739636997701502				-0.02056891273690359	-0.014597292910060622	-0.012230164330050808	0.5945945945945946	0.8378378378378378	0.7096774193548387	0.061728395061728225	1.935	0.05004960864292807				0	Unknown	Unknown	Normal	2.69	0.045641092126924535	2.0	-0.2	2.88	0.12377459522947554	6.0	-1.4	0.10023243287555665	0.20389957127578762	0.4069206648999374	0.2889473309487184	1.094089398735789	0.09315824599461262	0.1895416941755303	0.39147826382762185	0.3258217960022353	0.5171695709851015	1.0	1.5	-0.5	0.5608647356684938	1.5826947113228902	-1.0218299756543963	0.0	-1.0	0.4	0.1	0.4	0.2	-0.4	-0.5	5.0	6.0	-1.0	1.0	2.0
2026-12-04	13:30	Nijmegen	Feyenoord	1	1	D	0	1	A	15	13	4	5	17	14	4	1	3	4	0	0	2.05	4.1	3.1	2.2	4.0	2.8													2.25	4.1	3.1	2.16	3.84	2.84	1.4	2.88			1.4	3.0	1.37	2.88	-0.25	1.8	2.0			1.95	2.0	1.86	1.85	1.95	4.1	3.5	2.05	3.75	3.3													2.25	4.1	3.5	2.01	3.8	3.22	1.5	2.5			1.5	2.65	1.46	2.56	-0.5	1.95	1.85			2.0	1.85	1.95	1.76	eredivisie							2.26	4.1	3.15	1.41	3.0	1.98	2.0							2.08	4.0	3.55	1.55	2.8	2.08	1.9	2.15	3.75	2.75	2.12	3.75	2.95	2.15	3.9	2.88							2.0	3.75	3.1	1.97	3.7	3.35	1.95	4.0	3.5							0	0	1		0	1	0	1	1	10.0	9.0	0	1	2	2026	7	9	32.0	33.0	nijmegen	1.896551724137931	55	0.4827586206896552	14	14.758620689655173	428	5.620689655172414	-0.1724137931034483	0.3793103448275862	-0.2427536231884058	2.0	60	1.0333333333333334	31	15.3	459	6.233333333333333	0.3333333333333333	0.8333333333333334	0.14814814814814814	0.48780487804878053	0.24390243902439027	0.3225806451612903	0.4626865671641791	0.23134328358208955	0.3059701492537313	0.054287962234461196				-0.025118310884601425	-0.01661049590755903	-0.012559155442300712	0.5	0.7560975609756099	0.6612903225806451	0.06150793650793651	2.1399999999999997	0.05555555555555558				0	Unknown	Unknown	Normal	4.569999999999999	0.11384019040201247	8.0	1.0	2.95	0.13963560823335894	6.0	0.4	0.01680651747598378	0.06309910429270729	0.285025612396612	0.6350687658346971	0.9620658931885406	0.0730600077161871	0.17052177014183242	0.4133484695786719	0.3430697525633085	0.9794749340135892	1.4	1.125	0.2749999999999999	1.735505974521377	2.7901112952187033	-1.0546053206973263	4.0	-3.0	0.3	0.4	0.0	0.3	-0.39999999999999997	-0.6	10.0	9.0	1.0	3.0	2.0
2026-12-04	11:15	For Sittard	NAC Breda	1	1	D	0	0	D	10	14	2	7	11	12	5	8	2	1	0	0	2.63	3.5	2.55	2.55	3.6	2.55													2.63	3.6	2.7	2.52	3.48	2.54	1.7	2.1			1.7	2.2	1.66	2.12	0.0	1.9	1.9			1.9	1.9	1.86	1.85	2.8	3.3	2.45	2.8	3.4	2.4													2.8	3.6	2.55	2.74	3.39	2.41	1.9	1.9			1.91	2.04	1.8	1.93	0.0	2.0	1.8			2.0	1.8	1.96	1.76	eredivisie							2.6	3.7	2.7	1.71	2.24	1.93	2.01							2.96	3.55	2.56	1.93	2.04	2.15	1.85	2.5	3.5	2.5	2.48	3.35	2.65	2.55	3.5	2.55							2.75	3.3	2.38	2.8	3.4	2.35	2.75	3.4	2.55							0	0	1		0	0	1	1	1	4.0	1.0	1	0	0	2026	4	1	60.0	64.0	for_sittard	1.4285714285714286	50	0.6857142857142857	24	13.8	483	4.457142857142857	0.4	0.02857142857142857	0.574074074074074	0.46153846153846156	6	0.23076923076923078	3	10.846153846153847	141	3.769230769230769	-0.6923076923076923	-1.3846153846153846	-0.6666666666666666	0.3802281368821293	0.2857142857142857	0.3921568627450981	0.35935014998087494	0.2700259698427717	0.3706238801763534	0.058099285341512985				-0.020877986901254364	-0.021532982568744696	-0.01568831587151398	0.7514285714285714	0.7285714285714285	1.031372549019608	0.06442577030812324	1.9	0.05263157894736836				0	Unknown	Unknown	Normal	2.28	0.1232704999658292	6.0	-1.0	1.55	0.0	0.0	-2.0	0.1282652053604402	0.23971664702098588	0.42145648606610636	0.2105616615524676	0.6136518988414925	0.24471306723878575	0.3088263530846721	0.3581714524067297	0.08828912726981242	0.4185059187454357	0.8	0.3333333333333333	0.46666666666666673	0.5608647356684938	-0.42966626183679835	0.9905309975052922	-3.0	-2.0	0.2	0.1	0.3	0.7	-0.10000000000000003	-0.6	4.0	1.0	3.0	1.0	0.0
