MatchDate	KickoffTime	HomeTeam	AwayTeam	FullTimeHomeGoals	FullTimeAwayGoals	FullTimeResult	HalfTimeHomeGoals	HalfTimeAwayGoals	HalfTimeResult	HomeShots	AwayShots	HomeShotsOnTarget	AwayShotsOnTarget	HomeFouls	AwayFouls	HomeCorners	AwayCorners	HomeYellowCards	AwayYellowCards	HomeRedCards	AwayRedCards	Bet365_HomeWinOdds	Bet365_DrawOdds	Bet365_AwayWinOdds	BetWin_HomeWinOdds	BetWin_DrawOdds	BetWin_AwayWinOdds	Interwetten_HomeWinOdds	Interwetten_DrawOdds	Interwetten_AwayWinOdds	Pinnacle_HomeWinOdds	Pinnacle_DrawOdds	Pinnacle_AwayWinOdds	WilliamHill_HomeWinOdds	WilliamHill_DrawOdds	WilliamHill_AwayWinOdds	VCBet_HomeWinOdds	VCBet_DrawOdds	VCBet_AwayWinOdds	Max_HomeWinOdds	Max_DrawOdds	Max_AwayWinOdds	Avg_HomeWinOdds	Avg_DrawOdds	Avg_AwayWinOdds	Bet365_Over2_5GoalsOdds	Bet365_Under2_5GoalsOdds	P>2.5	P<2.5	Max>2.5	Max<2.5	Avg>2.5	Avg<2.5	AHh	Bet365_AH_HomeOdds	Bet365_AH_AwayOdds	PAHH	PAHA	MaxAHH	MaxAHA	AvgAHH	AvgAHA	Bet365_ClosingHomeOdds	Bet365_ClosingDrawOdds	Bet365_ClosingAwayOdds	BWCH	BWCD	BWCA	IWCH	IWCD	IWCA	Pinnacle_ClosingHomeOdds	Pinnacle_ClosingDrawOdds	Pinnacle_ClosingAwayOdds	WHCH	WHCD	WHCA	VCCH	VCCD	VCCA	MaxCH	MaxCD	MaxCA	AvgCH	AvgCD	AvgCA	B365C>2.5	B365C<2.5	PC>2.5	PC<2.5	MaxC>2.5	MaxC<2.5	AvgC>2.5	AvgC<2.5	AHCh	B365CAHH	B365CAHA	PCAHH	PCAHA	MaxCAHH	MaxCAHA	AvgCAHH	AvgCAHA	League	BFH	BFD	BFA	1XBH	1XBD	1XBA	BFEH	BFED	BFEA	BFE>2.5	BFE<2.5	BFEAHH	BFEAHA	BFCH	BFCD	BFCA	1XBCH	1XBCD	1XBCA	BFECH	BFECD	BFECA	BFEC>2.5	BFEC<2.5	BFECAHH	BFECAHA	BFDH	BFDD	BFDA	BMGMH	BMGMD	BMGMA	BVH	BVD	BVA	CLH	CLD	CLA	Ladbrokes_HomeWinOdds	Ladbrokes_DrawOdds	Ladbrokes_AwayWinOdds	BFDCH	BFDCD	BFDCA	BMGMCH	BMGMCD	BMGMCA	BVCH	BVCD	BVCA	CLCH	CLCD	CLCA	LBCH	LBCD	LBCA	HomeWin	AwayWin	Draw	WinningTeam	HalfTimeHomeWin	HalfTimeAwayWin	HalfTimeDraw
2022-05-08	19:00	Heerenveen	Sparta Rotterdam	0	0	D	0	0	D	11	13	2	1	5	8	3	6	1	1	0	0	1.95	3.5	3.8	1.95	3.4	3.9	1.95	3.45	3.8	1.95	3.57	4.24	1.91	3.4	3.9	1.9	3.5	4.0	1.98	3.65	4.24	1.93	3.5	3.96	2.0	1.85	2.02	1.87	2.04	1.88	1.98	1.82	-0.5	1.95	1.95	1.95	1.95	1.97	1.96	1.93	1.89	1.8	3.6	4.33	1.88	3.5	4.1	1.95	3.5	3.9	1.86	3.64	4.58	1.88	3.4	4.2	1.85	3.6	4.1	1.95	3.72	4.58	1.86	3.53	4.16	2.0	1.85	2.01	1.88	2.04	1.9	1.96	1.83	-0.5	1.86	2.04	1.86	2.05	1.91	2.05	1.87	1.96	eredivisie																																																									0	0	1		0	0	1
2022-06-08	15:30	For Sittard	Ajax	2	3	A	1	0	H	13	15	2	4	15	12	3	10	3	0	0	0	13.0	6.5	1.2	12.5	7.25	1.19	11.0	7.0	1.2	11.26	7.35	1.23	13.0	6.5	1.2	13.0	7.0	1.18	14.0	7.4	1.24	11.93	6.87	1.21	1.36	3.1	1.36	3.27	1.4	3.27	1.35	3.11	2.0	1.93	1.97	1.94	1.94	1.99	2.0	1.91	1.92	9.5	5.75	1.25	9.25	6.25	1.26	10.0	6.75	1.25	11.28	6.8	1.24	11.0	6.0	1.24	11.0	6.5	1.22	11.5	7.1	1.27	10.42	6.62	1.24	1.33	3.4	1.36	3.24	1.38	3.74	1.33	3.23	1.75	2.04	1.86	2.01	1.88	2.08	1.89	2.01	1.84	eredivisie																																																									0	1	0	Ajax	1	0	0
2022-06-08	17:45	Cambuur	Excelsior	0	2	A	0	2	A	27	7	8	4	9	5	10	2	1	2	0	0	1.85	4.0	3.8	1.87	3.7	3.9	1.9	3.7	3.7	1.94	4.01	3.77	1.91	3.7	3.6	1.9	3.75	3.7	1.94	4.03	3.9	1.9	3.82	3.71	1.57	2.35	1.63	2.39	1.63	2.45	1.58	2.34	-0.5	1.93	1.97	1.94	1.96	1.94	1.98	1.9	1.92	1.9	4.2	3.5	1.88	3.9	3.7	1.9	3.95	3.6	1.93	4.14	3.74	1.83	3.9	3.75	1.83	4.0	3.7	1.94	4.28	3.86	1.87	4.03	3.69	1.47	2.6	1.51	2.66	1.51	2.79	1.47	2.64	-0.5	1.94	1.96	1.93	1.98	1.96	2.03	1.87	1.96	eredivisie																																																									0	1	0	Excelsior	0	1	0
2022-06-08	19:00	PSV Eindhoven	FC Emmen	4	1	H	3	0	H	11	6	6	2	6	12	3	6	0	1	0	0	1.22	7.5	12.0	1.2	6.75	11.5	1.2	7.0	12.0	1.23	7.13	12.09	1.2	6.0	15.0	1.18	6.5	15.0	1.23	7.5	15.0	1.21	6.73	12.84	1.47	2.6	1.5	2.67	1.53	2.8	1.47	2.64	-2.0	2.04	1.86	2.07	1.83	2.07	1.89	2.01	1.83	1.2	8.0	12.0	1.2	7.0	11.0	1.17	7.25	15.0	1.2	7.58	14.61	1.17	6.5	17.0	1.15	7.0	17.0	1.21	8.58	17.0	1.18	7.33	14.23	1.47	2.6	1.51	2.64	1.52	2.72	1.48	2.62	-2.0	2.0	1.9	1.97	1.92	2.01	2.01	1.9	1.94	eredivisie																																																									1	0	0	PSV Eindhoven	1	0	0
2022-06-08	20:00	Waalwijk	Utrecht	2	2	D	2	0	H	11	11	3	3	8	10	3	7	1	0	0	0	3.5	3.8	1.95	3.7	3.5	1.98	3.6	3.55	2.0	3.74	3.86	1.99	3.75	3.5	1.95	3.75	3.6	1.93	3.85	3.86	2.0	3.67	3.65	1.96	1.83	2.02	1.81	2.07	1.85	2.09	1.78	2.03	0.5	1.93	1.97	1.92	1.99	1.95	1.99	1.88	1.95	3.6	3.8	1.9	3.9	3.7	1.9	3.7	3.65	1.95	4.09	3.91	1.89	3.75	3.6	1.91	3.8	3.6	1.9	4.09	3.91	1.98	3.8	3.72	1.91	1.75	2.05	1.81	2.08	1.84	2.11	1.78	2.03	0.5	1.98	1.92	2.02	1.89	2.02	1.95	1.93	1.9	eredivisie																																																									0	0	1		1	0	0
2022-07-08	11:15	Groningen	Volendam	2	2	D	2	1	H	18	11	6	3	7	11	7	4	0	1	0	0	1.72	4.0	4.33	1.71	3.8	4.8	1.73	3.8	4.4	1.71	4.14	4.9	1.73	3.7	4.5	1.7	3.8	4.6	1.78	4.2	4.9	1.72	3.9	4.59	1.75	2.05	1.77	2.13	1.82	2.17	1.76	2.05	-0.75	1.95	1.95	1.92	1.99	1.98	1.99	1.92	1.92	1.55	4.5	5.0	1.6	4.2	5.25	1.57	4.2	5.25	1.58	4.47	5.68	1.53	4.2	5.5	1.53	4.33	5.5	1.65	4.66	5.75	1.58	4.3	5.31	1.57	2.35	1.63	2.39	1.69	2.42	1.61	2.29	-1.0	1.95	1.95	1.98	1.92	2.06	2.01	1.97	1.87	eredivisie																																																									0	0	1		1	0	0
2022-07-08	13:30	Nijmegen	Twente	0	1	A	0	0	D	11	13	4	2	9	9	6	9	1	1	0	0	3.1	3.6	2.2	3.1	3.4	2.25	3.1	3.4	2.2	3.43	3.61	2.18	3.25	3.3	2.2	3.25	3.4	2.15	3.43	3.67	2.25	3.23	3.48	2.17	1.85	2.0	1.87	2.02	1.87	2.05	1.82	1.98	0.25	2.01	1.89	2.03	1.88	2.03	1.92	1.96	1.87	3.1	3.5	2.15	3.1	3.4	2.25	3.05	3.35	2.25	3.22	3.53	2.3	3.2	3.3	2.2	3.1	3.4	2.25	3.44	3.64	2.35	3.14	3.42	2.24	1.88	1.98	1.9	2.0	1.97	2.0	1.85	1.95	0.25	1.97	1.93	1.92	1.99	1.98	2.01	1.89	1.95	eredivisie																																																									0	1	0	Twente	0	0	1
2022-07-08	13:30	Vitesse	Feyenoord	2	5	A	1	2	A	9	16	3	8	9	12	5	6	2	1	0	0	3.8	3.8	1.9	3.6	3.8	1.93	3.6	3.8	1.95	3.97	4.14	1.87	3.7	3.7	1.88	3.8	3.8	1.83	3.97	4.14	1.95	3.75	3.9	1.87	1.65	2.2	1.67	2.3	1.69	2.38	1.64	2.25	0.5	2.01	1.89	2.05	1.87	2.05	1.92	1.97	1.86	3.75	3.8	1.95	3.6	3.7	1.95	3.5	3.65	2.0	3.64	3.89	2.01	3.8	3.5	1.91	3.5	3.75	1.95	4.03	3.94	2.01	3.62	3.74	1.95	1.65	2.2	1.69	2.26	1.7	2.34	1.65	2.23	0.5	1.9	2.0	1.89	2.01	1.95	2.02	1.88	1.95	eredivisie																																																									0	1	0	Feyenoord	0	1	0
2022-07-08	15:45	AZ Alkmaar	Go Ahead Eagles	2	0	H	0	0	D	19	8	8	2	8	11	7	3	1	1	0	0	1.4	5.0	7.5	1.4	4.8	7.75	1.4	4.9	7.25	1.42	5.01	7.91	1.38	4.5	8.0	1.36	4.8	8.0	1.42	5.1	9.5	1.39	4.85	7.65	1.65	2.2	1.68	2.28	1.7	2.38	1.64	2.23	-1.25	1.92	1.98	1.94	1.96	1.94	2.0	1.89	1.95	1.36	5.0	8.5	1.4	4.6	8.0	1.4	4.6	7.75	1.39	5.04	8.93	1.36	4.5	8.5	1.36	4.6	8.5	1.43	5.1	9.21	1.38	4.72	8.24	1.72	2.07	1.8	2.09	1.82	2.13	1.78	2.02	-1.25	1.86	2.04	1.88	2.03	1.98	2.06	1.89	1.96	eredivisie																																																									1	0	0	AZ Alkmaar	0	0	1
2022-12-08	19:00	Excelsior	Vitesse	3	1	H	2	1	H	11	22	6	6	10	18	1	8	0	0	0	1	3.75	3.75	1.9	3.5	3.8	1.95	3.5	3.7	1.95	3.63	4.11	1.96	3.5	3.7	1.95	3.5	3.8	1.93	3.75	4.11	2.0	3.5	3.88	1.96	1.57	2.35	1.61	2.43	1.63	2.47	1.59	2.35	0.5	1.93	1.97	1.94	1.96	1.95	2.0	1.89	1.95	3.8	4.0	1.8	3.9	4.0	1.8	3.7	3.95	1.83	3.96	4.39	1.82	3.8	3.8	1.83	3.9	4.0	1.8	4.05	4.39	1.93	3.77	4.07	1.84	1.47	2.6	1.51	2.67	1.57	2.75	1.5	2.52	0.5	2.02	1.77	2.1	1.81	2.13	1.93	2.0	1.84	eredivisie																																																									1	0	0	Excelsior	1	0	0
2022-01-09	19:00	AZ Alkmaar	Nijmegen	1	1	D	0	0	D	30	4	13	2	7	10	8	3	1	1	0	0	1.45	4.5	6.5	1.49	4.4	6.25	1.5	4.4	6.0	1.48	4.62	7.14	1.47	4.2	6.5	1.45	4.4	6.5	1.5	4.7	7.2	1.47	4.46	6.46	1.66	2.15	1.67	2.3	1.69	2.36	1.63	2.25	-1.25	2.02	1.77	2.11	1.82	2.13	1.84	2.05	1.79	1.6	4.2	5.25	1.62	4.0	5.25	1.6	4.1	5.25	1.61	4.21	5.85	1.55	3.9	5.8	1.6	4.1	5.25	1.64	4.3	6.0	1.6	4.11	5.39	1.7	2.1	1.74	2.19	1.9	2.21	1.72	2.11	-1.0	2.08	1.82	2.03	1.88	2.12	1.88	2.01	1.83	eredivisie																																																									0	0	1		0	0	1
2022-02-09	19:00	For Sittard	Utrecht	3	4	A	0	0	D	16	26	8	11	8	6	6	8	1	2	0	0	3.1	3.75	2.2	3.1	3.7	2.15	2.95	3.6	2.2	3.23	3.88	2.17	3.0	3.5	2.2	3.1	3.75	2.1	3.23	3.88	2.25	3.07	3.72	2.17	1.57	2.35	1.61	2.42	1.63	2.49	1.57	2.36	0.25	2.0	1.9	2.01	1.9	2.02	1.94	1.94	1.89	3.4	3.75	2.05	3.2	3.75	2.1	3.15	3.7	2.1	3.39	3.91	2.09	3.2	3.6	2.1	3.2	3.8	2.05	3.4	3.95	2.13	3.25	3.79	2.07	1.53	2.4	1.58	2.48	1.62	2.55	1.54	2.44	0.5	1.77	2.02	1.82	2.08	1.85	2.13	1.79	2.06	eredivisie																																																									0	1	0	Utrecht	0	0	1
2022-03-09	15:30	Ajax	Cambuur	4	0	H	2	0	H	22	5	8	3	7	7	9	1	1	2	0	0	1.1	11.0	23.0	1.1	11.0	26.0	1.09	11.0	20.0	1.12	11.27	17.85	1.08	9.5	26.0	1.07	11.0	26.0	1.12	12.0	27.0	1.1	10.66	21.4	1.16	5.0	1.19	4.86	1.19	5.25	1.17	4.72	-2.75	1.89	2.01	1.85	2.02	1.94	2.04	1.86	1.98	1.09	12.0	21.0	1.09	12.0	26.0	1.08	12.0	21.0	1.1	12.43	22.23	1.07	11.0	21.0	1.06	12.0	23.0	1.11	14.1	27.0	1.09	11.61	22.12	1.14	5.5	1.18	5.23	1.19	5.75	1.16	5.04	-3.0	2.02	1.88	1.97	1.9	2.1	1.9	1.99	1.85	eredivisie																																																									1	0	0	Ajax	1	0	0
2022-03-09	17:45	Twente	PSV Eindhoven	2	1	H	2	0	H	18	13	5	6	8	17	4	6	1	2	0	0	3.75	3.75	1.9	3.8	3.7	1.9	3.65	3.65	1.95	3.96	3.91	1.92	3.6	3.7	1.91	3.7	3.8	1.9	4.0	4.0	1.95	3.75	3.83	1.89	1.53	2.4	1.6	2.45	1.6	2.55	1.54	2.44	0.5	1.99	1.91	1.99	1.92	2.02	1.95	1.94	1.91	4.33	3.8	1.75	4.33	4.0	1.75	4.3	3.85	1.75	4.43	4.04	1.79	4.6	3.75	1.7	4.2	4.0	1.73	4.7	4.1	1.79	4.43	3.94	1.74	1.57	2.35	1.6	2.46	1.64	2.46	1.57	2.36	0.75	1.87	2.03	1.9	2.01	1.96	2.04	1.89	1.95	eredivisie																																																									1	0	0	Twente	1	0	0
2022-03-09	19:00	Sparta Rotterdam	Volendam	4	0	H	1	0	H	15	18	9	6	5	0	5	11	0	0	0	0	1.65	3.8	5.5	1.6	4.1	5.25	1.6	3.95	4.6	1.62	4.55	5.14	1.6	4.0	5.25	1.57	4.2	5.25	1.65	4.6	5.5	1.6	4.23	5.1	1.66	2.15	1.64	2.35	1.68	2.4	1.62	2.26	-1.0	2.08	1.73	2.01	1.9	2.08	1.93	2.0	1.85	1.72	3.75	4.75	1.68	4.0	4.6	1.63	4.0	5.0	1.73	4.13	4.74	1.7	3.9	4.4	1.67	4.0	4.6	1.77	4.2	5.0	1.7	4.03	4.61	1.6	2.3	1.62	2.41	1.64	2.43	1.59	2.33	-0.75	1.87	2.03	1.92	1.99	1.92	2.03	1.88	1.96	eredivisie																																																									1	0	0	Sparta Rotterdam	1	0	0
2022-03-09	20:00	Go Ahead Eagles	Feyenoord	3	4	A	2	2	D	10	23	4	11	11	9	6	12	0	0	0	0	8.0	4.75	1.4	7.5	4.8	1.4	7.0	4.9	1.4	7.52	5.38	1.4	8.0	4.75	1.36	8.0	4.8	1.36	8.0	5.38	1.42	7.41	4.99	1.39	1.53	2.4	1.57	2.52	1.57	2.57	1.53	2.44	1.5	1.77	2.02	1.82	2.08	1.84	2.13	1.79	2.05	9.5	5.25	1.3	9.25	5.5	1.31	8.25	5.5	1.33	9.05	5.71	1.34	9.5	5.0	1.3	9.5	5.5	1.29	9.7	5.75	1.36	8.81	5.45	1.32	1.53	2.4	1.56	2.55	1.56	2.61	1.51	2.5	1.5	1.96	1.94	1.99	1.92	2.0	1.99	1.94	1.9	eredivisie																																																									0	1	0	Feyenoord	0	0	1
2022-04-09	11:15	Waalwijk	Excelsior	5	2	H	1	2	A	22	10	9	4	14	6	8	3	1	1	0	0	1.7	4.0	4.75	1.71	4.1	4.4	1.73	4.0	4.3	1.71	4.26	4.73	1.7	4.0	4.4	1.67	4.0	4.5	1.75	4.3	4.8	1.7	4.13	4.47	1.57	2.35	1.59	2.48	1.6	2.5	1.56	2.39	-0.75	1.89	2.01	1.9	2.01	1.91	2.02	1.88	1.97	1.75	4.0	4.5	1.77	4.1	4.0	1.75	3.95	4.0	1.78	4.15	4.43	1.75	3.8	4.2	1.73	4.0	4.2	1.81	4.2	4.5	1.75	4.06	4.23	1.53	2.4	1.54	2.59	1.56	2.66	1.51	2.5	-0.75	1.98	1.92	1.98	1.93	2.01	1.95	1.95	1.9	eredivisie																																																									1	0	0	Waalwijk	0	1	0
2022-04-09	13:30	FC Emmen	AZ Alkmaar	0	3	A	0	3	A	11	15	2	7	5	10	7	1	0	2	0	0	4.0	3.75	1.9	3.8	3.7	1.9	3.65	3.6	1.95	3.98	3.77	1.95	3.75	3.6	1.91	3.75	3.6	1.9	4.1	3.89	1.97	3.8	3.69	1.92	1.61	2.25	1.75	2.16	1.75	2.29	1.68	2.15	0.5	1.99	1.91	1.95	1.95	1.99	1.98	1.92	1.93	4.2	3.5	1.95	3.9	3.6	1.9	3.75	3.45	1.95	4.06	3.64	1.97	3.8	3.4	1.95	3.8	3.5	1.93	4.49	3.74	2.0	3.93	3.56	1.93	1.93	1.93	1.93	1.96	2.01	2.03	1.89	1.9	0.5	1.94	1.96	1.93	1.97	1.98	2.01	1.9	1.94	eredivisie																																																									0	1	0	AZ Alkmaar	0	1	0
2022-04-09	13:30	Heerenveen	Nijmegen	0	0	D	0	0	D	11	12	2	2	8	18	1	5	1	1	1	0	1.9	3.6	4.0	1.98	3.5	3.7	2.0	3.45	3.65	1.96	3.73	3.97	1.95	3.5	3.75	1.9	3.6	3.75	2.0	3.76	4.0	1.95	3.59	3.77	1.75	2.05	1.88	2.02	1.89	2.09	1.79	2.0	-0.5	1.95	1.95	1.96	1.94	2.0	1.98	1.95	1.89	1.7	3.8	5.0	1.73	3.7	4.75	1.73	3.7	4.5	1.72	3.93	5.14	1.73	3.6	4.75	1.7	3.75	4.75	1.8	3.93	5.14	1.73	3.76	4.76	1.9	1.95	1.9	1.99	1.97	2.02	1.85	1.94	-0.75	1.89	2.01	1.93	1.98	1.97	2.03	1.93	1.91	eredivisie																																																									0	0	1		0	0	1
2022-04-09	15:45	Groningen	Vitesse	0	1	A	0	0	D	7	19	0	5	7	10	3	8	1	2	0	0	2.5	3.6	2.7	2.37	3.5	2.8	2.4	3.45	2.8	2.45	3.59	2.94	2.4	3.4	2.8	2.38	3.5	2.75	2.5	3.62	2.94	2.39	3.51	2.82	1.66	2.15	1.79	2.1	1.79	2.15	1.71	2.1	-0.25	2.1	1.7	2.12	1.81	2.13	1.85	2.07	1.78	2.5	3.1	2.9	2.45	3.4	2.85	2.45	3.25	2.8	2.49	3.47	2.96	2.45	3.2	2.88	2.4	3.4	2.8	2.59	3.55	3.0	2.46	3.36	2.85	1.93	1.93	1.93	1.95	1.99	2.01	1.89	1.9	0.0	1.77	2.14	1.79	2.14	1.86	2.2	1.79	2.08	eredivisie																																																									0	1	0	Vitesse	0	0	1
2022-09-09	19:00	Volendam	Go Ahead Eagles	2	3	A	1	1	D	18	11	6	4	10	16	8	10	3	2	0	0	2.5	3.6	2.6	2.5	3.6	2.6	2.5	3.55	2.55	2.62	3.68	2.68	2.55	3.5	2.55	2.5	3.6	2.55	2.62	3.75	2.8	2.53	3.6	2.61	1.6	2.3	1.63	2.38	1.63	2.43	1.59	2.34	0.0	1.91	1.99	1.93	1.97	1.94	2.01	1.9	1.95	2.3	3.6	2.8	2.4	3.7	2.65	2.35	3.6	2.75	2.41	3.72	2.91	2.38	3.5	2.75	2.38	3.6	2.7	2.5	3.8	2.91	2.36	3.65	2.79	1.57	2.35	1.59	2.47	1.6	2.51	1.55	2.4	-0.25	2.11	1.79	2.1	1.83	2.14	1.83	2.05	1.8	eredivisie																																																									0	1	0	Go Ahead Eagles	0	0	1
2022-10-09	15:30	Nijmegen	For Sittard	1	1	D	0	0	D	22	8	6	3	14	23	13	4	0	6	0	1	1.85	3.75	4.0	1.88	3.7	3.9	1.9	3.6	3.8	1.91	3.85	4.07	1.83	3.6	4.0	1.83	3.7	3.9	1.92	3.85	4.15	1.88	3.71	3.91	1.72	2.07	1.79	2.11	1.8	2.14	1.74	2.08	-0.5	1.87	2.03	1.91	2.0	1.91	2.07	1.87	1.97	1.8	3.8	4.0	1.82	3.8	4.0	1.83	3.75	3.95	1.84	4.02	4.2	1.78	3.7	4.2	1.8	3.8	4.0	1.88	4.02	4.31	1.81	3.86	4.08	1.65	2.2	1.68	2.28	1.69	2.31	1.65	2.21	-0.5	1.86	2.04	1.84	2.08	1.89	2.08	1.82	2.02	eredivisie																																																									0	0	1		0	0	1
2022-10-09	17:45	Ajax	Heerenveen	5	0	H	2	0	H	20	5	7	1	3	4	17	3	1	2	0	0	1.18	8.0	12.0	1.19	7.5	14.5	1.2	7.75	12.0	1.21	7.87	11.72	1.18	6.5	15.0	1.15	7.5	15.0	1.22	8.0	15.0	1.19	7.36	12.72	1.28	3.6	1.31	3.54	1.33	3.7	1.29	3.48	-2.25	2.05	1.85	2.07	1.83	2.07	1.89	2.02	1.83	1.2	7.5	11.0	1.2	7.0	14.0	1.2	7.25	12.0	1.21	7.67	12.89	1.18	6.5	15.0	1.17	7.0	15.0	1.22	7.96	15.0	1.2	7.22	12.92	1.36	3.1	1.38	3.16	1.4	3.5	1.35	3.09	-2.0	1.91	1.99	1.91	1.98	1.93	2.04	1.88	1.96	eredivisie																																																									1	0	0	Ajax	1	0	0
2022-10-09	20:00	Excelsior	FC Emmen	2	1	H	0	1	A	13	11	4	4	10	8	6	8	1	2	0	0	3.3	3.4	2.2	3.2	3.5	2.15	3.1	3.45	2.2	3.22	3.73	2.22	3.1	3.5	2.15	3.1	3.6	2.15	3.3	3.73	2.32	3.12	3.58	2.19	1.66	2.15	1.71	2.22	1.73	2.25	1.68	2.16	0.25	1.97	1.93	1.97	1.93	1.99	1.94	1.93	1.9	3.25	3.75	2.1	3.3	3.7	2.05	3.2	3.6	2.1	3.29	3.92	2.15	3.1	3.5	2.15	3.2	3.75	2.05	3.4	3.92	2.23	3.25	3.72	2.1	1.6	2.3	1.61	2.43	1.68	2.44	1.6	2.31	0.25	2.03	1.87	2.03	1.88	2.09	1.89	2.02	1.83	eredivisie																																																									1	0	0	Excelsior	0	1	0
2022-11-09	11:15	Utrecht	Vitesse	1	0	H	0	0	D	12	12	5	5	6	3	10	10	0	1	0	0	1.9	3.75	4.0	1.87	3.7	3.9	1.95	3.7	3.65	1.92	3.96	3.91	1.91	3.6	3.7	1.87	3.7	3.75	1.95	3.98	4.0	1.91	3.77	3.74	1.65	2.2	1.65	2.33	1.69	2.36	1.63	2.25	-0.5	1.94	1.96	1.92	1.98	1.98	2.0	1.91	1.92	2.05	3.8	3.5	2.0	3.75	3.4	2.05	3.65	3.35	2.08	3.81	3.52	2.05	3.6	3.3	2.0	3.8	3.25	2.12	3.92	3.8	2.02	3.75	3.43	1.57	2.35	1.57	2.51	1.61	2.57	1.54	2.42	-0.5	2.08	1.82	2.08	1.84	2.12	1.91	2.02	1.83	eredivisie																																																									1	0	0	Utrecht	0	0	1
2022-11-09	13:30	Cambuur	Groningen	0	1	A	0	0	D	14	10	2	3	9	15	6	4	2	3	0	0	2.15	3.5	3.3	2.15	3.6	3.1	2.15	3.5	3.1	2.18	3.75	3.31	2.15	3.5	3.1	2.1	3.5	3.2	2.29	3.85	3.31	2.15	3.61	3.16	1.7	2.1	1.75	2.17	1.76	2.2	1.71	2.12	-0.25	1.89	2.01	1.9	2.01	1.9	2.03	1.87	1.97	1.95	3.5	4.0	1.93	3.7	3.7	1.95	3.6	3.65	1.97	3.77	3.91	1.88	3.5	3.9	1.93	3.7	3.6	2.02	3.8	4.07	1.95	3.66	3.71	1.7	2.1	1.75	2.17	1.8	2.23	1.72	2.1	-0.5	1.95	1.95	1.97	1.93	2.03	1.95	1.96	1.88	eredivisie																																																									0	1	0	Groningen	0	0	1
2022-11-09	13:30	PSV Eindhoven	Waalwijk	1	0	H	0	0	D	31	9	5	3	5	14	12	3	1	5	0	0	1.16	9.0	12.0	1.17	7.75	17.0	1.17	8.0	14.0	1.16	8.44	17.93	1.15	7.0	17.0	1.14	7.5	17.0	1.18	9.0	19.0	1.16	7.76	15.76	1.3	3.5	1.32	3.49	1.35	3.52	1.31	3.34	-2.25	1.99	1.91	1.94	1.94	2.01	1.94	1.94	1.9	1.22	8.0	11.0	1.2	7.25	13.5	1.2	7.5	12.0	1.2	7.68	13.12	1.18	7.0	12.0	1.17	7.5	13.0	1.23	8.08	14.0	1.19	7.34	12.4	1.33	3.4	1.34	3.38	1.37	3.62	1.32	3.31	-2.0	1.92	1.98	1.9	1.98	1.95	2.0	1.88	1.96	eredivisie																																																									1	0	0	PSV Eindhoven	0	0	1
2022-11-09	15:45	AZ Alkmaar	Twente	1	1	D	0	0	D	12	10	3	2	9	8	6	5	1	2	0	0	2.1	3.4	3.5	2.1	3.4	3.4	2.15	3.35	3.35	2.1	3.66	3.57	2.1	3.4	3.3	2.05	3.5	3.4	2.15	3.7	3.6	2.09	3.52	3.4	1.75	2.05	1.8	2.09	1.8	2.14	1.76	2.05	-0.25	1.84	2.06	1.83	2.1	1.85	2.11	1.81	2.04	2	3.4	3.8	2.05	3.5	3.4	2.05	3.4	3.55	2.04	3.64	3.77	1.95	3.4	3.8	2.0	3.5	3.5	2.08	3.72	4.15	2.02	3.54	3.62	1.75	2.05	1.8	2.09	1.85	2.2	1.77	2.04	-0.5	2.07	1.83	2.04	1.87	2.1	1.93	2.02	1.83	eredivisie																																																									0	0	1		0	0	1
2022-11-09	19:00	Feyenoord	Sparta Rotterdam	3	0	H	2	0	H	23	8	9	2	13	4	8	3	0	0	0	0	1.28	6.0	9.0	1.28	5.75	10.5	1.3	6.0	9.5	1.28	6.11	10.99	1.27	5.25	11.0	1.25	5.5	11.0	1.3	6.2	11.5	1.27	5.85	10.13	1.44	2.7	1.47	2.77	1.5	2.82	1.46	2.66	-1.75	2.02	1.88	2.03	1.86	2.04	1.9	1.99	1.85	1.28	6.0	9.0	1.29	5.75	9.5	1.3	6.0	9.0	1.3	6.09	10.21	1.27	5.5	10.0	1.25	6.0	10.0	1.32	6.17	10.21	1.29	5.84	9.55	1.44	2.7	1.5	2.7	1.54	2.79	1.48	2.61	-1.5	1.75	2.05	1.86	2.05	1.92	2.12	1.83	2.01	eredivisie																																																									1	0	0	Feyenoord	1	0	0
2022-01-10	15:30	Cambuur	PSV Eindhoven	3	0	H	0	0	D	11	12	4	5	7	11	7	4	0	1	0	0	7.0	7.5	1.28	9.25	6.25	1.28	8.5	6.25	1.3	9.42	6.13	1.3	9.5	5.5	1.27	10.0	5.75	1.25	10.0	7.5	1.32	8.89	6.04	1.28	1.33	3.4	1.38	3.12	1.41	3.4	1.36	3.04	1.75	1.9	2.0	1.91	1.98	1.93	2.01	1.87	1.96	8	8.0	1.22	11.0	7.0	1.23	10.0	7.0	1.22	11.88	6.67	1.24	12.0	6.5	1.2	12.0	7.0	1.18	13.0	8.0	1.3	11.21	6.87	1.22	1.33	3.4	1.35	3.3	1.36	3.52	1.32	3.3	2.0	1.87	2.03	1.88	2.01	1.96	2.28	1.88	1.95	eredivisie																																																									1	0	0	Cambuur	0	0	1
2022-01-10	17:45	Groningen	AZ Alkmaar	1	4	A	1	2	A	14	13	2	7	7	11	1	1	1	1	0	0	5.25	3.6	1.72	5.0	3.75	1.7	4.6	3.65	1.73	4.94	3.81	1.77	4.75	3.6	1.73	4.75	3.7	1.7	5.25	3.94	1.77	4.72	3.72	1.73	1.93	1.93	1.93	1.95	1.97	1.97	1.88	1.9	0.75	1.9	2.0	1.91	1.99	1.92	2.03	1.87	1.96	5.5	3.6	1.7	4.75	3.7	1.73	4.7	3.55	1.73	5.03	3.73	1.76	5.0	3.5	1.7	4.75	3.7	1.7	5.5	3.88	1.81	4.83	3.66	1.74	1.95	1.9	1.96	1.93	1.99	1.95	1.91	1.88	0.75	1.94	1.96	1.93	1.97	1.97	2.05	1.88	1.97	eredivisie																																																									0	1	0	AZ Alkmaar	0	1	0
2022-01-10	19:00	Ajax	Go Ahead Eagles	1	1	D	1	0	H	23	3	7	1	6	14	7	0	1	1	0	0	1.08	12.0	21.0	1.09	12.0	29.0	1.08	11.0	22.0	1.09	12.31	24.26	1.07	9.5	29.0	1.06	11.0	26.0	1.1	13.5	38.0	1.08	11.29	25.19	1.22	4.2	1.24	4.11	1.25	4.4	1.22	4.03	-2.75	1.87	2.03	1.85	2.02	1.88	2.06	1.85	1.99	1.08	13.0	21.0	1.09	12.0	29.0	1.08	11.0	22.0	1.09	12.25	25.9	1.07	9.5	29.0	1.06	11.5	23.0	1.1	14.1	31.0	1.08	11.42	25.43	1.2	4.33	1.22	4.43	1.27	4.6	1.22	4.11	-2.75	1.85	2.05	1.84	2.01	1.92	2.06	1.85	1.99	eredivisie																																																									0	0	1		1	0	0
2022-01-10	20:00	Twente	Vitesse	3	0	H	1	0	H	18	8	6	1	15	7	5	2	1	1	0	0	1.7	3.75	5.0	1.71	3.8	4.75	1.7	3.8	4.6	1.71	4.11	4.95	1.7	3.7	4.75	1.67	3.8	4.8	1.76	4.11	5.0	1.7	3.89	4.73	1.72	2.07	1.75	2.16	1.79	2.2	1.73	2.09	-0.75	1.9	2.0	1.9	2.01	1.92	2.01	1.88	1.96	1.7	3.75	5.0	1.73	3.8	4.6	1.7	3.75	4.6	1.77	3.94	4.62	1.7	3.7	4.75	1.7	3.9	4.5	1.77	4.05	5.12	1.72	3.86	4.61	1.66	2.15	1.75	2.16	1.82	2.2	1.71	2.11	-0.75	1.97	1.93	1.98	1.93	2.0	2.0	1.92	1.92	eredivisie																																																									1	0	0	Twente	1	0	0
2022-02-10	11:15	For Sittard	Volendam	2	0	H	2	0	H	20	7	6	4	8	9	8	4	1	0	0	1	1.75	4.0	4.2	1.77	4.2	3.9	1.8	4.0	3.85	1.81	4.27	4.14	1.78	3.9	4.0	1.75	3.9	4.1	1.82	4.27	4.2	1.79	4.09	3.93	1.47	2.6	1.5	2.69	1.53	2.75	1.47	2.62	-0.75	2.04	1.86	2.01	1.9	2.05	1.9	2.0	1.85	1.85	4.2	3.6	1.95	4.0	3.3	1.95	4.0	3.3	1.88	4.39	3.71	1.91	3.9	3.4	1.9	4.1	3.4	1.95	4.39	3.71	1.91	4.11	3.48	1.4	2.87	1.41	3.03	1.46	3.12	1.4	2.88	-0.5	1.88	2.02	1.88	2.03	1.96	2.05	1.91	1.93	eredivisie																																																									1	0	0	For Sittard	1	0	0
2022-02-10	13:30	Excelsior	Utrecht	0	1	A	0	1	A	14	20	3	7	12	11	8	10	2	1	0	0	5.0	4.2	1.65	4.6	4.2	1.66	4.5	4.1	1.67	4.91	4.52	1.65	4.6	4.0	1.65	4.75	4.2	1.62	5.0	4.52	1.68	4.65	4.27	1.64	1.47	2.6	1.5	2.7	1.5	2.82	1.47	2.63	0.75	2.08	1.82	2.11	1.8	2.11	1.85	2.04	1.8	5.5	4.33	1.57	4.8	4.4	1.61	4.6	4.3	1.63	5.29	4.71	1.59	5.0	4.2	1.57	5.0	4.4	1.55	5.5	4.75	1.64	4.96	4.5	1.59	1.4	2.87	1.43	2.95	1.48	3.12	1.39	2.91	1.0	1.99	1.91	1.97	1.93	2.03	2.02	1.91	1.93	eredivisie																																																									0	1	0	Utrecht	0	1	0
2022-02-10	13:30	Nijmegen	Feyenoord	1	1	D	1	1	D	8	19	2	8	10	20	4	10	1	6	0	0	6.0	4.0	1.57	5.0	4.33	1.58	5.25	4.2	1.57	5.57	4.37	1.61	5.25	4.2	1.57	5.25	4.2	1.55	6.0	4.45	1.62	5.23	4.27	1.58	1.57	2.35	1.62	2.41	1.62	2.46	1.58	2.36	1.0	1.91	1.99	1.91	2.0	1.93	2.02	1.88	1.96	5.25	4.0	1.65	4.75	4.2	1.65	4.7	4.0	1.63	4.88	4.29	1.69	5.25	3.9	1.6	4.5	4.1	1.65	5.67	4.31	1.7	4.8	4.14	1.65	1.57	2.35	1.58	2.49	1.62	2.53	1.55	2.41	0.75	2.05	1.85	2.05	1.87	2.05	1.9	2.01	1.84	eredivisie																																																									0	0	1		0	0	1
2022-02-10	15:45	Waalwijk	Sparta Rotterdam	2	2	D	1	1	D	13	15	5	6	8	10	6	5	2	0	0	1	2.2	3.3	3.4	2.2	3.4	3.25	2.2	3.35	3.2	2.24	3.44	3.43	2.25	3.25	3.2	2.2	3.4	3.13	2.25	3.58	3.45	2.2	3.37	3.26	1.93	1.93	1.94	1.94	2.0	1.96	1.9	1.88	-0.25	1.94	1.96	1.93	1.98	1.97	1.98	1.91	1.93	1.85	3.5	4.33	1.88	3.6	4.0	1.85	3.55	4.1	1.92	3.7	4.22	1.85	3.4	4.2	1.85	3.5	4.1	2.1	3.84	4.44	1.89	3.56	4.08	1.88	1.98	1.9	1.98	2.08	2.02	1.87	1.92	-0.5	1.9	2.0	1.92	1.99	2.1	2.06	1.9	1.94	eredivisie																																																									0	0	1		0	0	1
2022-02-10	19:00	FC Emmen	Heerenveen	0	0	D	0	0	D	12	8	3	1	6	8	2	4	1	0	0	0	3.0	3.3	2.4	2.95	3.3	2.4	2.9	3.2	2.45	2.95	3.5	2.49	2.9	3.2	2.4	2.88	3.3	2.38	3.0	3.54	2.5	2.9	3.33	2.41	1.95	1.9	1.97	1.92	1.98	1.93	1.93	1.86	0.25	1.79	2.11	1.78	2.13	1.81	2.13	1.77	2.08	2.75	3.3	2.55	2.7	3.3	2.6	2.75	3.25	2.5	2.84	3.51	2.56	2.9	3.2	2.4	2.7	3.4	2.45	3.0	3.56	2.7	2.78	3.35	2.53	1.9	1.95	1.92	1.97	1.97	1.97	1.89	1.89	0.0	2.06	1.84	2.06	1.85	2.11	1.89	2.02	1.83	eredivisie																																																									0	0	1		0	0	1
2022-07-10	19:00	Groningen	Waalwijk	2	3	A	1	1	D	15	13	8	5	5	10	8	9	1	2	1	0	2.3	3.5	3.1	2.3	3.4	3.0	2.3	3.4	3.0	2.38	3.5	3.11	2.3	3.3	3.0	2.3	3.4	2.9	2.38	3.6	3.25	2.3	3.45	3.03	1.9	1.95	1.93	1.95	1.93	2.01	1.87	1.92	-0.25	2.05	1.85	2.05	1.86	2.08	1.94	2.0	1.85	2.15	3.5	3.3	2.1	3.5	3.4	2.1	3.45	3.3	2.16	3.66	3.41	2.1	3.4	3.3	2.1	3.4	3.3	2.29	3.75	3.7	2.11	3.53	3.35	1.93	1.93	1.93	1.95	1.97	1.97	1.88	1.9	-0.25	1.88	2.02	1.88	2.03	1.89	2.07	1.83	2.01	eredivisie																																																									0	1	0	Waalwijk	0	0	1
2022-08-10	15:30	Volendam	Ajax	2	4	A	0	2	A	13	19	6	9	12	12	3	6	2	3	0	0	11.0	9.0	1.18	10.5	7.25	1.15	12.0	8.25	1.17	12.58	8.22	1.2	15.0	7.5	1.15	15.0	8.0	1.14	16.5	9.0	1.2	13.16	8.1	1.17	1.2	4.33	1.23	4.36	1.23	4.75	1.2	4.26	2.25	2.0	1.9	1.99	1.9	2.01	1.94	1.97	1.87	13	10.0	1.12	13.0	8.0	1.12	13.0	8.25	1.15	17.21	9.47	1.15	17.0	8.0	1.12	17.0	9.5	1.1	19.0	11.6	1.16	15.54	9.19	1.13	1.18	4.5	1.21	4.61	1.22	5.25	1.18	4.57	2.5	2.02	1.88	2.0	1.89	2.06	1.94	1.94	1.89	eredivisie																																																									0	1	0	Ajax	0	1	0
2022-08-10	17:45	Sparta Rotterdam	FC Emmen	3	1	H	1	0	H	15	11	4	2	14	7	4	2	4	3	0	1	2.05	3.5	3.5	2.1	3.4	3.4	2.1	3.4	3.35	2.14	3.43	3.71	2.1	3.3	3.4	2.05	3.4	3.5	2.14	3.55	3.71	2.09	3.42	3.48	1.95	1.9	2.0	1.89	2.02	1.95	1.91	1.87	-0.25	1.82	2.08	1.84	2.08	1.85	2.08	1.82	2.03	2.15	3.25	3.5	2.15	3.25	3.5	2.15	3.2	3.5	2.24	3.32	3.56	2.1	3.2	3.5	2.1	3.3	3.4	2.24	3.4	3.91	2.14	3.26	3.55	2.1	1.7	2.17	1.75	2.35	1.77	2.14	1.7	-0.25	1.91	1.99	1.92	1.99	1.92	2.13	1.84	2.0	eredivisie																																																									1	0	0	Sparta Rotterdam	1	0	0
2022-08-10	20:00	Nijmegen	Excelsior	1	1	D	0	0	D	15	9	6	4	9	15	8	4	2	3	0	0	1.5	4.2	6.5	1.5	4.4	6.0	1.5	4.4	6.0	1.52	4.76	6.17	1.5	4.33	6.0	1.5	4.4	6.0	1.54	4.76	6.5	1.5	4.51	5.94	1.53	2.4	1.55	2.58	1.58	2.6	1.53	2.43	-1.0	1.82	2.08	1.81	2.1	1.86	2.1	1.81	2.05	1.57	4.0	5.75	1.55	4.4	5.25	1.55	4.4	5.25	1.58	4.52	5.66	1.53	4.2	5.5	1.53	4.33	5.25	1.58	4.6	6.0	1.55	4.4	5.42	1.53	2.4	1.57	2.53	1.57	2.53	1.54	2.4	-1.0	1.94	1.96	1.93	1.97	1.96	1.99	1.9	1.94	eredivisie																																																									0	0	1		0	0	1
2022-09-10	11:15	Go Ahead Eagles	Cambuur	0	0	D	0	0	D	20	7	6	3	10	8	12	5	2	0	0	0	2.25	3.75	2.9	2.2	3.7	3.0	2.25	3.6	2.9	2.26	3.82	3.09	2.2	3.6	3.0	2.2	3.6	3.0	2.26	3.9	3.2	2.22	3.69	2.98	1.66	2.15	1.71	2.23	1.74	2.29	1.67	2.18	-0.25	2.0	1.9	1.97	1.93	2.01	1.93	1.95	1.9	2.15	3.75	3.1	2.15	3.5	3.2	2.15	3.6	3.05	2.25	3.71	3.19	2.1	3.5	3.2	2.15	3.5	3.1	2.25	3.84	3.37	2.18	3.62	3.11	1.75	2.05	1.82	2.07	1.84	2.15	1.77	2.03	-0.25	1.95	1.95	1.95	1.95	1.98	1.97	1.92	1.92	eredivisie																																																									0	0	1		0	0	1
2022-09-10	13:30	Feyenoord	Twente	2	0	H	1	0	H	20	5	7	2	8	11	10	3	2	1	0	1	1.66	3.8	5.0	1.68	4.1	4.6	1.67	3.95	4.6	1.72	4.05	4.95	1.65	3.9	4.75	1.65	4.0	4.75	1.72	4.22	5.1	1.67	4.02	4.71	1.61	2.25	1.68	2.28	1.73	2.33	1.62	2.25	-0.75	1.87	2.03	1.91	2.0	1.91	2.06	1.85	1.98	1.8	3.6	4.2	1.83	3.8	4.0	1.83	3.75	3.95	1.85	3.93	4.22	1.78	3.6	4.33	1.83	3.8	3.9	1.86	4.05	4.65	1.82	3.83	4.07	1.65	2.2	1.66	2.32	1.69	2.36	1.63	2.26	-0.5	1.84	2.06	1.85	2.06	1.87	2.07	1.83	2.01	eredivisie																																																									1	0	0	Feyenoord	1	0	0
2022-09-10	13:30	Utrecht	AZ Alkmaar	1	2	A	0	1	A	11	14	4	6	13	10	6	7	3	0	0	0	3.0	3.6	2.25	3.0	3.5	2.25	2.85	3.5	2.3	3.01	3.71	2.35	3.0	3.4	2.25	2.9	3.5	2.3	3.01	3.71	2.35	2.94	3.58	2.28	1.72	2.07	1.75	2.16	1.78	2.21	1.72	2.1	0.25	1.85	2.05	1.87	2.04	1.88	2.08	1.84	2.0	2.8	3.6	2.4	2.87	3.5	2.35	2.8	3.5	2.35	2.85	3.7	2.46	2.8	3.4	2.38	2.75	3.5	2.38	3.15	3.7	2.46	2.85	3.56	2.36	1.7	2.1	1.75	2.18	1.76	2.23	1.7	2.13	0.25	1.75	2.05	1.79	2.13	1.86	2.14	1.79	2.06	eredivisie																																																									0	1	0	AZ Alkmaar	0	1	0
2022-09-10	15:45	Heerenveen	PSV Eindhoven	0	1	A	0	0	D	9	16	1	6	11	7	2	7	2	0	0	0	5.25	4.33	1.57	5.25	4.4	1.57	5.0	4.3	1.6	5.39	4.63	1.59	5.25	4.2	1.55	5.5	4.2	1.53	5.5	4.63	1.6	5.24	4.37	1.57	1.6	2.3	1.64	2.37	1.64	2.45	1.58	2.33	1.0	1.96	1.94	1.95	1.95	1.98	1.97	1.91	1.93	5	4.2	1.65	5.0	4.2	1.61	4.8	4.1	1.63	4.97	4.36	1.65	5.25	3.9	1.6	5.0	4.0	1.62	5.46	4.5	1.65	5.01	4.2	1.62	1.66	2.15	1.7	2.25	1.71	2.35	1.64	2.24	1.0	1.73	2.08	1.83	2.09	1.87	2.14	1.79	2.06	eredivisie																																																									0	1	0	PSV Eindhoven	0	0	1
2022-09-10	19:00	Vitesse	For Sittard	1	2	A	1	1	D	10	8	2	4	16	7	8	3	4	1	0	0	1.6	4.33	5.0	1.63	4.2	4.8	1.63	4.1	4.7	1.65	4.41	5.09	1.6	4.0	5.25	1.6	4.0	5.25	1.65	4.45	5.25	1.62	4.2	4.9	1.6	2.3	1.6	2.44	1.66	2.45	1.59	2.32	-1.0	2.06	1.84	2.1	1.82	2.1	1.86	2.05	1.81	1.61	4.33	4.75	1.66	4.1	4.75	1.63	4.2	4.7	1.66	4.49	5.1	1.62	4.0	5.0	1.57	4.2	5.0	1.7	4.49	5.25	1.63	4.26	4.87	1.57	2.35	1.59	2.5	1.62	2.5	1.57	2.36	-1.0	2.05	1.85	2.06	1.8	2.18	1.9	2.04	1.81	eredivisie																																																									0	1	0	For Sittard	0	0	1
2022-04-11	19:00	Cambuur	Nijmegen	0	1	A	0	1	A	16	23	6	11	12	9	5	6	1	0	0	0	2.62	3.4	2.62	2.65	3.3	2.65	2.55	3.3	2.6	2.7	3.52	2.68	2.62	3.2	2.62	2.63	3.3	2.6	2.75	3.55	2.7	2.63	3.38	2.63	1.98	1.88	2.01	1.88	2.03	1.9	1.95	1.85	0.0	1.96	1.94	1.96	1.94	1.98	1.96	1.92	1.92	2.5	3.4	2.8	2.5	3.3	2.8	2.45	3.3	2.8	2.57	3.5	2.83	2.45	3.25	2.8	2.5	3.3	2.7	2.63	3.55	2.95	2.49	3.38	2.79	1.98	1.88	2.02	1.88	2.02	1.94	1.94	1.85	0.0	1.85	2.05	1.86	2.05	1.92	2.13	1.81	2.04	eredivisie																																																									0	1	0	Nijmegen	0	1	0
2022-05-11	15:30	Vitesse	Sparta Rotterdam	0	4	A	0	0	D	14	11	5	6	6	15	6	2	1	0	0	0	1.85	3.6	4.2	1.88	3.6	4.0	1.9	3.5	3.9	1.93	3.63	4.26	1.88	3.4	4.2	1.85	3.5	4.1	1.93	3.7	4.35	1.89	3.57	4.03	1.98	1.88	2.03	1.86	2.04	1.93	1.93	1.86	-0.5	1.9	2.0	1.93	1.98	1.93	2.03	1.89	1.94	2.05	3.4	3.6	2.05	3.4	3.6	2.05	3.35	3.55	2.12	3.5	3.7	2.05	3.3	3.6	2.0	3.4	3.6	2.12	3.55	3.7	2.06	3.42	3.59	2.05	1.75	2.09	1.8	2.11	1.89	2.01	1.78	-0.5	2.08	1.82	2.11	1.8	2.12	1.86	2.06	1.79	eredivisie																																																									0	1	0	Sparta Rotterdam	0	0	1
2022-05-11	17:45	For Sittard	FC Emmen	0	1	A	0	0	D	14	15	1	6	10	8	8	3	2	1	0	0	2.2	3.5	3.2	2.2	3.5	3.1	2.2	3.4	3.1	2.25	3.64	3.24	2.2	3.4	3.1	2.2	3.4	3.13	2.27	3.67	3.25	2.2	3.48	3.13	1.83	2.02	1.83	2.05	1.87	2.06	1.82	1.98	-0.25	1.95	1.95	1.95	1.95	1.95	1.97	1.91	1.92	2.37	3.4	3.0	2.4	3.3	2.95	2.4	3.25	2.95	2.47	3.38	3.06	2.35	3.2	3.0	2.38	3.3	2.9	2.47	3.6	3.24	2.38	3.34	2.98	2.05	1.8	2.07	1.83	2.11	1.9	2.0	1.8	-0.25	2.11	1.79	2.12	1.81	2.13	1.84	2.06	1.8	eredivisie																																																									0	1	0	FC Emmen	0	0	1
2022-05-11	20:00	Excelsior	Heerenveen	0	1	A	0	0	D	11	8	1	4	10	9	7	2	0	1	0	0	4.33	4.0	1.75	3.9	3.9	1.82	3.85	3.9	1.8	4.07	4.24	1.83	4.0	3.9	1.78	3.9	3.9	1.8	4.33	4.24	1.87	3.93	4.03	1.8	1.6	2.3	1.63	2.39	1.65	2.41	1.6	2.32	0.75	1.86	2.04	1.87	2.05	1.88	2.06	1.83	2.01	3.4	3.8	2.0	3.4	3.8	2.0	3.35	3.7	2.05	3.58	4.01	2.0	3.4	3.6	2.0	3.4	3.8	1.95	3.71	4.01	2.05	3.45	3.86	1.98	1.53	2.4	1.56	2.56	1.56	2.6	1.53	2.46	0.5	1.88	2.02	1.91	2.0	1.91	2.04	1.85	1.99	eredivisie																																																									0	1	0	Heerenveen	0	0	1
2022-06-11	11:15	Utrecht	Groningen	2	1	H	0	1	A	20	6	6	1	6	11	6	5	3	1	0	0	1.66	4.0	5.0	1.72	3.8	4.6	1.7	3.85	4.5	1.71	4.21	4.82	1.7	3.75	4.6	1.65	3.9	4.8	1.72	4.21	5.0	1.68	3.98	4.69	1.7	2.1	1.74	2.18	1.77	2.2	1.71	2.11	-0.75	1.88	2.02	1.9	2.01	1.91	2.06	1.86	1.98	1.5	4.5	6.5	1.53	4.33	5.75	1.55	4.2	5.5	1.55	4.48	6.11	1.52	4.0	6.0	1.5	4.2	6.0	1.63	4.69	6.54	1.53	4.33	5.86	1.61	2.25	1.68	2.27	1.75	2.36	1.65	2.21	-1.0	1.78	2.13	1.89	2.01	1.99	2.13	1.87	1.97	eredivisie																																																									1	0	0	Utrecht	0	1	0
2022-06-11	13:30	Twente	Go Ahead Eagles	1	1	D	1	0	H	27	13	6	2	12	10	6	5	4	2	0	0	1.36	5.0	8.5	1.37	5.0	7.75	1.37	4.9	7.75	1.4	5.19	8.14	1.36	4.75	8.0	1.36	4.8	8.0	1.41	5.3	8.5	1.37	4.97	7.83	1.61	2.25	1.63	2.37	1.67	2.38	1.62	2.27	-1.25	1.84	2.06	1.86	2.05	1.86	2.09	1.82	2.02	1.45	4.75	6.0	1.47	4.6	6.25	1.45	4.6	6.25	1.47	4.84	7.03	1.42	4.6	7.0	1.44	4.5	6.5	1.5	4.92	7.6	1.44	4.68	6.67	1.6	2.3	1.64	2.36	1.7	2.42	1.62	2.27	-1.25	2.05	1.85	2.04	1.87	2.06	1.91	1.99	1.85	eredivisie																																																									0	0	1		1	0	0
2022-06-11	13:30	Volendam	Feyenoord	0	2	A	0	2	A	7	23	2	12	9	7	6	8	2	2	0	0	7.5	5.5	1.36	7.0	5.5	1.38	6.75	5.5	1.37	6.86	5.74	1.4	7.5	5.25	1.33	7.5	5.25	1.33	7.5	6.0	1.41	6.88	5.54	1.36	1.33	3.4	1.37	3.22	1.37	3.5	1.33	3.21	1.5	1.94	1.96	1.94	1.96	1.95	2.0	1.89	1.94	7	5.5	1.36	6.75	5.75	1.37	6.75	5.75	1.37	6.86	5.77	1.4	7.0	5.25	1.35	7.0	5.75	1.33	7.5	6.0	1.4	6.88	5.64	1.36	1.28	3.6	1.3	3.73	1.32	3.82	1.29	3.54	1.5	1.9	2.0	1.93	1.98	2.0	2.04	1.91	1.93	eredivisie																																																									0	1	0	Feyenoord	0	1	0
2022-06-11	15:45	Ajax	PSV Eindhoven	1	2	A	0	1	A	14	5	5	2	11	14	9	1	2	3	0	0	1.75	4.0	4.33	1.77	4.2	4.0	1.75	4.1	3.95	1.79	4.31	4.17	1.73	4.0	4.2	1.73	4.0	4.1	1.81	4.45	4.4	1.75	4.17	4.1	1.44	2.7	1.47	2.79	1.47	2.93	1.44	2.74	-0.75	1.94	1.96	1.98	1.93	1.98	1.99	1.92	1.92	2	3.8	3.4	2.0	4.0	3.2	2.0	3.85	3.25	2.07	3.99	3.39	1.95	3.75	3.4	2.0	4.0	3.13	2.1	4.15	3.7	1.99	3.94	3.35	1.44	2.7	1.45	2.85	1.45	3.08	1.41	2.84	-0.5	2.08	1.82	2.07	1.85	2.09	1.92	2.0	1.85	eredivisie																																																									0	1	0	PSV Eindhoven	0	1	0
2022-06-11	15:45	Waalwijk	AZ Alkmaar	3	1	H	1	1	D	17	12	7	6	7	8	8	5	1	3	0	0	4.0	4.0	1.8	4.1	4.0	1.78	3.85	3.9	1.83	4.14	4.09	1.84	4.0	3.8	1.8	4.0	3.8	1.8	4.14	4.15	1.85	3.98	3.95	1.8	1.6	2.3	1.65	2.34	1.65	2.55	1.6	2.31	0.75	1.83	2.07	1.85	2.07	1.85	2.08	1.82	2.02	3.5	3.75	2.0	3.6	3.7	1.95	3.4	3.55	2.05	3.59	3.73	2.08	3.5	3.5	2.0	3.4	3.6	2.0	3.8	3.9	2.08	3.49	3.69	2.01	1.66	2.15	1.72	2.21	1.77	2.28	1.67	2.18	0.5	1.82	2.08	1.84	2.08	1.88	2.13	1.82	2.02	eredivisie																																																									1	0	0	Waalwijk	0	0	1
2022-09-11	19:00	Ajax	Vitesse	2	2	D	1	1	D	34	10	8	8	10	13	8	7	1	1	0	0	1.12	10.0	15.0	1.13	9.75	18.5	1.12	9.0	16.0	1.15	9.54	15.64	1.11	8.0	21.0	1.1	9.0	20.0	1.16	10.0	22.0	1.13	9.08	17.18	1.28	3.6	1.32	3.51	1.32	3.8	1.28	3.49	-2.5	1.99	1.91	2.01	1.88	2.01	1.95	1.96	1.88	1.16	9.0	12.0	1.16	8.75	14.5	1.15	8.5	13.0	1.17	9.06	13.55	1.14	7.5	17.0	1.13	8.5	15.0	1.17	10.4	18.0	1.15	8.53	14.26	1.25	4.0	1.28	3.8	1.3	4.0	1.26	3.73	-2.25	1.95	1.95	1.93	1.96	1.97	2.02	1.89	1.95	eredivisie																																																									0	0	1		0	0	1
2022-10-11	19:00	Feyenoord	Cambuur	1	0	H	1	0	H	21	7	7	4	9	9	8	4	3	1	0	0	1.2	7.0	12.0	1.21	7.0	13.0	1.2	7.0	12.0	1.21	7.41	13.83	1.2	6.0	15.0	1.18	6.5	15.0	1.22	7.5	15.5	1.2	6.84	12.96	1.4	2.87	1.4	3.03	1.44	3.03	1.41	2.84	-2.0	2.01	1.89	2.01	1.88	2.03	1.93	1.97	1.86	1.14	8.0	15.0	1.16	8.0	16.5	1.15	8.0	15.0	1.15	8.69	19.67	1.12	8.0	17.0	1.12	8.5	18.0	1.17	9.19	21.0	1.15	8.19	16.63	1.36	3.1	1.39	3.11	1.43	3.19	1.37	3.0	-2.25	2.02	1.88	2.02	1.87	2.09	1.96	1.98	1.87	eredivisie																																																									1	0	0	Feyenoord	1	0	0
2022-11-11	19:00	Sparta Rotterdam	Twente	1	1	D	0	0	D	11	17	2	5	11	10	3	7	2	0	0	0	2.9	3.5	2.37	3.0	3.4	2.3	2.9	3.35	2.35	3.05	3.53	2.4	3.0	3.3	2.3	2.88	3.3	2.38	3.05	3.58	2.4	2.96	3.42	2.35	1.93	1.93	1.93	1.95	1.96	1.98	1.91	1.89	0.25	1.82	2.08	1.85	2.07	1.85	2.11	1.81	2.03	2.8	3.4	2.45	2.9	3.4	2.4	2.85	3.3	2.45	2.99	3.41	2.5	2.8	3.25	2.45	2.88	3.3	2.4	3.15	3.55	2.66	2.92	3.34	2.42	1.98	1.88	2.01	1.88	2.01	1.94	1.93	1.86	0.25	1.73	2.08	1.79	2.14	1.83	2.16	1.77	2.08	eredivisie																																																									0	0	1		0	0	1
2022-12-11	15:30	Volendam	Utrecht	0	4	A	0	1	A	12	13	2	8	9	8	4	5	1	1	0	0	3.8	4.0	1.85	3.7	4.1	1.85	3.65	4.0	1.85	3.89	4.41	1.83	3.6	4.0	1.83	3.8	3.9	1.83	3.95	4.41	1.93	3.74	4.12	1.83	1.47	2.6	1.51	2.67	1.55	2.8	1.47	2.61	0.5	2.04	1.86	2.08	1.82	2.08	1.88	2.01	1.83	3.6	4.2	1.9	3.5	4.1	1.88	3.5	4.0	1.9	3.75	4.25	1.89	3.5	3.8	1.91	3.4	4.0	1.9	3.86	4.3	1.97	3.55	4.1	1.89	1.44	2.7	1.46	2.81	1.48	3.02	1.42	2.8	0.5	2.01	1.89	2.01	1.89	2.01	1.97	1.94	1.89	eredivisie																																																									0	1	0	Utrecht	0	1	0
2022-12-11	17:45	FC Emmen	Ajax	3	3	D	1	3	A	15	10	5	5	11	9	5	1	2	1	0	0	9.5	5.5	1.3	8.75	5.75	1.3	8.25	5.75	1.33	9.58	5.84	1.31	9.0	5.25	1.3	9.0	5.5	1.29	9.58	6.0	1.34	8.83	5.69	1.3	1.4	2.87	1.42	2.96	1.44	3.07	1.41	2.84	1.5	2.06	1.84	2.09	1.8	2.09	1.87	2.02	1.81	10	5.25	1.3	9.0	5.5	1.31	9.0	5.75	1.3	10.5	5.53	1.32	9.5	5.25	1.29	9.5	5.25	1.29	11.5	6.1	1.34	9.84	5.64	1.29	1.53	2.4	1.57	2.51	1.57	2.82	1.5	2.54	1.5	2.03	1.87	2.0	1.9	2.15	1.9	2.03	1.81	eredivisie																																																									0	0	1		0	1	0
2022-12-11	20:00	PSV Eindhoven	AZ Alkmaar	0	1	A	0	1	A	10	10	2	3	8	12	4	2	0	2	0	0	1.5	4.5	6.5	1.52	4.4	5.75	1.53	4.5	5.5	1.55	4.65	5.9	1.5	4.33	5.8	1.5	4.4	5.75	1.59	4.85	6.5	1.52	4.48	5.67	1.47	2.6	1.5	2.68	1.52	2.72	1.48	2.6	-1.0	1.84	2.06	1.86	2.05	1.93	2.12	1.84	2.01	1.5	4.5	6.5	1.49	4.75	6.0	1.5	4.6	5.75	1.52	4.75	6.13	1.47	4.33	6.5	1.44	4.6	6.0	1.55	4.85	6.5	1.49	4.62	5.93	1.5	2.5	1.5	2.68	1.56	2.68	1.5	2.53	-1.0	1.73	2.08	1.81	2.1	1.88	2.31	1.78	2.07	eredivisie																																																									0	1	0	AZ Alkmaar	0	1	0
2023-06-01	19:00	Twente	FC Emmen	2	0	H	1	0	H	20	5	3	1	9	10	11	3	1	2	0	0	1.4	4.33	7.5	1.43	4.5	7.5	1.45	4.3	7.0	1.45	4.62	7.88	1.4	4.33	8.0	1.4	4.5	7.5	1.45	4.75	8.1	1.42	4.52	7.6	1.88	1.98	1.89	2.0	1.92	2.05	1.83	1.98	-1.25	2.06	1.84	2.07	1.85	2.09	1.9	1.99	1.85	1.45	4.2	6.5	1.46	4.5	6.75	1.45	4.5	6.75	1.46	4.59	7.67	1.42	4.33	7.5	1.44	4.4	7.0	1.51	4.75	8.0	1.44	4.54	7.19	1.8	2.0	1.82	2.07	1.9	2.13	1.77	2.06	-1.25	2.07	1.83	2.07	1.85	2.08	1.91	2.01	1.84	eredivisie																																																									1	0	0	Twente	1	0	0
2023-07-01	15:30	Waalwijk	Heerenveen	0	0	D	0	0	D	6	18	2	9	10	9	3	7	1	1	0	0	2.5	3.5	2.7	2.45	3.5	2.7	2.45	3.45	2.7	2.49	3.63	2.86	2.4	3.5	2.7	2.4	3.5	2.7	2.5	3.7	2.86	2.44	3.54	2.75	1.67	2.15	1.79	2.11	1.79	2.18	1.73	2.11	0.0	1.86	2.04	1.83	2.1	1.86	2.1	1.81	2.05	2.7	3.5	2.55	2.85	3.4	2.4	2.75	3.45	2.4	2.96	3.54	2.46	2.88	3.3	2.38	2.8	3.4	2.4	2.96	3.56	2.59	2.84	3.46	2.43	1.73	2.08	1.9	1.99	1.96	2.08	1.84	1.96	0.0	2.02	1.88	2.14	1.78	2.14	1.88	2.08	1.79	eredivisie																																																									0	0	1		0	0	1
2023-07-01	17:45	AZ Alkmaar	Vitesse	1	1	D	0	0	D	15	13	5	3	11	14	7	4	2	1	0	0	1.53	4.5	5.5	1.53	4.33	5.75	1.53	4.4	5.5	1.54	4.5	6.21	1.52	4.2	5.8	1.5	4.2	6.0	1.55	4.6	6.21	1.53	4.41	5.76	1.6	2.3	1.64	2.36	1.66	2.41	1.6	2.3	-1.0	1.88	2.02	1.89	2.02	1.91	2.04	1.87	1.97	1.53	4.33	5.25	1.55	4.4	5.5	1.55	4.4	5.25	1.56	4.53	5.83	1.55	4.2	5.5	1.53	4.2	5.5	1.6	4.6	6.0	1.54	4.38	5.57	1.57	2.35	1.58	2.49	1.63	2.53	1.58	2.36	-1.0	1.91	1.99	1.93	1.98	1.99	2.01	1.9	1.94	eredivisie																																																									0	0	1		0	0	1
2023-07-01	19:00	For Sittard	Go Ahead Eagles	0	2	A	0	2	A	9	20	2	6	14	10	4	10	4	2	0	0	2.55	3.4	2.7	2.55	3.6	2.6	2.5	3.35	2.65	2.66	3.56	2.7	2.55	3.4	2.62	2.55	3.4	2.63	2.66	3.6	2.8	2.54	3.46	2.67	1.83	2.02	1.81	2.09	1.86	2.11	1.79	2.02	0.0	1.89	2.01	1.93	1.97	1.93	2.03	1.88	1.97	2.3	3.5	3.0	2.35	3.5	2.9	2.35	3.4	2.85	2.38	3.55	3.08	2.3	3.3	3.0	2.3	3.5	2.9	2.45	3.6	3.15	2.34	3.48	2.95	1.8	2.0	1.85	2.05	1.85	2.13	1.79	2.02	-0.25	2.04	1.86	2.05	1.88	2.06	1.89	2.01	1.83	eredivisie																																																									0	1	0	Go Ahead Eagles	0	1	0
2023-07-01	20:00	PSV Eindhoven	Sparta Rotterdam	0	0	D	0	0	D	17	12	4	4	7	16	5	4	1	3	0	0	1.22	7.0	11.0	1.23	6.5	12.0	1.22	6.5	11.0	1.23	6.61	14.11	1.2	5.8	15.0	1.2	6.0	15.0	1.24	7.0	15.0	1.22	6.42	12.72	1.5	2.5	1.5	2.65	1.54	2.69	1.49	2.57	-1.75	1.86	2.04	1.86	2.03	1.88	2.06	1.84	2.01	1.25	6.5	10.0	1.27	5.75	10.5	1.27	6.0	10.0	1.25	6.3	12.85	1.24	5.8	11.0	1.22	6.0	11.0	1.28	6.69	13.0	1.25	6.05	11.28	1.5	2.5	1.5	2.66	1.54	2.66	1.51	2.52	-1.75	1.96	1.94	1.97	1.92	2.02	1.95	1.96	1.89	eredivisie																																																									0	0	1		0	0	1
2023-08-01	11:15	Utrecht	Feyenoord	1	1	D	1	0	H	8	10	4	4	9	4	5	2	2	1	0	0	4.0	3.8	1.83	4.0	4.0	1.8	3.75	3.85	1.85	3.98	4.24	1.85	3.9	3.75	1.83	3.9	3.9	1.8	4.1	4.25	1.86	3.92	4.01	1.81	1.57	2.35	1.62	2.4	1.62	2.45	1.57	2.37	0.5	1.98	1.83	2.07	1.85	2.08	1.86	2.02	1.81	#	3.75	1.91	3.6	3.8	1.95	3.55	3.75	1.95	3.78	3.86	1.98	3.6	3.6	1.95	3.6	3.7	1.93	3.81	3.9	2.05	3.61	3.78	1.95	1.65	2.2	1.69	2.26	1.7	2.33	1.65	2.22	0.5	1.91	1.99	1.93	1.98	1.93	2.02	1.89	1.95	eredivisie																																																									0	0	1		1	0	0
2023-08-01	13:30	Cambuur	Volendam	0	3	A	0	2	A	9	9	4	5	13	9	7	4	3	1	0	0	1.91	3.5	4.0	1.93	3.9	3.5	1.95	3.65	3.6	1.94	3.84	3.93	1.88	3.7	3.7	1.87	3.75	3.7	2.0	3.95	4.0	1.91	3.77	3.73	1.62	2.25	1.63	2.38	1.7	2.43	1.63	2.29	-0.5	1.92	1.98	1.94	1.96	1.96	2.01	1.91	1.92	1.91	3.6	4.0	1.88	3.75	3.8	1.9	3.7	3.7	1.91	3.87	4.04	1.88	3.5	3.9	1.87	3.75	3.7	1.95	3.87	4.1	1.9	3.76	3.86	1.65	2.2	1.68	2.27	1.7	2.34	1.66	2.22	-0.5	1.92	1.98	1.91	2.0	1.94	2.0	1.89	1.94	eredivisie																																																									0	1	0	Volendam	0	1	0
2023-08-01	13:30	Nijmegen	Ajax	1	1	D	0	1	A	6	21	1	7	9	14	1	9	1	3	0	0	6.5	6.0	1.36	7.25	5.25	1.38	7.0	5.25	1.37	8.16	5.32	1.39	8.0	4.8	1.35	8.0	5.0	1.33	8.5	6.0	1.39	7.62	5.21	1.36	1.44	2.7	1.47	2.78	1.49	2.82	1.46	2.67	1.5	1.88	2.02	1.92	1.98	1.92	2.05	1.86	1.98	4.5	5.0	1.57	5.5	4.4	1.55	5.25	4.4	1.55	5.68	4.48	1.58	5.25	4.5	1.52	5.5	4.33	1.53	6.0	5.13	1.58	5.4	4.56	1.54	1.57	2.35	1.6	2.46	1.61	2.53	1.56	2.38	1.0	1.9	2.0	1.91	2.0	2.07	2.03	1.94	1.9	eredivisie																																																									0	0	1		0	1	0
2023-08-01	15:45	Excelsior	Groningen	1	0	H	0	0	D	14	11	3	4	11	11	4	6	2	3	0	0	2.7	3.4	2.6	2.65	3.7	2.45	2.6	3.5	2.5	2.68	3.79	2.56	2.62	3.6	2.45	2.6	3.6	2.45	2.75	3.9	2.6	2.64	3.65	2.48	1.6	2.3	1.66	2.32	1.68	2.38	1.61	2.3	0.0	1.99	1.91	2.0	1.91	2.01	1.92	1.98	1.87	2.45	3.4	2.8	2.45	3.5	2.75	2.45	3.4	2.75	2.43	3.67	2.91	2.4	3.4	2.75	2.4	3.5	2.7	2.52	3.7	2.91	2.43	3.54	2.78	1.7	2.1	1.72	2.21	1.77	2.23	1.7	2.14	0.0	1.81	2.09	1.78	2.14	1.84	2.16	1.8	2.06	eredivisie																																																									1	0	0	Excelsior	0	0	1
2023-01-02	19:00	Waalwijk	Go Ahead Eagles	3	1	H	1	1	D	6	11	4	2	14	9	1	4	2	2	0	0	2.25	3.6	3.0	2.35	3.5	2.85	2.3	3.45	2.95	2.29	3.6	3.19	2.25	3.5	3.0	2.15	3.4	3.0	2.3	3.75	3.19	2.24	3.53	3.04	1.73	2.08	1.85	2.04	1.86	2.12	1.78	2.04	-0.25	1.98	1.92	1.98	1.93	2.0	1.97	1.94	1.89	2.4	3.5	2.88	2.4	3.3	2.87	2.35	3.3	2.9	2.47	3.43	3.03	2.35	3.2	3.0	2.3	3.25	2.88	2.47	3.5	3.12	2.36	3.36	2.97	2.0	1.85	2.03	1.87	2.11	1.92	1.98	1.83	-0.25	2.11	1.79	2.12	1.81	2.13	1.84	2.05	1.8	eredivisie																																																									1	0	0	Waalwijk	0	0	1
2023-03-02	19:00	For Sittard	Sparta Rotterdam	0	0	D	0	0	D	14	8	7	2	6	7	3	3	0	0	0	0	2.45	3.2	2.9	2.45	3.2	2.9	2.45	3.2	2.95	2.59	3.28	2.97	2.5	3.1	2.88	2.4	3.13	2.8	2.6	3.3	3.01	2.49	3.19	2.92	2.15	1.67	2.21	1.72	2.28	1.74	2.17	1.69	0.0	1.78	2.13	1.83	2.1	1.82	2.17	1.78	2.1	2.5	3.2	3.0	2.45	3.2	2.9	2.5	3.15	2.85	2.56	3.23	3.03	2.55	3.1	2.8	2.4	3.13	2.88	2.59	3.3	3.05	2.5	3.19	2.94	2.15	1.67	2.22	1.71	2.35	1.74	2.17	1.69	0.0	1.79	2.11	1.81	2.14	1.81	2.14	1.78	2.09	eredivisie																																																									0	0	1		0	0	1
2023-04-02	17:45	Volendam	AZ Alkmaar	1	1	D	0	0	D	9	13	2	3	12	10	2	6	1	3	1	0	5.25	4.5	1.57	5.0	4.6	1.57	5.0	4.4	1.57	5.04	4.82	1.6	5.25	4.2	1.55	5.0	4.2	1.53	5.3	5.0	1.6	5.02	4.59	1.56	1.48	2.6	1.5	2.7	1.51	2.75	1.48	2.6	1.0	1.95	1.95	1.96	1.94	2.02	1.98	1.93	1.91	6	4.75	1.45	5.5	4.75	1.5	5.25	4.4	1.55	5.59	4.86	1.55	5.8	4.5	1.47	5.75	4.5	1.44	6.2	5.2	1.55	5.72	4.79	1.49	1.44	2.7	1.47	2.81	1.48	2.9	1.45	2.74	1.25	1.84	2.06	1.8	2.11	1.91	2.11	1.83	2.03	eredivisie																																																									0	0	1		0	0	1
2023-04-02	19:00	FC Emmen	Vitesse	2	2	D	1	2	A	6	14	3	8	7	9	6	4	1	4	0	0	2.7	3.3	2.63	2.65	3.3	2.6	2.65	3.2	2.6	2.79	3.27	2.75	2.7	3.1	2.62	2.63	3.13	2.55	2.81	3.35	2.77	2.71	3.24	2.64	2.1	1.7	2.19	1.74	2.21	1.78	2.12	1.72	0.0	1.98	1.92	1.97	1.93	2.02	1.94	1.95	1.89	2.9	3.3	2.5	2.95	3.2	2.45	2.9	3.2	2.4	3.06	3.29	2.52	2.9	3.2	2.4	2.88	3.13	2.38	3.1	3.35	2.54	2.95	3.22	2.43	2.15	1.67	2.2	1.73	2.35	1.74	2.15	1.69	0.25	1.77	2.14	1.79	2.15	1.81	2.16	1.77	2.11	eredivisie																																																									0	0	1		0	1	0
2023-04-02	19:00	Utrecht	Heerenveen	1	0	H	0	0	D	12	9	7	5	10	10	4	3	1	2	0	0	1.8	3.6	4.5	1.83	3.6	4.2	1.9	3.5	4.1	1.83	3.74	4.64	1.83	3.5	4.2	1.75	3.5	4.2	1.9	3.75	4.64	1.82	3.62	4.29	1.95	1.9	1.94	1.94	1.99	1.95	1.91	1.88	-0.5	1.77	2.02	1.82	2.08	1.87	2.12	1.82	2.02	1.65	4.0	5.25	1.65	4.0	5.0	1.6	4.0	5.25	1.66	4.06	5.44	1.62	3.9	5.25	1.57	3.8	5.25	1.69	4.2	5.8	1.63	4.0	5.22	1.83	2.02	1.84	2.06	1.99	2.07	1.82	1.99	-0.75	1.84	2.06	1.85	2.07	1.86	2.11	1.81	2.04	eredivisie																																																									1	0	0	Utrecht	0	0	1
2023-04-02	20:00	Excelsior	Waalwijk	0	0	D	0	0	D	15	17	3	6	5	7	10	0	1	2	0	0	2.63	3.6	2.55	2.7	3.5	2.5	2.65	3.4	2.5	2.77	3.66	2.54	2.62	3.5	2.5	2.63	3.4	2.4	2.82	3.7	2.57	2.7	3.53	2.5	1.73	2.08	1.77	2.14	1.81	2.16	1.76	2.06	0.0	2.01	1.89	2.04	1.87	2.04	1.94	1.99	1.86	2.75	3.6	2.45	2.75	3.6	2.4	2.7	3.55	2.4	2.84	3.71	2.46	2.75	3.4	2.4	2.6	3.5	2.4	2.98	3.78	2.59	2.74	3.62	2.42	1.62	2.25	1.68	2.28	1.7	2.33	1.66	2.22	0.0	2.1	1.8	2.1	1.82	2.16	1.91	2.04	1.83	eredivisie																																																									0	0	1		0	0	1
2023-05-02	11:15	Cambuur	Ajax	0	5	A	0	2	A	4	20	1	5	18	6	3	6	3	1	0	0	9.0	5.75	1.22	11.0	6.0	1.26	10.0	6.0	1.27	11.76	5.97	1.27	11.0	5.5	1.25	10.5	5.75	1.22	12.0	6.75	1.29	10.69	6.0	1.25	1.5	2.5	1.54	2.57	1.56	2.7	1.51	2.52	1.75	1.92	1.98	1.91	1.98	1.98	2.0	1.89	1.96	12	6.0	1.25	11.5	6.25	1.24	11.0	6.0	1.25	12.54	6.32	1.25	12.0	5.8	1.22	11.0	6.0	1.2	13.0	6.75	1.27	11.73	6.2	1.24	1.48	2.6	1.48	2.74	1.5	2.8	1.48	2.63	1.75	2.0	1.9	1.99	1.9	2.06	1.92	1.98	1.87	eredivisie																																																									0	1	0	Ajax	0	1	0
2023-05-02	13:30	Feyenoord	PSV Eindhoven	2	2	D	0	1	A	35	7	7	4	7	14	12	1	2	7	0	1	2.1	3.6	3.1	2.15	3.5	3.2	2.2	3.45	3.1	2.25	3.54	3.31	2.15	3.5	3.1	2.1	3.5	3.0	2.26	3.7	3.31	2.18	3.53	3.16	1.73	2.08	1.76	2.15	1.8	2.2	1.74	2.1	-0.25	1.93	1.97	1.94	1.96	1.95	2.01	1.9	1.93	2.4	3.4	2.9	2.4	3.4	2.87	2.4	3.4	2.8	2.45	3.46	3.03	2.35	3.25	3.0	2.3	3.4	2.75	2.48	3.5	3.07	2.4	3.39	2.93	1.83	2.02	1.83	2.06	1.99	2.08	1.81	2.0	-0.25	2.1	1.8	2.1	1.82	2.14	1.83	2.08	1.79	eredivisie																																																									0	0	1		0	1	0
2023-05-02	13:30	Go Ahead Eagles	Nijmegen	1	0	H	1	0	H	11	7	2	0	13	16	2	6	0	4	0	0	2.4	3.4	2.7	2.45	3.4	2.8	2.45	3.35	2.8	2.51	3.5	2.91	2.45	3.25	2.8	2.4	3.25	2.75	2.52	3.65	2.92	2.44	3.39	2.81	2.0	1.85	2.03	1.86	2.04	1.9	1.96	1.84	0.0	1.82	2.08	1.82	2.11	1.84	2.13	1.79	2.07	2.5	3.4	2.8	2.55	3.2	2.8	2.5	3.25	2.8	2.57	3.44	2.88	2.55	3.2	2.75	2.45	3.2	2.7	2.59	3.47	2.91	2.53	3.31	2.81	2.05	1.75	2.08	1.81	2.24	1.84	2.06	1.77	0.0	1.85	2.05	1.85	2.07	1.87	2.07	1.83	2.02	eredivisie																																																									1	0	0	Go Ahead Eagles	1	0	0
2023-05-02	15:45	Groningen	Twente	1	1	D	0	1	A	19	9	7	1	8	14	5	5	0	1	0	0	5.0	3.75	1.6	5.25	3.9	1.63	5.0	3.85	1.65	5.46	4.22	1.64	5.5	3.75	1.6	5.25	3.8	1.57	5.75	4.35	1.65	5.27	4.01	1.62	1.9	1.95	1.91	1.98	1.94	2.02	1.87	1.93	1.0	1.75	2.05	1.82	2.11	1.85	2.16	1.79	2.06	5.5	4.0	1.62	5.5	3.9	1.6	5.5	4.0	1.6	5.88	4.17	1.61	5.8	3.8	1.57	5.5	3.8	1.55	5.91	4.2	1.65	5.62	4.03	1.59	1.9	1.95	1.89	2.0	1.97	2.04	1.88	1.93	1.0	1.75	2.05	1.87	2.05	1.91	2.15	1.83	2.02	eredivisie																																																									0	0	1		0	1	0
2023-10-02	19:00	AZ Alkmaar	Excelsior	5	0	H	5	0	H	21	3	11	1	9	9	10	0	0	1	0	0	1.29	6.5	8.0	1.27	6.0	10.0	1.27	6.0	9.0	1.28	6.19	10.66	1.25	5.5	11.0	1.25	5.5	9.0	1.29	6.5	11.0	1.26	6.07	10.14	1.4	2.88	1.45	2.84	1.47	2.92	1.43	2.8	-1.75	1.97	1.93	1.95	1.93	2.0	1.98	1.94	1.9	1.29	6.5	8.5	1.28	5.75	10.5	1.27	6.0	9.5	1.28	6.05	10.79	1.24	5.8	11.0	1.22	5.75	9.5	1.29	6.83	12.5	1.26	6.1	10.59	1.44	2.7	1.47	2.75	1.48	3.1	1.44	2.75	-1.75	2.03	1.87	2.0	1.89	2.06	2.1	1.94	1.91	eredivisie																																																									1	0	0	AZ Alkmaar	1	0	0
2023-11-02	17:45	Nijmegen	Cambuur	0	0	D	0	0	D	16	13	6	4	14	15	14	4	2	4	0	0	1.7	3.8	5.0	1.72	3.7	4.8	1.73	3.65	4.6	1.73	3.93	5.05	1.7	3.6	4.8	1.67	3.6	4.75	1.74	4.0	5.1	1.71	3.77	4.83	2.0	1.85	1.99	1.9	2.06	1.91	1.96	1.85	-0.75	1.94	1.96	1.94	1.96	1.97	1.97	1.91	1.93	1.57	4.2	5.75	1.58	4.0	5.75	1.57	4.0	5.75	1.61	4.16	5.82	1.57	3.8	5.8	1.53	3.9	5.5	1.62	4.27	6.0	1.58	4.05	5.74	1.9	1.95	1.93	1.96	2.08	1.99	1.91	1.91	-1.0	2.03	1.87	2.06	1.85	2.08	1.9	2.0	1.85	eredivisie																																																									0	0	1		0	0	1
2023-11-02	19:00	PSV Eindhoven	Groningen	6	0	H	1	0	H	34	3	13	1	7	6	18	1	0	0	0	0	1.14	7.5	15.0	1.16	8.0	18.0	1.15	8.0	15.0	1.17	7.89	19.0	1.15	7.0	17.0	1.13	7.5	15.0	1.18	8.5	20.0	1.15	7.72	17.07	1.44	2.7	1.46	2.79	1.48	2.9	1.44	2.75	-2.25	2.05	1.85	2.07	1.82	2.08	1.88	2.02	1.83	1.22	6.5	10.0	1.23	6.5	11.5	1.25	6.5	11.0	1.24	6.59	13.06	1.22	6.0	12.0	1.2	6.0	11.0	1.25	7.26	15.0	1.22	6.53	12.33	1.44	2.7	1.45	2.82	1.52	2.96	1.45	2.71	-2.0	2.05	1.75	2.08	1.81	2.16	1.94	2.08	1.78	eredivisie																																																									1	0	0	PSV Eindhoven	1	0	0
2023-11-02	20:00	FC Emmen	For Sittard	0	1	A	0	0	D	10	14	2	4	7	7	3	6	1	1	0	0	2.15	3.4	3.3	2.15	3.4	3.3	2.2	3.35	3.25	2.21	3.52	3.43	2.2	3.2	3.3	2.1	3.25	3.3	2.23	3.53	3.47	2.17	3.39	3.34	2.05	1.75	2.09	1.81	2.13	1.81	2.05	1.77	-0.25	1.89	2.01	1.91	2.0	1.91	2.06	1.87	1.97	2.15	3.5	3.3	2.2	3.3	3.25	2.2	3.3	3.2	2.29	3.46	3.31	2.2	3.2	3.3	2.15	3.2	3.2	2.29	3.58	3.4	2.21	3.37	3.29	2.05	1.75	2.11	1.79	2.16	1.82	2.06	1.77	-0.25	1.96	1.94	1.97	1.93	1.97	2.0	1.92	1.93	eredivisie																																																									0	1	0	For Sittard	0	0	1
2023-12-02	11:15	Sparta Rotterdam	Go Ahead Eagles	2	1	H	1	0	H	19	18	6	4	12	13	7	4	1	3	0	0	1.95	3.3	3.8	2.0	3.3	3.8	2.05	3.3	3.65	2.08	3.34	4.04	2.0	3.2	3.9	1.95	3.2	3.75	2.09	3.45	4.04	2.02	3.32	3.82	2.2	1.65	2.3	1.67	2.32	1.73	2.21	1.66	-0.5	2.04	1.86	2.08	1.84	2.08	1.88	2.03	1.82	2.05	3.2	4.0	2.05	3.2	3.9	2.05	3.15	3.75	2.1	3.23	4.13	2.0	3.1	4.0	2.0	3.1	3.75	2.1	3.39	4.33	2.05	3.24	3.89	2.4	1.53	2.44	1.6	2.51	1.67	2.35	1.59	-0.5	2.08	1.82	2.1	1.83	2.1	1.85	2.06	1.8	eredivisie																																																									1	0	0	Sparta Rotterdam	1	0	0
2023-12-02	13:30	Heerenveen	Feyenoord	1	2	A	0	2	A	13	13	4	3	9	12	5	7	1	1	0	0	4.75	3.8	1.67	4.75	3.75	1.73	4.5	3.75	1.73	5.02	4.01	1.72	4.75	3.7	1.7	4.75	3.7	1.65	5.1	4.1	1.75	4.79	3.87	1.7	1.83	2.02	1.85	2.05	1.87	2.06	1.81	2.0	0.75	2.0	1.9	2.0	1.91	2.03	1.92	1.95	1.88	5.75	4.33	1.53	5.75	4.2	1.55	5.5	4.2	1.55	6.1	4.33	1.57	5.8	4.0	1.53	5.5	4.1	1.5	6.25	4.45	1.58	5.81	4.25	1.55	1.67	2.15	1.72	2.21	1.76	2.25	1.7	2.16	1.0	1.98	1.92	1.96	1.93	2.01	1.99	1.94	1.91	eredivisie																																																									0	1	0	Feyenoord	0	1	0
2023-12-02	13:30	Vitesse	Utrecht	2	0	H	0	0	D	13	11	4	4	10	11	3	8	1	2	1	0	2.45	3.5	2.63	2.45	3.5	2.75	2.45	3.4	2.7	2.55	3.6	2.79	2.4	3.5	2.7	2.4	3.4	2.63	2.6	3.7	2.79	2.47	3.51	2.71	1.83	2.02	1.85	2.05	1.92	2.06	1.83	1.98	0.0	1.87	2.03	1.87	2.04	1.89	2.08	1.84	2.01	2.55	3.4	2.75	2.5	3.4	2.7	2.5	3.35	2.65	2.58	3.48	2.84	2.45	3.3	2.75	2.4	3.4	2.63	2.62	3.63	2.86	2.52	3.42	2.73	1.85	2.0	1.87	2.02	1.89	2.05	1.83	1.98	0.0	1.86	2.04	1.86	2.05	1.89	2.07	1.85	2.01	eredivisie																																																									1	0	0	Vitesse	0	0	1
2023-12-02	15:45	Ajax	Waalwijk	3	1	H	0	1	A	17	6	5	3	11	11	10	2	2	2	0	0	1.14	8.0	17.0	1.14	9.0	17.5	1.15	8.75	15.0	1.16	8.23	18.71	1.12	7.5	19.0	1.11	8.0	15.0	1.17	9.0	19.5	1.14	8.26	17.12	1.3	3.5	1.36	3.24	1.36	3.5	1.32	3.32	-2.25			1.88	2.0	1.9	2.04	1.86	1.98	1.14	7.5	17.0	1.15	8.75	17.0	1.17	8.0	13.0	1.15	8.49	20.3	1.12	7.5	19.0	1.11	8.0	15.0	1.17	9.5	20.3	1.14	8.33	17.32	1.33	3.4	1.36	3.27	1.36	3.46	1.33	3.29	-2.25	1.91	1.99	1.89	1.99	1.94	2.04	1.88	1.97	eredivisie																																																									1	0	0	Ajax	0	1	0
2023-12-02	15:45	Twente	Volendam	3	0	H	3	0	H	18	9	9	2	11	7	9	2	1	0	0	0	1.25	6.0	10.0	1.24	6.25	11.5	1.25	6.25	10.0	1.26	6.1	12.84	1.24	5.8	11.0	1.2	6.0	11.0	1.26	6.5	14.0	1.24	6.14	11.56	1.44	2.7	1.49	2.7	1.49	2.86	1.45	2.7	-1.75			1.9	1.98	1.92	2.06	1.86	1.97	1.25	6.0	11.0	1.25	6.25	11.5	1.25	6.0	10.0	1.26	6.01	12.46	1.25	5.5	11.0	1.22	5.75	10.0	1.28	6.4	12.51	1.24	6.06	11.11	1.48	2.6	1.52	2.61	1.52	2.79	1.47	2.62	-1.75	1.96	1.94	1.96	1.93	1.98	2.02	1.92	1.93	eredivisie																																																									1	0	0	Twente	1	0	0
2023-03-03	19:00	Utrecht	For Sittard	1	2	A	0	0	D	13	9	5	5	3	10	3	1	2	1	0	0	1.57	4.2	5.75	1.58	4.2	5.5	1.6	4.0	5.25	1.61	4.29	5.6	1.55	4.0	5.8	1.53	4.0	5.25	1.62	4.5	5.8	1.57	4.22	5.52	1.7	2.1	1.72	2.2	1.74	2.25	1.69	2.15	-1.0	1.99	1.91	2.0	1.91	2.02	1.95	1.96	1.88	1.6	4.0	5.5	1.58	4.2	5.5	1.6	4.0	5.25	1.64	4.22	5.46	1.55	3.9	6.0	1.55	4.0	5.25	1.64	4.5	6.0	1.58	4.2	5.48	1.7	2.1	1.72	2.22	1.77	2.28	1.68	2.18	-1.0	2.06	1.84	2.04	1.87	2.09	1.94	1.98	1.88	eredivisie																																																									0	1	0	For Sittard	0	0	1
2023-03-03	19:00	Vitesse	AZ Alkmaar	0	1	A	0	1	A	12	16	1	6	7	13	4	6	0	1	0	0	3.2	3.4	2.25	3.1	3.4	2.25	3.05	3.3	2.25	3.26	3.53	2.28	3.1	3.3	2.25	3.0	3.4	2.15	3.28	3.56	2.3	3.13	3.42	2.25	1.88	1.98	1.9	1.99	1.92	2.0	1.85	1.95	0.25	1.93	1.97	1.93	1.97	1.96	2.0	1.89	1.96	3.1	3.3	2.38	2.95	3.4	2.35	3.0	3.3	2.35	3.19	3.39	2.39	3.0	3.3	2.3	2.88	3.3	2.25	3.2	3.56	2.42	3.03	3.37	2.34	1.9	1.95	1.93	1.96	1.95	2.01	1.86	1.94	0.25	1.85	2.05	1.87	2.05	1.89	2.08	1.82	2.02	eredivisie																																																									0	1	0	AZ Alkmaar	0	1	0
2023-04-03	17:45	Volendam	FC Emmen	3	1	H	0	0	D	22	21	10	7	7	4	9	3	0	1	0	0	2.6	3.5	2.63	2.6	3.4	2.65	2.6	3.35	2.6	2.7	3.46	2.72	2.6	3.25	2.62	2.55	3.3	2.55	2.73	3.5	2.72	2.61	3.39	2.64	1.93	1.93	1.97	1.92	1.97	1.96	1.9	1.9	0.0	1.94	1.96	1.94	1.96	1.96	1.99	1.92	1.93	2.4	3.5	2.8	2.45	3.3	2.9	2.4	3.3	2.9	2.46	3.42	3.05	2.35	3.2	3.0	2.38	3.25	2.8	2.6	3.6	3.06	2.41	3.33	2.92	1.98	1.88	2.0	1.88	2.13	1.9	1.98	1.83	-0.25	2.08	1.82	2.11	1.81	2.14	1.85	2.07	1.78	eredivisie																																																									1	0	0	Volendam	0	0	1
2023-04-03	19:00	Feyenoord	Groningen	1	0	H	0	0	D	23	6	6	0	10	10	14	3	1	4	0	1	1.2	7.0	13.0	1.21	7.25	12.0	1.22	7.0	11.0	1.22	7.32	12.92	1.2	6.5	13.0	1.17	6.5	13.0	1.23	7.7	14.5	1.2	6.96	12.56	1.4	2.88	1.43	2.91	1.45	2.98	1.41	2.85	-2.0	2.01	1.89	2.01	1.88	2.04	1.96	1.98	1.87	1.18	7.5	13.0	1.18	7.75	14.5	1.17	7.5	13.0	1.18	8.08	15.34	1.17	7.0	15.0	1.14	7.0	13.0	1.21	8.1	16.5	1.17	7.46	14.32	1.4	2.88	1.39	3.07	1.44	3.07	1.4	2.91	-2.0	1.86	2.04	1.84	2.06	1.93	2.06	1.85	1.99	eredivisie																																																									1	0	0	Feyenoord	0	0	1
2023-04-03	20:00	Twente	Heerenveen	3	3	D	1	1	D	18	18	5	5	8	8	6	6	0	3	0	0	1.55	4.0	6.5	1.55	4.2	5.75	1.55	4.1	5.75	1.58	4.33	5.99	1.55	3.9	5.8	1.5	3.9	5.75	1.58	4.4	6.5	1.55	4.18	5.81	1.85	2.0	1.87	2.02	1.89	2.1	1.81	2.0	-1.0	1.98	1.92	1.97	1.93	2.02	1.95	1.94	1.9	1.53	4.0	6.5	1.55	4.0	6.0	1.55	4.1	6.0	1.57	4.2	6.37	1.53	3.8	6.5	1.5	4.0	5.75	1.59	4.3	6.75	1.54	4.1	6.11	1.88	1.98	1.9	1.99	1.97	2.05	1.85	1.95	-1.0	1.95	1.95	1.96	1.94	2.01	2.02	1.93	1.91	eredivisie																																																									0	0	1		0	0	1
2023-05-03	11:15	Excelsior	Sparta Rotterdam	1	4	A	1	1	D	17	14	5	7	7	4	4	4	0	0	0	0	3.4	3.5	2.1	3.3	3.4	2.15	3.2	3.4	2.15	3.46	3.56	2.18	3.2	3.4	2.15	3.13	3.3	2.15	3.5	3.65	2.19	3.32	3.49	2.14	1.95	1.9	1.95	1.93	2.0	1.95	1.93	1.87	0.25	2.03	1.87	2.02	1.88	2.04	1.91	1.98	1.86	4	3.5	1.91	3.9	3.4	1.95	3.7	3.45	2.0	4.09	3.61	1.97	4.0	3.4	1.91	3.6	3.4	1.93	4.1	3.61	2.01	3.9	3.48	1.96	2.05	1.8	2.08	1.81	2.09	1.85	2.02	1.79	0.5	1.95	1.95	1.93	1.97	1.96	2.0	1.89	1.96	eredivisie																																																									0	1	0	Sparta Rotterdam	0	0	1
2023-05-03	13:30	Waalwijk	PSV Eindhoven	0	1	A	0	1	A	10	23	3	7	9	8	2	4	2	4	0	0	6.0	4.75	1.44	6.0	5.0	1.46	6.25	4.8	1.45	6.49	5.13	1.47	6.5	4.6	1.42	6.5	4.5	1.4	6.75	5.3	1.47	6.33	4.88	1.44	1.53	2.4	1.57	2.51	1.58	2.55	1.55	2.42	1.25	1.88	2.02	1.91	1.99	1.94	2.05	1.88	1.97	6	5.0	1.4	6.25	5.0	1.43	6.25	5.0	1.43	6.65	5.2	1.45	7.0	4.8	1.4	6.5	4.8	1.36	7.15	5.31	1.46	6.48	5.04	1.42	1.44	2.7	1.47	2.79	1.53	2.95	1.46	2.68	1.25	1.99	1.91	1.98	1.93	2.02	1.94	1.96	1.88	eredivisie																																																									0	1	0	PSV Eindhoven	0	1	0
2023-05-03	15:45	Ajax	Nijmegen	1	0	H	0	0	D	19	5	7	2	17	17	10	2	1	3	0	0	1.22	6.5	11.0	1.23	6.75	11.5	1.22	6.75	10.0	1.25	6.6	11.8	1.22	5.8	12.0	1.2	6.0	11.0	1.26	6.9	12.5	1.23	6.5	11.24	1.4	2.88	1.49	2.69	1.49	3.0	1.42	2.81	-2.0	2.02	1.77	2.07	1.81	2.12	1.84	2.05	1.79	1.18	7.0	13.0	1.18	7.5	15.0	1.2	7.0	12.0	1.19	7.39	13.8	1.18	6.5	15.0	1.17	6.5	13.0	1.25	7.88	15.9	1.19	7.06	13.52	1.44	2.7	1.47	2.76	1.53	3.08	1.44	2.75	-2.0	1.93	1.97	1.92	1.97	2.08	2.05	1.95	1.9	eredivisie																																																									1	0	0	Ajax	0	0	1
2023-05-03	19:00	Cambuur	Go Ahead Eagles	4	1	H	2	1	H	15	18	7	3	10	13	4	6	1	1	0	0	2.88	3.25	2.5	2.8	3.4	2.5	2.8	3.2	2.5	2.99	3.44	2.49	2.8	3.25	2.45	2.75	3.25	2.4	3.01	3.6	2.55	2.84	3.35	2.46	1.98	1.88	2.01	1.88	2.02	1.91	1.94	1.85	0.0	2.09	1.81	2.14	1.78	2.14	1.83	2.07	1.79	2.7	3.2	2.75	2.65	3.2	2.7	2.7	3.15	2.65	2.74	3.37	2.74	2.62	3.2	2.62	2.6	3.2	2.55	2.91	3.45	2.76	2.69	3.26	2.67	2.05	1.75	2.08	1.81	2.13	1.86	2.04	1.78	0.0	1.95	1.95	1.95	1.95	2.01	1.98	1.93	1.93	eredivisie																																																									1	0	0	Cambuur	1	0	0
2023-11-03	15:30	FC Emmen	Excelsior	2	0	H	0	0	D	9	11	4	4	10	14	2	6	1	3	0	0	1.7	3.8	5.0	1.75	3.7	4.6	1.75	3.65	4.4	1.79	3.84	4.77	1.78	3.6	4.4	1.7	3.7	4.33	1.81	4.0	5.0	1.75	3.76	4.56	1.88	1.98	1.89	2.0	1.9	2.07	1.82	1.98	-0.75	2.01	1.89	2.02	1.89	2.07	1.95	1.98	1.87	1.67	3.8	5.25	1.68	3.8	5.0	1.67	3.8	4.9	1.69	3.94	5.41	1.67	3.7	5.0	1.65	3.7	4.8	1.7	3.95	5.6	1.67	3.83	5.11	1.93	1.93	1.94	1.94	2.08	1.97	1.9	1.89	-0.75	1.86	2.04	1.88	2.03	1.9	2.06	1.85	2.0	eredivisie																																																									1	0	0	FC Emmen	0	0	1
2023-11-03	17:45	For Sittard	Twente	0	3	A	0	0	D	10	17	3	5	15	8	0	4	3	2	0	0	3.75	3.8	1.91	3.6	3.6	1.98	3.45	3.6	2.0	3.75	3.76	2.02	3.6	3.5	2.0	3.5	3.5	1.93	3.78	3.85	2.02	3.61	3.66	1.97	1.75	2.05	1.83	2.05	1.83	2.09	1.78	2.02	0.5	1.9	2.0	1.89	2.02	1.95	2.02	1.87	1.98	4	3.8	1.83	4.2	3.7	1.82	3.95	3.65	1.83	4.45	3.8	1.85	4.2	3.6	1.8	4.2	3.6	1.75	4.45	3.9	1.94	4.18	3.69	1.83	1.95	1.9	1.95	1.93	2.0	2.04	1.89	1.91	0.75	1.77	2.02	1.81	2.09	1.88	2.14	1.78	2.07	eredivisie																																																									0	1	0	Twente	0	0	1
2023-11-03	19:00	AZ Alkmaar	Groningen	1	0	H	1	0	H	10	11	3	2	7	8	5	2	0	1	0	0	1.33	5.0	9.5	1.35	5.25	8.75	1.33	5.25	8.75	1.33	5.56	10.06	1.32	4.8	9.5	1.29	5.0	9.0	1.36	5.6	11.0	1.32	5.24	9.23	1.6	2.3	1.63	2.38	1.67	2.38	1.63	2.27	-1.5	1.99	1.91	2.01	1.89	2.02	1.94	1.96	1.88	1.36	4.75	9.5	1.37	5.0	8.0	1.37	4.9	8.0	1.35	5.25	9.76	1.35	4.6	9.0	1.33	4.6	8.0	1.38	5.3	10.3	1.35	4.93	8.81	1.67	2.15	1.7	2.24	1.75	2.32	1.69	2.16	-1.5	2.0	1.8	2.08	1.83	2.12	1.9	2.03	1.81	eredivisie																																																									1	0	0	AZ Alkmaar	1	0	0
2023-11-03	20:00	Sparta Rotterdam	Vitesse	3	1	H	2	1	H	19	9	10	2	12	13	7	3	0	1	0	1	2.4	3.5	2.88	2.45	3.4	2.85	2.45	3.3	2.8	2.48	3.38	3.0	2.45	3.2	2.88	2.4	3.2	2.8	2.53	3.5	3.03	2.45	3.3	2.88	2.1	1.7	2.16	1.74	2.25	1.8	2.11	1.72	-0.25	2.05	1.75	2.14	1.79	2.17	1.81	2.1	1.76	2.8	3.5	2.5	2.7	3.2	2.65	2.75	3.2	2.5	2.87	3.31	2.65	2.75	3.3	2.45	2.75	3.13	2.5	2.87	3.54	2.81	2.77	3.26	2.56	2.1	1.7	2.17	1.75	2.25	1.78	2.14	1.7	0.0	2.03	1.87	2.04	1.88	2.07	1.88	2.02	1.84	eredivisie																																																									1	0	0	Sparta Rotterdam	1	0	0
2023-12-03	11:15	Nijmegen	Utrecht	2	2	D	1	0	H	11	12	6	6	11	19	3	7	1	3	0	0	2.4	3.5	2.88	2.5	3.3	2.85	2.45	3.25	2.85	2.58	3.34	2.94	2.4	3.3	2.88	2.4	3.3	2.7	2.6	3.55	2.96	2.47	3.31	2.86	1.95	1.9	1.98	1.91	1.99	1.94	1.91	1.88	0.0	1.81	2.09	1.83	2.09	1.83	2.12	1.8	2.07	2.55	3.6	2.63	2.5	3.4	2.7	2.5	3.3	2.7	2.52	3.53	2.88	2.5	3.3	2.7	2.45	3.4	2.6	2.66	3.67	2.88	2.54	3.41	2.7	1.73	2.08	1.79	2.1	1.87	2.14	1.78	2.02	0.0	1.86	2.04	1.83	2.09	1.91	2.12	1.86	1.99	eredivisie																																																									0	0	1		1	0	0
2023-12-03	13:30	Heerenveen	Ajax	2	4	A	1	3	A	6	13	4	6	13	11	5	8	2	2	0	0	6.5	5.0	1.44	6.5	4.8	1.44	6.75	4.8	1.43	7.24	5.09	1.43	7.0	4.5	1.42	7.0	4.6	1.36	7.4	5.2	1.45	6.86	4.86	1.42	1.53	2.4	1.57	2.52	1.58	2.55	1.55	2.42	1.25	1.96	1.94	1.98	1.93	2.0	1.97	1.93	1.9	8	5.0	1.36	7.5	5.0	1.38	7.25	5.0	1.37	8.36	5.27	1.38	8.5	4.75	1.35	7.5	4.8	1.33	8.73	5.4	1.39	7.84	5.1	1.36	1.53	2.4	1.56	2.53	1.58	2.56	1.53	2.45	1.5	1.82	2.08	1.82	2.08	1.88	2.12	1.82	2.03	eredivisie																																																									0	1	0	Ajax	0	1	0
2023-12-03	15:45	PSV Eindhoven	Cambuur	5	2	H	1	1	D	25	12	16	5	13	8	6	5	1	1	0	0	1.14	7.5	19.0	1.15	8.25	18.0	1.15	8.25	16.0	1.14	9.75	18.69	1.12	7.5	19.0	1.11	7.5	17.0	1.16	10.0	21.0	1.14	8.49	17.56	1.36	3.1	1.37	3.18	1.4	3.39	1.36	3.09	-2.25	1.93	1.97	1.91	1.98	2.0	1.98	1.91	1.93	1.14	8.0	19.0	1.14	9.0	17.0	1.15	8.5	16.0	1.14	9.76	19.75	1.12	7.5	19.0	1.1	8.0	17.0	1.16	10.0	21.0	1.13	8.8	18.59	1.33	3.4	1.37	3.17	1.38	3.5	1.34	3.21	-2.25	1.88	2.02	1.91	1.98	1.92	2.05	1.86	1.98	eredivisie																																																									1	0	0	PSV Eindhoven	0	0	1
2023-12-03	19:00	Feyenoord	Volendam	2	1	H	0	1	A	25	9	8	2	6	6	9	2	1	1	0	1	1.13	8.0	21.0	1.13	9.75	17.5	1.12	9.0	16.0	1.13	10.63	19.22	1.12	8.0	19.0	1.09	8.5	17.0	1.14	11.0	23.0	1.12	9.4	18.19	1.29	3.6	1.28	3.84	1.29	4.0	1.27	3.68	-2.5	2.0	1.9	1.97	1.92	2.02	1.95	1.95	1.89	1.14	7.5	19.0	1.14	9.0	18.0	1.12	9.0	16.0	1.12	10.59	19.87	1.11	8.0	21.0	1.09	8.5	17.0	1.16	11.0	22.0	1.12	9.12	18.64	1.29	3.6	1.31	3.58	1.35	3.75	1.29	3.49	-2.5	2.03	1.87	2.01	1.88	2.06	1.92	1.98	1.86	eredivisie																																																									1	0	0	Feyenoord	0	1	0
2023-01-04	15:30	AZ Alkmaar	Heerenveen	1	1	D	0	1	A	21	9	7	2	9	11	9	2	5	2	0	0	1.5	4.2	6.5	1.5	4.33	6.5	1.53	4.4	6.0	1.53	4.53	6.31	1.47	4.2	6.5	1.5	4.2	6.5	1.55	4.6	7.0	1.5	4.38	6.23	1.67	2.15	1.69	2.25	1.75	2.27	1.68	2.17	-1.0	1.85	2.05	1.88	2.04	1.88	2.14	1.83	2.01	1.55	4.0	5.75	1.61	4.1	5.25	1.53	4.4	6.0	1.61	4.23	5.72	1.55	3.9	5.8	1.57	4.1	5.5	1.63	4.4	6.0	1.58	4.13	5.59	1.73	2.08	1.76	2.15	1.79	2.23	1.72	2.12	-1.0	2.0	1.9	2.04	1.87	2.11	1.95	2.0	1.85	eredivisie																																																									0	0	1		0	1	0
2023-01-04	17:45	Excelsior	Twente	0	0	D	0	0	D	6	26	1	8	11	8	7	10	3	1	0	0	5.5	4.33	1.53	5.75	4.1	1.57	5.25	4.2	1.57	5.93	4.57	1.55	5.5	4.2	1.53	5.25	4.1	1.53	6.0	4.7	1.58	5.65	4.37	1.54	1.6	2.3	1.63	2.39	1.63	2.43	1.6	2.31	1.0	1.99	1.91	2.02	1.88	2.02	1.94	1.95	1.89	6	4.75	1.45	6.25	4.8	1.46	5.25	4.2	1.57	6.5	4.76	1.5	6.5	4.4	1.44	5.75	4.6	1.5	6.7	5.0	1.57	6.24	4.69	1.47	1.5	2.5	1.53	2.62	1.6	2.69	1.52	2.5	1.25	1.88	2.02	1.88	2.04	1.9	2.04	1.85	1.99	eredivisie																																																									0	0	1		0	0	1
2023-01-04	19:00	Cambuur	FC Emmen	1	2	A	0	0	D	10	13	2	5	17	12	3	5	3	2	0	0	2.4	3.25	3.0	2.37	3.25	3.0	2.35	3.2	3.0	2.48	3.45	2.99	2.38	3.2	3.0	2.38	3.25	3.0	2.5	3.45	3.1	2.39	3.3	2.99	2.05	1.75	2.07	1.81	2.09	1.83	2.03	1.77	-0.25	2.1	1.8	2.13	1.8	2.14	1.85	2.06	1.79	2.3	3.2	3.2	2.3	3.25	3.1	2.35	3.2	3.0	2.39	3.33	3.23	2.3	3.1	3.2	2.3	3.25	3.13	2.39	3.4	3.29	2.32	3.25	3.16	2.1	1.7	2.2	1.72	2.5	1.8	2.12	1.72	-0.25	2.05	1.85	2.05	1.87	2.06	1.9	1.99	1.85	eredivisie																																																									0	1	0	FC Emmen	0	0	1
2023-01-04	19:00	Nijmegen	PSV Eindhoven	2	4	A	0	3	A	12	25	6	11	7	14	3	7	2	2	0	0	4.5	4.2	1.67	4.8	4.0	1.65	4.6	4.0	1.67	5.18	4.15	1.68	5.0	3.9	1.63	4.8	4.0	1.67	5.2	4.25	1.69	4.85	4.06	1.66	1.65	2.2	1.68	2.27	1.69	2.33	1.64	2.24	0.75	2.04	1.86	2.07	1.85	2.07	1.89	2.0	1.83	4.75	4.5	1.62	4.8	4.1	1.65	4.6	4.0	1.67	5.59	4.39	1.6	4.75	4.0	1.63	5.0	4.0	1.65	5.59	4.5	1.71	4.89	4.14	1.65	1.6	2.3	1.62	2.41	1.68	2.41	1.62	2.29	1.0	1.86	2.04	1.92	1.99	1.92	2.19	1.78	2.09	eredivisie																																																									0	1	0	PSV Eindhoven	0	1	0
2023-01-04	20:00	Waalwijk	Vitesse	1	0	H	1	0	H	10	16	4	7	9	13	1	2	1	2	0	0	2.5	3.3	2.8	2.55	3.4	2.7	2.6	3.3	2.65	2.57	3.53	2.82	2.55	3.4	2.62	2.45	3.4	2.6	2.6	3.57	2.84	2.52	3.42	2.72	1.8	2.0	1.83	2.05	1.85	2.07	1.79	2.01	0.0	1.86	2.04	1.86	2.05	1.9	2.05	1.85	2.0	2.63	3.3	2.63	2.6	3.4	2.6	2.6	3.3	2.65	2.58	3.5	2.82	2.6	3.3	2.6	2.55	3.5	2.63	2.7	3.6	2.89	2.58	3.42	2.67	1.75	2.05	1.8	2.09	1.9	2.15	1.77	2.05	0.0	1.89	2.01	1.87	2.04	1.99	2.04	1.89	1.95	eredivisie																																																									1	0	0	Waalwijk	1	0	0
2023-02-04	11:15	Go Ahead Eagles	Ajax	0	0	D	0	0	D	5	9	2	4	8	12	2	6	2	1	0	0	7.5	5.0	1.33	8.25	5.25	1.35	7.75	5.25	1.35	8.41	5.58	1.36	8.5	5.0	1.33	8.0	5.0	1.3	8.5	5.7	1.38	8.05	5.24	1.34	1.53	2.4	1.56	2.53	1.59	2.55	1.53	2.44	1.5	1.88	2.02	1.88	2.02	1.9	2.04	1.86	1.98	6	5.0	1.45	5.75	4.75	1.49	7.75	5.25	1.35	6.61	5.07	1.46	7.0	4.5	1.42	5.75	4.5	1.5	8.0	5.4	1.51	6.46	4.86	1.45	1.5	2.5	1.53	2.63	1.57	2.66	1.52	2.5	1.25	1.8	2.1	1.85	1.98	2.0	2.12	1.86	1.98	eredivisie																																																									0	0	1		0	0	1
2023-02-04	13:30	Sparta Rotterdam	Feyenoord	1	3	A	1	1	D	7	22	5	5	9	7	4	8	1	1	0	0	5.25	3.8	1.57	5.5	3.9	1.62	5.25	3.8	1.63	5.72	3.99	1.65	5.5	3.8	1.6	5.25	3.9	1.55	5.8	4.1	1.66	5.43	3.91	1.62	1.83	2.02	1.86	2.04	1.86	2.08	1.79	2.01	1.0	1.82	2.08	1.84	2.08	1.84	2.11	1.8	2.05	7	4.33	1.45	6.75	4.2	1.49	5.25	3.8	1.63	7.3	4.31	1.52	7.5	4.2	1.44	7.0	4.33	1.45	7.5	4.55	1.63	6.91	4.28	1.49	1.73	2.08	1.8	2.1	1.82	2.17	1.75	2.07	1.25	1.83	2.07	1.83	2.1	1.85	2.22	1.77	2.08	eredivisie																																																									0	1	0	Feyenoord	0	0	1
2023-02-04	13:30	Utrecht	Volendam	0	0	D	0	0	D	18	8	5	2	11	14	11	7	2	1	0	0	1.4	5.0	6.5	1.4	5.0	7.0	1.43	4.9	6.5	1.43	5.26	6.93	1.4	4.75	7.0	1.36	5.0	6.5	1.44	5.4	7.5	1.4	5.08	6.74	1.44	2.7	1.48	2.76	1.48	2.88	1.43	2.76	-1.25	1.87	2.03	1.91	2.0	1.91	2.06	1.84	1.99	1.4	4.75	6.5	1.43	4.8	6.75	1.43	4.9	6.5	1.42	5.22	7.26	1.38	4.5	8.0	1.4	5.0	7.0	1.46	5.3	8.0	1.41	4.94	7.01	1.5	2.5	1.54	2.59	1.56	2.6	1.52	2.51	-1.25	1.91	1.99	1.9	2.0	1.93	2.04	1.87	1.96	eredivisie																																																									0	0	1		0	0	1
2023-02-04	15:45	For Sittard	Groningen	3	1	H	2	0	H	8	19	5	4	11	7	3	9	1	0	0	0	2.1	3.4	3.3	2.1	3.5	3.4	2.15	3.35	3.2	2.17	3.62	3.39	2.1	3.4	3.3	2.05	3.4	3.25	2.22	3.65	3.41	2.12	3.49	3.31	1.88	1.98	1.91	1.98	1.91	2.0	1.85	1.95	-0.25	1.86	2.04	1.89	2.02	1.89	2.06	1.84	1.99	2.25	3.5	3.1	2.2	3.4	3.2	2.15	3.35	3.2	2.28	3.53	3.28	2.2	3.25	3.2	2.2	3.5	3.13	2.29	3.64	3.37	2.22	3.44	3.2	1.95	1.9	1.96	1.93	1.99	1.99	1.88	1.92	-0.25	1.97	1.93	1.96	1.94	1.98	2.01	1.92	1.92	eredivisie																																																									1	0	0	For Sittard	1	0	0
2023-07-04	19:00	Groningen	Utrecht	1	2	A	1	1	D	6	16	1	4	12	9	2	7	4	1	0	0	3.1	3.5	2.25	3.0	3.5	2.3	3.0	3.3	2.3	3.08	3.59	2.36	3.0	3.4	2.25	2.9	3.5	2.3	3.2	3.59	2.36	3.04	3.47	2.28	1.83	2.02	1.85	2.05	1.86	2.06	1.8	2.0	0.25	1.85	2.05	1.87	2.04	1.88	2.06	1.84	1.98	3.1	3.5	2.25	3.1	3.4	2.25	3.0	3.4	2.25	3.26	3.53	2.28	3.1	3.4	2.2	3.1	3.5	2.2	3.26	3.6	2.35	3.09	3.48	2.26	1.88	1.98	1.9	1.99	1.91	2.04	1.83	1.97	0.25	1.91	1.99	1.93	1.97	1.93	2.04	1.88	1.95	eredivisie																																																									0	1	0	Utrecht	0	0	1
2023-08-04	17:45	Vitesse	Go Ahead Eagles	2	0	H	1	0	H	19	9	9	1	10	8	6	2	0	1	0	0	2.0	3.3	4.0	2.05	3.5	3.5	2.1	3.4	3.45	2.08	3.52	3.8	2.05	3.4	3.5	2.05	3.4	3.6	2.12	3.58	4.0	2.05	3.45	3.6	1.98	1.88	1.97	1.91	2.02	1.92	1.93	1.86	-0.5	2.07	1.83	2.08	1.84	2.13	1.84	2.05	1.8	2.15	3.3	3.5	2.15	3.4	3.4	2.15	3.3	3.35	2.18	3.46	3.58	2.1	3.25	3.5	2.1	3.4	3.5	2.2	3.52	3.81	2.13	3.38	3.44	1.95	1.9	1.99	1.9	1.99	1.94	1.92	1.86	-0.25	1.85	2.05	1.85	2.04	1.9	2.12	1.83	2.01	eredivisie																																																									1	0	0	Vitesse	1	0	0
2023-08-04	19:00	AZ Alkmaar	Sparta Rotterdam	0	1	A	0	1	A	16	11	3	3	16	5	4	4	2	2	0	0	1.5	4.5	6.0	1.44	4.5	7.0	1.5	4.3	6.25	1.52	4.53	6.56	1.44	4.2	7.0	1.45	4.33	7.0	1.52	4.6	7.2	1.48	4.39	6.5	1.75	2.05	1.8	2.09	1.85	2.11	1.77	2.04	-1.0	1.83	2.07	1.85	2.06	1.85	2.13	1.8	2.06	1.6	4.2	5.25	1.58	4.1	5.5	1.55	4.1	5.75	1.6	4.16	6.02	1.55	3.9	5.8	1.55	4.0	6.0	1.61	4.45	6.4	1.56	4.12	5.86	1.93	1.93	1.95	1.93	1.97	2.0	1.89	1.91	-1.0	2.05	1.85	2.04	1.87	2.08	1.91	1.98	1.86	eredivisie																																																									0	1	0	Sparta Rotterdam	0	1	0
2023-08-04	19:00	PSV Eindhoven	Excelsior	4	0	H	1	0	H	21	5	9	2	6	9	7	1	0	4	0	0	1.08	13.0	19.0	1.09	12.0	29.0	1.08	11.0	23.0	1.1	10.64	26.86	1.08	9.5	26.0	1.08	9.0	18.0	1.1	13.0	41.0	1.08	11.06	26.84	1.25	4.0	1.26	3.93	1.28	4.3	1.25	3.85	-2.75	1.92	1.98	1.93	1.93	1.95	2.04	1.9	1.94	1.1	12.0	17.0	1.09	12.0	23.0	1.09	11.0	20.0	1.09	11.64	28.21	1.07	10.0	26.0	1.09	10.5	20.0	1.11	13.1	31.0	1.09	11.22	24.2	1.18	4.5	1.2	4.62	1.23	5.4	1.19	4.5	-2.75	1.9	2.0	1.85	2.03	1.96	2.23	1.87	1.97	eredivisie																																																									1	0	0	PSV Eindhoven	1	0	0
2023-08-04	20:00	Heerenveen	Volendam	2	1	H	2	1	H	15	9	9	5	8	13	4	2	1	0	0	0	1.55	4.5	5.5	1.58	4.4	5.25	1.6	4.3	5.0	1.6	4.49	5.47	1.53	4.2	5.5	1.55	4.2	5.75	1.6	4.55	5.75	1.57	4.36	5.31	1.57	2.35	1.61	2.41	1.62	2.45	1.57	2.36	-1.0	1.96	1.94	1.98	1.93	2.0	1.97	1.93	1.91	1.53	4.5	5.75	1.53	4.4	5.75	1.53	4.3	5.75	1.56	4.42	6.08	1.5	4.2	6.0	1.5	4.33	6.0	1.57	4.6	6.4	1.53	4.36	5.86	1.67	2.15	1.72	2.22	1.73	2.31	1.67	2.19	-1.0	1.91	1.99	1.92	1.99	1.95	2.0	1.88	1.96	eredivisie																																																									1	0	0	Heerenveen	1	0	0
2023-09-04	11:15	Twente	Cambuur	4	0	H	3	0	H	30	8	10	3	15	10	7	2	1	2	0	0	1.29	5.5	12.0	1.27	6.0	10.5	1.27	5.75	10.0	1.27	5.95	11.83	1.27	5.25	11.0	1.25	5.25	10.0	1.29	6.2	12.0	1.27	5.73	10.81	1.57	2.35	1.6	2.41	1.64	2.47	1.59	2.35	-1.5	1.83	2.07	1.83	2.05	1.87	2.12	1.81	2.03	1.2	7.0	15.0	1.2	7.0	13.5	1.22	6.25	12.0	1.21	6.92	15.43	1.18	6.0	17.0	1.18	6.5	17.0	1.25	7.2	17.0	1.2	6.69	14.29	1.44	2.7	1.49	2.68	1.57	2.79	1.48	2.62	-2.0	1.97	1.93	2.04	1.86	2.22	1.96	2.0	1.84	eredivisie																																																									1	0	0	Twente	1	0	0
2023-09-04	13:30	FC Emmen	Nijmegen	0	0	D	0	0	D	14	22	4	3	18	15	2	5	1	1	0	0	2.9	3.3	2.45	2.87	3.4	2.37	2.8	3.3	2.45	2.91	3.57	2.48	2.88	3.3	2.38	2.75	3.3	2.38	2.91	3.6	2.48	2.84	3.42	2.41	1.93	1.93	1.93	1.95	1.97	1.96	1.9	1.89	0.0	2.05	1.75	2.12	1.81	2.14	1.82	2.07	1.77	2.8	3.25	2.55	2.75	3.25	2.55	2.75	3.2	2.5	2.84	3.45	2.6	2.75	3.2	2.55	2.8	3.3	2.5	3.0	3.47	2.65	2.8	3.3	2.55	2.05	1.75	2.07	1.81	2.11	1.86	2.04	1.78	0.0	2.03	1.87	2.04	1.87	2.12	1.9	2.02	1.83	eredivisie																																																									0	0	1		0	0	1
2023-09-04	15:45	Ajax	For Sittard	4	0	H	2	0	H	31	9	8	1	10	4	17	4	0	1	0	0	1.13	10.0	15.0	1.13	9.75	18.0	1.12	9.5	17.0	1.13	11.21	16.35	1.12	8.0	17.0	1.09	8.5	17.0	1.14	11.21	23.0	1.12	9.4	17.4	1.29	3.6	1.3	3.61	1.33	3.65	1.3	3.44	-2.5	2.04	1.86	2.05	1.84	2.06	1.9	2.0	1.83	1.17	9.0	11.0	1.16	9.0	14.0	1.15	9.5	12.0	1.15	9.86	15.51	1.12	8.5	17.0	1.12	9.0	17.0	1.17	11.0	19.0	1.14	9.13	15.45	1.25	4.0	1.27	3.78	1.29	4.0	1.26	3.8	-2.25	1.92	1.98	1.91	1.98	1.93	2.06	1.85	1.99	eredivisie																																																									1	0	0	Ajax	1	0	0
2023-09-04	19:00	Feyenoord	Waalwijk	5	1	H	3	0	H	22	6	10	2	7	9	7	4	1	1	0	0	1.18	7.5	13.0	1.18	8.25	13.5	1.17	8.0	12.0	1.17	8.69	14.84	1.17	7.0	15.0	1.14	7.5	13.0	1.19	8.7	17.0	1.17	7.89	14.08	1.3	3.5	1.33	3.46	1.34	3.65	1.31	3.36	-2.25	2.05	1.85	2.01	1.88	2.08	2.04	2.0	1.84	1.17	8.0	13.0	1.17	8.5	14.5	1.2	7.5	11.0	1.16	8.84	16.33	1.14	7.5	17.0	1.13	8.5	17.0	1.2	9.5	19.0	1.15	8.33	15.63	1.29	3.6	1.29	3.75	1.36	3.75	1.31	3.39	-2.25	1.93	1.97	1.91	1.98	1.98	2.0	1.92	1.91	eredivisie																																																									1	0	0	Feyenoord	1	0	0
2023-05-05	19:00	Waalwijk	Volendam	4	1	H	2	0	H	11	15	4	4	7	8	4	8	1	0	0	0	1.8	4.0	4.0	1.88	3.9	3.7	1.83	3.9	3.75	1.92	4.14	3.74	1.85	3.75	3.8	1.85	4.0	3.75	1.94	4.2	4.25	1.86	4.01	3.76	1.5	2.5	1.55	2.58	1.56	2.6	1.52	2.49	-0.5	1.82	2.08	1.92	1.98	1.95	2.1	1.87	1.97	1.95	3.8	3.3	1.98	4.0	3.3	2.0	3.9	3.25	2.04	4.09	3.42	1.95	3.75	3.4	2.0	3.9	3.3	2.08	4.1	3.55	1.99	3.95	3.34	1.44	2.7	1.46	2.82	1.55	2.88	1.45	2.69	-0.5	2.04	1.86	2.04	1.88	2.07	1.91	1.98	1.85	eredivisie																																																									1	0	0	Waalwijk	1	0	0
2023-06-05	17:45	Sparta Rotterdam	PSV Eindhoven	0	1	A	0	0	D	5	21	0	4	7	15	2	4	1	1	0	0	6.0	4.33	1.53	5.75	4.6	1.51	5.75	4.4	1.53	5.97	4.57	1.55	6.0	4.33	1.5	6.0	4.33	1.5	6.2	4.7	1.56	5.83	4.47	1.52	1.57	2.35	1.64	2.36	1.68	2.41	1.61	2.31	1.0	2.06	1.84	2.01	1.9	2.07	1.9	2.0	1.84	5.75	4.5	1.55	5.5	4.5	1.53	5.75	4.4	1.53	5.79	4.58	1.56	6.0	4.2	1.5	5.75	4.5	1.5	6.25	4.7	1.56	5.72	4.53	1.52	1.53	2.4	1.57	2.52	1.59	2.56	1.54	2.44	1.0	1.97	1.93	1.99	1.91	2.14	1.94	2.0	1.84	eredivisie																																																									0	1	0	PSV Eindhoven	0	0	1
2023-06-05	19:00	Cambuur	Utrecht	0	3	A	0	2	A	5	10	0	1	7	6	4	0	0	1	0	0	4.2	4.0	1.8	3.9	3.9	1.83	3.95	3.8	1.83	4.16	4.01	1.85	4.0	3.7	1.83	4.1	3.8	1.8	4.25	4.25	1.86	4.07	3.92	1.81	1.62	2.25	1.68	2.28	1.69	2.35	1.63	2.25	0.5	2.02	1.77	2.06	1.85	2.1	1.86	2.03	1.81	4.2	4.33	1.75	4.33	3.9	1.75	4.1	4.0	1.7	4.38	4.17	1.78	4.5	3.8	1.7	4.33	4.0	1.73	4.5	4.37	1.8	4.29	4.02	1.74	1.6	2.3	1.64	2.36	1.68	2.41	1.61	2.29	0.75	1.92	1.98	1.91	1.99	1.94	2.0	1.9	1.93	eredivisie																																																									0	1	0	Utrecht	0	1	0
2023-06-05	19:00	Nijmegen	Heerenveen	2	3	A	1	1	D	11	10	3	4	14	19	4	3	0	2	0	0	2.1	3.4	3.5	2.15	3.6	3.2	2.15	3.45	3.15	2.22	3.65	3.29	2.15	3.4	3.2	2.1	3.5	3.3	2.23	3.73	3.5	2.15	3.56	3.23	1.75	2.05	1.82	2.06	1.83	2.11	1.77	2.03	-0.25	1.89	2.01	1.93	1.98	1.93	2.05	1.86	1.96	2.1	3.4	3.5	2.15	3.5	3.25	2.15	3.4	3.25	2.15	3.66	3.44	2.15	3.4	3.25	2.1	3.6	3.25	2.17	3.7	3.6	2.12	3.54	3.35	1.73	2.08	1.78	2.12	1.9	2.2	1.75	2.07	-0.25	1.86	2.04	1.87	2.04	1.88	2.08	1.84	2.0	eredivisie																																																									0	1	0	Heerenveen	0	0	1
2023-06-05	20:00	Ajax	AZ Alkmaar	0	0	D	0	0	D	18	11	3	4	10	10	8	2	1	2	0	0	1.57	4.5	5.25	1.53	4.6	5.25	1.55	4.4	5.25	1.58	4.7	5.37	1.53	4.2	5.5	1.55	4.2	5.75	1.59	4.75	5.75	1.56	4.46	5.35	1.53	2.4	1.57	2.51	1.61	2.55	1.55	2.42	-1.0	1.94	1.96	1.93	1.97	1.97	1.97	1.91	1.92	1.7	4.2	4.5	1.7	4.1	4.5	1.6	4.2	4.7	1.72	4.22	4.68	1.65	4.0	4.6	1.7	4.1	4.4	1.75	4.5	5.1	1.67	4.22	4.63	1.57	2.35	1.6	2.45	1.68	2.5	1.58	2.36	-0.75	1.92	1.98	1.91	1.99	1.96	2.11	1.85	1.99	eredivisie																																																									0	0	1		0	0	1
2023-07-05	11:15	FC Emmen	Twente	0	3	A	0	0	D	11	16	4	4	6	16	2	2	0	2	0	0	4.5	4.0	1.73	4.33	3.8	1.77	4.1	3.8	1.77	4.84	3.96	1.75	4.4	3.7	1.75	4.4	3.75	1.67	4.9	4.1	1.79	4.51	3.88	1.74	1.73	2.08	1.79	2.11	1.8	2.15	1.74	2.07	0.75	1.94	1.96	1.94	1.96	1.95	1.98	1.9	1.92	4.75	4.0	1.73	4.5	4.0	1.71	4.4	4.0	1.7	4.78	3.99	1.75	4.6	3.8	1.7	4.6	3.9	1.7	5.1	4.1	1.75	4.64	3.96	1.71	1.7	2.1	1.79	2.11	1.8	2.25	1.73	2.11	0.75	1.97	1.93	1.94	1.96	2.01	1.96	1.93	1.91	eredivisie																																																									0	1	0	Twente	0	0	1
2023-07-05	13:30	Excelsior	Feyenoord	0	2	A	0	1	A	9	8	4	3	11	10	4	2	0	0	0	0	9.5	8.0	1.22	10.0	6.75	1.24	10.0	7.0	1.22	12.34	7.42	1.22	12.0	6.5	1.2	9.0	5.75	1.25	13.0	8.0	1.24	11.52	7.07	1.21	1.33	3.4	1.37	3.19	1.38	3.6	1.35	3.16	2.0	1.92	1.98	1.93	1.96	2.02	2.06	1.88	1.95	9.5	8.0	1.22	10.5	7.0	1.23	10.0	7.0	1.22	11.34	7.2	1.23	11.0	6.5	1.22	10.5	6.5	1.22	13.0	8.0	1.26	10.99	7.02	1.22	1.3	3.5	1.37	3.18	1.38	3.5	1.33	3.24	2.0	1.91	1.99	1.88	2.02	1.91	2.05	1.85	1.98	eredivisie																																																									0	1	0	Feyenoord	0	1	0
2023-07-05	13:30	Go Ahead Eagles	Groningen	1	1	D	1	1	D	14	7	6	2	11	13	6	5	1	4	0	0	1.7	3.8	5.0	1.7	4.0	4.5	1.7	3.85	4.4	1.75	4.15	4.59	1.67	3.8	4.75	1.67	3.7	4.6	1.76	4.2	5.0	1.71	3.97	4.59	1.75	2.05	1.85	2.05	1.86	2.08	1.79	2.01	-0.75	1.94	1.96	1.96	1.94	1.96	1.98	1.9	1.92	1.6	4.2	5.25	1.61	4.2	5.0	1.63	4.1	5.25	1.62	4.28	5.57	1.6	3.9	5.25	1.57	4.1	5.5	1.64	4.3	5.6	1.61	4.13	5.33	1.73	2.08	1.78	2.12	1.9	2.15	1.76	2.06	-1.0	2.02	1.88	2.04	1.87	2.07	1.89	2.01	1.83	eredivisie																																																									0	0	1		0	0	1
2023-07-05	15:45	For Sittard	Vitesse	2	0	H	0	0	D	7	14	4	2	12	11	5	8	2	1	0	0	3.4	3.5	2.1	3.1	3.7	2.15	3.1	3.5	2.2	3.46	3.61	2.16	3.25	3.4	2.15	3.2	3.5	2.05	3.51	3.7	2.2	3.3	3.56	2.12	1.75	2.05	1.81	2.08	1.83	2.11	1.77	2.04	0.25	2.04	1.86	2.04	1.87	2.06	1.89	1.99	1.83	3.2	3.5	2.2	3.1	3.5	2.2	3.2	3.45	2.15	3.24	3.64	2.25	3.1	3.4	2.2	3.1	3.5	2.2	3.48	3.68	2.27	3.14	3.55	2.21	1.73	2.08	1.78	2.12	1.82	2.18	1.74	2.08	0.25	1.93	1.97	1.95	1.95	2.01	2.0	1.92	1.92	eredivisie																																																									1	0	0	For Sittard	0	0	1
2023-12-05	19:00	Twente	Nijmegen	4	0	H	1	0	H	26	7	11	2	16	7	7	3	2	1	0	0	1.44	4.75	6.5	1.47	4.75	6.25	1.47	4.4	6.25	1.47	5.02	6.59	1.42	4.6	6.5	1.4	4.8	7.0	1.49	5.02	7.0	1.45	4.81	6.49	1.5	2.5	1.55	2.58	1.57	2.58	1.52	2.5	-1.25	1.96	1.94	1.99	1.92	1.99	1.97	1.94	1.89	1.4	5.0	6.5	1.44	4.8	6.5	1.43	4.8	6.75	1.45	5.18	6.7	1.44	4.5	6.5	1.4	4.8	7.5	1.48	5.2	7.5	1.44	4.9	6.62	1.44	2.7	1.49	2.74	1.55	2.76	1.48	2.6	-1.25	1.92	1.98	1.93	1.98	2.0	2.02	1.92	1.91	eredivisie																																																									1	0	0	Twente	1	0	0
2023-11-08	19:00	Volendam	Vitesse	1	2	A	1	0	H	4	13	4	9	12	10	3	7	3	1	1	0	3.4	3.75	2.0	3.3	3.7	2.05	3.35	3.6	2.05	3.47	3.88	2.07	3.2	3.5	1.91	3.3	3.8	2.05	3.6	3.92	2.11	3.37	3.74	2.04	1.57	2.35	1.6	2.46	1.6	2.5	1.56	2.39	0.25	2.05	1.75	2.11	1.81	2.14	1.85	2.05	1.78	3.75	3.75	1.85	3.6	3.8	1.93	3.6	3.65	1.95	3.85	3.95	1.96	3.4	3.5	1.83	3.6	3.9	1.9	4.0	4.0	1.98	3.73	3.83	1.91	1.57	2.35	1.59	2.48	1.61	2.55	1.56	2.4	0.5	1.97	1.93	1.94	1.96	2.01	1.96	1.93	1.9	eredivisie																																																									0	1	0	Vitesse	1	0	0
2023-12-08	15:30	PSV Eindhoven	Utrecht	2	0	H	1	0	H	23	7	8	1	15	14	4	2	2	1	0	0	1.36	5.0	8.5	1.36	5.25	7.75	1.37	5.0	7.25	1.37	5.75	7.93	1.3	4.75	7.0	1.36	5.0	8.0	1.38	5.9	8.7	1.36	5.21	7.94	1.5	2.5	1.49	2.71	1.52	2.72	1.49	2.58	-1.5	2.01	1.89	2.01	1.9	2.03	1.93	1.97	1.85	1.3	5.25	9.5	1.29	5.75	9.5	1.3	5.5	8.75	1.3	6.22	9.78	1.22	5.0	9.0	1.25	5.75	10.5	1.34	6.22	11.1	1.29	5.73	9.43	1.44	2.7	1.45	2.86	1.51	2.86	1.45	2.7	-1.5	1.78	2.03	1.83	2.08	1.89	2.15	1.82	2.01	eredivisie																																																									1	0	0	PSV Eindhoven	1	0	0
2023-12-08	17:45	Heerenveen	Waalwijk	3	1	H	3	0	H	19	13	9	5	9	8	7	2	0	1	0	0	1.73	4.0	4.5	1.75	4.1	4.2	1.75	3.95	4.1	1.78	4.1	4.46	1.65	3.75	4.0	1.75	4.0	4.2	1.8	4.15	4.5	1.75	4.03	4.26	1.57	2.35	1.63	2.39	1.64	2.48	1.57	2.36	-0.75	1.98	1.92	2.0	1.91	2.02	1.96	1.94	1.87	1.57	4.33	5.5	1.57	4.33	5.5	1.6	4.2	5.0	1.58	4.42	5.74	1.5	3.9	4.8	1.53	4.33	5.75	1.67	4.5	5.78	1.57	4.32	5.37	1.57	2.35	1.59	2.47	1.62	2.55	1.56	2.4	-1.0	1.95	1.95	1.96	1.94	2.09	2.0	1.94	1.9	eredivisie																																																									1	0	0	Heerenveen	1	0	0
2023-12-08	19:00	Ajax	Heracles	4	1	H	1	1	D	31	7	13	2	11	14	13	4	2	5	0	0	1.2	7.0	13.0	1.18	8.0	13.5	1.2	7.5	12.0	1.19	8.58	12.96	1.12	7.0	11.0	1.17	7.0	17.0	1.2	9.0	17.0	1.18	7.73	13.26	1.33	3.4	1.35	3.28	1.39	3.4	1.34	3.2	-2.0	1.87	2.03	1.87	2.02	1.88	2.08	1.83	2.0	1.25	6.0	10.0	1.27	6.25	9.75	1.25	6.5	10.0	1.24	7.31	10.97	1.2	5.8	8.5	1.22	6.5	11.5	1.28	8.1	13.0	1.24	6.72	10.63	1.36	3.1	1.37	3.21	1.38	3.33	1.35	3.14	-1.75	1.93	1.97	1.86	2.03	1.95	2.17	1.84	1.99	eredivisie																																																									1	0	0	Ajax	0	0	1
2023-12-08	20:00	Zwolle	Sparta Rotterdam	1	2	A	0	1	A	20	9	7	4	8	15	7	1	2	4	0	0	2.6	3.4	2.7	2.45	3.5	2.7	2.5	3.4	2.7	2.51	3.51	2.91	2.25	3.25	2.7	2.45	3.4	2.8	2.6	3.57	2.91	2.47	3.43	2.78	1.75	2.05	1.8	2.1	1.81	2.13	1.76	2.04	0.0	1.82	2.08	1.81	2.11	1.85	2.11	1.81	2.03	2.5	3.6	2.55	2.55	3.5	2.6	2.5	3.45	2.6	2.62	3.62	2.7	2.45	3.2	2.5	2.55	3.5	2.63	2.76	3.74	2.76	2.57	3.52	2.64	1.75	2.05	1.78	2.12	1.82	2.16	1.75	2.07	0.0	1.96	1.94	1.92	1.98	1.99	2.01	1.89	1.95	eredivisie																																																									0	1	0	Sparta Rotterdam	0	1	0
2023-01-09	19:00	Sparta Rotterdam	Nijmegen	1	1	D	0	0	D	15	13	6	6	11	10	10	1	1	4	0	0	1.91	3.8	3.8	1.85	3.75	4.0	1.9	3.7	3.75	1.9	3.83	4.11	1.8	3.4	3.6	1.87	3.75	3.9	1.95	4.0	4.11	1.88	3.78	3.88	1.7	2.1	1.72	2.21	1.74	2.28	1.67	2.17	-0.5	1.91	1.99	1.9	2.0	1.95	2.01	1.89	1.94	2.0	3.75	3.6	2.05	3.6	3.4	2.1	3.5	3.25	2.07	3.69	3.66	1.95	3.2	3.3	2.0	3.6	3.5	2.1	3.8	3.88	2.02	3.64	3.53	1.7	2.1	1.76	2.14	1.79	2.31	1.72	2.12	-0.5	2.03	1.87	2.07	1.85	2.07	1.89	2.02	1.82	eredivisie																																																									0	0	1		0	0	1
2023-02-09	15:30	Almere City	Zwolle	1	2	A	0	1	A	10	13	3	6	12	10	7	4	3	4	0	1	3.2	3.6	2.15	3.1	3.7	2.15	3.1	3.6	2.15	3.26	3.66	2.23	3.1	3.2	2.05	3.13	3.6	2.15	3.28	3.76	2.25	3.15	3.63	2.16	1.65	2.2	1.68	2.29	1.69	2.32	1.65	2.23	0.25	1.99	1.91	1.97	1.93	2.0	1.94	1.93	1.88	2.8	3.5	2.4	2.85	3.5	2.35	2.85	3.4	2.35	2.9	3.64	2.45	2.7	3.2	2.25	2.75	3.6	2.38	3.0	3.72	2.46	2.84	3.53	2.36	1.65	2.2	1.68	2.29	1.9	2.31	1.66	2.2	0.25	1.78	2.13	1.81	2.12	1.82	2.16	1.78	2.05	eredivisie																																																									0	1	0	Zwolle	0	1	0
2023-02-09	17:45	Go Ahead Eagles	Heerenveen	3	2	H	2	1	H	21	13	7	3	10	9	9	8	3	0	0	1	2.25	3.6	3.0	2.2	3.6	3.0	2.25	3.55	2.95	2.21	3.76	3.24	2.05	3.5	2.88	2.2	3.6	3.1	2.28	3.8	3.26	2.2	3.64	3.06	1.62	2.25	1.67	2.31	1.68	2.38	1.62	2.27	-0.25	1.93	1.97	1.93	1.98	1.98	2.0	1.9	1.9	1.95	3.6	3.6	1.98	3.7	3.6	2.0	3.6	3.45	2.02	3.77	3.72	1.91	3.4	3.3	2.0	3.7	3.5	2.14	3.84	3.8	2.01	3.67	3.54	1.67	2.15	1.72	2.21	1.75	2.25	1.68	2.18	-0.5	2.01	1.89	2.02	1.88	2.07	1.91	2.0	1.83	eredivisie																																																									1	0	0	Go Ahead Eagles	1	0	0
2023-02-09	19:00	Waalwijk	PSV Eindhoven	0	4	A	0	1	A	10	22	3	9	1	13	4	8	0	0	0	0	8.0	5.5	1.33	7.75	5.5	1.35	7.25	5.75	1.35	8.33	5.63	1.36	7.0	5.0	1.29	9.0	5.5	1.3	9.0	5.85	1.37	7.93	5.61	1.33	1.36	3.1	1.38	3.17	1.4	3.27	1.36	3.08	1.5	1.99	1.91	1.97	1.93	2.02	1.94	1.95	1.88	9.5	6.0	1.25	9.25	6.25	1.27	8.75	6.5	1.27	10.21	6.39	1.28	9.0	5.5	1.2	9.5	6.5	1.25	10.5	6.62	1.3	9.64	6.33	1.26	1.25	4.0	1.29	3.75	1.32	4.0	1.28	3.61	1.75	2.03	1.87	2.02	1.88	2.04	1.98	1.96	1.86	eredivisie																																																									0	1	0	PSV Eindhoven	0	1	0
2023-02-09	20:00	Heracles	Excelsior	3	1	H	0	1	A	15	9	5	3	6	11	8	1	1	4	0	1	1.8	3.8	4.33	1.83	3.9	3.9	1.83	3.8	3.9	1.84	3.92	4.34	1.8	3.3	3.7	1.8	3.8	4.1	1.85	4.09	4.4	1.81	3.85	4.1	1.57	2.35	1.63	2.39	1.63	2.45	1.59	2.34	-0.5	1.75	2.05	1.83	2.07	1.85	2.09	1.81	2.03	1.8	3.8	4.33	1.8	3.9	4.1	1.77	3.8	4.1	1.83	3.93	4.38	1.7	3.7	3.8	1.75	4.0	4.2	1.83	4.13	4.5	1.78	3.93	4.16	1.57	2.35	1.61	2.42	1.68	2.55	1.57	2.39	-0.75	2.04	1.86	2.05	1.86	2.08	1.88	1.99	1.84	eredivisie																																																									1	0	0	Heracles	0	1	0
2023-03-09	11:15	Utrecht	Feyenoord	1	5	A	1	2	A	5	21	1	11	13	13	5	8	1	0	0	0	4.75	4.5	1.62	4.6	4.33	1.63	4.5	4.3	1.65	4.89	4.55	1.65	4.33	4.0	1.55	4.6	4.2	1.57	5.0	4.7	1.67	4.69	4.36	1.63	1.48	2.6	1.5	2.71	1.51	2.75	1.48	2.62	1.0	1.83	2.07	1.85	2.07	1.85	2.1	1.81	2.03	4.33	4.33	1.7	4.4	4.1	1.71	4.3	4.1	1.7	4.66	4.3	1.71	4.0	3.75	1.65	4.5	4.2	1.67	4.66	4.4	1.73	4.4	4.14	1.7	1.53	2.4	1.56	2.56	1.56	2.56	1.52	2.47	0.75	2.01	1.89	2.01	1.9	2.05	1.92	1.95	1.87	eredivisie																																																									0	1	0	Feyenoord	0	1	0
2023-03-09	13:30	For Sittard	Ajax	0	0	D	0	0	D	12	12	4	4	20	7	3	7	3	2	0	0	6.5	5.5	1.4	7.0	5.25	1.4	6.75	5.25	1.4	7.39	5.51	1.4	6.5	4.4	1.35	6.5	5.0	1.36	7.5	5.7	1.41	6.89	5.25	1.39	1.4	2.88	1.43	2.97	1.43	3.1	1.39	2.95	1.5	1.84	2.06	1.85	2.07	1.85	2.11	1.81	2.02	4.75	4.33	1.65	4.6	4.2	1.65	4.9	4.3	1.6	4.81	4.32	1.69	4.75	4.0	1.5	5.0	4.2	1.62	5.75	4.75	1.69	4.95	4.34	1.61	1.57	2.35	1.6	2.44	1.6	2.7	1.54	2.45	1.0	1.73	2.08	1.77	2.15	2.02	2.2	1.82	2.02	eredivisie																																																									0	0	1		0	0	1
2023-03-09	13:30	Volendam	Twente	0	2	A	0	1	A	7	12	2	4	10	7	1	5	1	2	0	0	5.5	4.5	1.53	5.0	4.5	1.57	5.0	4.4	1.57	5.22	4.57	1.61	4.75	3.8	1.53	4.8	4.33	1.53	5.5	4.65	1.62	5.05	4.47	1.57	1.44	2.7	1.47	2.79	1.49	2.82	1.45	2.72	1.0	1.93	1.97	1.92	1.99	1.95	1.99	1.9	1.92	6.5	4.75	1.45	6.0	4.75	1.49	6.0	4.8	1.45	6.58	5.07	1.47	6.0	4.4	1.36	6.5	5.0	1.4	6.8	5.2	1.5	6.33	4.87	1.45	1.4	2.88	1.45	2.87	1.48	3.05	1.43	2.8	1.25	1.95	1.95	1.94	1.96	1.99	1.97	1.92	1.91	eredivisie																																																									0	1	0	Twente	0	1	0
2023-03-09	15:45	Vitesse	AZ Alkmaar	0	2	A	0	0	D	4	16	2	7	12	10	0	9	3	0	0	0	3.75	3.8	1.91	3.7	3.7	1.95	3.6	3.65	1.95	3.62	3.83	2.04	3.4	3.25	1.91	3.4	3.6	1.93	3.75	3.9	2.05	3.56	3.72	1.97	1.65	2.2	1.7	2.23	1.71	2.28	1.64	2.22	0.5	1.9	2.0	1.88	2.04	1.93	2.04	1.86	1.97	2.8	3.5	2.38	2.8	3.5	2.37	2.75	3.5	2.4	2.96	3.57	2.44	2.62	3.3	2.25	2.88	3.6	2.3	3.08	3.7	2.47	2.84	3.56	2.38	1.75	2.05	1.78	2.12	1.81	2.25	1.71	2.13	0.25	1.78	2.13	1.81	2.11	1.88	2.16	1.79	2.06	eredivisie																																																									0	1	0	AZ Alkmaar	0	0	1
2023-01-10	11:15	Nijmegen	Vitesse	1	3	A	1	1	D	9	10	5	5	9	18	6	5	2	5	0	0	2.15	3.4	3.25	2.2	3.6	3.1	2.15	3.45	3.15	2.19	3.82	3.23	2.15	3.6	3.1	2.1	3.5	3.0	2.2	3.85	3.26	2.16	3.61	3.14	1.7	2.1	1.72	2.21	1.77	2.22	1.7	2.14	-0.25	1.91	1.99	1.91	1.99	1.92	1.99	1.87	1.93	2.2	3.4	3.25	2.15	3.5	3.2	2.15	3.45	3.2	2.27	3.65	3.19	2.15	3.5	3.1	2.15	3.5	3.25	2.28	3.77	3.77	2.16	3.56	3.26	1.75	2.05	1.81	2.08	1.88	2.19	1.77	2.03	-0.25	1.93	1.97	1.97	1.93	1.97	2.05	1.87	1.94	eredivisie																																																									0	1	0	Vitesse	0	0	1
2023-01-10	13:30	Excelsior	Sparta Rotterdam	2	1	H	0	0	D	15	9	7	5	9	12	2	7	4	1	0	0	3.3	3.6	2.05	3.3	3.75	2.05	3.35	3.55	2.05	3.59	3.59	2.12	3.4	3.6	2.0	3.3	3.5	2.0	3.64	3.78	2.14	3.43	3.62	2.05	1.67	2.15	1.76	2.15	1.76	2.3	1.68	2.17	0.25	2.06	1.84	2.08	1.83	2.09	1.85	2.04	1.78	3.1	3.4	2.2	3.0	3.5	2.25	3.2	3.4	2.15	3.17	3.54	2.33	3.1	3.4	2.2	3.25	3.5	2.15	3.62	3.72	2.33	3.19	3.5	2.21	1.85	2.0	1.87	2.02	1.88	2.15	1.81	1.99	0.25	1.91	1.99	1.9	2.01	2.01	2.05	1.91	1.91	eredivisie																																																									1	0	0	Excelsior	0	0	1
2023-01-10	13:30	Heracles	Zwolle	2	1	H	0	0	D	13	13	6	5	8	12	2	2	1	3	0	0	2.2	3.5	3.1	2.2	3.7	3.0	2.2	3.6	3.0	2.29	3.82	3.03	2.15	3.8	2.9	2.15	3.6	2.88	2.3	3.87	3.2	2.22	3.68	2.99	1.57	2.35	1.63	2.39	1.63	2.5	1.57	2.37	-0.25	2.01	1.89	2.0	1.91	2.02	1.91	1.93	1.87	2.38	3.5	2.88	2.37	3.6	2.75	2.35	3.55	2.8	2.44	3.69	2.88	2.38	3.6	2.7	2.38	3.6	2.75	2.49	3.77	3.05	2.39	3.62	2.82	1.6	2.3	1.64	2.37	1.68	2.41	1.6	2.31	-0.25	2.08	1.82	2.12	1.81	2.14	1.85	2.05	1.79	eredivisie																																																									1	0	0	Heracles	0	0	1
2023-01-10	15:45	AZ Alkmaar	For Sittard	4	0	H	1	0	H	12	8	7	1	14	12	1	3	1	3	0	0	1.36	4.75	9.0	1.36	5.25	8.0	1.35	5.25	7.75	1.39	5.44	7.8	1.33	5.5	7.5	1.33	4.8	7.5	1.4	5.6	9.5	1.36	5.19	7.92	1.53	2.4	1.58	2.48	1.6	2.55	1.54	2.45	-1.5	2.02	1.88	2.07	1.83	2.07	1.9	2.0	1.83	1.4	4.5	8.0	1.38	5.0	8.0	1.37	5.0	7.75	1.4	5.19	8.05	1.33	5.0	8.0	1.33	5.25	8.5	1.4	5.6	9.37	1.36	5.07	8.27	1.57	2.35	1.64	2.36	1.68	2.45	1.59	2.34	-1.5	2.08	1.73	2.16	1.76	2.17	1.9	2.03	1.8	eredivisie																																																									1	0	0	AZ Alkmaar	1	0	0
2023-06-10	19:00	Volendam	Utrecht	1	0	H	0	0	D	15	7	5	3	20	11	6	0	3	2	0	1	3.8	4.0	1.83	3.75	4.0	1.85	3.75	3.95	1.83	3.93	4.23	1.85	3.8	4.0	1.8	3.8	4.0	1.83	4.0	4.23	1.91	3.84	4.04	1.84	1.5	2.5	1.54	2.59	1.57	2.65	1.52	2.52	0.75	1.78	2.03	1.83	2.08	1.83	2.14	1.78	2.04	4.0	4.2	1.75	3.9	4.0	1.82	3.85	3.95	1.83	4.24	4.33	1.78	3.9	4.0	1.75	4.1	4.0	1.75	4.24	4.33	1.91	3.97	4.11	1.79	1.5	2.5	1.53	2.6	1.56	2.75	1.5	2.54	0.75	1.93	1.97	1.93	1.98	1.95	2.13	1.84	1.98	eredivisie																																																									1	0	0	Volendam	0	0	1
2023-07-10	15:30	Heerenveen	Nijmegen	1	1	D	1	1	D	18	9	7	3	4	12	7	1	1	0	0	0	2.15	3.6	3.2	2.15	3.7	3.1	2.15	3.6	3.05	2.18	3.7	3.34	2.1	3.7	3.1	2.1	3.6	3.25	2.2	3.85	3.35	2.14	3.66	3.18	1.67	2.15	1.71	2.22	1.72	2.3	1.67	2.19	-0.25	1.89	2.01	1.89	2.01	1.9	2.02	1.85	1.96	2.05	3.5	3.6	2.1	3.5	3.4	2.1	3.4	3.4	2.1	3.54	3.7	2.05	3.5	3.4	2.05	3.5	3.5	2.16	3.62	3.75	2.08	3.5	3.49	1.93	1.93	1.96	1.93	1.97	1.98	1.9	1.9	-0.25	1.81	2.09	1.81	2.1	1.85	2.13	1.79	2.03	eredivisie																																																									0	0	1		0	0	1
2023-07-10	17:45	Almere City	Waalwijk	1	0	H	1	0	H	18	13	6	4	12	8	4	3	1	1	0	0	2.3	3.8	2.75				2.3	3.7	2.8	2.37	3.92	2.85	2.25	3.9	2.7	2.3	3.6	2.88	2.39	3.96	2.88	2.32	3.79	2.79	1.57	2.35	1.59	2.48	1.6	2.5	1.57	2.4	-0.25	2.08	1.82	2.08	1.84	2.08	1.84	2.02	1.8	2.25	3.75	3.0				2.25	3.6	2.9	2.32	3.73	3.04	2.2	3.7	2.88	2.25	3.7	2.9	2.34	3.85	3.04	2.27	3.71	2.92	1.67	2.15	1.69	2.26	1.77	2.36	1.64	2.24	-0.25	1.99	1.91	2.02	1.88	2.03	1.93	1.97	1.85	eredivisie																																																									1	0	0	Almere City	1	0	0
2023-07-10	19:00	Go Ahead Eagles	Heracles	4	0	H	2	0	H	22	17	13	8	10	11	9	5	0	2	0	0	1.8	4.0	4.2	1.82	3.9	3.9	1.83	3.85	3.9	1.84	4.12	4.11	1.75	4.0	4.0	1.8	3.8	4.1	1.85	4.2	4.2	1.81	3.98	4.0	1.57	2.35	1.61	2.42	1.62	2.45	1.59	2.33	-0.75	2.07	1.83	2.07	1.85	2.08	1.85	2.02	1.8	1.83	4.0	4.0	1.83	3.9	3.9	1.8	3.85	3.95	1.86	4.06	4.07	1.75	4.0	4.0	1.8	3.9	4.0	1.87	4.2	4.33	1.81	3.98	4.04	1.6	2.3	1.63	2.38	1.68	2.55	1.58	2.35	-0.75	2.05	1.75	2.1	1.81	2.18	1.88	2.01	1.8	eredivisie																																																									1	0	0	Go Ahead Eagles	1	0	0
2023-07-10	20:00	Vitesse	Excelsior	0	0	D	0	0	D	21	11	7	5	9	10	11	5	2	0	0	0	1.73	4.33	4.0	1.7	4.1	4.5	1.73	4.1	4.2	1.78	4.2	4.38	1.7	4.0	4.33	1.75	3.8	4.5	1.8	4.33	4.7	1.73	4.09	4.33	1.65	2.2	1.69	2.26	1.7	2.38	1.64	2.25	-0.75	1.98	1.92	1.99	1.92	1.99	1.94	1.93	1.89	1.8	4.2	3.8	1.8	3.9	4.0	1.77	3.95	3.95	1.84	4.0	4.22	1.73	3.9	4.2	1.73	4.0	4.33	1.9	4.3	4.5	1.78	4.0	4.14	1.7	2.1	1.74	2.18	1.82	2.28	1.68	2.17	-0.75	2.05	1.75	2.08	1.83	2.18	1.93	1.99	1.83	eredivisie																																																									0	0	1		0	0	1
2023-08-10	11:15	Zwolle	Feyenoord	0	2	A	0	1	A	4	13	1	5	11	6	3	4	1	0	0	0	10.0	5.75	1.29	9.0	6.0	1.29	8.25	6.0	1.3	9.24	6.0	1.31	9.0	6.0	1.29	8.5	5.75	1.25	10.0	6.2	1.32	9.03	5.9	1.29	1.36	3.1	1.37	3.17	1.38	3.33	1.34	3.19	1.75	1.88	2.02	1.91	1.98	1.91	2.02	1.86	1.94	10.0	6.0	1.29	9.25	6.0	1.28	9.0	5.75	1.3	10.94	6.39	1.27	10.0	6.5	1.22	10.5	6.0	1.25	11.0	6.5	1.34	9.91	6.14	1.27	1.36	3.1	1.36	3.23	1.39	3.46	1.35	3.16	1.75	1.95	1.95	1.96	1.93	2.04	1.96	1.92	1.9	eredivisie																																																									0	1	0	Feyenoord	0	1	0
2023-08-10	13:30	Ajax	AZ Alkmaar	1	2	A	0	1	A	6	12	1	4	7	12	6	4	2	1	0	0	2.25	3.8	2.9	2.25	3.75	2.9	2.25	3.7	2.8	2.26	3.98	2.98	2.2	3.9	2.75	2.15	3.6	2.88	2.28	4.0	3.0	2.23	3.8	2.9	1.53	2.4	1.56	2.55	1.62	2.55	1.54	2.43	-0.25	1.98	1.92	1.99	1.92	2.0	1.92	1.94	1.87	2.6	3.6	2.55	2.55	3.5	2.6	2.5	3.55	2.55	2.7	3.74	2.56	2.5	3.6	2.6	2.55	3.6	2.55	2.7	3.86	2.82	2.55	3.64	2.6	1.67	2.15	1.69	2.26	1.71	2.5	1.67	2.19	0.0	1.99	1.91	2.01	1.9	2.01	1.99	1.9	1.93	eredivisie																																																									0	1	0	AZ Alkmaar	0	1	0
2023-08-10	13:30	For Sittard	Twente	0	3	A	0	1	A	3	15	1	6	13	16	3	7	2	2	1	0	3.6	4.0	1.91	3.8	3.8	1.87	3.5	3.85	1.95	3.95	3.83	1.94	3.7	3.8	1.85	3.7	3.6	1.85	3.95	4.0	1.97	3.72	3.83	1.91	1.7	2.1	1.75	2.17	1.75	2.2	1.7	2.13	0.5	1.98	1.92	1.96	1.94	1.99	1.95	1.93	1.9	4.33	4.2	1.73	4.4	3.8	1.75	4.2	3.95	1.73	4.8	4.04	1.74	4.33	3.8	1.73	4.6	3.9	1.7	4.8	4.27	1.92	4.39	3.96	1.75	1.73	2.08	1.76	2.15	1.8	2.2	1.73	2.1	0.75	1.96	1.94	1.96	1.94	1.98	2.1	1.88	1.93	eredivisie																																																									0	1	0	Twente	0	1	0
2023-08-10	15:45	Sparta Rotterdam	PSV Eindhoven	0	4	A	0	0	D	8	30	3	11	12	14	1	8	3	1	0	0	9.0	4.75	1.36	7.75	5.25	1.35	7.5	5.25	1.35	8.72	5.45	1.36	7.5	5.5	1.33	8.0	5.0	1.3	9.0	5.6	1.37	8.12	5.27	1.35	1.48	2.6	1.53	2.61	1.53	2.75	1.49	2.61	1.5	1.9	2.0	1.93	1.98	1.96	2.0	1.88	1.94	7.5	5.5	1.36	7.5	5.25	1.36	7.0	5.25	1.37	8.1	5.68	1.37	8.5	5.5	1.3	8.0	5.25	1.33	8.5	5.68	1.41	7.62	5.33	1.36	1.4	2.88	1.43	2.96	1.53	3.0	1.42	2.81	1.5	1.92	1.98	1.91	1.98	1.96	2.06	1.86	1.97	eredivisie																																																									0	1	0	PSV Eindhoven	0	0	1
2023-02-11	19:00	Ajax	Volendam	2	0	H	0	0	D	30	7	10	3	6	6	9	4	0	1	0	0	1.3	6.0	9.5	1.27	6.25	9.5	1.3	6.0	7.75	1.31	6.42	8.49	1.25	6.5	8.5	1.22	6.0	9.0	1.32	6.7	10.0	1.28	6.36	8.68	1.29	3.6	1.31	3.59	1.32	3.73	1.29	3.48	-1.75	1.96	1.94	1.95	1.93	1.96	1.98	1.88	1.93	1.22	7.0	11.0	1.22	7.25	11.0	1.25	7.0	9.0	1.21	8.38	11.13	1.17	7.0	11.0	1.18	7.5	12.0	1.25	8.38	12.0	1.22	7.32	10.5	1.22	4.2	1.21	4.65	1.25	4.65	1.21	4.21	-2.0	1.86	2.04	1.82	2.06	1.98	2.06	1.85	1.96	eredivisie																																																									1	0	0	Ajax	0	0	1
2023-04-11	15:30	Heracles	PSV Eindhoven	0	6	A	0	2	A	7	34	1	11	9	7	1	7	1	0	1	0	13.0	7.0	1.2	11.5	7.0	1.22	10.0	7.0	1.22	12.28	7.36	1.22	12.0	6.5	1.17	13.0	7.0	1.18	13.0	7.7	1.23	11.44	7.15	1.21	1.25	4.0	1.28	3.81	1.3	4.0	1.26	3.75	2.0	1.99	1.91	1.98	1.9	2.02	1.92	1.96	1.87	12.0	6.5	1.22	11.0	7.25	1.22	10.0	7.0	1.22	11.48	7.91	1.21	11.0	7.0	1.17	12.0	7.0	1.2	15.0	8.2	1.25	11.55	7.24	1.21	1.3	3.5	1.3	3.67	1.34	4.0	1.29	3.54	2.0	1.91	1.99	1.93	1.96	2.15	2.04	1.92	1.92	eredivisie																																																									0	1	0	PSV Eindhoven	0	1	0
2023-04-11	17:45	Excelsior	AZ Alkmaar	1	1	D	0	0	D	15	11	5	4	11	9	3	7	2	3	0	0	7.5	5.0	1.4	7.25	4.8	1.41	7.0	4.9	1.4	7.81	5.17	1.41	7.5	4.75	1.33	8.5	4.8	1.36	8.5	5.3	1.43	7.36	4.99	1.39	1.53	2.4	1.56	2.54	1.57	2.63	1.52	2.49	1.25	2.03	1.87	2.02	1.88	2.04	1.89	1.98	1.84	8.5	5.0	1.36	7.75	5.25	1.36	7.5	5.25	1.37	9.11	5.56	1.35	8.0	5.0	1.3	7.5	5.25	1.36	9.2	5.56	1.39	8.13	5.25	1.35	1.53	2.4	1.52	2.63	1.56	2.65	1.52	2.51	1.5	1.92	1.98	1.93	1.98	1.96	2.07	1.86	1.98	eredivisie																																																									0	0	1		0	0	1
2023-04-11	17:45	Waalwijk	Feyenoord	1	2	A	1	1	D	5	27	1	12	6	5	2	10	0	2	1	0	13.0	7.0	1.2	12.0	7.0	1.21	12.0	7.25	1.2	13.32	7.51	1.21	13.0	7.0	1.14	15.0	7.0	1.18	15.0	7.9	1.22	12.88	7.12	1.2	1.33	3.4	1.34	3.39	1.36	3.45	1.33	3.24	2.0	2.01	1.89	1.99	1.89	2.05	1.95	1.95	1.87	15.0	7.5	1.17	14.5	7.5	1.18	11.0	7.0	1.2	14.74	8.98	1.17	13.0	7.5	1.12	17.0	8.0	1.14	17.0	8.98	1.21	14.14	7.68	1.17	1.29	3.6	1.29	3.7	1.34	3.7	1.29	3.43	2.25	1.94	1.96	1.92	1.97	1.96	2.12	1.86	1.96	eredivisie																																																									0	1	0	Feyenoord	0	0	1
2023-04-11	20:00	Go Ahead Eagles	Vitesse	5	1	H	1	0	H	22	13	14	3	5	13	4	6	0	4	0	0	1.91	3.6	4.0	1.9	3.75	3.75	1.95	3.7	3.6	1.96	3.91	3.81	1.91	3.6	3.5	1.93	3.6	3.8	1.99	3.94	4.0	1.94	3.75	3.71	1.7	2.1	1.74	2.19	1.75	2.2	1.71	2.13	-0.5	1.96	1.94	1.96	1.94	1.99	2.0	1.94	1.91	2.0	3.6	3.5	2.0	3.7	3.5	2.0	3.65	3.45	2.02	3.8	3.69	1.91	3.6	3.4	2.0	3.7	3.5	2.11	3.8	4.0	2.0	3.69	3.55	1.7	2.1	1.73	2.19	1.82	2.28	1.7	2.15	-0.5	2.08	1.82	2.02	1.88	2.12	1.95	2.01	1.83	eredivisie																																																									1	0	0	Go Ahead Eagles	1	0	0
2023-05-11	11:15	Utrecht	Twente	1	1	D	1	1	D	14	10	6	1	6	10	5	2	3	4	0	1	5.0	4.0	1.67	4.6	4.0	1.68	4.6	3.9	1.7	4.98	4.06	1.71	4.6	3.9	1.6	4.5	3.8	1.65	5.0	4.2	1.76	4.68	3.99	1.69	1.7	2.1	1.76	2.15	1.77	2.23	1.71	2.13	0.75	1.99	1.91	1.99	1.92	2.0	1.95	1.94	1.87	4.0	3.8	1.85	4.0	3.7	1.85	3.95	3.7	1.85	4.24	3.72	1.91	3.8	3.7	1.8	4.1	3.6	1.85	4.4	3.99	1.92	4.1	3.73	1.85	1.85	2.0	1.85	2.05	1.92	2.16	1.82	1.99	0.5	1.99	1.91	2.0	1.91	2.04	1.95	1.98	1.87	eredivisie																																																									0	0	1		0	0	1
2023-05-11	13:30	Nijmegen	Volendam	3	3	D	1	1	D	13	15	7	7	6	11	8	4	4	2	1	0	1.6	4.33	5.0	1.65	4.1	4.8	1.6	4.2	4.9	1.63	4.42	5.21	1.55	4.2	4.75	1.57	4.1	4.8	1.65	4.5	5.21	1.61	4.29	4.93	1.57	2.35	1.62	2.4	1.63	2.45	1.57	2.37	-1.0	2.04	1.86	2.05	1.87	2.11	1.87	2.02	1.82	1.55	4.5	5.25	1.55	4.4	5.5	1.53	4.5	5.5	1.56	4.71	5.55	1.5	4.2	5.5	1.53	4.4	5.5	1.6	4.71	6.1	1.54	4.47	5.42	1.5	2.5	1.52	2.64	1.56	2.64	1.51	2.49	-1.0	1.9	2.0	1.91	2.0	1.96	2.04	1.88	1.95	eredivisie																																																									0	0	1		0	0	1
2023-05-11	13:30	Zwolle	For Sittard	2	0	H	1	0	H	15	8	6	2	11	9	2	2	3	1	0	0	2.2	3.5	3.2	2.2	3.6	3.1	2.2	3.55	3.0	2.23	3.68	3.25	2.1	3.5	3.0	2.1	3.4	3.1	2.24	3.72	3.28	2.2	3.57	3.13	1.8	2.0	1.81	2.09	1.81	2.11	1.77	2.04	-0.25	1.92	1.98	1.93	1.97	1.95	2.0	1.89	1.92	2.25	3.5	3.2	2.2	3.5	3.1	2.25	3.45	3.0	2.31	3.5	3.24	2.15	3.5	2.9	2.2	3.5	3.13	2.33	3.65	3.45	2.24	3.52	3.11	1.8	2.05	1.87	2.02	1.9	2.12	1.81	2.0	-0.25	1.98	1.92	1.99	1.92	2.0	1.98	1.93	1.89	eredivisie																																																									1	0	0	Zwolle	1	0	0
2023-05-11	15:45	Ajax	Heerenveen	4	1	H	2	1	H	14	12	8	3	10	8	5	8	1	2	0	0	1.5	4.75	6.0	1.47	4.8	5.75	1.47	4.8	5.75	1.5	5.4	5.64	1.4	4.8	5.5	1.44	4.6	5.75	1.51	5.5	6.0	1.47	4.97	5.68	1.4	2.88	1.41	3.04	1.44	3.12	1.4	2.9	-1.25	1.98	1.92	1.99	1.92	2.0	1.93	1.95	1.87	1.4	5.25	7.0	1.38	5.25	7.0	1.4	5.25	6.5	1.41	5.6	7.02	1.33	5.0	7.0	1.36	5.25	7.5	1.43	5.8	7.5	1.39	5.33	6.94	1.36	3.1	1.4	3.03	1.41	3.17	1.38	3.0	-1.5	2.02	1.88	2.04	1.87	2.04	1.91	1.98	1.85	eredivisie																																																									1	0	0	Ajax	1	0	0
2023-05-11	15:45	Sparta Rotterdam	Almere City	1	2	A	0	1	A	24	11	6	4	2	13	10	3	0	0	0	0	1.67	4.0	5.0	1.68	4.0	4.6	1.67	3.95	4.7	1.71	4.27	4.71	1.62	3.9	4.5	1.65	3.75	4.6	1.73	4.3	5.0	1.69	4.01	4.66	1.73	2.08	1.75	2.17	1.79	2.19	1.73	2.11	-0.75	1.91	1.99	1.89	2.01	1.95	2.01	1.86	1.95	1.7	4.0	4.75	1.7	3.9	4.75	1.7	3.9	4.6	1.75	3.98	4.79	1.65	3.8	4.5	1.67	3.9	5.0	1.76	4.2	5.14	1.71	3.96	4.67	1.75	2.05	1.82	2.06	1.9	2.15	1.77	2.04	-0.75	1.95	1.95	1.96	1.94	1.97	2.04	1.9	1.92	eredivisie																																																									0	1	0	Almere City	0	1	0
2023-10-11	19:00	For Sittard	Heracles	4	1	H	4	0	H	15	7	8	3	10	10	9	7	0	4	0	0	1.73	3.8	4.75	1.75	3.9	4.4	1.73	3.8	4.3	1.76	4.06	4.61	1.67	3.9	4.2	1.73	3.9	4.5	1.8	4.1	4.75	1.75	3.92	4.43	1.7	2.1	1.73	2.19	1.8	2.25	1.68	2.16	-0.75	1.97	1.93	1.98	1.93	1.99	1.94	1.94	1.87	1.67	4.0	5.0	1.7	3.9	4.75	1.7	3.85	4.7	1.69	4.05	5.24	1.65	3.8	4.4	1.7	3.8	4.8	1.77	4.1	5.24	1.7	3.91	4.81	1.75	2.05	1.81	2.08	1.85	2.22	1.74	2.07	-0.75	1.89	2.01	1.88	2.04	1.94	2.04	1.89	1.93	eredivisie																																																									1	0	0	For Sittard	1	0	0
2023-11-11	17:45	Waalwijk	Go Ahead Eagles	0	1	A	0	1	A	19	9	5	2	8	5	7	0	1	0	0	0	2.88	3.6	2.38	2.8	3.7	2.35	2.75	3.55	2.4	2.89	3.74	2.42	2.7	3.7	2.2	2.88	3.5	2.38	2.91	3.77	2.43	2.82	3.65	2.36	1.65	2.2	1.7	2.25	1.71	2.3	1.66	2.21	0.25	1.85	2.05	1.82	2.1	1.87	2.11	1.8	2.02	3.1	3.6	2.2	3.1	3.6	2.15	3.05	3.55	2.2	3.22	3.8	2.2	2.9	3.6	2.1	3.1	3.7	2.15	3.23	3.85	2.25	3.1	3.67	2.18	1.65	2.2	1.67	2.3	1.7	2.31	1.65	2.23	0.25	1.96	1.94	1.98	1.93	1.98	1.96	1.93	1.89	eredivisie																																																									0	1	0	Go Ahead Eagles	0	1	0
2023-11-11	19:00	Twente	Nijmegen	3	3	D	1	0	H	35	14	7	8	9	14	13	3	1	3	0	0	1.33	5.0	10.0	1.32	5.5	9.0	1.33	5.5	8.5	1.32	5.81	9.83	1.25	5.5	9.5	1.3	5.25	10.0	1.36	5.9	10.0	1.31	5.47	9.22	1.57	2.35	1.61	2.41	1.63	2.63	1.57	2.37	-1.5	1.92	1.98	1.94	1.96	1.97	1.99	1.9	1.92	1.36	5.0	8.5	1.34	5.25	8.75	1.35	5.25	8.25	1.35	5.45	9.37	1.29	5.0	8.5	1.33	5.25	9.0	1.41	6.0	11.0	1.33	5.29	9.19	1.62	2.25	1.66	2.33	1.67	2.45	1.61	2.3	-1.5	2.02	1.88	2.05	1.86	2.12	2.0	1.95	1.88	eredivisie																																																									0	0	1		1	0	0
2023-11-11	20:00	Vitesse	Heerenveen	1	3	A	1	1	D	9	19	5	7	10	3	4	7	2	1	1	0	2.38	3.5	2.9	2.35	3.6	2.8	2.4	3.45	2.75	2.38	3.7	2.97	2.3	3.6	2.62	2.38	3.5	2.88	2.47	3.75	2.97	2.37	3.59	2.83	1.7	2.1	1.75	2.17	1.75	2.25	1.69	2.12	-0.25	2.07	1.83	2.07	1.85	2.09	1.85	2.03	1.79	2.3	3.4	3.1	2.3	3.3	3.1	2.3	3.3	3.0	2.39	3.33	3.23	2.25	3.3	2.9	2.3	3.3	3.1	2.39	3.69	3.23	2.31	3.41	3.06	2.03	1.83	2.09	1.82	2.11	2.19	1.95	1.85	-0.25	2.04	1.86	2.04	1.87	2.06	1.89	1.99	1.83	eredivisie																																																									0	1	0	Heerenveen	0	0	1
2023-12-11	11:15	PSV Eindhoven	Zwolle	4	0	H	2	0	H	21	3	6	2	8	7	12	0	0	2	0	0	1.1	11.0	21.0	1.1	11.5	21.0	1.1	10.0	19.0	1.1	12.68	22.26	1.06	10.0	21.0	1.06	10.0	20.0	1.1	14.0	28.0	1.09	11.03	22.12	1.22	4.2	1.24	4.09	1.24	4.33	1.22	4.01	-2.75	1.99	1.91	1.98	1.89	2.02	1.92	1.95	1.86	1.07	13.0	26.0	1.08	13.0	31.0	1.07	12.0	23.0	1.07	15.68	32.0	1.03	11.0	29.0	1.06	12.0	26.0	1.09	17.0	34.0	1.07	12.9	27.7	1.18	4.5	1.18	5.0	1.23	5.05	1.18	4.59	-3.0	1.96	1.94	1.89	1.97	2.19	1.97	1.94	1.89	eredivisie																																																									1	0	0	PSV Eindhoven	1	0	0
2023-12-11	13:30	Almere City	Ajax	2	2	D	0	0	D	13	22	5	13	12	10	4	6	5	2	0	0	5.0	4.75	1.53	5.5	4.6	1.52	5.25	4.6	1.53	5.43	4.87	1.56	5.5	4.5	1.44	5.25	4.33	1.5	6.0	5.0	1.56	5.37	4.68	1.52	1.48	2.6	1.51	2.65	1.52	2.72	1.47	2.62	1.0	2.02	1.88	2.02	1.88	2.14	1.93	2.0	1.84	5.25	4.75	1.53	5.25	4.6	1.53	5.25	4.6	1.53	5.52	4.94	1.54	5.5	4.5	1.44	5.5	4.6	1.5	5.8	5.0	1.57	5.4	4.7	1.52	1.4	2.88	1.46	2.82	1.49	3.0	1.44	2.76	1.0	2.04	1.86	2.06	1.85	2.06	1.91	2.01	1.83	eredivisie																																																									0	0	1		0	0	1
2023-12-11	13:30	Volendam	Sparta Rotterdam	1	4	A	1	2	A	17	16	1	7	4	10	3	5	0	1	0	0	3.25	3.6	2.15	3.1	3.8	2.1	3.1	3.7	2.1	3.28	3.9	2.14	3.1	3.75	2.0	3.1	3.6	2.05	3.31	3.94	2.15	3.18	3.75	2.1	1.6	2.3	1.65	2.33	1.66	2.38	1.61	2.31	0.25	2.04	1.86	2.04	1.88	2.06	1.88	1.98	1.83	3.0	3.75	2.2	3.0	3.7	2.2	2.95	3.65	2.2	3.16	3.83	2.22	2.88	3.6	2.15	3.1	3.7	2.15	3.26	3.84	2.27	3.04	3.68	2.19	1.62	2.25	1.65	2.33	1.68	2.33	1.62	2.27	0.25	1.96	1.94	1.96	1.94	2.01	1.98	1.91	1.91	eredivisie																																																									0	1	0	Sparta Rotterdam	0	1	0
2023-12-11	15:45	Feyenoord	AZ Alkmaar	1	0	H	1	0	H	10	7	5	1	8	13	2	0	2	1	0	0	1.55	4.5	5.25	1.57	4.33	5.25	1.55	4.3	5.25	1.57	4.62	5.58	1.5	4.33	5.0	1.5	4.2	5.5	1.59	4.7	5.75	1.55	4.41	5.36	1.57	2.35	1.63	2.39	1.64	2.45	1.58	2.34	-1.0	1.93	1.97	1.93	1.97	1.96	1.99	1.9	1.92	1.5	4.5	6.0	1.47	4.6	6.25	1.5	4.5	6.0	1.5	4.71	6.66	1.4	4.6	6.0	1.45	4.6	6.5	1.54	4.9	7.0	1.48	4.58	6.32	1.65	2.2	1.67	2.3	1.68	2.47	1.6	2.3	-1.0	1.78	2.03	1.78	2.13	1.85	2.16	1.77	2.09	eredivisie																																																									1	0	0	Feyenoord	1	0	0
2023-12-11	19:00	Utrecht	Excelsior	2	2	D	0	0	D	13	12	6	6	6	11	13	2	0	1	0	0	1.8	3.8	4.2	1.8	3.9	4.0	1.8	3.8	4.0	1.73	3.84	4.0	1.7	3.9	4.0	1.73	3.75	4.1	1.82	4.2	4.5	1.78	3.93	4.15	1.67	2.15	1.6	2.21	1.67	2.36	1.63	2.25	-0.75	2.05	1.85	1.94	1.8	2.11	1.88	1.99	1.83	1.5	4.5	6.0	1.51	4.5	5.75	1.53	4.4	5.75	1.53	4.63	6.18	1.5	4.33	5.5	1.5	4.5	5.75	1.55	4.7	6.53	1.51	4.52	5.95	1.53	2.4	1.58	2.49	1.61	2.5	1.56	2.41	-1.0	1.82	2.08	1.83	2.09	1.87	2.15	1.81	2.04	eredivisie																																																									0	0	1		0	0	1
2023-01-12	19:00	Heerenveen	Almere City	3	0	H	2	0	H	15	13	8	2	6	12	7	8	1	2	0	0	1.67	4.0	5.0	1.65	4.0	5.0	1.65	3.95	4.8	1.68	4.05	5.25	1.6	4.0	4.6	1.65	4.0	5.0	1.7	4.2	5.3	1.65	4.06	4.97	1.7	2.1	1.75	2.17	1.77	2.24	1.7	2.15	-0.75	1.84	2.06	1.87	2.04	1.87	2.07	1.82	2.0	1.57	4.2	5.75	1.61	4.1	5.25	1.65	3.95	4.9	1.59	4.24	6.01	1.57	3.9	5.0	1.55	4.2	5.75	1.67	4.4	6.1	1.6	4.15	5.44	1.7	2.1	1.74	2.19	1.75	2.26	1.69	2.16	-1.0	1.99	1.91	1.99	1.92	2.11	1.97	1.99	1.85	eredivisie																																																									1	0	0	Heerenveen	1	0	0
2023-02-12	17:45	Volendam	Zwolle	0	5	A	0	0	D	9	20	3	10	5	4	6	5	2	0	0	0	2.6	3.75	2.55	2.5	3.7	2.55	2.6	3.6	2.5	2.68	3.72	2.59	2.5	3.6	2.4	2.63	3.6	2.5	2.71	3.8	2.6	2.61	3.69	2.51	1.57	2.35	1.62	2.4	1.63	2.45	1.57	2.37	0.0	1.99	1.91	1.99	1.92	2.02	1.92	1.95	1.88	2.88	3.8	2.3	2.75	3.75	2.3	2.6	3.65	2.45	2.82	3.85	2.42	2.6	3.6	2.3	2.75	3.7	2.38	2.88	3.97	2.55	2.72	3.76	2.39	1.53	2.4	1.56	2.55	1.58	2.6	1.53	2.48	0.25	1.83	2.07	1.81	2.11	1.89	2.23	1.78	2.07	eredivisie																																																									0	1	0	Zwolle	0	0	1
2023-02-12	19:00	For Sittard	Vitesse	3	1	H	2	0	H	15	8	11	4	16	14	5	4	1	3	0	1	2.0	3.6	3.6	2.05	3.6	3.4	2.05	3.5	3.4	2.02	3.63	3.86	1.91	3.5	3.5	2.0	3.5	3.6	2.05	3.75	3.92	2.0	3.6	3.62	1.85	2.0	1.88	2.0	1.9	2.07	1.83	1.98	-0.5	2.03	1.87	2.02	1.88	2.05	1.89	2.0	1.84	2.0	3.6	3.6	2.0	3.6	3.6	2.05	3.5	3.4	2.06	3.57	3.79	1.95	3.5	3.4	2.05	3.5	3.5	2.11	3.69	3.79	2.02	3.57	3.57	1.88	1.98	1.91	1.98	1.97	2.02	1.84	1.94	-0.5	2.09	1.81	2.06	1.85	2.11	1.85	2.02	1.8	eredivisie																																																									1	0	0	For Sittard	1	0	0
2023-02-12	19:00	Waalwijk	Excelsior	2	2	D	1	0	H	17	13	8	6	4	4	2	2	0	0	0	0	2.05	4.0	3.25	2.0	3.9	3.3	2.05	3.8	3.25	2.12	3.92	3.31	1.95	3.8	3.1	2.1	3.6	3.3	2.14	4.0	3.34	2.06	3.83	3.26	1.57	2.35	1.62	2.41	1.62	2.45	1.56	2.37	-0.25	1.85	2.05	1.86	2.05	1.88	2.06	1.81	2.01	1.95	3.8	3.5	2.0	3.7	3.4	2.05	3.7	3.3	2.04	3.78	3.57	1.95	3.7	3.2	2.0	3.75	3.4	2.13	3.98	3.6	2.03	3.76	3.39	1.65	2.2	1.68	2.28	1.77	2.38	1.63	2.27	-0.5	2.05	1.85	2.04	1.87	2.09	1.9	2.03	1.82	eredivisie																																																									0	0	1		1	0	0
2023-02-12	20:00	Heracles	Sparta Rotterdam	0	1	A	0	0	D	13	10	3	4	11	7	6	3	1	0	0	0	2.7	3.6	2.45	2.65	3.6	2.45	2.65	3.6	2.5	2.68	3.75	2.58	2.6	3.5	2.38	2.7	3.5	2.5	2.73	3.77	2.59	2.65	3.67	2.48	1.62	2.25	1.67	2.31	1.69	2.31	1.64	2.25	0.0	2.03	1.87	1.99	1.92	2.04	1.92	1.98	1.86	2.55	3.6	2.55	2.6	3.5	2.55	2.6	3.55	2.5	2.64	3.62	2.68	2.5	3.5	2.45	2.5	3.6	2.6	2.71	3.71	2.71	2.58	3.6	2.57	1.67	2.15	1.72	2.21	1.77	2.33	1.69	2.14	0.0	1.92	1.98	1.93	1.97	1.97	2.0	1.92	1.91	eredivisie																																																									0	1	0	Sparta Rotterdam	0	0	1
2023-03-12	11:15	Feyenoord	PSV Eindhoven	1	2	A	0	0	D	14	14	3	7	10	13	10	5	1	3	0	0	2.2	3.6	3.0	2.25	3.7	2.9	2.25	3.6	2.95	2.22	3.93	3.1	2.1	3.7	2.88	2.15	3.6	2.88	2.28	4.0	3.1	2.21	3.77	2.96	1.57	2.35	1.57	2.51	1.6	2.55	1.55	2.4	-0.25	1.97	1.93	1.94	1.96	2.0	1.97	1.93	1.88	2.0	3.75	3.4	2.05	3.8	3.2	2.1	3.7	3.1	2.07	3.94	3.44	2.05	3.7	3.0	2.05	3.8	3.25	2.16	3.99	3.44	2.08	3.81	3.25	1.5	2.5	1.53	2.61	1.55	2.66	1.52	2.51	-0.25	1.75	2.05	1.81	2.1	1.87	2.14	1.81	2.01	eredivisie																																																									0	1	0	PSV Eindhoven	0	0	1
2023-03-12	13:30	Go Ahead Eagles	Twente	1	3	A	0	2	A	15	13	9	5	7	17	4	4	1	0	0	0	3.8	4.0	1.85	3.7	3.7	1.93	3.65	3.75	1.9	3.87	3.82	1.96	3.6	3.7	1.83	3.7	3.6	1.85	3.92	4.0	1.97	3.73	3.81	1.91	1.67	2.15	1.71	2.23	1.72	2.25	1.68	2.18	0.5	1.98	1.92	1.94	1.96	2.0	1.96	1.92	1.9	3.5	3.8	2.0	3.5	3.6	2.05	3.55	3.65	1.95	3.66	3.69	2.07	3.4	3.6	1.91	3.5	3.6	2.0	3.8	3.87	2.08	3.57	3.69	1.99	1.75	2.05	1.8	2.09	1.9	2.12	1.77	2.04	0.5	1.85	2.05	1.85	2.07	1.9	2.08	1.84	2.0	eredivisie																																																									0	1	0	Twente	0	1	0
2023-03-12	13:30	Nijmegen	Ajax	1	2	A	0	0	D	7	22	3	10	4	7	2	6	0	0	0	0	4.33	4.33	1.7	4.4	4.33	1.68	4.2	4.2	1.7	4.32	4.39	1.75	4.0	4.33	1.62	4.2	4.1	1.65	4.6	4.5	1.75	4.25	4.35	1.7	1.44	2.7	1.5	2.69	1.51	2.88	1.45	2.69	0.75	1.99	1.91	1.95	1.95	2.04	1.95	1.94	1.87	3.6	4.0	1.91	3.5	4.0	1.9	3.7	4.0	1.83	3.53	4.16	1.98	3.3	4.0	1.83	3.5	4.0	1.9	4.27	4.4	1.99	3.69	4.13	1.86	1.44	2.7	1.47	2.78	1.5	2.8	1.44	2.71	0.75	1.7	2.1	1.71	2.24	1.96	2.28	1.77	2.07	eredivisie																																																									0	1	0	Ajax	0	0	1
2023-03-12	15:45	Utrecht	AZ Alkmaar	1	1	D	0	1	A	15	20	4	9	10	13	7	5	0	1	0	0	4.0	3.75	1.83	4.1	3.75	1.83	3.85	3.75	1.85	4.24	3.75	1.9	3.75	3.8	1.75	4.0	3.5	1.8	4.35	4.0	1.91	4.02	3.75	1.85	1.85	2.0	1.85	2.04	1.89	2.16	1.79	2.02	0.5	2.03	1.87	2.01	1.9	2.1	1.9	1.99	1.85	4.0	3.6	1.91	4.1	3.5	1.88	3.95	3.55	1.9	4.38	3.62	1.91	3.75	3.7	1.8	4.2	3.6	1.85	4.5	3.7	1.92	4.17	3.59	1.88	2.0	1.85	2.02	1.87	2.13	1.89	1.98	1.82	0.5	2.0	1.9	2.0	1.91	2.02	1.91	1.95	1.88	eredivisie																																																									0	0	1		0	1	0
2023-06-12	18:00	AZ Alkmaar	Nijmegen	1	2	A	0	2	A	26	4	4	2	4	6	13	1	0	1	0	0	1.25	6.0	10.0	1.28	5.75	10.0	1.27	6.0	10.0	1.28	6.15	10.59	1.25	5.8	10.0	1.22	5.75	10.5	1.29	6.4	13.0	1.27	5.89	10.46	1.53	2.4	1.56	2.5	1.58	2.55	1.53	2.47	-1.75	2.03	1.87	2.02	1.88	2.04	1.95	1.97	1.85	1.25	5.75	10.0	1.27	6.0	11.0	1.25	6.0	10.0	1.27	6.24	11.45	1.25	5.8	11.0	1.25	5.75	11.5	1.29	6.39	12.0	1.26	5.86	10.91	1.53	2.4	1.57	2.49	1.61	2.52	1.54	2.44	-1.75	2.03	1.87	2.03	1.87	2.05	1.89	1.99	1.83	eredivisie																																																									0	1	0	Nijmegen	0	1	0
2023-06-12	19:00	Waalwijk	Ajax	2	3	A	1	2	A	10	16	2	6	12	9	8	9	2	0	0	0	4.75	4.33	1.6	5.25	4.5	1.55	4.7	4.4	1.6	5.15	4.57	1.62	5.0	4.5	1.53	5.25	4.33	1.57	5.25	4.7	1.64	4.94	4.5	1.59	1.44	2.7	1.48	2.75	1.48	2.88	1.42	2.76	1.0	1.91	1.99	1.91	2.0	1.92	2.0	1.87	1.94	5.25	4.5	1.53	5.25	4.6	1.55	4.8	4.3	1.6	5.54	4.79	1.56	5.5	4.5	1.5	5.5	4.6	1.5	5.77	4.79	1.6	5.32	4.61	1.53	1.4	2.88	1.42	2.97	1.45	2.97	1.41	2.83	1.0	2.01	1.89	2.03	1.88	2.06	1.9	1.98	1.84	eredivisie																																																									0	1	0	Ajax	0	1	0
2023-07-12	17:45	PSV Eindhoven	Heerenveen	2	0	H	1	0	H	30	12	8	1	4	10	11	2	2	1	0	0	1.18	7.0	13.0	1.18	8.0	13.5	1.2	7.75	12.0	1.17	9.01	14.21	1.14	7.0	13.0	1.14	7.5	13.0	1.19	9.4	17.0	1.17	7.89	13.61	1.3	3.5	1.29	3.71	1.33	3.71	1.29	3.47	-2.25	2.04	1.86	2.01	1.88	2.07	1.88	2.0	1.82	1.2	8.0	11.0	1.18	8.25	12.5	1.2	7.5	12.0	1.17	8.45	14.87	1.12	7.5	13.0	1.15	8.0	15.0	1.2	9.3	17.0	1.17	8.0	13.72	1.29	3.6	1.3	3.61	1.31	3.82	1.28	3.58	-2.25	2.03	1.78	2.07	1.83	2.09	1.9	2.0	1.82	eredivisie																																																									1	0	0	PSV Eindhoven	1	0	0
2023-07-12	20:00	Feyenoord	Volendam	3	1	H	1	1	D	30	2	10	2	4	5	12	3	1	1	0	0	1.06	12.0	26.0	1.07	14.0	31.0	1.07	13.0	24.0	1.06	17.73	29.18	1.03	12.0	26.0	1.05	11.0	21.0	1.08	19.0	37.0	1.06	13.87	28.04	1.14	5.5	1.14	5.99	1.15	6.25	1.13	5.33	-3.25	2.01	1.89	2.03	1.85	2.04	1.93	1.96	1.85	1.05	17.0	34.0	1.05	17.0	41.0	1.04	16.0	29.0	1.04	21.68	41.53	1.02	13.0	29.0	1.04	15.0	31.0	1.08	25.0	61.0	1.04	16.94	37.11	1.14	5.5	1.13	6.38	1.15	6.5	1.13	5.73	-3.5	2.04	1.86	2.03	1.86	2.14	1.94	1.99	1.84	eredivisie																																																									1	0	0	Feyenoord	0	0	1
2023-08-12	19:00	Twente	Excelsior	4	2	H	1	2	A	31	5	9	4	5	7	10	2	2	4	0	1	1.22	6.5	12.0	1.24	6.25	11.5	1.25	6.0	10.0	1.26	6.73	10.6	1.18	6.5	11.0	1.22	6.5	12.0	1.29	7.1	13.0	1.24	6.34	11.11	1.48	2.6	1.52	2.59	1.54	2.81	1.47	2.6	-1.75	1.93	1.97	1.93	1.95	1.96	1.99	1.87	1.94	1.25	6.5	10.0	1.26	6.25	10.5	1.25	6.0	10.0	1.25	6.91	10.94	1.2	6.0	11.0	1.22	6.5	11.5	1.29	7.1	15.0	1.24	6.38	11.12	1.44	2.7	1.49	2.68	1.52	2.75	1.47	2.62	-1.75	1.92	1.98	1.9	1.99	1.96	2.05	1.87	1.95	eredivisie																																																									1	0	0	Twente	0	1	0
2023-09-12	17:45	Ajax	Sparta Rotterdam	2	1	H	2	0	H	23	10	6	2	6	7	7	7	0	1	0	0	1.4	4.75	7.5	1.4	5.25	7.0	1.4	5.0	7.0	1.4	5.68	7.01	1.33	5.0	7.0	1.36	5.0	7.5	1.45	5.8	8.0	1.39	5.18	7.03	1.44	2.7	1.45	2.87	1.47	2.9	1.43	2.74	-1.5	2.03	1.78	2.07	1.85	2.08	1.86	2.02	1.81	1.4	5.25	6.5	1.4	5.25	6.75	1.37	5.25	7.0	1.4	5.58	7.15	1.33	5.0	7.0	1.36	5.25	7.5	1.45	5.9	8.5	1.37	5.39	7.31	1.44	2.7	1.46	2.85	1.48	2.93	1.43	2.79	-1.5	2.03	1.78	2.09	1.81	2.11	1.93	1.98	1.85	eredivisie																																																									1	0	0	Ajax	1	0	0
2023-09-12	19:00	Zwolle	Nijmegen	1	3	A	0	1	A	16	17	3	9	12	3	1	6	1	0	0	0	2.38	3.5	2.9	2.37	3.5	2.8	2.35	3.45	2.85	2.34	3.69	3.04	2.2	3.6	2.75	2.3	3.4	3.0	2.42	3.75	3.05	2.32	3.54	2.91	1.8	2.0	1.79	2.11	1.82	2.13	1.76	2.04	-0.25	2.04	1.86	2.03	1.88	2.11	1.89	2.0	1.82	2.15	3.6	3.2	2.1	3.7	3.2	2.2	3.6	3.05	2.14	3.76	3.4	2.05	3.6	3.0	2.1	3.6	3.3	2.25	3.76	3.41	2.13	3.64	3.24	1.67	2.15	1.69	2.26	1.77	2.33	1.67	2.2	-0.25	1.85	2.05	1.86	2.05	1.88	2.11	1.84	1.99	eredivisie																																																									0	1	0	Nijmegen	0	1	0
2023-09-12	20:00	AZ Alkmaar	Almere City	4	1	H	1	0	H	13	13	7	6	9	17	6	5	2	5	0	0	1.18	7.0	15.0	1.21	7.0	13.5	1.2	7.0	13.0	1.19	7.88	14.68	1.14	6.5	15.0	1.17	7.0	17.0	1.25	8.2	17.0	1.19	7.06	14.44	1.48	2.6	1.49	2.69	1.52	2.72	1.47	2.61	-2.0	1.98	1.92	1.95	1.93	2.0	1.94	1.92	1.88	1.22	6.5	12.0	1.24	6.25	12.5	1.22	6.5	11.0	1.23	6.66	13.31	1.18	6.0	12.0	1.22	6.0	13.0	1.25	7.0	14.0	1.22	6.41	12.46	1.57	2.35	1.58	2.47	1.61	2.5	1.56	2.42	-1.75	1.92	1.98	1.93	1.96	1.98	2.0	1.88	1.94	eredivisie																																																									1	0	0	AZ Alkmaar	1	0	0
2023-10-12	11:15	Go Ahead Eagles	Utrecht	0	2	A	0	2	A	22	12	7	3	8	7	11	1	0	0	0	0	2.15	3.4	3.4	2.15	3.6	3.2	2.15	3.5	3.2	2.22	3.62	3.32	2.05	3.6	3.0	2.1	3.4	3.1	2.25	3.65	3.4	2.16	3.54	3.22	1.75	2.05	1.77	2.13	1.79	2.17	1.73	2.09	-0.25	1.9	2.0	1.93	1.98	1.93	2.02	1.87	1.94	2.3	3.5	3.0	2.3	3.5	2.95	2.35	3.5	2.85	2.36	3.52	3.12	2.15	3.5	2.88	2.3	3.5	2.9	2.41	3.65	3.4	2.31	3.51	2.99	1.73	2.08	1.76	2.15	1.79	2.23	1.73	2.11	-0.25	2.03	1.87	2.04	1.88	2.09	1.96	1.99	1.84	eredivisie																																																									0	1	0	Utrecht	0	1	0
2023-10-12	13:30	For Sittard	Waalwijk	1	0	H	0	0	D	11	13	3	2	9	10	9	6	2	2	0	0	1.91	3.6	4.0	1.93	3.7	3.7	1.95	3.6	3.65	1.95	3.82	3.91	1.83	3.7	3.6	1.87	3.6	3.6	1.98	3.83	4.2	1.92	3.69	3.77	1.75	2.05	1.78	2.12	1.8	2.14	1.74	2.06	-0.5	1.95	1.95	1.95	1.95	1.98	1.96	1.93	1.9	2.05	3.6	3.4	2.1	3.6	3.3	2.1	3.55	3.25	2.13	3.63	3.52	2.0	3.7	3.1	2.05	3.6	3.4	2.16	3.7	4.2	2.08	3.61	3.42	1.75	2.05	1.8	2.09	1.85	2.14	1.76	2.07	-0.25	1.86	2.04	1.85	2.07	1.87	2.15	1.81	2.02	eredivisie																																																									1	0	0	For Sittard	0	0	1
2023-10-12	15:45	Vitesse	Heracles	2	0	H	1	0	H	12	12	2	3	12	7	3	5	2	1	0	0	1.95	3.6	3.8	1.98	3.75	3.4	2.0	3.55	3.5	2.04	3.78	3.65	1.91	3.7	3.3	1.93	3.6	3.4	2.04	3.85	3.8	1.98	3.68	3.57	1.67	2.15	1.69	2.27	1.71	2.31	1.67	2.2	-0.5	2.01	1.89	2.04	1.87	2.04	1.89	1.98	1.85	2.15	3.5	3.25	2.15	3.5	3.2	2.2	3.5	3.1	2.23	3.56	3.35	2.05	3.5	3.1	2.15	3.5	3.25	2.23	3.66	3.8	2.17	3.54	3.24	1.73	2.08	1.78	2.12	1.9	2.2	1.74	2.1	-0.25	1.9	2.0	1.93	1.98	1.93	2.05	1.88	1.94	eredivisie																																																									1	0	0	Vitesse	1	0	0
2024-12-01	19:00	Waalwijk	Heracles	1	2	A	0	1	A	18	9	8	2	13	8	7	4	1	1	0	0	1.85	3.5	4.33	1.83	3.75	4.1				1.88	3.7	4.39	1.8	3.6	3.8	1.83	3.6	4.2	1.89	3.8	4.4	1.84	3.68	4.17	1.85	2.0	1.8	1.94	1.87	2.09	1.79	2.01	-0.5	1.86	2.04	1.88	2.03	1.88	2.08	1.84	1.99	1.95	3.4	3.8	1.98	3.6	3.6				2.0	3.64	3.95	1.91	3.6	3.4	1.95	3.6	3.7	2.0	3.78	4.2	1.96	3.57	3.76	1.85	2.0	1.85	2.04	1.88	2.11	1.79	2.01	-0.5	1.98	1.92	2.0	1.91	2.0	1.96	1.96	1.87	eredivisie																																																									0	1	0	Heracles	0	1	0
2024-02-02	19:00	Almere City	Excelsior	2	1	H	1	1	D	11	8	2	4	9	14	7	3	1	3	0	0	2.15	3.25	3.5	2.15	3.4	3.3				2.2	3.39	3.6	2.0	3.5	3.2	2.1	3.4	3.5	2.27	3.5	3.65	2.15	3.39	3.43	2.05	1.8	2.06	1.84	2.09	1.88	2.0	1.81	-0.25	1.86	2.04	1.88	2.03	1.92	2.04	1.84	1.99	2.25	3.2	3.4	2.2	3.3	3.25				2.28	3.4	3.38	2.05	3.4	3.2	2.15	3.4	3.3	2.28	3.5	3.41	2.2	3.37	3.31	2.05	1.75	2.04	1.85	2.09	1.87	1.98	1.82	-0.25	1.95	1.95	1.95	1.95	1.98	1.98	1.89	1.93	eredivisie																																																									1	0	0	Almere City	0	0	1
2024-03-02	15:30	Twente	Waalwijk	3	0	H	1	0	H	16	14	10	5	5	12	9	3	0	1	0	0	1.3	5.5	10.0	1.29	6.0	9.5				1.3	6.15	9.86	1.22	5.5	10.0	1.29	5.5	11.0	1.31	6.2	11.0	1.29	5.74	9.69	1.57	2.35	1.6	2.46	1.6	2.5	1.56	2.4	-1.5	1.85	2.05	1.85	2.06	1.87	2.06	1.84	2.01	1.25	6.0	11.0	1.26	6.0	11.0				1.25	6.52	11.92	1.2	5.8	11.0	1.25	6.0	11.5	1.28	6.7	12.5	1.25	6.06	11.52	1.53	2.4	1.57	2.48	1.61	2.55	1.55	2.44	-1.75	1.99	1.91	1.98	1.91	2.02	1.98	1.95	1.88	eredivisie																																																									1	0	0	Twente	1	0	0
2024-03-02	17:45	For Sittard	Heerenveen	3	3	D	0	2	A	13	10	3	6	10	13	6	0	1	2	0	0	2.4	3.3	3.0	2.37	3.5	2.85				2.41	3.4	3.15	2.3	3.3	2.8	2.38	3.25	3.0	2.43	3.5	3.15	2.39	3.38	2.94	2.03	1.83	2.01	1.88	2.04	1.88	1.96	1.84	-0.25	2.07	1.83	2.07	1.85	2.11	1.85	2.04	1.8	2.2	3.25	3.4	2.2	3.25	3.3				2.27	3.32	3.49	2.2	3.25	3.0	2.15	3.3	3.4	2.4	3.44	3.67	2.23	3.28	3.33	2.1	1.7	2.18	1.74	2.28	1.85	2.12	1.72	-0.25	1.92	1.98	1.94	1.96	1.99	2.0	1.9	1.92	eredivisie																																																									0	0	1		0	1	0
2024-03-02	19:00	Ajax	PSV Eindhoven	1	1	D	1	1	D	13	18	4	5	8	14	3	5	1	3	0	0	3.3	4.33	1.95	3.25	4.0	1.98				3.49	4.27	1.97	3.25	3.9	1.91	3.4	4.0	1.93	3.51	4.33	2.0	3.37	4.09	1.95	1.4	2.88	1.43	2.94	1.44	3.02	1.41	2.87	0.5	1.95	1.95	1.93	1.97	1.97	2.0	1.9	1.96	3.3	4.33	1.95	3.25	4.0	1.98				3.36	4.38	1.99	3.1	4.0	1.91	3.3	4.0	1.95	3.46	4.4	2.04	3.31	4.16	1.97	1.4	2.88	1.42	2.97	1.45	3.0	1.41	2.86	0.5	1.92	1.98	1.92	1.99	1.95	2.03	1.88	1.97	eredivisie																																																									0	0	1		0	0	1
2024-03-02	20:00	Nijmegen	Heracles	3	1	H	0	1	A	26	7	12	1	0	7	7	6	1	1	0	0	1.73	4.0	4.75	1.7	4.1	4.5				1.74	4.16	4.64	1.62	4.0	4.33	1.7	3.9	4.6	1.75	4.16	4.8	1.71	4.06	4.48	1.62	2.25	1.66	2.31	1.67	2.38	1.62	2.28	-0.75	1.95	1.95	1.94	1.96	1.96	2.0	1.89	1.93	1.53	4.33	6.0	1.58	4.2	5.25				1.57	4.43	5.96	1.5	4.33	5.5	1.53	4.4	5.75	1.62	4.55	6.0	1.55	4.37	5.67	1.57	2.35	1.61	2.42	1.66	2.45	1.59	2.35	-1.0	1.91	1.99	1.93	1.97	1.99	2.02	1.89	1.95	eredivisie																																																									1	0	0	Nijmegen	0	1	0
2024-04-02	11:15	Vitesse	Go Ahead Eagles	0	2	A	0	1	A	15	16	5	7	15	14	5	6	1	1	0	1	2.9	3.3	2.45	2.65	3.5	2.55				2.92	3.53	2.49	2.6	3.4	2.38	2.7	3.3	2.38	2.92	3.56	2.55	2.78	3.48	2.44	1.88	1.98	1.84	2.06	1.89	2.06	1.82	1.99	0.0	2.09	1.81	2.13	1.81	2.13	1.83	2.06	1.79	3.0	3.25	2.5	2.8	3.3	2.45				2.92	3.37	2.57	2.7	3.4	2.3	2.88	3.3	2.45	3.06	3.47	2.57	2.91	3.33	2.46	2.0	1.85	1.99	1.88	2.06	1.98	1.95	1.86	0.25	1.73	2.08	1.79	2.19	1.85	2.26	1.76	2.1	eredivisie																																																									0	1	0	Go Ahead Eagles	0	1	0
2024-04-02	13:30	AZ Alkmaar	Feyenoord	0	1	A	0	1	A	14	6	4	2	13	11	5	2	2	1	0	0	4.5	3.8	1.75	4.2	3.9	1.78				4.76	3.9	1.78	4.2	3.8	1.7	4.33	3.7	1.7	4.76	4.05	1.8	4.41	3.86	1.75	1.73	2.08	1.78	2.12	1.8	2.17	1.73	2.1	0.75	1.9	2.0	1.92	1.99	1.92	2.05	1.87	1.95	5.25	4.2	1.6	5.25	4.1	1.61				5.68	4.23	1.61	5.0	4.2	1.53	5.5	4.1	1.57	5.7	4.3	1.66	5.34	4.19	1.6	1.7	2.1	1.74	2.15	1.78	2.21	1.7	2.15	1.0	1.85	2.05	1.86	2.02	1.88	2.09	1.84	2.01	eredivisie																																																									0	1	0	Feyenoord	0	1	0
2024-04-02	13:30	Utrecht	Volendam	4	2	H	2	1	H	24	5	10	3	9	9	9	2	2	1	0	0	1.33	5.0	9.5	1.35	5.25	8.0				1.35	5.5	8.96	1.3	5.0	8.0	1.3	5.0	8.5	1.37	5.5	9.5	1.33	5.21	8.55	1.6	2.3	1.61	2.41	1.69	2.45	1.6	2.32	-1.5	1.99	1.91	1.97	1.93	2.0	1.93	1.97	1.88	1.29	5.5	11.0	1.28	5.75	10.5				1.29	5.73	11.42	1.22	5.5	11.0	1.25	5.75	11.5	1.31	6.0	12.0	1.28	5.73	10.62	1.57	2.35	1.59	2.45	1.61	2.5	1.56	2.42	-1.75	2.04	1.86	2.04	1.85	2.08	1.89	2.01	1.83	eredivisie																																																									1	0	0	Utrecht	1	0	0
2024-04-02	15:45	Sparta Rotterdam	Zwolle	0	2	A	0	1	A	21	12	11	4	7	10	13	3	1	3	0	0	1.91	3.5	4.2	1.93	3.75	3.7				1.96	3.76	3.94	1.85	3.6	3.6	1.9	3.5	3.6	1.99	3.8	4.2	1.92	3.67	3.83	1.83	2.03	1.81	2.08	1.85	2.09	1.79	2.03	-0.5	1.95	1.95	1.96	1.94	1.99	2.0	1.92	1.93	1.8	3.6	4.5	1.78	3.75	4.33				1.81	3.76	4.71	1.7	3.7	4.2	1.8	3.75	4.2	1.91	3.9	4.71	1.81	3.68	4.37	1.75	2.05	1.79	2.11	1.89	2.13	1.78	2.04	-0.5	1.78	2.03	1.81	2.1	1.91	2.17	1.83	2.03	eredivisie																																																									0	1	0	Zwolle	0	1	0
2024-09-02	19:00	Waalwijk	Nijmegen	2	0	H	2	0	H	11	17	4	6	11	8	4	10	2	3	0	0	2.8	3.75	2.4	2.85	3.5	2.35				2.9	3.64	2.45	2.7	3.4	2.3	2.75	3.6	2.4	2.9	3.75	2.45	2.81	3.56	2.39	1.73	2.08	1.76	2.15	1.79	2.21	1.73	2.1	0.25	1.75	2.05	1.81	2.12	1.83	2.14	1.76	2.06	2.9	3.6	2.3	2.95	3.5	2.3				3.18	3.58	2.3	2.8	3.5	2.2	3.0	3.5	2.25	3.18	3.69	2.36	3.02	3.54	2.28	1.75	2.05	1.78	2.12	1.85	2.16	1.75	2.07	0.25	1.91	1.99	1.92	1.99	1.93	2.03	1.86	1.97	eredivisie																																																									1	0	0	Waalwijk	1	0	0
2024-10-02	17:45	Excelsior	Twente	0	3	A	0	3	A	12	14	3	3	5	10	1	4	1	1	0	0	5.5	4.33	1.55	5.75	4.33	1.55				6.08	4.18	1.6	5.5	4.2	1.5	6.0	4.2	1.53	6.5	4.5	1.6	5.86	4.21	1.54	1.7	2.1	1.75	2.17	1.76	2.25	1.7	2.14	1.0	1.92	1.98	1.92	1.99	2.04	2.0	1.91	1.92	5.0	4.2	1.62	4.8	4.0	1.66				5.52	4.1	1.65	5.0	4.0	1.55	4.8	4.0	1.67	5.52	4.31	1.69	5.07	4.05	1.64	1.67	2.15	1.7	2.24	1.77	2.25	1.68	2.16	1.0	1.75	2.05	1.81	2.1	1.83	2.17	1.76	2.09	eredivisie																																																									0	1	0	Twente	0	1	0
2024-10-02	19:00	Almere City	AZ Alkmaar	0	0	D	0	0	D	11	10	1	3	19	11	5	6	2	1	0	0	4.75	4.0	1.7	4.8	3.9	1.68				4.8	4.01	1.75	5.0	3.8	1.57	4.8	3.8	1.7	5.0	4.09	1.75	4.76	3.9	1.69	1.75	2.05	1.81	2.07	1.85	2.1	1.78	2.03	0.75	1.97	1.93	1.96	1.94	1.98	1.96	1.94	1.87	5.25	3.75	1.7	5.25	3.6	1.7				5.48	3.78	1.71	4.75	3.75	1.62	5.25	3.6	1.67	5.48	3.8	1.77	5.08	3.67	1.72	2.15	1.67	2.21	1.72	2.28	1.9	2.16	1.69	0.75	1.97	1.93	1.98	1.93	1.99	1.99	1.91	1.91	eredivisie																																																									0	0	1		0	0	1
2024-10-02	20:00	Heracles	Vitesse	3	2	H	1	2	A	20	12	8	4	6	6	8	6	1	2	0	1	2.05	3.6	3.5	2.15	3.6	3.2				2.1	3.65	3.6	2.05	3.4	3.2	2.05	3.5	3.5	2.15	3.65	3.6	2.09	3.54	3.41	1.75	2.05	1.8	2.09	1.83	2.15	1.77	2.04	-0.25	1.75	2.05	1.81	2.1	1.85	2.12	1.79	2.03	2.15	3.6	3.3	2.25	3.5	3.1				2.23	3.6	3.32	2.1	3.5	3.0	2.15	3.5	3.2	2.28	3.65	3.35	2.19	3.52	3.21	1.85	2.0	1.86	2.03	1.99	2.06	1.84	1.97	-0.25	1.89	2.01	1.93	1.98	1.94	2.02	1.88	1.94	eredivisie																																																									1	0	0	Heracles	0	1	0
2024-11-02	11:15	Go Ahead Eagles	Zwolle	1	1	D	0	0	D	16	15	4	4	9	12	8	4	2	2	0	0	1.75	4.0	4.33	1.73	4.0	4.33				1.75	4.18	4.59	1.7	4.0	4.0	1.67	3.9	4.2	1.76	4.2	4.6	1.73	4.06	4.27	1.6	2.3	1.63	2.38	1.64	2.45	1.59	2.33	-0.75	1.95	1.95	1.94	1.96	2.0	1.97	1.91	1.89	1.73	4.0	4.5	1.75	4.0	4.33				1.76	4.05	4.4	1.67	4.0	4.0	1.73	4.0	4.33	1.79	4.2	4.5	1.73	4.07	4.31	1.57	2.35	1.6	2.44	1.61	2.55	1.56	2.39	-0.75	2.0	1.9	2.02	1.89	2.02	1.96	1.93	1.89	eredivisie																																																									0	0	1		0	0	1
2024-11-02	13:30	Heerenveen	Ajax	3	2	H	2	0	H	17	12	5	6	12	8	7	4	4	0	0	0	4.0	4.5	1.73	4.0	4.33	1.75				4.15	4.57	1.75	3.75	4.33	1.67	4.0	4.1	1.67	4.2	4.6	1.76	4.01	4.4	1.72	1.4	2.88	1.43	2.94	1.44	3.02	1.42	2.81	0.75	1.98	1.92	1.96	1.94	1.99	1.96	1.91	1.89	3.3	4.33	1.91	3.4	4.0	1.95				3.43	4.29	1.98	3.4	4.0	1.8	3.5	4.0	1.91	3.89	4.44	2.02	3.49	4.17	1.9	1.44	2.7	1.45	2.85	1.5	2.9	1.44	2.74	0.5	1.95	1.95	1.93	1.98	1.98	2.02	1.92	1.92	eredivisie																																																									1	0	0	Heerenveen	1	0	0
2024-11-02	13:30	Utrecht	For Sittard	4	0	H	1	0	H	16	9	8	1	12	11	3	6	0	0	0	0	1.75	3.8	4.75	1.8	3.7	4.2				1.78	3.87	4.8	1.7	3.7	4.2	1.7	3.6	4.5	1.82	3.88	4.8	1.77	3.7	4.49	1.95	1.9	1.97	1.92	2.0	1.96	1.9	1.89	-0.75	2.0	1.9	2.0	1.9	2.02	1.92	1.97	1.84	1.62	4.0	5.5	1.63	3.9	5.25				1.66	3.96	5.68	1.55	3.8	5.5	1.6	3.8	5.75	1.76	4.08	5.78	1.64	3.88	5.43	1.93	1.93	1.98	1.91	2.02	1.98	1.94	1.87	-0.75	1.81	2.09	1.85	2.07	1.89	2.12	1.81	2.02	eredivisie																																																									1	0	0	Utrecht	1	0	0
2024-11-02	15:45	Volendam	PSV Eindhoven	1	5	A	1	1	D	8	34	2	14	10	3	4	7	2	1	0	0	21.0	10.0	1.1	23.0	11.5	1.1				23.39	12.61	1.1	23.0	10.0	1.05	21.0	9.0	1.07	29.0	13.0	1.11	22.66	10.72	1.09	1.3	3.5	1.31	3.55	1.35	3.6	1.3	3.44	2.5	2.02	1.88	2.0	1.89	2.07	1.95	1.97	1.85	19.0	10.0	1.11	21.0	10.0	1.12				21.9	12.08	1.11	21.0	9.5	1.06	21.0	10.5	1.09	25.0	12.08	1.13	20.49	10.23	1.1	1.25	4.0	1.27	3.95	1.33	4.0	1.26	3.75	2.5	2.01	1.89	2.01	1.88	2.02	2.03	1.96	1.88	eredivisie																																																									0	1	0	PSV Eindhoven	0	0	1
2024-11-02	19:00	Feyenoord	Sparta Rotterdam	2	0	H	0	0	D	23	5	4	1	7	3	8	4	0	2	0	0	1.14	8.5	17.0	1.15	8.5	17.5				1.15	8.99	17.83	1.1	8.0	19.0	1.11	7.5	18.0	1.15	9.4	22.0	1.14	8.27	17.93	1.44	2.7	1.43	2.91	1.47	2.91	1.43	2.75	-2.25	1.99	1.91	1.98	1.91	2.02	1.94	1.94	1.87	1.22	7.0	12.0	1.22	6.75	12.5				1.21	7.25	13.4	1.15	7.5	11.0	1.18	7.0	13.0	1.24	7.5	13.4	1.21	6.86	12.31	1.4	2.88	1.44	2.85	1.5	2.96	1.43	2.79	-2.0	2.04	1.86	2.03	1.86	2.11	1.88	2.0	1.84	eredivisie																																																									1	0	0	Feyenoord	0	0	1
2024-01-03	19:00	Volendam	Nijmegen	2	5	A	0	3	A	14	20	6	11	6	10	7	5	2	2	0	0	5.25	4.5	1.55	5.25	4.2	1.58				5.32	4.48	1.61	4.8	4.2	1.6	5.5	4.33	1.55	5.5	4.5	1.61	5.2	4.33	1.58	1.53	2.4	1.6	2.46	1.61	2.56	1.57	2.39	1.0	1.93	1.97	1.93	1.97	1.95	2.03	1.88	1.95	5.25	4.5	1.55	5.25	4.2	1.6				5.51	4.47	1.6	4.8	4.2	1.6	5.5	4.33	1.55	5.7	4.62	1.65	5.2	4.29	1.59	1.6	2.3	1.63	2.38	1.68	2.44	1.61	2.31	1.0	1.95	1.95	1.95	1.95	2.0	2.07	1.87	1.97	eredivisie																																																									0	1	0	Nijmegen	0	1	0
2024-02-03	17:45	Go Ahead Eagles	Waalwijk	1	0	H	0	0	D	22	19	8	6	15	9	9	7	0	1	0	0	1.67	4.0	5.0	1.7	4.0	4.6				1.71	4.06	4.98	1.67	4.0	4.5	1.67	3.8	5.0	1.72	4.15	5.0	1.69	4.0	4.68	1.73	2.08	1.79	2.11	1.8	2.2	1.72	2.1	-0.75	1.9	2.0	1.91	2.0	1.91	2.0	1.86	1.95	1.91	3.6	3.8	1.98	3.7	3.5				2.02	3.74	3.74	1.91	3.8	3.5	1.95	3.7	3.6	2.06	4.0	4.5	1.93	3.73	3.72	1.67	2.15	1.71	2.22	1.77	2.26	1.68	2.16	-0.5	2.02	1.88	2.02	1.88	2.06	1.97	1.95	1.88	eredivisie																																																									1	0	0	Go Ahead Eagles	0	0	1
2024-02-03	19:00	Vitesse	Twente	1	2	A	1	1	D	6	15	3	5	13	11	2	8	0	2	0	0	5.25	4.0	1.62	5.25	4.1	1.6				5.53	4.15	1.64	5.5	4.2	1.55	5.5	3.9	1.62	5.53	4.2	1.65	5.17	4.04	1.63	1.83	2.03	1.84	2.06	1.85	2.09	1.79	2.01	0.75	2.08	1.82	2.11	1.82	2.11	1.84	2.03	1.78	4.5	4.2	1.7	4.6	4.1	1.68				4.96	4.16	1.7	5.0	4.0	1.62	4.75	4.0	1.67	5.0	4.27	1.74	4.61	4.07	1.69	1.62	2.25	1.66	2.32	1.7	2.33	1.64	2.25	0.75	2.04	1.86	2.02	1.88	2.04	1.95	1.96	1.86	eredivisie																																																									0	1	0	Twente	0	0	1
2024-02-03	20:00	Sparta Rotterdam	AZ Alkmaar	1	1	D	0	1	A	14	15	6	4	18	5	5	6	0	2	0	0	3.8	3.8	1.85	4.1	3.7	1.85				4.37	3.67	1.89	4.0	3.6	1.83	4.1	3.6	1.85	4.37	3.8	1.9	4.08	3.64	1.86	1.93	1.93	2.0	1.89	2.0	1.93	1.93	1.86	0.5	2.02	1.88	2.01	1.89	2.02	1.9	1.98	1.86	3.5	3.5	2.0	3.6	3.5	2.0				3.84	3.57	2.04	3.75	3.5	1.95	3.6	3.5	2.0	3.84	3.64	2.11	3.63	3.5	2.02	1.95	1.9	1.95	1.93	2.02	1.94	1.92	1.87	0.5	1.86	2.04	1.87	2.04	1.88	2.1	1.82	2.02	eredivisie																																																									0	0	1		0	1	0
2024-03-03	11:15	Ajax	Utrecht	2	0	H	1	0	H	14	6	8	2	11	12	1	3	1	2	1	0	1.8	4.0	4.0	1.77	4.1	4.1				1.83	4.31	3.97	1.73	4.2	4.0	1.75	3.9	3.9	1.83	4.33	4.1	1.78	4.14	3.93	1.53	2.4	1.58	2.49	1.59	2.55	1.53	2.45	-0.75	2.03	1.87	2.06	1.86	2.06	1.88	1.97	1.84	2.0	3.8	3.25	2.05	3.6	3.4				2.05	3.77	3.64	2.0	3.9	3.2	1.95	3.7	3.6	2.07	3.96	3.76	2.01	3.71	3.48	1.7	2.1	1.78	2.13	1.85	2.25	1.73	2.09	-0.5	2.04	1.86	2.05	1.87	2.07	1.89	2.01	1.83	eredivisie																																																									1	0	0	Ajax	1	0	0
2024-03-03	13:30	Heerenveen	Zwolle	2	0	H	1	0	H	15	11	6	3	18	9	4	6	3	2	0	0	1.62	4.0	5.25	1.65	4.2	4.8				1.66	4.45	4.94	1.6	4.2	4.75	1.6	3.9	4.8	1.66	4.45	5.25	1.63	4.2	4.85	1.65	2.2	1.67	2.3	1.68	2.32	1.63	2.25	-0.75	1.75	1.85	1.81	2.1	1.85	2.16	1.78	2.04	1.44	4.75	7.0	1.44	4.8	6.75				1.45	4.97	7.04	1.44	4.75	6.5	1.4	4.75	7.0	1.49	5.0	7.04	1.44	4.74	6.72	1.53	2.4	1.58	2.5	1.64	2.5	1.57	2.39	-1.25	1.95	1.95	1.95	1.95	2.03	1.98	1.95	1.87	eredivisie																																																									1	0	0	Heerenveen	1	0	0
2024-03-03	13:30	PSV Eindhoven	Feyenoord	2	2	D	1	1	D	17	9	8	6	10	10	9	2	4	3	0	0	2.05	3.5	3.5	2.05	3.6	3.4				2.08	3.66	3.65	2.0	3.75	3.3	2.0	3.5	3.3	2.1	3.85	3.65	2.04	3.6	3.42	1.75	2.05	1.82	2.07	1.82	2.15	1.74	2.06	-0.25	1.75	2.05	1.79	2.12	1.85	2.12	1.77	2.05	1.83	3.6	4.2	1.85	3.75	3.9				1.88	3.75	4.35	1.91	3.7	3.6	1.85	3.7	4.0	1.93	3.9	4.39	1.88	3.69	3.99	1.67	2.15	1.71	2.23	1.87	2.29	1.7	2.14	-0.5	1.87	2.03	1.88	2.03	1.95	2.07	1.87	1.97	eredivisie																																																									0	0	1		0	0	1
2024-03-03	15:45	For Sittard	Excelsior	5	2	H	4	0	H	17	5	8	2	9	6	6	1	2	3	0	0	1.91	3.8	3.8	1.93	3.6	3.8				1.93	3.7	4.13	1.91	3.7	3.75	1.83	3.5	3.9	1.95	3.8	4.13	1.9	3.65	3.88	1.88	1.98	1.92	1.97	1.93	2.02	1.86	1.94	-0.5	1.92	1.98	1.93	1.97	1.95	1.99	1.91	1.93	1.85	4.0	3.8	1.85	3.7	4.0				1.88	3.81	4.27	1.85	3.6	3.9	1.87	3.6	4.0	1.91	4.0	4.3	1.87	3.7	4.05	1.75	2.05	1.85	2.05	1.94	2.11	1.84	1.95	-0.5	1.88	2.02	1.88	2.03	1.91	2.04	1.87	1.97	eredivisie																																																									1	0	0	For Sittard	1	0	0
2024-03-03	19:00	Heracles	Almere City	2	2	D	0	2	A	16	14	5	6	17	12	5	1	2	3	0	1	2.55	3.4	2.7	2.5	3.4	2.75				2.69	3.38	2.78	2.45	3.4	2.7	2.5	3.25	2.63	2.69	3.45	2.78	2.55	3.35	2.71	2.05	1.8	2.06	1.84	2.12	1.95	1.99	1.81	0.0	1.89	2.01	1.92	1.99	1.92	2.02	1.86	1.97	2.6	3.3	2.75	2.65	3.25	2.65				2.7	3.27	2.85	2.5	3.4	2.7	2.6	3.3	2.7	2.71	3.49	2.85	2.62	3.27	2.73	2.05	1.75	2.09	1.8	2.18	1.83	2.05	1.76	0.0	1.9	2.0	1.9	2.01	1.93	2.01	1.88	1.97	eredivisie																																																									0	0	1		0	1	0
2024-08-03	19:00	Go Ahead Eagles	PSV Eindhoven	0	1	A	0	1	A	12	21	4	11	9	5	4	9	0	2	0	1	7.0	5.0	1.4	6.75	5.0	1.41				6.88	5.39	1.43	7.0	5.0	1.36	7.0	5.0	1.4	7.5	5.5	1.43	6.77	5.18	1.4	1.4	2.88	1.42	2.97	1.44	3.02	1.4	2.89	1.25	2.02	1.88	2.03	1.88	2.04	1.9	1.99	1.84	7.0	5.0	1.4	6.75	5.0	1.41				7.51	5.44	1.4	7.0	5.0	1.36	7.5	5.25	1.36	7.6	5.5	1.45	6.95	5.16	1.4	1.44	2.7	1.45	2.86	1.49	3.07	1.42	2.81	1.25	2.04	1.86	2.07	1.85	2.08	1.91	1.99	1.84	eredivisie																																																									0	1	0	PSV Eindhoven	0	1	0
2024-09-03	17:45	Twente	Sparta Rotterdam	2	1	H	1	0	H	19	5	5	2	7	11	7	3	1	1	0	0	1.4	4.75	7.5	1.4	4.8	7.5				1.43	4.85	7.79	1.36	4.75	7.5	1.4	4.6	8.0	1.44	4.9	8.5	1.4	4.73	7.48	1.7	2.1	1.75	2.17	1.75	2.21	1.7	2.13	-1.25	1.97	1.93	1.97	1.93	2.0	1.97	1.92	1.9	1.36	5.0	7.5	1.39	5.0	7.5				1.4	5.08	8.26	1.35	4.8	8.0	1.36	5.0	8.0	1.42	5.26	8.27	1.39	4.94	7.75	1.57	2.35	1.6	2.44	1.61	2.47	1.58	2.36	-1.25	1.86	2.04	1.88	2.03	1.9	2.08	1.84	2.0	eredivisie																																																									1	0	0	Twente	1	0	0
2024-09-03	19:00	Almere City	Utrecht	1	1	D	1	1	D	9	12	1	4	15	15	6	7	1	2	0	0	3.75	3.5	2.0	3.6	3.4	2.05				3.87	3.35	2.12	3.7	3.4	2.0	3.7	3.4	2.0	3.87	3.5	2.12	3.71	3.37	2.05	2.1	1.7	2.19	1.73	2.2	1.8	2.1	1.73	0.5	1.83	2.07	1.8	2.11	1.85	2.11	1.8	2.05	3.5	3.4	2.15	3.5	3.2	2.15				3.74	3.23	2.22	3.5	3.3	2.1	3.5	3.25	2.15	3.74	3.45	2.23	3.59	3.25	2.15	2.3	1.6	2.35	1.65	2.4	1.68	2.29	1.62	0.25	2.01	1.89	2.02	1.88	2.04	1.89	1.99	1.84	eredivisie																																																									0	0	1		0	0	1
2024-09-03	20:00	Waalwijk	Vitesse	3	1	H	1	0	H	17	19	6	5	11	9	4	5	2	0	0	0	2.25	3.5	3.1	2.2	3.6	3.0				2.33	3.58	3.12	2.2	3.5	3.0	2.25	3.5	3.0	2.34	3.65	3.12	2.25	3.54	3.05	1.83	2.03	1.85	2.04	1.87	2.08	1.8	2.0	-0.25	2.0	1.9	2.02	1.89	2.03	1.93	1.95	1.87	2.25	3.5	3.1	2.2	3.4	3.1				2.34	3.46	3.21	2.2	3.5	3.0	2.25	3.4	3.1	2.35	3.6	3.28	2.24	3.46	3.14	1.9	1.95	1.89	1.99	2.02	2.12	1.85	1.95	-0.25	1.99	1.91	2.01	1.89	2.05	1.95	1.94	1.89	eredivisie																																																									1	0	0	Waalwijk	1	0	0
2024-10-03	11:15	AZ Alkmaar	Excelsior	4	0	H	3	0	H	16	4	10	0	5	9	3	0	0	1	0	0	1.29	6.0	9.5	1.29	5.75	9.5				1.27	6.41	10.85	1.25	5.8	10.0	1.33	4.8	8.0	1.29	6.5	11.0	1.27	5.97	10.23	1.53	2.4	1.54	2.56	1.57	2.57	1.53	2.48	-1.75	2.01	1.89	1.98	1.9	2.07	1.91	1.98	1.85	1.22	7.0	13.0	1.22	6.5	12.5				1.2	7.5	13.72	1.22	6.5	11.0	1.3	5.0	10.5	1.3	7.5	14.5	1.21	6.71	12.71	1.4	2.88	1.43	2.9	1.75	2.93	1.45	2.75	-1.75	1.7	2.1	1.75	2.17	2.13	2.2	1.78	2.07	eredivisie																																																									1	0	0	AZ Alkmaar	1	0	0
2024-10-03	13:30	Ajax	For Sittard	2	2	D	1	0	H	18	9	8	4	8	12	10	2	1	0	0	0	1.44	4.75	6.5	1.46	4.8	6.25				1.47	4.89	6.74	1.44	4.75	6.5	1.4	4.5	6.5	1.49	4.9	6.9	1.45	4.71	6.41	1.57	2.35	1.61	2.42	1.62	2.45	1.57	2.38	-1.25	2.01	1.89	2.0	1.91	2.07	1.91	1.97	1.84	1.5	4.2	6.5	1.51	4.2	6.5				1.52	4.42	6.73	1.5	4.2	6.0	1.5	4.2	6.5	1.57	4.42	6.73	1.52	4.25	6.25	1.88	1.98	1.86	2.03	2.02	2.12	1.84	1.97	-1.0	1.89	2.01	1.88	2.03	1.95	2.07	1.89	1.95	eredivisie																																																									0	0	1		1	0	0
2024-10-03	13:30	Zwolle	Volendam	1	1	D	0	0	D	23	10	10	4	11	2	8	3	0	1	0	0	1.57	4.75	5.0	1.55	4.5	5.25				1.6	4.5	5.43	1.53	4.4	5.5	1.53	4.1	5.25	1.6	4.75	5.6	1.56	4.43	5.3	1.57	2.35	1.64	2.37	1.64	2.45	1.58	2.37	-1.0	1.99	1.91	2.0	1.91	2.02	1.95	1.94	1.9	1.44	5.25	6.0	1.44	4.75	6.5				1.43	5.14	7.15	1.4	4.75	7.0	1.4	4.8	7.5	1.49	5.34	7.5	1.43	4.91	6.63	1.5	2.5	1.55	2.58	1.58	2.61	1.53	2.49	-1.25	1.92	1.98	1.92	1.99	2.01	2.0	1.91	1.91	eredivisie																																																									0	0	1		0	0	1
2024-10-03	15:45	Nijmegen	Heerenveen	2	0	H	0	0	D	12	12	5	0	12	8	8	6	0	0	0	0	2.0	3.75	3.4	2.1	3.6	3.25				2.1	3.66	3.59	1.95	3.8	3.4	2.0	3.5	3.3	2.11	3.9	3.59	2.05	3.67	3.39	1.7	2.1	1.74	2.18	1.74	2.22	1.7	2.14	-0.5	2.07	1.83	2.1	1.83	2.11	1.86	2.05	1.81	2.05	3.6	3.3	2.1	3.6	3.25				2.14	3.7	3.43	2.0	3.7	3.3	2.1	3.6	3.25	2.16	3.75	3.47	2.09	3.64	3.33	1.7	2.1	1.73	2.2	1.77	2.22	1.71	2.13	-0.25	1.86	2.04	1.86	2.05	1.89	2.07	1.82	2.02	eredivisie																																																									1	0	0	Nijmegen	0	0	1
2024-10-03	19:00	Feyenoord	Heracles	3	0	H	2	0	H	20	3	5	2	5	5	9	5	0	0	0	0	1.08	12.0	23.0	1.08	12.0	29.0				1.08	15.09	25.91	1.06	11.0	26.0	1.06	10.0	21.0	1.09	15.09	34.0	1.07	12.15	25.88	1.25	4.0	1.22	4.39	1.25	4.39	1.23	3.95	-2.75	1.89	2.01	1.86	2.01	1.92	2.05	1.84	1.98	1.09	11.0	21.0	1.09	12.5	26.0				1.08	14.88	26.28	1.06	11.0	26.0	1.06	12.0	29.0	1.1	15.0	31.0	1.07	12.31	25.59	1.22	4.2	1.23	4.28	1.28	4.28	1.24	4.0	-2.75	1.91	1.99	1.88	1.99	1.96	2.04	1.88	1.95	eredivisie																																																									1	0	0	Feyenoord	1	0	0
2024-02-04	17:45	Vitesse	Sparta Rotterdam	1	4	A	1	3	A	21	12	6	7	6	7	8	4	1	0	0	0	2.7	3.6	2.45	2.7	3.5	2.45				2.79	3.54	2.55	2.62	3.5	2.45	2.7	3.6	2.45	2.8	3.62	2.58	2.72	3.53	2.47	1.75	2.05	1.78	2.04	1.82	2.17	1.73	2.06	0.0	2.05	1.85	2.04	1.87	2.08	1.87	2.02	1.83	2.8	3.75	2.38	2.9	3.5	2.3				2.91	3.66	2.4	2.8	3.6	2.3	2.8	3.5	2.38	3.12	3.76	2.4	2.91	3.57	2.33	1.75	2.05	1.81	2.09	1.85	2.11	1.77	2.04	0.25	1.81	2.09	1.83	2.09	1.89	2.12	1.81	2.02	eredivisie																																																									0	1	0	Sparta Rotterdam	0	1	0
2024-02-04	19:00	Excelsior	PSV Eindhoven	0	2	A	0	0	D	0	21	0	5	8	4	1	12	1	0	0	0	12.0	8.5	1.18	14.5	8.5	1.17				14.0	9.18	1.16	15.0	8.0	1.14	15.0	8.5	1.14	16.5	9.7	1.18	13.91	8.56	1.16	1.25	4.0	1.23	4.07	1.27	4.25	1.23	3.97	2.25	1.95	1.95	1.93	1.95	2.0	1.96	1.92	1.89	13.0	9.0	1.14	16.0	9.0	1.15				18.13	10.13	1.13	17.0	8.5	1.12	18.0	9.0	1.12	20.0	10.13	1.16	16.27	9.02	1.14	1.25	4.0	1.26	4.01	1.29	4.25	1.25	3.84	2.5	1.87	2.03	1.85	2.04	1.9	2.07	1.83	2.01	eredivisie																																																									0	1	0	PSV Eindhoven	0	0	1
2024-02-04	20:00	For Sittard	Nijmegen	1	1	D	0	0	D	30	6	8	1	6	9	9	2	2	1	0	0	2.3	3.4	3.1	2.35	3.25	3.1				2.39	3.28	3.23	2.3	3.3	3.0	2.3	3.3	3.0	2.42	3.4	3.25	2.34	3.3	3.08	2.08	1.73	2.09	1.75	2.2	1.79	2.09	1.73	-0.25	2.04	1.86	2.05	1.86	2.06	1.87	2.01	1.81	2.4	3.4	2.9	2.45	3.3	2.87				2.42	3.36	3.1	2.38	3.3	2.88	2.45	3.3	2.88	2.52	3.48	3.1	2.42	3.35	2.93	2.03	1.83	2.02	1.87	2.06	1.9	1.97	1.83	-0.25	2.06	1.84	2.08	1.83	2.16	1.88	2.06	1.78	eredivisie																																																									0	0	1		0	0	1
2024-03-04	17:45	Heracles	AZ Alkmaar	5	0	H	3	0	H	21	18	9	4	10	8	4	6	2	1	0	0	6.5	5.0	1.44	6.5	4.6	1.46				7.0	4.77	1.46	7.0	4.6	1.4	7.5	4.6	1.4	7.5	5.0	1.47	6.86	4.69	1.43	1.65	2.2	1.7	2.24	1.71	2.29	1.66	2.22	1.25	1.92	1.98	1.89	2.02	1.96	2.02	1.87	1.95	6.5	5.0	1.44	6.75	4.6	1.44				7.27	4.65	1.46	7.5	4.5	1.4	7.5	4.6	1.4	7.8	5.07	1.47	6.95	4.64	1.43	1.73	2.08	1.78	2.12	1.78	2.23	1.7	2.13	1.25	1.86	2.04	1.87	2.04	1.91	2.06	1.84	1.98	eredivisie																																																									1	0	0	Heracles	1	0	0
2024-03-04	19:00	Utrecht	Zwolle	5	1	H	0	0	D	18	5	7	2	7	6	5	0	0	1	0	0	1.5	4.5	6.0	1.5	4.5	6.0				1.51	4.65	6.29	1.44	4.5	6.5	1.45	4.5	6.5	1.52	4.7	6.75	1.48	4.54	6.21	1.67	2.15	1.7	2.24	1.7	2.35	1.64	2.2	-1.0	1.75	2.05	1.81	2.1	1.85	2.19	1.78	2.08	1.4	4.75	7.0	1.43	4.75	7.0				1.47	4.67	7.0	1.4	4.6	7.0	1.44	4.6	7.0	1.47	4.99	7.4	1.43	4.68	6.91	1.67	2.15	1.71	2.22	1.79	2.33	1.66	2.2	-1.25	2.01	1.89	2.02	1.89	2.05	1.91	1.96	1.86	eredivisie																																																									1	0	0	Utrecht	0	0	1
2024-03-04	20:00	Heerenveen	Twente	3	3	D	2	3	A	9	14	5	6	8	11	3	4	1	2	0	0	3.6	4.0	1.91	3.6	3.8	1.93				3.66	3.92	1.97	3.5	3.8	1.91	3.7	3.75	1.91	3.7	4.0	1.97	3.58	3.82	1.94	1.7	2.1	1.77	2.14	1.78	2.3	1.7	2.14	0.5	1.95	1.95	1.92	1.98	1.96	1.98	1.9	1.93	4.0	4.2	1.8	4.1	3.8	1.82				4.36	3.92	1.81	4.2	3.8	1.75	4.1	3.8	1.8	4.5	4.25	1.88	4.18	3.89	1.8	1.7	2.1	1.76	2.14	1.8	2.17	1.73	2.09	0.75	1.78	2.03	1.85	2.06	1.9	2.14	1.81	2.02	eredivisie																																																									0	0	1		0	1	0
2024-04-04	17:45	Volendam	Feyenoord	0	0	D	0	0	D	9	23	1	10	22	5	0	6	6	2	0	0	23.0	11.0	1.1	23.0	11.5	1.1				21.73	12.73	1.09	23.0	11.0	1.07	20.0	10.0	1.06	28.0	13.0	1.1	22.05	11.01	1.09	1.22	4.2	1.22	4.36	1.23	4.36	1.22	4.06	2.75	1.95	1.95	1.93	1.93	1.97	2.0	1.89	1.91	21.0	11.0	1.1	23.0	12.0	1.09				23.4	12.6	1.09	21.0	12.0	1.06	21.0	11.0	1.08	27.0	13.0	1.11	22.14	11.52	1.09	1.2	4.33	1.21	4.54	1.23	4.7	1.2	4.38	2.75	1.99	1.91	1.95	1.92	2.02	1.98	1.91	1.91	eredivisie																																																									0	0	1		0	0	1
2024-04-04	19:00	Waalwijk	Almere City	0	0	D	0	0	D	15	9	3	0	7	16	5	6	2	1	0	0	2.2	3.6	3.2	2.15	3.5	3.3				2.28	3.43	3.3	2.15	3.4	3.2	2.15	3.3	3.1	2.28	3.65	3.31	2.19	3.43	3.22	1.98	1.88	2.0	1.88	2.0	2.0	1.92	1.88	-0.25	1.95	1.95	1.97	1.93	1.98	1.97	1.89	1.91	2.05	3.6	3.4	2.1	3.4	3.4				2.09	3.47	3.73	2.05	3.5	3.4	2.05	3.5	3.5	2.13	3.67	3.74	2.08	3.48	3.51	1.98	1.88	1.96	1.93	2.04	1.98	1.93	1.87	-0.25	1.83	2.07	1.8	2.11	1.86	2.14	1.79	2.04	eredivisie																																																									0	0	1		0	0	1
2024-04-04	20:00	Ajax	Go Ahead Eagles	1	1	D	1	0	H	21	10	7	4	8	6	2	6	1	0	0	0	1.5	4.75	5.75	1.49	4.6	6.0				1.48	4.89	6.29	1.44	4.75	6.0	1.44	4.5	5.75	1.5	4.9	6.4	1.47	4.69	6.0	1.48	2.6	1.5	2.68	1.52	2.72	1.49	2.57	-1.25	2.06	1.84	2.05	1.86	2.09	1.87	2.0	1.81	1.6	4.5	5.0	1.61	4.2	5.0				1.61	4.37	5.28	1.53	4.5	5.0	1.57	4.33	5.25	1.65	4.6	5.5	1.58	4.4	5.13	1.57	2.35	1.57	2.51	1.63	2.66	1.54	2.47	-1.0	2.03	1.87	2.04	1.87	2.07	1.91	1.97	1.86	eredivisie																																																									0	0	1		1	0	0
2024-06-04	15:30	Sparta Rotterdam	Heracles	1	2	A	1	0	H	21	8	4	4	13	13	9	3	1	3	0	0	1.67	4.0	5.0	1.71	4.0	4.5				1.67	4.24	4.95	1.65	4.2	4.5	1.65	4.0	5.0	1.71	4.3	5.0	1.67	4.1	4.71	1.62	2.25	1.65	2.34	1.68	2.34	1.64	2.26	-0.75	1.86	2.04	1.85	2.06	1.87	2.06	1.84	1.99	1.65	4.0	5.0	1.68	4.0	4.75				1.63	4.21	4.89	1.57	4.2	5.0	1.62	4.2	5.0	1.71	4.5	5.5	1.63	4.21	4.92	1.65	2.2	1.58	2.5	1.7	2.52	1.6	2.33	-0.75	1.87	2.03	1.79	2.04	1.91	2.16	1.79	2.05	eredivisie																																																									0	1	0	Heracles	1	0	0
2024-06-04	17:45	PSV Eindhoven	AZ Alkmaar	5	1	H	2	0	H	18	10	8	6	4	9	4	7	2	2	0	0	1.44	4.75	6.5	1.46	4.75	6.25				1.44	4.93	7.1	1.44	4.6	6.5	1.4	4.8	7.0	1.47	5.0	7.5	1.44	4.74	6.7	1.6	2.3	1.63	2.37	1.65	2.5	1.59	2.32	-1.25	1.99	1.91	1.97	1.93	2.0	1.95	1.94	1.87	1.44	5.0	6.5	1.42	5.0	6.75				1.42	5.1	7.18	1.36	5.0	7.0	1.4	5.0	7.0	1.46	5.2	7.5	1.41	4.98	7.0	1.48	2.6	1.51	2.67	1.58	2.7	1.5	2.55	-1.25	1.88	2.02	1.91	2.0	1.93	2.03	1.86	1.96	eredivisie																																																									1	0	0	PSV Eindhoven	1	0	0
2024-06-04	19:00	Zwolle	Excelsior	2	1	H	1	0	H	25	8	11	4	13	11	9	5	1	2	0	0	1.95	3.75	3.6	2.05	3.8	3.3				1.99	3.94	3.59	1.95	3.9	3.3	2.05	3.75	3.3	2.05	4.05	3.6	2.0	3.81	3.43	1.57	2.35	1.6	2.44	1.63	2.44	1.58	2.35	-0.5	2.01	1.89	2.0	1.91	2.05	1.91	2.0	1.85	1.91	3.6	4.0	1.95	3.6	3.7				1.93	3.78	3.94	1.91	3.7	3.6	1.95	3.7	3.6	2.01	3.9	4.0	1.95	3.68	3.72	1.73	2.08	1.75	2.17	1.85	2.24	1.73	2.1	-0.5	1.95	1.95	1.94	1.96	2.0	1.98	1.95	1.89	eredivisie																																																									1	0	0	Zwolle	1	0	0
2024-06-04	20:00	Twente	For Sittard	2	0	H	0	0	D	26	4	8	2	9	10	7	0	0	4	0	1	1.4	5.0	7.0	1.43	4.6	7.25				1.41	4.89	7.88	1.4	4.6	7.5	1.4	4.6	8.0	1.43	5.0	8.5	1.41	4.7	7.58	1.73	2.08	1.79	2.11	1.8	2.18	1.75	2.08	-1.25	1.97	1.93	1.94	1.96	2.01	1.96	1.92	1.9	1.4	5.0	7.0	1.4	4.8	7.75				1.4	5.01	8.15	1.36	4.6	8.0	1.36	4.75	8.0	1.43	5.13	8.15	1.39	4.83	7.65	1.67	2.15	1.71	2.22	1.77	2.25	1.69	2.15	-1.25	1.89	2.01	1.9	2.01	1.93	2.01	1.87	1.94	eredivisie																																																									1	0	0	Twente	0	0	1
2024-07-04	11:15	Vitesse	Nijmegen	0	3	A	0	0	D	20	8	6	7	16	14	7	1	2	4	0	0	2.9	3.75	2.25	2.87	3.6	2.3				3.07	3.59	2.33	2.9	3.7	2.2	2.88	3.5	2.2	3.07	3.8	2.35	2.96	3.61	2.28	1.7	2.1	1.74	2.18	1.76	2.2	1.71	2.13	0.25	1.89	2.01	1.88	2.03	1.92	2.03	1.85	1.96	2.9	3.75	2.3	2.95	3.6	2.25				2.91	3.74	2.37	2.8	3.7	2.25	3.0	3.6	2.25	3.06	3.81	2.37	2.94	3.63	2.29	1.65	2.2	1.68	2.29	1.73	2.31	1.65	2.22	0.25	1.86	2.04	1.84	2.07	1.93	2.07	1.83	1.99	eredivisie																																																									0	1	0	Nijmegen	0	0	1
2024-07-04	13:30	Feyenoord	Ajax	6	0	H	3	0	H	30	1	15	1	9	12	9	1	0	2	0	0	1.44	4.5	7.5	1.46	4.8	6.0				1.44	5.1	6.65	1.44	4.8	6.0	1.4	4.6	6.5	1.47	5.1	7.5	1.44	4.86	6.41	1.5	2.5	1.51	2.65	1.53	2.69	1.49	2.58	-1.25	1.95	1.95	1.95	1.95	1.99	1.96	1.92	1.89	1.36	5.0	8.0	1.38	5.25	7.25				1.35	5.65	8.11	1.33	5.5	7.5	1.33	5.25	8.5	1.41	5.65	8.5	1.36	5.32	7.57	1.36	3.1	1.38	3.16	1.44	3.63	1.38	3.02	-1.5	1.95	1.95	1.94	1.96	2.03	1.96	1.95	1.88	eredivisie																																																									1	0	0	Feyenoord	1	0	0
2024-07-04	13:30	Go Ahead Eagles	Almere City	1	1	D	1	1	D	12	18	4	6	5	12	3	7	2	1	0	0	1.65	4.0	5.25	1.68	3.9	4.8				1.66	4.11	5.24	1.67	3.9	4.6	1.62	3.8	4.8	1.7	4.11	5.25	1.66	3.98	4.94	1.8	2.0	1.82	2.07	1.84	2.1	1.78	2.03	-0.75	1.84	2.06	1.85	2.07	1.9	2.09	1.84	1.99	1.7	3.8	5.0	1.7	3.9	4.75				1.71	4.0	4.97	1.65	3.9	4.75	1.67	3.9	4.8	1.74	4.1	5.4	1.69	3.91	4.87	1.73	2.08	1.79	2.1	1.9	2.16	1.78	2.04	-0.75	1.92	1.98	1.92	1.99	1.95	2.08	1.87	1.95	eredivisie																																																									0	0	1		0	0	1
2024-07-04	15:45	Volendam	Waalwijk	3	2	H	2	0	H	20	15	8	8	13	11	6	7	3	2	0	0	3.8	3.8	1.91	3.6	3.7	1.95				3.71	3.87	1.97	3.5	3.8	1.91	3.5	3.6	1.9	3.8	3.92	1.98	3.62	3.77	1.94	1.67	2.15	1.71	2.22	1.73	2.25	1.68	2.17	0.5	1.92	1.98	1.93	1.98	1.94	2.0	1.89	1.96	3.5	3.8	1.95	3.4	3.8	1.98				3.52	3.91	2.02	3.4	3.8	1.95	3.4	3.8	2.0	3.6	3.92	2.04	3.45	3.79	2.0	1.57	2.35	1.62	2.42	1.68	2.42	1.6	2.33	0.5	1.87	2.03	1.88	2.03	1.9	2.05	1.84	2.0	eredivisie																																																									1	0	0	Volendam	1	0	0
2024-07-04	19:00	Heerenveen	Utrecht	2	3	A	0	1	A	13	18	5	6	10	10	5	3	2	1	1	0	2.63	3.5	2.6	2.6	3.5	2.55				2.68	3.47	2.69	2.6	3.6	2.45	2.5	3.4	2.55	2.69	3.65	2.7	2.61	3.48	2.6	1.83	2.03	1.88	2.02	1.88	2.1	1.82	1.99	0.0	1.95	1.95	1.94	1.96	1.99	1.97	1.93	1.91	2.45	3.2	3.0	2.45	3.2	2.95				2.51	3.25	3.06	2.45	3.4	2.7	2.4	3.4	2.88	2.6	3.47	3.07	2.47	3.32	2.87	2.05	1.75	2.12	1.78	2.25	2.0	2.02	1.78	-0.25	2.09	1.81	2.15	1.79	2.16	1.83	2.11	1.74	eredivisie																																																									0	1	0	Utrecht	0	1	0
2024-12-04	19:00	Excelsior	Volendam	4	0	H	2	0	H	35	13	15	5	9	9	11	2	2	4	1	1	1.75	4.33	4.0	1.77	4.0	4.1				1.79	4.2	4.19	1.75	4.0	4.0	1.8	4.0	3.9	1.84	4.33	4.2	1.77	4.11	4.05	1.5	2.5	1.54	2.6	1.58	2.6	1.52	2.5	-0.75	2.02	1.88	2.0	1.9	2.06	1.9	1.97	1.85	1.67	4.5	4.5	1.66	4.2	4.6				1.68	4.3	4.76	1.73	4.0	4.2	1.7	4.2	4.2	1.77	4.5	4.76	1.69	4.22	4.43	1.5	2.5	1.52	2.64	1.54	2.72	1.5	2.56	-0.75	1.85	2.05	1.86	2.05	1.95	2.07	1.86	1.96	eredivisie																																																									1	0	0	Excelsior	1	0	0
2024-03-05	19:00	Almere City	Heerenveen	1	1	D	0	0	D	13	18	4	5	14	6	3	9	2	0	1	0	2.8	3.4	2.5	2.7	3.5	2.45				2.88	3.46	2.51	2.62	3.5	2.45	2.75	3.5	2.45	2.88	3.6	2.55	2.77	3.48	2.45	1.75	2.05	1.81	2.08	1.82	2.1	1.76	2.05	0.0	2.07	1.83	2.09	1.83	2.09	1.83	2.03	1.81	2.9	3.4	2.4	2.85	3.5	2.37				3.01	3.51	2.4	2.75	3.5	2.38	2.9	3.5	2.3	3.06	3.6	2.45	2.88	3.46	2.38	1.75	2.05	1.79	2.11	1.9	2.15	1.74	2.07	0.25	1.84	2.06	1.83	2.08	1.88	2.08	1.79	2.03	eredivisie																																																									0	0	1		0	0	1
2024-03-05	19:00	For Sittard	Go Ahead Eagles	0	0	D	0	0	D	27	6	5	1	11	8	8	0	1	0	0	0	2.45	3.6	2.7	2.3	3.3	2.6				2.54	3.58	2.78	2.45	3.5	2.62	2.45	3.6	2.7	2.54	3.62	2.79	2.46	3.54	2.7	1.7	2.1	1.75	2.16	1.78	2.17	1.72	2.11	0.0	1.86	2.04	1.86	2.05	1.88	2.05	1.83	2.01	2.3	3.6	2.9	2.25	3.25	2.7				2.4	3.57	2.97	2.38	3.6	2.75	2.38	3.5	2.8	2.42	3.69	3.02	2.36	3.53	2.86	1.7	2.1	1.78	2.12	1.82	2.14	1.74	2.08	-0.25	2.08	1.82	2.09	1.83	2.12	1.83	2.03	1.79	eredivisie																																																									0	0	1		0	0	1
2024-05-05	11:15	Heracles	Waalwijk	0	5	A	0	2	A	16	19	5	10	8	14	4	9	1	1	0	0	2.3	3.6	3.0	2.25	3.6	2.9				2.32	3.81	2.94	2.25	3.7	2.88	2.2	3.6	2.8	2.34	3.83	3.0	2.26	3.66	2.89	1.6	2.3	1.63	2.36	1.64	2.41	1.6	2.3	-0.25	2.01	1.89	2.04	1.87	2.04	1.89	1.96	1.84	2.25	3.75	3.0	2.25	3.75	2.87				2.28	3.73	3.06	2.25	3.75	2.8	2.2	3.8	2.9	2.33	3.85	3.14	2.25	3.71	2.94	1.5	2.5	1.52	2.64	1.56	2.8	1.5	2.56	-0.25	1.99	1.91	2.0	1.91	2.03	1.93	1.95	1.87	eredivisie																																																									0	1	0	Waalwijk	0	1	0
2024-05-05	11:15	PSV Eindhoven	Sparta Rotterdam	4	2	H	2	2	D	18	7	7	1	8	9	3	4	0	1	0	0	1.13	8.5	19.0	1.14	9.0	17.5				1.13	10.79	16.62	1.11	8.5	19.0	1.1	8.0	17.0	1.14	11.0	22.0	1.12	9.13	17.54	1.3	3.5	1.31	3.54	1.36	3.55	1.31	3.31	-2.5	2.03	1.78	2.07	1.81	2.08	1.89	2.01	1.8	1.13	10.0	15.0	1.12	10.0	19.5				1.11	11.57	19.45	1.08	10.0	19.0	1.09	10.5	21.0	1.14	12.0	24.0	1.11	10.21	18.69	1.2	4.33	1.22	4.45	1.27	4.47	1.22	4.17	-2.5	1.9	2.0	1.88	2.02	1.93	2.02	1.86	1.97	eredivisie																																																									1	0	0	PSV Eindhoven	0	0	1
2024-05-05	13:30	Utrecht	Vitesse	1	0	H	0	0	D	15	20	6	5	15	10	4	7	0	3	0	0	1.36	5.25	8.0	1.37	5.25	7.5				1.36	5.44	8.24	1.33	5.0	8.0	1.3	5.0	8.0	1.38	5.5	8.5	1.35	5.21	7.79	1.5	2.5	1.52	2.63	1.54	2.66	1.5	2.52	-1.5	2.01	1.89	2.01	1.9	2.01	1.9	1.96	1.84	1.25	6.0	11.0	1.27	6.25	10.0				1.28	5.98	10.74	1.25	6.0	10.0	1.25	6.0	10.5	1.28	6.8	11.1	1.26	6.17	10.12	1.4	2.88	1.43	2.94	1.45	3.0	1.4	2.89	-1.75	1.9	2.0	1.92	1.97	1.95	2.03	1.9	1.91	eredivisie																																																									1	0	0	Utrecht	0	0	1
2024-05-05	13:30	Volendam	Ajax	1	4	A	0	1	A	8	17	2	11	8	7	1	3	0	0	0	0	8.0	5.5	1.36	7.25	5.75	1.35				6.91	6.51	1.35	8.0	5.8	1.3	7.0	5.5	1.3	8.0	6.6	1.36	7.14	5.89	1.33	1.29	3.6	1.28	3.85	1.31	3.85	1.27	3.62	1.5	2.02	1.88	2.02	1.88	2.03	1.88	1.97	1.84	10.0	6.5	1.25	9.5	6.5	1.27				9.44	6.83	1.26	9.0	6.5	1.25	9.5	6.5	1.25	10.6	6.83	1.3	9.32	6.4	1.26	1.3	3.5	1.3	3.66	1.3	3.87	1.28	3.54	1.75	2.06	1.84	2.06	1.84	2.09	1.92	1.98	1.83	eredivisie																																																									0	1	0	Ajax	0	1	0
2024-05-05	15:45	AZ Alkmaar	Twente	2	1	H	0	1	A	10	15	4	4	15	8	4	11	3	1	0	0	2.3	3.4	3.1	2.35	3.4	2.9				2.34	3.52	3.1	2.3	3.4	2.9	2.25	3.3	2.9	2.36	3.55	3.11	2.3	3.42	2.98	1.88	1.98	1.9	1.99	1.92	1.99	1.86	1.92	-0.25	2.02	1.88	2.03	1.88	2.04	1.88	1.97	1.82	2.2	3.4	3.3	2.25	3.3	3.2				2.25	3.37	3.43	2.15	3.4	3.2	2.15	3.4	3.3	2.25	3.5	3.47	2.19	3.39	3.31	1.98	1.88	1.98	1.91	2.02	1.99	1.9	1.89	-0.25	1.93	1.97	1.93	1.97	1.95	2.03	1.88	1.93	eredivisie																																																									1	0	0	AZ Alkmaar	0	1	0
2024-05-05	19:00	Feyenoord	Zwolle	5	0	H	2	0	H	30	3	17	0	8	6	11	0	1	1	0	0	1.1	10.0	21.0	1.11	11.0	23.0				1.08	14.38	23.53	1.08	9.5	26.0	1.07	9.0	21.0	1.11	14.38	27.0	1.08	10.87	22.66	1.3	3.5	1.32	3.47	1.35	3.52	1.31	3.31	-2.5	1.91	1.99	1.88	2.01	1.92	2.05	1.86	1.95	1.09	11.0	19.0	1.1	12.0	21.0				1.09	12.43	22.32	1.07	11.0	21.0	1.07	12.0	23.0	1.1	14.0	27.0	1.09	11.45	21.52	1.17	5.0	1.17	5.16	1.2	5.5	1.16	4.9	-2.75	1.86	2.04	1.85	2.02	1.89	2.07	1.83	1.98	eredivisie																																																									1	0	0	Feyenoord	1	0	0
2024-06-05	19:00	Excelsior	Nijmegen	0	3	A	0	0	D	9	19	1	8	5	10	3	6	1	2	1	0	3.0	3.6	2.3	2.9	3.9	2.2				2.97	3.85	2.26	2.8	3.9	2.2	2.8	3.7	2.15	3.0	3.93	2.3	2.91	3.77	2.21	1.53	2.4	1.56	2.53	1.56	2.62	1.51	2.49	0.25	1.91	1.99	1.9	1.99	1.91	1.99	1.86	1.92	2.2	3.6	3.2	2.25	3.6	2.95				2.27	3.67	3.12	2.2	3.7	2.9	2.3	3.6	2.88	2.35	3.7	3.2	2.25	3.61	3.0	1.57	2.35	1.59	2.47	1.6	2.55	1.55	2.42	-0.25	1.98	1.92	1.98	1.93	2.04	1.93	1.95	1.86	eredivisie																																																									0	1	0	Nijmegen	0	0	1
2024-12-05	13:30	Ajax	Almere City	3	0	H	3	0	H	11	3	4	0	11	14	4	1	3	2	0	0	1.25	6.0	11.0	1.25	6.5	11.0				1.23	6.83	11.68	1.22	6.5	11.0	1.2	6.0	11.0	1.25	7.1	13.0	1.23	6.41	11.29	1.4	2.88	1.41	2.99	1.44	3.02	1.4	2.85	-1.75	1.84	2.06	1.81	2.07	1.85	2.07	1.8	2.0	1.25	6.5	11.0	1.24	6.5	11.5				1.24	6.52	11.75	1.22	6.5	11.0	1.22	6.5	11.5	1.27	7.0	12.5	1.23	6.4	11.38	1.44	2.7	1.48	2.72	1.51	2.75	1.47	2.66	-1.75	1.89	2.01	1.91	1.98	1.92	2.03	1.86	1.95	eredivisie																																																									1	0	0	Ajax	1	0	0
2024-12-05	13:30	Excelsior	Heracles	4	0	H	1	0	H	19	6	9	0	5	16	7	4	2	3	0	0	1.85	3.75	3.8	1.93	4.0	3.5				1.89	4.09	3.79	1.85	4.2	3.5	1.87	3.8	3.4	1.95	4.2	3.8	1.89	3.95	3.62	1.48	2.6	1.51	2.65	1.53	2.69	1.48	2.59	-0.5	1.91	1.99	1.91	2.0	1.96	2.0	1.9	1.93	1.65	4.33	4.5	1.66	4.33	4.5				1.68	4.44	4.65	1.67	4.2	4.33	1.67	4.33	4.33	1.72	4.5	4.7	1.66	4.35	4.5	1.4	2.88	1.41	3.05	1.48	3.12	1.4	2.91	-1.0	2.06	1.84	2.09	1.81	2.1	1.87	2.05	1.8	eredivisie																																																									1	0	0	Excelsior	1	0	0
2024-12-05	13:30	For Sittard	PSV Eindhoven	1	1	D	1	0	H	10	12	6	5	12	5	4	9	2	0	0	0	8.5	6.0	1.25	9.5	6.0	1.28				10.22	6.43	1.26	10.0	5.8	1.25	10.0	5.75	1.22	10.5	6.7	1.28	9.73	6.1	1.26	1.4	2.88	1.43	2.89	1.45	3.2	1.4	2.88	1.75	1.95	1.95	1.95	1.93	2.0	1.95	1.9	1.9	9.0	6.0	1.29	8.5	6.0	1.31				8.96	6.33	1.29	8.5	5.8	1.29	9.5	6.0	1.29	9.54	6.33	1.34	8.61	5.93	1.3	1.36	3.1	1.37	3.18	1.41	3.35	1.36	3.09	1.75	1.88	2.02	1.89	2.0	1.9	2.17	1.82	2.0	eredivisie																																																									0	0	1		1	0	0
2024-12-05	13:30	Go Ahead Eagles	AZ Alkmaar	0	3	A	0	2	A	16	17	4	4	10	14	3	3	0	0	0	0	4.2	3.8	1.8	4.0	4.0	1.8				4.3	3.91	1.83	4.0	4.0	1.75	4.0	3.7	1.75	4.3	4.0	1.84	4.12	3.85	1.79	1.7	2.1	1.75	2.17	1.75	2.2	1.7	2.13	0.5	2.03	1.78	2.08	1.83	2.08	1.84	2.04	1.8	4.75	4.2	1.67	4.6	4.33	1.65				4.77	4.41	1.67	5.0	4.33	1.57	4.6	4.2	1.65	5.22	4.5	1.68	4.68	4.29	1.65	1.53	2.4	1.55	2.57	1.57	2.63	1.51	2.51	0.75	2.05	1.85	2.07	1.85	2.09	1.85	2.02	1.8	eredivisie																																																									0	1	0	AZ Alkmaar	0	1	0
2024-12-05	13:30	Heerenveen	Vitesse	1	3	A	1	1	D	22	16	5	7	10	16	7	2	0	3	0	0	1.45	4.75	6.0	1.49	4.75	5.75				1.46	5.07	6.46	1.44	4.8	5.8	1.4	4.6	6.0	1.49	5.1	6.5	1.46	4.83	5.96	1.44	2.7	1.45	2.86	1.47	2.9	1.43	2.77	-1.25	1.97	1.93	1.96	1.94	1.98	1.94	1.93	1.86	1.6	4.5	5.0	1.6	4.5	4.8				1.62	4.62	4.91	1.57	4.5	4.8	1.6	4.5	4.75	1.64	4.7	5.4	1.6	4.48	4.83	1.4	2.88	1.41	3.04	1.44	3.04	1.4	2.9	-1.0	1.99	1.91	2.01	1.89	2.05	1.92	1.97	1.86	eredivisie																																																									0	1	0	Vitesse	0	0	1
2024-12-05	13:30	Nijmegen	Feyenoord	2	3	A	0	1	A	12	21	6	6	9	16	7	9	0	3	1	0	5.75	4.2	1.53	5.5	4.6	1.52				5.16	4.95	1.56	5.5	4.6	1.5	5.25	4.33	1.5	5.75	5.0	1.56	5.29	4.66	1.52	1.44	2.7	1.47	2.79	1.49	2.9	1.44	2.71	1.0	2.02	1.88	2.02	1.88	2.03	1.88	1.99	1.83	4.5	4.2	1.67	4.1	4.2	1.73				4.67	4.3	1.69	4.4	4.2	1.65	4.6	4.2	1.65	4.77	4.35	1.75	4.43	4.23	1.69	1.5	2.5	1.51	2.66	1.56	2.66	1.49	2.58	0.75	2.01	1.89	2.03	1.88	2.06	1.95	1.97	1.85	eredivisie																																																									0	1	0	Feyenoord	0	1	0
2024-12-05	13:30	Twente	Volendam	7	2	H	5	2	H	19	6	10	2	5	4	13	2	0	2	0	0	1.07	11.0	26.0	1.08	13.0	26.0				1.07	15.23	29.84	1.05	12.0	26.0	1.06	9.5	22.0	1.08	15.23	34.0	1.07	12.2	27.05	1.25	4.0	1.23	4.23	1.25	4.23	1.23	3.92	-3.0	2.03	1.78	2.06	1.81	2.08	1.85	2.03	1.79	1.06	15.0	26.0	1.06	15.0	34.0				1.05	16.12	27.61	1.04	13.0	29.0	1.05	13.0	29.0	1.07	17.0	43.0	1.05	13.88	30.61	1.17	5.0	1.13	5.61	1.21	5.61	1.16	4.86	-3.25	2.02	1.88	2.0	1.82	2.1	1.88	2.0	1.81	eredivisie																																																									1	0	0	Twente	1	0	0
2024-12-05	13:30	Utrecht	Sparta Rotterdam	0	1	A	0	0	D	20	10	5	4	6	7	12	4	1	0	0	0	1.73	4.0	4.33	1.77	4.0	4.2				1.75	4.13	4.48	1.7	4.0	4.33	1.7	3.8	4.2	1.78	4.13	4.6	1.73	3.99	4.35	1.62	2.25	1.68	2.28	1.7	2.35	1.64	2.24	-0.75	1.98	1.92	1.97	1.93	1.99	1.94	1.9	1.89	1.8	4.0	4.0	1.8	3.9	4.0				1.81	3.96	4.34	1.73	4.0	4.2	1.75	4.0	4.2	1.84	4.1	4.5	1.77	3.98	4.18	1.57	2.35	1.61	2.41	1.68	2.45	1.58	2.36	-0.75	2.05	1.85	2.04	1.88	2.08	1.9	1.96	1.85	eredivisie																																																									0	1	0	Sparta Rotterdam	0	0	1
2024-12-05	13:30	Waalwijk	Zwolle	1	1	D	0	0	D	22	15	5	11	6	6	10	5	0	1	0	1	1.67	4.0	4.75	1.72	4.1	4.2				1.71	4.37	4.5	1.67	4.33	4.2	1.65	4.0	4.33	1.73	4.45	4.75	1.67	4.23	4.44	1.53	2.4	1.55	2.57	1.56	2.6	1.52	2.5	-0.75	1.88	2.02	1.9	2.0	1.91	2.06	1.83	1.97	1.6	4.5	4.75	1.58	4.6	4.8				1.61	4.58	4.96	1.53	4.6	5.0	1.57	4.5	5.0	1.64	4.8	5.25	1.59	4.56	4.86	1.4	2.88	1.45	2.86	1.48	2.9	1.43	2.78	-1.0	2.01	1.89	2.02	1.89	2.02	1.93	1.95	1.88	eredivisie																																																									0	0	1		0	0	1
2024-09-08	19:00	Groningen	NAC Breda	4	1	H	3	0	H	17	7	9	3	7	7	8	1	1	3	0	1	1.62	4.0	5.5	1.62	4.1	5.0				1.63	4.03	5.66	1.57	4.2	5.0				1.64	4.25	5.7	1.61	4.06	5.33	1.62	2.25	1.67	2.31	1.68	2.38	1.62	2.27	-1.0	2.06	1.84	2.07	1.85	2.07	1.86	2.02	1.83	1.67	3.8	5.25	1.66	3.9	5.0				1.68	3.81	5.54	1.6	4.2	5.0				1.7	4.2	5.54	1.65	3.89	5.18	1.75	2.05	1.81	2.09	1.9	2.27	1.74	2.1	-0.75	1.87	2.03	1.88	2.03	1.9	2.06	1.83	2.0	eredivisie	1.6	4.0	5.5	1.63	4.25	4.94	1.65	4.3	6.0	1.71	2.36	2.07	1.87	1.57	3.75	5.0	1.7	3.88	5.36	1.68	4.1	5.9	1.84	2.16	1.86	2.13																															1	0	0	Groningen	1	0	0
2024-10-08	15:30	Feyenoord	Willem II	1	1	D	1	0	H	21	2	7	1	8	21	14	3	1	4	0	0	1.13	8.0	21.0	1.14	9.25	17.5				1.11	10.39	16.88	1.1	8.5	21.0				1.14	11.0	22.0	1.12	9.35	18.53	1.36	3.1	1.36	3.12	1.41	3.17	1.37	2.98	-2.25	1.88	2.02	1.87	1.99	1.95	2.02	1.88	1.94	1.13	8.5	21.0	1.12	9.75	20.0				1.12	10.52	20.34	1.08	9.5	23.0				1.14	12.0	23.0	1.11	9.61	20.51	1.33	3.4	1.34	3.38	1.36	3.41	1.33	3.25	-2.5	2.03	1.87	2.03	1.86	2.08	1.94	1.98	1.85	eredivisie	1.1	10.5	19.0	1.13	8.6	20.0	1.14	11.0	28.0	1.41	3.15	1.87	2.0	1.08	10.5	21.0	1.14	9.25	23.0	1.14	11.0	24.0	1.38	3.5	2.1	1.86																															0	0	1		1	0	0
2024-10-08	17:45	Nijmegen	Twente	1	2	A	1	1	D	12	15	2	5	5	6	7	5	0	0	0	0	3.75	3.6	1.95	3.5	3.75	1.98				3.7	3.74	1.94	3.6	3.7	1.91				3.8	3.84	2.02	3.63	3.66	1.97	1.67	2.15	1.68	2.21	1.76	2.27	1.68	2.15	0.5	1.89	2.01	1.91	1.96	1.91	2.05	1.87	1.97	3.1	3.4	2.3	3.2	3.6	2.15				3.13	3.61	2.29	3.1	3.5	2.15				3.4	3.7	2.34	3.16	3.52	2.2	1.7	2.1	1.73	2.2	1.73	2.26	1.69	2.16	0.25	1.9	2.0	1.91	2.0	2.0	2.0	1.91	1.91	eredivisie	3.6	3.7	1.95	3.73	3.56	1.99	3.8	3.95	2.02	1.73	2.24	1.93	2.02	3.0	3.4	2.1	3.16	3.47	2.34	3.35	3.75	2.28	1.75	2.3	2.0	1.97																															0	1	0	Twente	0	0	1
2024-10-08	19:00	Almere City	AZ Alkmaar	0	1	A	0	1	A	7	6	2	3	13	9	2	8	1	2	2	1	5.75	4.0	1.6	5.0	4.2	1.61				5.42	4.18	1.58	5.0	4.2	1.57				5.75	4.4	1.63	5.37	4.18	1.58	1.7	2.1	1.71	2.16	1.75	2.22	1.69	2.13	1.0	1.85	2.05	1.85	2.02	1.87	2.07	1.83	2.0	5.25	3.7	1.7	4.6	3.9	1.71				4.99	3.84	1.74	4.6	3.8	1.7				5.54	4.0	1.93	4.84	3.8	1.72	1.85	2.0	1.88	2.0	1.99	2.07	1.83	1.97	0.75	1.93	1.97	1.94	1.96	2.0	1.97	1.92	1.9	eredivisie	5.5	4.0	1.55	5.15	4.25	1.61	6.0	4.4	1.63	1.74	2.22	1.88	2.04	4.75	3.5	1.67	5.54	3.76	1.71	5.4	3.85	1.78	1.91	2.08	1.97	2.0																															0	1	0	AZ Alkmaar	0	1	0
2024-10-08	20:00	PSV Eindhoven	Waalwijk	5	1	H	3	0	H	19	8	12	4	4	8	7	3	0	0	0	0	1.09	11.0	21.0	1.11	11.0	19.5				1.09	11.96	20.83	1.08	9.5	23.0				1.12	13.0	27.0	1.09	10.89	21.72	1.29	3.6	1.26	3.91	1.31	3.95	1.26	3.68	-2.5	1.82	2.08	1.85	2.01	1.9	2.08	1.83	1.99	1.07	13.0	21.0	1.08	13.0	26.0				1.08	14.11	26.3	1.05	12.0	26.0				1.12	16.0	31.0	1.07	13.04	24.9	1.14	5.5	1.12	6.51	1.18	6.51	1.15	5.36	-3.0	1.91	1.99	1.87	2.0	1.97	2.0	1.89	1.94	eredivisie	1.07	12.0	26.0	1.1	10.5	23.0	1.12	12.5	24.0	1.29	3.9	1.82	1.94	1.05	12.0	26.0	1.08	15.7	25.0	1.1	14.5	38.0	1.17	6.2	1.95	2.02																															1	0	0	PSV Eindhoven	1	0	0
2024-11-08	11:15	Sparta Rotterdam	Heracles	0	0	D	0	0	D	9	10	1	2	12	14	3	4	1	1	0	0	1.5	4.5	6.0	1.5	4.6	5.75				1.5	4.44	6.09	1.5	4.6	5.8				1.53	4.75	6.3	1.5	4.58	5.88	1.5	2.5	1.55	2.5	1.57	2.57	1.52	2.48	-1.0	1.82	2.08	1.81	2.06	1.85	2.09	1.8	2.03	1.38	5.0	7.5	1.39	5.0	7.5				1.39	5.18	8.0	1.36	5.0	7.0				1.43	5.35	8.0	1.38	5.07	7.44	1.44	2.7	1.46	2.83	1.53	2.83	1.47	2.66	-1.5	2.05	1.85	2.02	1.88	2.13	1.88	2.04	1.81	eredivisie	1.44	4.6	6.0	1.51	4.65	5.75	1.52	4.8	6.2	1.54	2.56	1.8	2.06	1.36	5.0	7.5	1.43	5.13	7.44	1.42	5.5	8.2	1.51	2.92	2.1	1.88																															0	0	1		0	0	1
2024-11-08	13:30	Go Ahead Eagles	For Sittard	0	2	A	0	0	D	18	13	4	4	13	10	6	3	1	1	0	0	2.0	3.4	3.9	2.0	3.6	3.6				1.99	3.54	3.75	1.95	3.6	3.6				2.04	3.65	3.9	2.0	3.52	3.65	1.85	2.0	1.83	2.01	1.9	2.05	1.84	1.96	-0.5	2.05	1.85	2.0	1.85	2.07	1.87	2.01	1.83	2.1	3.3	3.6	2.05	3.5	3.5				2.14	3.43	3.65	2.0	3.5	3.5				2.14	3.64	3.95	2.04	3.45	3.62	1.93	1.93	1.91	1.98	1.99	2.07	1.84	1.96	-0.5	2.08	1.73	2.14	1.78	2.14	1.92	2.02	1.81	eredivisie	2.0	3.5	3.6	2.01	3.54	3.68	2.06	3.65	3.95	1.86	2.02	2.06	1.91	2.0	3.25	3.5	2.11	3.38	3.82	2.14	3.55	3.85	1.95	2.02	2.14	1.86																															0	1	0	For Sittard	0	0	1
2024-11-08	13:30	Utrecht	Zwolle	1	0	H	1	0	H	9	5	2	1	18	10	2	1	0	3	0	0	1.45	4.5	7.0	1.47	4.75	6.25				1.44	4.79	6.44	1.44	4.75	6.0				1.47	5.0	7.0	1.44	4.72	6.51	1.57	2.35	1.58	2.4	1.62	2.45	1.57	2.37	-1.25	2.0	1.9	1.98	1.88	2.01	1.91	1.96	1.85	1.53	4.2	6.0	1.52	4.5	5.75				1.5	4.61	6.51	1.44	4.6	6.0				1.56	4.7	6.7	1.5	4.49	6.01	1.57	2.35	1.59	2.47	1.62	2.47	1.57	2.38	-1.0	1.87	2.03	1.79	2.12	1.88	2.12	1.81	2.04	eredivisie	1.4	4.6	7.0	1.45	4.75	6.6	1.47	5.0	7.2	1.6	2.42	1.98	1.88	1.44	4.2	5.5	1.56	4.31	6.37	1.57	4.7	6.4	1.62	2.56	1.92	2.05																															1	0	0	Utrecht	1	0	0
2024-11-08	15:45	Ajax	Heerenveen	1	0	H	1	0	H	12	7	4	2	10	8	5	2	0	2	0	0	1.45	4.5	6.5	1.49	4.8	5.75				1.45	4.97	5.94	1.44	4.8	5.8				1.51	5.2	6.5	1.46	4.83	5.99	1.4	2.88	1.41	2.93	1.43	3.07	1.4	2.85	-1.25	1.99	1.91	1.96	1.89	2.02	1.92	1.95	1.86	1.4	4.75	7.0	1.44	5.0	6.0				1.41	5.2	7.19	1.36	5.0	6.5				1.44	5.3	7.62	1.4	5.03	6.92	1.36	3.1	1.38	3.18	1.38	3.41	1.36	3.08	-1.25	1.85	2.05	1.85	2.06	1.87	2.1	1.82	2.01	eredivisie	1.4	4.75	6.5	1.48	4.75	6.05	1.48	5.3	6.8	1.45	2.94	1.96	1.93	1.36	5.0	7.0	1.43	4.99	7.62	1.46	5.3	7.4	1.42	3.25	1.94	2.03																															1	0	0	Ajax	1	0	0
2024-01-09	11:15	Utrecht	Twente	2	1	H	1	1	D	7	15	4	7	10	6	5	4	0	2	0	0	2.88	3.5	2.4	2.85	3.4	2.4				2.92	3.48	2.38	2.8	3.5	2.38				2.98	3.55	2.42	2.86	3.46	2.38	1.83	2.03	1.83	2.01	1.88	2.06	1.81	1.99	0.25	1.8	2.1	1.8	2.07	1.83	2.12	1.78	2.04	2.8	3.5	2.5	2.75	3.4	2.45				2.85	3.51	2.52	2.62	3.5	2.5				2.85	3.55	2.61	2.76	3.44	2.48	1.83	2.03	1.85	2.05	1.91	2.07	1.79	2.0	0.0	2.08	1.82	2.08	1.84	2.08	1.89	2.03	1.84	eredivisie	2.8	3.3	2.4	2.87	3.54	2.37	2.96	3.45	2.52	1.83	2.0	1.8	2.16	2.63	3.25	2.4	2.74	3.54	2.61	2.88	3.55	2.64	1.87	2.1	2.11	1.88																															1	0	0	Utrecht	0	0	1
2024-01-09	13:30	Zwolle	Heracles	3	0	H	1	0	H	16	10	5	4	14	16	4	4	1	2	0	0	2.0	3.8	3.5	2.05	3.7	3.4				2.02	3.59	3.58	2.0	3.7	3.3				2.06	3.8	3.68	2.01	3.65	3.49	1.7	2.1	1.74	2.12	1.79	2.19	1.71	2.11	-0.5	2.05	1.85	2.03	1.83	2.06	1.87	2.01	1.83	2.05	3.75	3.4	2.05	3.6	3.5				2.09	3.61	3.58	2.0	3.6	3.4				2.11	3.78	3.66	2.05	3.58	3.47	1.75	2.05	1.81	2.08	1.9	2.11	1.78	2.03	-0.5	2.07	1.83	2.1	1.82	2.11	1.84	2.05	1.8	eredivisie	2.0	3.6	3.5	2.03	3.75	3.43	2.04	3.55	3.85	1.73	2.12	2.04	1.86	1.95	3.4	3.4	2.09	3.78	3.47	2.1	3.75	3.75	1.84	2.14	2.11	1.89																															1	0	0	Zwolle	1	0	0
2024-01-09	15:45	PSV Eindhoven	Go Ahead Eagles	3	0	H	2	0	H	19	9	8	2	7	8	5	3	0	3	0	0	1.13	9.5	19.0	1.13	10.0	16.0				1.1	11.19	16.77	1.1	9.0	19.0				1.17	12.0	21.0	1.11	10.07	17.24	1.22	4.2	1.21	4.36	1.33	4.5	1.22	4.04	-2.5	1.91	1.99	1.88	1.95	1.96	2.01	1.88	1.95	1.13	9.5	19.0	1.12	11.0	18.5				1.11	11.97	19.81	1.08	10.0	21.0				1.17	12.0	23.0	1.11	10.33	18.74	1.22	4.2	1.21	4.66	1.33	4.8	1.21	4.27	-2.75	2.03	1.78	2.08	1.81	2.11	1.83	2.03	1.8	eredivisie	1.08	10.5	19.0	1.11	9.8	20.0	1.1	10.0	8.2	1.01	1.34			1.06	10.0	18.0	1.14	9.88	20.0	1.12	12.5	28.0	1.23	5.0	2.1	1.87																															1	0	0	PSV Eindhoven	1	0	0
2024-04-10	19:00	Almere City	Willem II	0	1	A	0	0	D	22	4	7	1	9	13	6	5	1	3	0	0	2.7	3.2	2.75	2.6	3.2	2.75				2.74	3.23	2.8	2.6	3.2	2.7				2.74	3.25	2.85	2.67	3.17	2.75	2.15	1.67	2.24	1.7	2.27	1.73	2.16	1.68	0.0	1.91	1.99	1.93	1.97	1.93	2.02	1.89	1.97	2.5	3.2	3.0	2.5	3.1	2.95				2.58	3.21	3.01	2.5	3.1	2.88				2.61	3.23	3.1	2.52	3.14	2.96	2.2	1.65	2.3	1.67	2.35	1.72	2.24	1.64	0.0	1.79	2.11	1.81	2.12	1.82	2.17	1.79	2.1	eredivisie	2.63	3.1	2.8	2.69	3.13	2.76	2.8	3.3	2.94	2.28	1.75	1.95	2.04	2.45	3.0	3.0	2.59	3.21	3.0	2.62	3.25	3.15	2.38	1.7	1.82	2.2																															0	1	0	Willem II	0	0	1
2024-05-10	17:45	NAC Breda	Nijmegen	1	0	H	0	0	D	18	12	6	2	12	8	8	3	2	1	1	0	2.88	3.4	2.5	2.87	3.4	2.37				2.88	3.37	2.47	2.88	3.5	2.3				3.0	3.55	2.5	2.87	3.41	2.42	1.83	2.03	1.84	2.02	1.87	2.06	1.81	1.99	0.25	1.73	2.08	1.76	2.13	1.81	2.16	1.76	2.07	3.25	3.25	2.3	3.0	3.25	2.37				3.24	3.32	2.36	3.0	3.3	2.3				3.43	3.4	2.42	3.14	3.28	2.32	2.03	1.83	2.06	1.84	2.24	1.86	2.02	1.79	0.25	1.87	2.03	1.88	2.03	1.92	2.05	1.85	1.99	eredivisie	2.88	3.3	2.4	2.84	3.54	2.4	3.05	3.5	2.54	1.89	2.04	1.82	2.17	3.1	3.25	2.3	3.43	3.31	2.29	3.35	3.35	2.42	2.12	1.86	1.91	2.07																															1	0	0	NAC Breda	0	0	1
2024-05-10	19:00	PSV Eindhoven	Sparta Rotterdam	2	1	H	2	1	H	16	14	6	4	3	5	3	8	0	2	1	0	1.17	8.0	13.0	1.18	8.5	12.5				1.15	8.34	13.84	1.15	7.5	15.0				1.18	9.0	16.5	1.16	7.96	14.05	1.33	3.4	1.33	3.32	1.36	3.45	1.32	3.27	-2.25	2.03	1.87	1.99	1.87	2.07	1.88	1.99	1.82	1.2	7.0	12.0	1.19	7.75	13.0				1.19	8.12	13.23	1.17	7.5	13.0				1.22	8.12	15.0	1.18	7.46	12.86	1.33	3.4	1.34	3.33	1.35	3.41	1.33	3.23	-2.0	1.89	2.01	1.87	2.02	1.93	2.04	1.86	1.97	eredivisie	1.14	8.0	15.0	1.18	7.8	14.0	1.18	9.2	18.0	1.35	3.55	2.08	1.85	1.15	7.5	15.0	1.22	7.49	13.3	1.2	8.4	17.5	1.37	3.6	1.91	2.07																															1	0	0	PSV Eindhoven	1	0	0
2024-05-10	20:00	Utrecht	Waalwijk	3	2	H	1	1	D	23	3	8	2	8	11	7	0	1	0	0	1	1.38	4.75	8.0	1.37	5.25	7.5				1.36	5.18	7.69	1.35	5.0	7.5				1.41	5.5	8.3	1.37	5.12	7.56	1.5	2.5	1.53	2.58	1.56	2.6	1.51	2.5	-1.25	1.85	2.05	1.84	2.04	1.85	2.13	1.8	2.02	1.36	5.0	8.0	1.37	5.25	7.5				1.35	5.47	8.75	1.35	5.0	7.5				1.41	5.47	8.75	1.36	5.16	7.83	1.48	2.6	1.51	2.67	1.56	2.7	1.5	2.55	-1.5	2.01	1.89	2.02	1.88	2.06	1.89	2.01	1.84	eredivisie	1.33	5.0	7.5	1.39	5.1	7.3	1.41	5.5	8.4	1.57	2.6	1.89	2.04	1.3	4.75	7.5	1.41	5.09	8.14	1.4	5.5	9.4	1.55	2.78	2.07	1.91																															1	0	0	Utrecht	0	0	1
2024-06-10	11:15	Go Ahead Eagles	Heracles	4	1	H	0	1	A	18	7	9	2	13	8	3	5	1	2	0	0	1.62	4.2	5.0	1.66	4.1	4.75				1.61	4.14	5.21	1.57	4.2	5.0				1.66	4.3	5.4	1.62	4.16	5.02	1.67	2.15	1.67	2.23	1.72	2.29	1.67	2.2	-0.75	1.75	2.05	1.77	2.1	1.83	2.13	1.76	2.06	1.57	4.33	5.25	1.57	4.33	5.5				1.61	4.29	5.44	1.53	4.2	5.5				1.61	4.45	5.64	1.57	4.3	5.43	1.65	2.2	1.68	2.29	1.7	2.34	1.64	2.26	-1.0	1.99	1.91	2.02	1.88	2.02	1.96	1.94	1.89	eredivisie	1.6	4.0	5.0	1.63	4.2	4.98	1.64	4.4	5.7	1.7	2.24	1.78	2.14	1.53	4.2	5.5	1.61	4.45	5.45	1.6	4.5	6.2	1.73	2.34	1.98	1.97																															1	0	0	Go Ahead Eagles	0	1	0
2024-06-10	13:30	Feyenoord	Twente	2	1	H	2	0	H	8	7	2	5	17	11	5	6	2	2	0	0	1.6	4.33	5.25	1.62	4.2	4.8				1.6	4.24	5.17	1.6	4.2	4.8				1.64	4.4	5.4	1.61	4.25	5.01	1.65	2.2	1.65	2.28	1.7	2.33	1.63	2.26	-1.0	2.04	1.86	2.02	1.83	2.11	1.86	2.02	1.82	1.75	4.1	4.33	1.77	3.9	4.2				1.78	4.04	4.44	1.73	3.9	4.2				1.8	4.16	4.56	1.75	3.97	4.31	1.65	2.2	1.68	2.27	1.7	2.36	1.65	2.23	-0.75	2.0	1.9	2.01	1.9	2.02	1.94	1.96	1.87	eredivisie	1.57	4.2	5.0	1.62	4.25	5.05	1.64	4.5	5.4	1.69	2.3	1.98	1.81	1.7	3.8	4.2	1.75	4.16	4.56	1.81	4.2	4.6	1.72	2.38	2.04	1.94																															1	0	0	Feyenoord	1	0	0
2024-06-10	13:30	Heerenveen	Zwolle	1	1	D	1	1	D	15	6	4	2	10	14	8	2	2	2	0	0	1.65	4.1	5.0	1.7	4.2	4.33				1.65	4.23	4.74	1.65	4.2	4.5				1.7	4.4	5.0	1.66	4.22	4.63	1.53	2.4	1.55	2.48	1.55	2.55	1.52	2.44	-0.75	1.84	2.06	1.82	2.04	1.89	2.09	1.8	2.01	1.83	3.9	4.1	1.83	3.9	3.9				1.85	4.08	3.99	1.83	3.9	3.8				1.86	4.1	4.16	1.83	3.93	3.95	1.5	2.5	1.58	2.57	1.59	2.57	1.54	2.46	-0.75	2.03	1.78	2.08	1.82	2.11	1.85	2.04	1.8	eredivisie	1.67	4.0	4.5	1.67	4.25	4.62	1.7	4.4	5.2	1.57	2.56	1.85	2.12	1.73	3.9	3.9	1.86	3.96	4.16	1.86	4.3	4.3	1.59	2.62	2.11	1.9																															0	0	1		0	0	1
2024-06-10	15:45	Ajax	Groningen	3	1	H	1	0	H	17	12	8	4	8	10	5	2	3	2	0	0	1.36	5.25	8.0	1.39	5.0	7.25				1.35	5.15	8.06	1.33	5.0	8.0				1.39	5.4	8.5	1.36	5.13	7.95	1.57	2.35	1.57	2.42	1.62	2.52	1.56	2.39	-1.25	1.75	2.05	1.76	2.1	1.88	2.11	1.77	2.05	1.27	6.0	9.0	1.27	6.0	10.0				1.27	6.32	10.08	1.25	6.0	10.0				1.3	6.5	12.0	1.26	6.06	10.1	1.48	2.6	1.49	2.71	1.52	2.95	1.47	2.66	-1.75	1.98	1.92	1.98	1.91	2.0	1.96	1.95	1.89	eredivisie	1.33	5.0	8.5	1.36	5.2	8.0	1.38	5.9	9.0	1.6	2.46			1.22	5.5	10.0	1.3	6.41	9.62	1.3	6.4	12.5	1.54	2.82	2.04	1.95																															1	0	0	Ajax	1	0	0
2024-06-10	19:00	For Sittard	AZ Alkmaar	1	0	H	0	0	D	9	10	3	3	11	9	2	5	4	2	0	0	6.25	3.8	1.57	5.25	4.2	1.6				5.5	4.08	1.59	5.5	4.2	1.55				6.25	4.25	1.62	5.5	4.09	1.58	1.83	2.03	1.8	2.03	1.87	2.07	1.8	2.0	1.0	1.85	2.05	1.82	2.04	1.91	2.07	1.82	2.01	4.75	3.5	1.8	4.2	3.7	1.82				4.56	3.77	1.81	4.5	3.7	1.73				5.05	3.85	1.83	4.58	3.67	1.78	1.83	2.03	1.88	2.02	2.0	2.05	1.85	1.95	0.75	1.83	2.07	1.85	2.07	1.9	2.12	1.83	2.0	eredivisie	5.5	4.0	1.55	5.3	4.15	1.61	6.2	4.4	1.61	1.83	2.08			4.6	3.6	1.75	5.05	3.57	1.81	4.8	3.85	1.85	1.94	2.04	1.88	2.1																															1	0	0	For Sittard	0	0	1
2024-02-11	15:30	Willem II	Twente	0	1	A	0	0	D	8	19	1	6	10	12	4	6	4	1	0	0	5.75	3.6	1.65	5.25	3.8	1.65				5.27	3.82	1.66	5.5	3.75	1.62				5.75	3.95	1.71	5.25	3.79	1.66	1.98	1.88	1.98	1.87	2.02	1.9	1.95	1.85	0.75	2.05	1.85	2.01	1.87	2.09	1.88	1.98	1.84	5.5	3.6	1.7	5.25	3.75	1.66				5.52	3.76	1.7	5.0	3.75	1.65				5.86	3.9	1.74	5.24	3.73	1.68	2.03	1.83	2.02	1.87	2.13	1.89	1.96	1.83	0.75	1.99	1.91	2.0	1.91	2.0	1.93	1.95	1.87	eredivisie	5.5	3.75	1.6	5.25	3.76	1.68	6.2	3.95	1.68	1.97	1.84	2.1	1.83	5.5	3.7	1.62	5.86	3.67	1.7	6.0	3.95	1.72	2.06	1.91	2.07	1.92																															0	1	0	Twente	0	0	1
2024-02-11	17:45	Ajax	PSV Eindhoven	3	2	H	1	1	D	21	12	8	4	9	14	6	1	2	3	0	0	2.88	3.75	2.25	2.85	3.7	2.3				2.9	3.62	2.33	2.8	3.7	2.25				3.0	3.8	2.35	2.89	3.66	2.29	1.57	2.35	1.59	2.41	1.6	2.5	1.55	2.39	0.25	1.87	2.03	1.83	2.05	1.9	2.07	1.83	1.98	2.55	3.75	2.5	2.65	3.6	2.45				2.68	3.7	2.57	2.5	3.7	2.5				2.82	3.85	2.57	2.64	3.62	2.51	1.53	2.4	1.57	2.54	1.58	2.55	1.54	2.47	0.0	2.0	1.9	2.0	1.91	2.02	1.95	1.96	1.91	eredivisie	2.9	3.6	2.2	2.88	3.8	2.26	3.15	3.85	2.34	1.58	2.38	1.94	2.03	2.63	3.5	2.5	2.62	3.85	2.57	2.78	3.8	2.64	1.58	2.64	2.04	1.95																															1	0	0	Ajax	0	0	1
2024-02-11	17:45	Heracles	NAC Breda	2	0	H	1	0	H	11	11	3	4	16	12	2	5	1	1	0	0	2.4	3.3	3.0	2.4	3.4	2.85				2.35	3.48	2.97	2.3	3.5	2.88				2.42	3.56	3.05	2.36	3.43	2.93	1.85	2.0	1.85	2.0	1.9	2.04	1.84	1.96	-0.25	2.07	1.83	2.05	1.83	2.09	1.85	2.01	1.8	2.2	3.4	3.25	2.15	3.4	3.3				2.22	3.4	3.45	2.2	3.4	3.1				2.26	3.49	3.45	2.2	3.37	3.29	1.95	1.9	1.96	1.93	1.99	1.94	1.92	1.88	-0.25	1.9	2.0	1.92	1.99	1.94	2.04	1.89	1.94	eredivisie	2.3	3.3	2.9	2.35	3.52	2.91	2.38	3.45	3.2	1.77	2.06	2.05	1.86	2.2	3.25	3.3	2.2	3.49	3.45	2.3	3.45	3.5	2.02	1.96	1.98	2.01																															1	0	0	Heracles	1	0	0
2024-02-11	20:00	Feyenoord	AZ Alkmaar	3	2	H	0	1	A	16	9	4	5	12	11	10	0	0	0	0	0	1.67	3.8	5.25	1.66	3.9	5.0				1.65	4.0	5.04	1.62	3.9	5.0				1.69	4.0	5.35	1.66	3.87	5.03	1.7	2.1	1.75	2.11	1.77	2.17	1.72	2.1	-0.75	1.87	2.03	1.85	2.03	1.88	2.06	1.83	1.98	1.67	3.7	5.5	1.63	4.0	5.25				1.67	3.9	5.48	1.57	3.9	5.5				1.7	4.1	6.0	1.64	3.85	5.41	1.83	2.03	1.85	2.04	1.97	2.11	1.83	1.97	-0.75	1.86	2.04	1.87	2.04	1.9	2.12	1.82	2.02	eredivisie	1.62	3.9	5.0	1.68	3.72	5.35	1.7	4.1	5.7	1.72	2.14	1.87	2.04	1.57	3.8	5.0	1.69	3.78	5.82	1.7	4.1	5.8	1.87	2.12	1.87	2.14																															1	0	0	Feyenoord	0	1	0
2024-02-11	20:00	For Sittard	Heerenveen	3	0	H	1	0	H	6	11	3	2	8	10	1	8	0	0	0	0	2.05	3.4	3.75	2.15	3.4	3.3				2.09	3.54	3.46	2.1	3.3	3.4				2.17	3.58	3.75	2.1	3.45	3.44	1.93	1.93	1.91	1.94	1.95	1.97	1.89	1.91	-0.25	1.73	2.08	1.83	2.06	1.84	2.12	1.79	2.02	2.15	3.3	3.4	2.1	3.4	3.5				2.18	3.37	3.59	2.1	3.4	3.3				2.21	3.53	3.8	2.12	3.4	3.5	1.93	1.93	1.97	1.92	1.99	1.97	1.9	1.9	-0.25	1.89	2.01	1.88	2.03	1.89	2.14	1.81	2.03	eredivisie	2.1	3.4	3.4	2.14	3.38	3.46	2.1	3.55	3.75	1.92	1.95	1.83	2.12	2.05	3.3	3.6	2.17	3.4	3.63	2.22	3.45	3.75	2.02	1.97	1.9	2.07																															1	0	0	For Sittard	1	0	0
2024-03-11	11:15	Go Ahead Eagles	Zwolle	2	2	D	0	2	A	16	5	6	3	12	12	9	5	1	1	0	0	1.62	4.0	5.5	1.66	4.1	4.75				1.61	4.17	5.09	1.62	4.0	5.0				1.66	4.2	5.5	1.63	4.05	5.01	1.67	2.15	1.66	2.25	1.71	2.29	1.66	2.21	-1.0	2.08	1.82	2.07	1.8	2.14	1.82	2.07	1.79	1.55	4.2	6.0	1.53	4.4	5.75				1.56	4.31	6.13	1.5	4.4	5.8				1.6	4.55	6.8	1.53	4.31	6.01	1.62	2.25	1.64	2.29	1.7	2.36	1.64	2.25	-1.0	1.91	1.99	1.92	1.99	1.97	2.06	1.87	1.96	eredivisie	1.6	4.0	5.0	1.66	3.95	5.1	1.64	3.95	5.9	1.66	2.2			1.5	4.2	6.0	1.6	4.28	5.88	1.58	4.5	6.6	1.7	2.34	1.93	2.02																															0	0	1		0	1	0
2024-03-11	13:30	Nijmegen	Groningen	6	0	H	3	0	H	14	6	6	1	17	15	1	4	1	3	0	0	1.85	3.3	4.75	1.88	3.5	4.2				1.87	3.51	4.32	1.83	3.6	4.0				1.9	3.7	4.75	1.87	3.49	4.2	1.93	1.93	1.9	1.93	1.99	1.97	1.89	1.9	-0.5	1.88	2.02	1.88	1.98	1.92	2.04	1.87	1.96	2.05	3.1	4.1	2.05	3.3	3.7				2.09	3.33	3.91	2.0	3.4	3.6				2.11	3.45	4.14	2.05	3.29	3.82	2.05	1.8	2.08	1.81	2.14	1.85	2.02	1.79	-0.25	1.73	2.08	1.79	2.13	1.83	2.16	1.77	2.09	eredivisie	1.85	3.3	4.33	1.87	3.7	4.06	1.87	3.6	4.8	1.95	1.95			2.0	3.1	3.7	2.11	3.18	4.14	2.14	3.4	4.0	2.12	1.86	1.83	2.18																															1	0	0	Nijmegen	1	0	0
2024-03-11	13:30	Sparta Rotterdam	Utrecht	1	4	A	0	1	A	10	14	3	4	14	10	4	4	1	1	1	0	2.63	3.5	2.55	2.6	3.5	2.6				2.69	3.44	2.58	2.6	3.5	2.5				2.69	3.52	2.65	2.63	3.43	2.58	1.85	2.0	1.84	2.01	1.87	2.05	1.82	1.98	0.0	2.0	1.9	1.97	1.88	2.04	1.92	1.95	1.89	2.7	3.5	2.5	2.7	3.4	2.55				2.8	3.46	2.58	2.62	3.5	2.5				2.86	3.58	2.63	2.71	3.42	2.54	1.88	1.98	1.88	2.0	1.99	2.0	1.86	1.94	0.0	2.03	1.87	2.04	1.88	2.06	1.91	2.01	1.86	eredivisie	2.63	3.3	2.6	2.62	3.52	2.57	2.82	3.4	2.72	1.81	2.02			2.63	3.2	2.5	2.86	3.58	2.48	2.86	3.5	2.72	1.95	2.0	2.04	1.94																															0	1	0	Utrecht	0	1	0
2024-03-11	15:45	Waalwijk	Almere City	2	0	H	1	0	H	11	8	3	0	11	9	4	4	0	0	0	0	2.75	3.3	2.6	2.8	3.4	2.45				2.75	3.37	2.57	2.7	3.3	2.5				2.8	3.4	2.6	2.74	3.34	2.52	1.8	2.0	1.82	2.03	1.86	2.08	1.8	2.0	0.0	2.02	1.88	2.0	1.86	2.05	1.89	1.99	1.84	2.7	3.3	2.62	2.75	3.4	2.5				2.77	3.46	2.61	2.62	3.4	2.5				2.8	3.46	2.69	2.72	3.35	2.58	1.85	2.0	1.85	2.04	1.91	2.05	1.83	1.98	0.0	2.0	1.9	2.01	1.89	2.02	1.92	1.99	1.88	eredivisie	2.75	3.3	2.45	2.77	3.32	2.54	2.88	3.5	2.58	1.81	1.99			2.7	3.3	2.5	2.76	3.38	2.69	2.84	3.5	2.7	1.88	2.08	2.08	1.9																															1	0	0	Waalwijk	1	0	0
2024-08-11	19:00	Utrecht	Heracles	1	0	H	0	0	D	19	10	6	2	11	13	4	8	0	1	0	0	1.44	4.75	7.0	1.44	4.6	7.0				1.43	4.84	7.48	1.4	4.5	7.5				1.45	4.9	8.0	1.43	4.64	7.14	1.7	2.1	1.75	2.16	1.78	2.19	1.72	2.11	-1.25	2.0	1.9	2.0	1.91	2.07	1.92	1.97	1.84	1.5	4.5	6.25	1.49	4.5	6.0				1.49	4.58	6.84	1.44	4.4	6.5				1.52	4.6	7.5	1.47	4.47	6.6	1.67	2.15	1.72	2.21	1.77	2.28	1.69	2.17	-1.0	1.82	2.08	1.82	2.11	1.85	2.14	1.78	2.08	eredivisie	1.4	4.5	8.0	1.44	4.65	7.0	1.46	4.9	8.6	1.79	2.24	2.04	1.91	1.44	4.33	7.0	1.51	4.58	6.59	1.5	4.7	7.8	1.73	2.32	1.82	2.17																															1	0	0	Utrecht	0	0	1
2024-09-11	15:30	Groningen	Sparta Rotterdam	1	0	H	1	0	H	8	11	5	3	9	11	4	5	1	2	0	0	2.63	3.3	2.7	2.6	3.4	2.65				2.64	3.4	2.66	2.6	3.4	2.6				2.69	3.48	2.71	2.62	3.36	2.65	1.85	2.0	1.85	2.0	1.93	2.04	1.85	1.94	0.0	1.92	1.98	1.93	1.94	1.94	2.0	1.9	1.94	2.45	3.2	3.0	2.5	3.2	2.85				2.52	3.31	2.99	2.45	3.3	2.8				2.58	3.32	3.05	2.48	3.23	2.92	2.05	1.75	2.09	1.81	2.24	1.81	2.08	1.75	-0.25	2.09	1.81	2.15	1.77	2.19	1.81	2.11	1.75	eredivisie	2.63	3.3	2.63	2.6	3.48	2.61	2.74	3.45	2.76	1.87	1.98	1.95	1.97	2.4	3.1	2.8	2.58	3.27	2.97	2.62	3.35	3.05	2.2	1.82	2.24	1.78																															1	0	0	Groningen	1	0	0
2024-09-11	17:45	Zwolle	For Sittard	3	1	H	0	1	A	14	14	4	5	13	15	5	7	4	2	1	0	2.63	3.4	2.63	2.6	3.4	2.65				2.69	3.31	2.67	2.62	3.3	2.6				2.75	3.4	2.71	2.65	3.32	2.65	2.0	1.85	2.02	1.84	2.06	1.89	1.98	1.81	0.0	1.95	1.95	1.94	1.93	1.95	1.99	1.91	1.92	2.5	3.4	2.75	2.5	3.25	2.8				2.59	3.31	2.9	2.5	3.3	2.7				2.6	3.5	2.94	2.52	3.29	2.83	2.05	1.8	2.07	1.83	2.14	1.88	2.02	1.8	0.0	1.85	2.05	1.85	2.07	1.88	2.07	1.84	2.03	eredivisie	2.63	3.3	2.63	2.65	3.4	2.61	2.8	3.3	2.84	2.0	1.87	1.96	1.99	2.5	3.1	2.88	2.6	3.5	2.78	2.62	3.35	3.0	2.1	1.86	1.85	2.14																															1	0	0	Zwolle	0	1	0
2024-09-11	19:00	NAC Breda	PSV Eindhoven	0	3	A	0	2	A	11	20	3	10	13	9	5	9	2	2	0	0	8.5	7.0	1.27	10.0	6.25	1.26				9.79	6.28	1.25	11.0	6.0	1.22				11.0	7.0	1.28	9.92	6.27	1.26	1.44	2.7	1.43	2.83	1.47	2.92	1.42	2.77	1.75	1.95	1.95	1.93	1.92	2.0	1.98	1.9	1.9	7.0	5.75	1.36	8.0	5.25	1.35				8.92	5.5	1.35	8.0	5.5	1.33				8.92	5.86	1.39	8.03	5.32	1.35	1.57	2.35	1.62	2.43	1.68	2.47	1.59	2.34	1.5	1.85	2.05	1.86	2.05	1.89	2.1	1.82	2.03	eredivisie	10.5	6.5	1.22	9.9	6.1	1.27	11.5	7.4	1.26	1.47	2.86	1.94	1.93	8.5	4.75	1.29	7.39	5.86	1.38	10.0	5.6	1.38	1.64	2.52	1.89	2.07																															0	1	0	PSV Eindhoven	0	1	0
2024-09-11	20:00	Waalwijk	Nijmegen	0	3	A	0	0	D	10	20	3	8	6	12	4	10	2	1	1	0	4.2	3.6	1.85	4.0	3.8	1.83				4.16	3.76	1.83	3.9	3.8	1.8				4.3	3.88	1.88	4.07	3.71	1.83	1.7	2.1	1.75	2.13	1.78	2.2	1.72	2.1	0.5	2.03	1.87	2.03	1.85	2.06	1.89	2.0	1.84	3.9	3.6	1.95	3.8	3.6	1.95				4.01	3.61	1.97	3.75	3.6	1.91				4.1	3.7	1.98	3.87	3.6	1.94	1.83	2.03	1.85	2.04	1.91	2.12	1.81	2.0	0.5	1.91	1.99	1.93	1.98	1.95	2.02	1.9	1.94	eredivisie	4.2	3.6	1.8	4.01	3.88	1.84	4.3	3.8	1.93	1.74	2.16	2.02	1.93	3.9	3.6	1.9	3.96	3.66	1.98	4.2	3.8	1.99	1.9	2.1	2.0	1.99																															0	1	0	Nijmegen	0	0	1
2024-10-11	11:15	Almere City	Feyenoord	1	4	A	1	2	A	8	20	4	11	14	5	0	9	2	0	0	0	11.0	4.75	1.3	10.0	5.75	1.29				9.33	5.68	1.29	10.0	5.8	1.25				11.0	6.0	1.31	9.89	5.54	1.29	1.57	2.35	1.61	2.35	1.64	2.41	1.6	2.32	1.5	2.02	1.88	1.99	1.86	2.05	1.91	1.97	1.85	8.0	4.5	1.42	6.75	4.6	1.44				8.04	4.61	1.43	7.0	4.6	1.4				8.5	4.7	1.45	7.62	4.56	1.42	1.67	2.15	1.75	2.14	1.81	2.21	1.71	2.13	1.25	1.93	1.97	1.88	2.03	1.96	2.07	1.87	1.96	eredivisie	11.0	5.5	1.25	9.9	5.6	1.3	12.0	5.9	1.29	1.63	2.38	1.98	1.84	8.5	4.6	1.36	8.45	4.59	1.44	9.0	5.1	1.43	1.78	2.24	1.92	2.05																															0	1	0	Feyenoord	0	1	0
2024-10-11	13:30	Heerenveen	Go Ahead Eagles	1	0	H	1	0	H	4	12	1	3	11	11	2	6	2	2	0	0	2.35	3.5	2.88	2.4	3.6	2.7				2.42	3.5	2.84	2.3	3.7	2.75				2.48	3.75	2.88	2.39	3.53	2.79	1.67	2.15	1.68	2.21	1.7	2.28	1.66	2.19	-0.25	2.06	1.84	2.1	1.76	2.16	1.84	2.06	1.76	2.55	3.3	2.75	2.55	3.4	2.7				2.59	3.36	2.86	2.45	3.4	2.7				2.78	3.45	2.86	2.58	3.35	2.72	1.85	2.0	1.88	2.02	1.91	2.1	1.82	1.99	0.0	1.85	2.05	1.85	2.06	1.9	2.08	1.85	2.02	eredivisie	2.4	3.4	2.75	2.39	3.66	2.75	2.36	3.5	2.8	1.67	2.28	2.04	1.79	2.5	3.2	2.63	2.62	3.39	2.83	2.66	3.5	2.9	1.91	2.06	1.91	2.07																															1	0	0	Heerenveen	1	0	0
2024-10-11	13:30	Twente	Ajax	2	2	D	1	0	H	17	11	7	6	13	5	5	4	1	1	0	0	2.55	3.4	2.7	2.5	3.5	2.65				2.53	3.65	2.62	2.45	3.6	2.6				2.58	3.71	2.75	2.51	3.54	2.65	1.7	2.1	1.69	2.18	1.75	2.25	1.7	2.14	0.0	1.91	1.99	1.89	1.96	1.93	2.02	1.87	1.97	2.8	3.4	2.45	2.8	3.4	2.45				2.88	3.56	2.47	2.8	3.6	2.3				3.0	3.6	2.47	2.85	3.48	2.4	1.7	2.1	1.75	2.16	1.79	2.21	1.73	2.11	0.25	1.73	2.08	1.78	2.14	1.82	2.17	1.77	2.07	eredivisie	2.5	3.4	2.7	2.52	3.64	2.61	2.66	3.7	2.62	1.73	2.2	1.95	1.94	2.7	3.3	2.38	3.0	3.5	2.43	2.94	3.6	2.6	1.8	2.22	1.79	2.22																															0	0	1		1	0	0
2024-10-11	15:45	AZ Alkmaar	Willem II	1	2	A	0	2	A	30	7	3	3	7	10	10	1	0	3	0	0	1.48	4.2	7.0	1.49	4.5	6.25				1.46	4.54	6.61	1.44	4.4	6.5				1.49	4.7	7.0	1.47	4.43	6.56	1.75	2.05	1.76	2.08	1.85	2.14	1.76	2.04	-1.25	2.05	1.75	2.04	1.83	2.16	1.84	2.06	1.77	1.57	3.9	6.25	1.57	4.1	5.75				1.62	4.05	5.83	1.57	4.0	5.5				1.62	4.15	6.61	1.58	3.98	5.8	1.95	1.9	1.97	1.92	1.99	1.93	1.91	1.88	-1.0	2.05	1.85	2.07	1.85	2.08	1.88	2.02	1.83	eredivisie	1.44	4.33	7.0	1.47	4.5	6.67	1.49	4.6	7.4	1.79	2.1			1.57	3.9	6.0	1.59	3.98	6.61	1.64	4.1	6.4	1.98	2.0	2.1	1.88																															0	1	0	Willem II	0	1	0
2024-01-12	11:15	Utrecht	PSV Eindhoven	2	5	A	1	1	D	10	13	3	8	9	11	4	6	2	4	0	0	6.5	4.33	1.5	5.75	4.4	1.53				5.93	4.53	1.5	5.8	4.4	1.5				6.5	4.65	1.55	5.86	4.47	1.5	1.53	2.4	1.56	2.46	1.58	2.55	1.54	2.42	1.0	2.08	1.82	2.05	1.81	2.09	1.85	2.02	1.79	6.25	4.75	1.45	6.0	4.8	1.47				6.91	4.82	1.46	6.5	4.8	1.4				6.91	5.0	1.51	6.41	4.78	1.45	1.4	2.88	1.44	2.91	1.51	3.0	1.41	2.83	1.25	1.92	1.98	1.94	1.96	1.96	2.01	1.89	1.94	eredivisie	6.0	4.4	1.47	5.6	4.55	1.53	6.4	4.9	1.54	1.57	2.54	1.97	1.77	6.5	4.75	1.4	6.66	4.88	1.48	7.2	5.2	1.49	1.46	3.15	1.99	1.96																															0	1	0	PSV Eindhoven	0	0	1
2024-01-12	13:30	AZ Alkmaar	Heracles	1	0	H	0	0	D	20	7	5	2	8	16	8	1	0	3	0	0	1.33	5.25	8.5	1.34	5.25	8.25				1.33	5.52	7.9	1.33	5.0	8.5				1.36	5.6	9.0	1.33	5.32	8.03	1.53	2.4	1.56	2.47	1.59	2.52	1.54	2.4	-1.5	2.0	1.9	1.95	1.9	2.03	1.92	1.96	1.86	1.4	5.0	7.5	1.4	5.0	7.25				1.41	4.93	7.98	1.36	5.0	7.5				1.43	5.1	8.5	1.39	4.9	7.61	1.53	2.4	1.57	2.51	1.61	2.55	1.55	2.44	-1.25	1.88	2.02	1.86	2.05	1.92	2.05	1.85	1.98	eredivisie	1.3	5.0	8.5	1.35	5.25	8.2	1.36	5.8	9.2	1.59	2.52			1.36	4.75	7.5	1.43	5.08	7.62	1.43	5.1	9.0	1.6	2.62	1.91	2.07																															1	0	0	AZ Alkmaar	0	0	1
2024-01-12	13:30	Twente	Go Ahead Eagles	3	2	H	1	2	A	26	9	8	4	8	6	12	0	1	2	0	0	1.57	4.5	5.25	1.57	4.2	5.5				1.55	4.29	5.59	1.53	4.2	5.5				1.59	4.5	5.7	1.55	4.28	5.45	1.7	2.1	1.72	2.15	1.76	2.2	1.7	2.12	-1.0	1.99	1.91	1.94	1.91	2.0	1.92	1.93	1.88	1.67	4.33	4.5	1.71	3.9	4.6				1.7	4.09	4.89	1.65	4.0	4.6				1.72	4.42	5.2	1.67	4.03	4.8	1.65	2.2	1.68	2.27	1.77	2.28	1.68	2.17	-0.75	1.88	2.02	1.89	2.01	1.92	2.07	1.85	1.98	eredivisie	1.5	4.33	5.5	1.57	4.3	5.5	1.57	4.4	6.0	1.72	2.2			1.67	3.9	5.0	1.68	4.42	4.76	1.73	4.1	5.4	1.72	2.34	1.92	2.07																															1	0	0	Twente	0	1	0
2024-01-12	15:45	Nijmegen	Ajax	1	2	A	1	1	D	21	8	8	6	13	21	7	1	1	5	0	0	4.33	4.0	1.7	4.4	4.0	1.73				4.7	3.95	1.7	4.33	3.9	1.73				4.75	4.1	1.75	4.48	3.94	1.71	1.67	2.15	1.7	2.18	1.72	2.25	1.68	2.17	0.75	1.95	1.95	1.94	1.9	1.98	1.97	1.9	1.89	4.2	3.9	1.75	4.2	3.9	1.78				4.32	3.85	1.84	4.33	3.8	1.73				5.06	4.02	1.84	4.38	3.85	1.76	1.67	2.15	1.72	2.2	1.75	2.28	1.68	2.18	0.75	1.79	1.99	1.83	2.08	2.01	2.09	1.86	1.97	eredivisie	4.4	3.9	1.73	4.39	3.98	1.75	4.7	3.95	1.76	1.68	2.2			4.33	3.7	1.7	4.61	4.0	1.77	4.6	4.1	1.85	1.76	2.26	1.89	2.07																															0	1	0	Ajax	0	0	1
2024-04-12	19:00	Ajax	Utrecht	2	2	D	2	1	H	13	17	2	5	14	6	7	7	0	0	0	0	1.45	4.33	7.0	1.46	4.75	6.25				1.46	4.62	6.47	1.44	4.75	6.0				1.5	5.1	7.0	1.46	4.76	6.2	1.5	2.5	1.53	2.57	1.53	2.63	1.5	2.49	-1.25	2.01	1.89	1.97	1.9	2.04	1.95	1.95	1.86	1.36	5.0	8.5	1.37	5.0	7.75				1.41	4.65	8.75	1.35	5.0	8.0				1.43	5.2	9.1	1.38	4.8	8.16	1.5	2.5	1.53	2.61	1.53	2.69	1.5	2.55	-1.25	1.75	2.05	1.81	2.09	1.86	2.16	1.79	2.04	eredivisie	1.4	4.75	6.5	1.47	4.75	6.2	1.47	5.3	7.2	1.52	2.66	1.96	1.9	1.36	4.5	7.5	1.41	5.03	8.19	1.44	5.0	9.0	1.55	2.74	1.85	2.16																															0	0	1		1	0	0
2024-06-12	19:00	PSV Eindhoven	Twente	6	1	H	3	1	H	20	8	12	3	7	9	9	2	0	1	0	0	1.33	5.5	8.5	1.34	5.75	7.75				1.32	5.99	8.93	1.3	5.8	8.0				1.34	6.2	9.5	1.31	5.85	8.43	1.33	3.4	1.34	3.42	1.37	3.42	1.34	3.23	-1.75	2.03	1.87	2.03	1.86	2.08	1.87	2.02	1.82	1.36	5.25	7.5	1.34	5.75	7.5				1.34	5.75	8.52	1.3	5.8	8.0				1.36	6.0	9.1	1.32	5.68	8.21	1.36	3.1	1.35	3.32	1.39	3.5	1.34	3.2	-1.5	1.92	1.98	1.93	1.97	1.93	2.01	1.87	1.97	eredivisie	1.29	6.0	8.5				1.34	6.4	9.4	1.37	3.6	2.07	1.86	1.3	5.5	8.0	1.36	5.64	8.51	1.36	6.4	8.8	1.38	3.55	1.98	2.0																															1	0	0	PSV Eindhoven	1	0	0
2024-07-12	15:30	Go Ahead Eagles	Nijmegen	5	0	H	4	0	H	18	11	9	4	14	13	5	6	2	2	0	0	2.05	3.5	3.5	2.05	3.6	3.4				2.03	3.77	3.4	2.0	3.6	3.4				2.06	3.9	3.6	2.03	3.68	3.42	1.73	2.08	1.73	2.15	1.78	2.19	1.72	2.11	-0.5	2.06	1.84	2.05	1.83	2.08	1.86	2.03	1.81	2.0	3.6	3.6	2.05	3.5	3.5				2.04	3.62	3.75	1.95	3.6	3.6				2.06	3.69	3.77	2.0	3.56	3.62	1.75	2.05	1.79	2.11	1.86	2.14	1.78	2.03	-0.5	2.03	1.87	2.05	1.87	2.06	1.88	2.0	1.84	eredivisie	2.0	3.6	3.6				2.1	3.75	3.75	1.75	2.14	2.1	1.87	1.95	3.3	3.5	2.05	3.69	3.69	2.12	3.6	3.9	1.86	2.12	2.12	1.87																															1	0	0	Go Ahead Eagles	1	0	0
2024-07-12	17:45	Sparta Rotterdam	NAC Breda	0	2	A	0	1	A	22	13	5	9	12	7	9	5	3	1	0	0	2.0	3.3	3.9	2.05	3.4	3.6				1.93	3.45	3.67	1.95	3.5	3.7				2.05	3.63	4.0	1.99	3.44	3.74	2.0	1.85	1.92	1.85	2.05	1.91	1.96	1.83	-0.5	2.03	1.87	1.95	1.84	2.05	1.89	1.99	1.84	1.73	3.7	4.75	1.75	3.6	4.8				1.78	3.65	5.0	1.7	3.75	4.6				2.05	3.8	5.0	1.77	3.63	4.68	1.95	1.9	1.97	1.92	2.08	1.93	1.94	1.86	-0.75	2.0	1.9	2.01	1.9	2.06	1.92	1.98	1.85	eredivisie	1.95	3.3	4.0				2.06	3.5	4.2	2.02	1.85	2.04	1.92	1.7	3.4	4.75	1.8	3.8	4.72	1.83	3.7	5.3	2.04	1.93	2.07	1.91																															0	1	0	NAC Breda	0	1	0
2024-07-12	19:00	Waalwijk	Feyenoord	2	3	A	1	1	D	11	17	4	9	9	3	2	15	0	0	0	0	11.0	6.5	1.22	11.0	6.75	1.23				11.21	6.7	1.21	11.0	6.5	1.22				12.5	7.3	1.24	11.46	6.61	1.22	1.44	2.7	1.45	2.75	1.48	2.88	1.44	2.74	1.75	2.05	1.85	2.03	1.83	2.06	1.89	2.0	1.83	11.0	6.5	1.22	11.5	6.75	1.23				13.21	7.28	1.21	12.0	7.0	1.18				13.21	7.4	1.25	12.28	6.84	1.21	1.4	2.88	1.42	2.94	1.46	3.0	1.41	2.87	2.0	1.86	2.04	1.85	2.04	1.86	2.09	1.83	2.01	eredivisie	12.0	7.0	1.2				14.0	7.2	1.25	1.48	2.84	2.06	1.82	13.0	6.5	1.14	11.8	7.0	1.25	17.0	8.0	1.22	1.45	3.15	1.91	2.05																															0	1	0	Feyenoord	0	0	1
2024-07-12	20:00	Heracles	For Sittard	2	2	D	1	2	A	15	7	7	5	17	11	5	3	2	1	0	0	2.5	3.3	2.8	2.55	3.3	2.8				2.53	3.21	2.92	2.4	3.4	2.8				2.65	3.4	2.97	2.52	3.26	2.84	2.03	1.83	2.04	1.83	2.09	1.88	2.0	1.81	0.0	1.81	2.09	1.8	2.09	1.85	2.12	1.81	2.05	2.2	3.4	3.4	2.2	3.25	3.4				2.24	3.33	3.49	2.2	3.2	3.3				2.5	3.4	3.64	2.2	3.26	3.41	1.95	1.9	1.98	1.91	2.08	1.97	1.96	1.84	-0.25	1.9	2.0	1.93	1.98	1.93	2.04	1.87	1.96	eredivisie	2.45	3.3	2.88				2.58	3.25	3.0	2.08	1.8	1.82	2.12	2.1	3.1	3.3	2.2	3.38	3.58	2.28	3.4	3.7	2.0	1.97	1.94	2.03																															0	0	1		0	1	0
2024-08-12	11:15	Groningen	Zwolle	0	0	D	0	0	D	15	10	6	2	10	5	6	4	3	0	0	0	1.95	3.3	4.1	2.0	3.3	3.8				2.01	3.37	3.89	1.95	3.5	3.7				2.05	3.5	4.1	2.0	3.37	3.81	1.98	1.88	1.98	1.86	2.02	1.9	1.97	1.83	-0.5	2.01	1.89	2.02	1.84	2.05	1.92	2.0	1.83	2.05	3.25	3.9	2.05	3.3	3.75				2.05	3.31	4.08	2.0	3.4	3.6				2.11	3.4	4.08	2.03	3.28	3.84	2.1	1.7	2.18	1.74	2.25	1.83	2.08	1.73	-0.5	2.07	1.83	2.06	1.85	2.11	1.85	2.04	1.8	eredivisie	2.0	3.3	3.8				2.02	3.45	4.1	2.02	1.87	2.02	1.89	1.95	3.1	3.9	2.09	3.32	3.98	2.08	3.45	4.2	2.2	1.8	2.08	1.9																															0	0	1		0	0	1
2024-08-12	13:30	AZ Alkmaar	Ajax	2	1	H	0	0	D	12	7	4	3	16	11	6	3	1	2	0	0	3.1	3.6	2.2	3.1	3.6	2.2				3.12	3.7	2.18	3.1	3.6	2.15				3.19	3.77	2.25	3.06	3.65	2.18	1.73	2.08	1.72	2.15	1.76	2.19	1.71	2.11	0.25	1.95	1.95	1.94	1.91	1.97	1.97	1.91	1.9	2.6	3.6	2.55	2.65	3.5	2.55				2.7	3.55	2.62	2.62	3.5	2.5				3.0	3.68	2.7	2.66	3.49	2.56	1.6	2.3	1.65	2.34	1.72	2.34	1.64	2.25	0.0	1.98	1.92	1.98	1.93	2.04	1.93	1.98	1.89	eredivisie	3.0	3.6	2.2				3.2	3.8	2.28	1.75	2.16	1.99	1.98	2.5	3.4	2.45	2.76	3.68	2.52	2.72	3.75	2.7	1.69	2.4	2.01	1.98																															1	0	0	AZ Alkmaar	0	0	1
2024-08-12	13:30	Willem II	Heerenveen	1	2	A	0	0	D	10	19	4	3	14	10	2	3	2	2	0	0	2.45	3.3	2.9	2.45	3.25	2.9				2.49	3.13	3.04	2.38	3.3	2.88				2.51	3.35	3.05	2.44	3.2	2.95	2.15	1.67	2.19	1.69	2.25	1.78	2.14	1.69	0.0	1.8	2.1	1.74	2.13	1.8	2.13	1.76	2.11	2.25	3.1	3.4	2.25	3.1	3.4				2.32	3.19	3.46	2.2	3.25	3.25				2.4	3.25	3.56	2.26	3.14	3.37	2.15	1.67	2.27	1.68	2.35	1.7	2.21	1.65	-0.25	1.95	1.95	1.98	1.93	2.0	1.98	1.92	1.91	eredivisie	2.45	3.3	2.88				2.54	3.25	3.05	2.2	1.72	1.77	2.15	2.2	3.0	3.3	2.32	3.19	3.5	2.36	3.3	3.55	2.32	1.74	2.0	1.97																															0	1	0	Heerenveen	0	0	1
2024-08-12	15:45	Almere City	Utrecht	1	3	A	0	2	A	11	12	3	5	10	6	4	4	2	3	0	0	4.75	3.8	1.7	4.4	3.9	1.75				4.45	4.03	1.72	4.5	3.8	1.7				4.75	4.1	1.79	4.46	3.9	1.73	1.8	2.0	1.79	2.05	1.85	2.1	1.79	2.01	0.75	1.87	1.91	1.91	1.94	1.95	1.97	1.87	1.93	4.75	3.8	1.7	4.6	3.8	1.72				4.9	3.95	1.72	4.6	4.0	1.65				5.07	4.1	1.77	4.68	3.89	1.72	1.8	2.0	1.86	2.04	1.9	2.07	1.82	1.99	0.75	1.95	1.95	1.95	1.95	1.98	2.01	1.91	1.92	eredivisie	4.6	3.8	1.73				5.0	4.1	1.76	1.78	2.12			4.6	3.75	1.73	5.07	3.91	1.73	5.2	4.0	1.76	1.86	2.12	1.99	1.97																															0	1	0	Utrecht	0	1	0
2025-10-01	19:00	For Sittard	Go Ahead Eagles	0	3	A	0	1	A	18	21	3	6	12	13	9	4	2	0	0	0	3.0	3.3	2.4	2.8	3.3	2.5				2.93	3.37	2.53	2.8	3.3	2.4				3.0	3.5	2.58	2.85	3.36	2.44	1.85	2.0	1.88	2.01	1.88	2.04	1.83	1.96	0.25	1.81	2.09	1.76	2.16	1.81	2.16	1.75	2.07	3.0	3.4	2.35	3.0	3.3	2.35				3.09	3.41	2.4	2.9	3.3	2.3				3.09	3.48	2.47	2.96	3.36	2.38	1.85	2.0	1.86	2.03	1.91	2.05	1.83	1.97	0.25	1.85	2.05	1.84	2.07	1.87	2.1	1.81	2.04	eredivisie	2.8	3.5	2.4	2.83	3.5	2.42	3.05	3.5	2.54	1.91	2.06	1.82	2.18	2.8	3.3	2.25	2.96	3.48	2.47	3.25	3.45	2.44	1.92	2.06	1.9	2.1																															0	1	0	Go Ahead Eagles	0	1	0
2025-11-01	15:30	Heracles	Sparta Rotterdam	1	1	D	0	0	D	10	21	4	12	7	13	8	4	3	3	0	1	2.7	3.4	2.6	2.65	3.4	2.55				2.56	3.46	2.52	2.62	3.4	2.5				2.7	3.55	2.62	2.6	3.46	2.54	1.8	2.0	1.79	2.05	1.82	2.05	1.78	2.0	0.0	2.0	1.9	1.91	1.88	2.0	1.91	1.93	1.89	3.4	3.25	2.15	3.4	3.2	2.2				3.61	3.33	2.19	3.3	3.2	2.2				3.61	3.37	2.24	3.39	3.25	2.19	2.03	1.83	2.06	1.84	2.13	1.86	2.01	1.79	0.25	2.03	1.87	2.03	1.88	2.03	1.92	1.95	1.88	eredivisie	2.6	3.5	2.55	2.63	3.55	2.54	2.78	3.6	2.68	1.84	2.08	2.02	1.94	3.3	3.1	2.1	3.52	3.37	2.23	3.65	3.45	2.28	2.06	1.9	2.04	1.95																															0	0	1		0	0	1
2025-11-01	17:45	Ajax	Waalwijk	2	1	H	2	0	H	17	11	4	3	7	17	9	1	1	0	0	0	1.13	10.0	15.0	1.13	10.0	17.5				1.11	10.29	18.05	1.14	8.5	17.0				1.14	11.0	23.0	1.11	9.68	18.31	1.25	4.0	1.23	4.08	1.25	4.2	1.23	3.85	-2.5	1.95	1.95	1.92	1.93	2.0	1.95	1.9	1.9	1.13	10.0	15.0	1.13	9.75	18.0				1.11	10.93	21.12	1.12	9.0	21.0				1.14	11.0	21.12	1.11	9.87	18.72	1.25	4.0	1.27	3.88	1.29	4.1	1.26	3.74	-2.5	1.95	1.95	1.96	1.93	1.96	1.99	1.92	1.9	eredivisie	1.1	9.5	19.0	1.12	9.4	18.0	1.13	11.0	27.0	1.25	3.85	1.88	1.87	1.1	9.5	20.0	1.14	11.0	16.5	1.12	12.0	34.0	1.3	4.2	1.98	1.99																															1	0	0	Ajax	1	0	0
2025-11-01	19:00	Zwolle	Nijmegen	0	1	A	0	1	A	8	10	3	3	9	14	6	4	1	1	0	0	2.7	3.3	2.63	2.65	3.4	2.6				2.7	3.33	2.64	2.62	3.3	2.6				2.72	3.5	2.64	2.64	3.36	2.58	1.88	1.98	1.85	2.0	1.88	2.01	1.82	1.96	0.0	1.98	1.92	1.96	1.91	1.98	1.94	1.94	1.88	2.9	3.3	2.38	3.0	3.3	2.37				3.08	3.37	2.43	2.9	3.25	2.4				3.12	3.42	2.47	2.96	3.32	2.39	1.83	2.03	1.88	2.02	1.99	2.06	1.84	1.95	0.25	1.8	2.1	1.83	2.09	1.86	2.11	1.79	2.04	eredivisie	2.6	3.4	2.6	2.65	3.5	2.55	2.7	3.5	2.7	1.92	1.99	1.97	1.95	2.88	3.25	2.3	3.12	3.42	2.39	3.15	3.55	2.48	1.88	2.1	1.87	2.13																															0	1	0	Nijmegen	0	1	0
2025-11-01	20:00	PSV Eindhoven	AZ Alkmaar	2	2	D	0	1	A	18	8	4	5	7	8	11	1	0	2	0	0	1.36	5.25	7.5	1.39	5.25	7.0				1.43	5.25	6.0	1.36	5.0	7.0				1.43	5.3	8.0	1.39	5.09	6.98	1.44	2.7	1.45	2.77	1.45	3.05	1.41	2.75	-1.5	2.01	1.89	1.98	1.89	2.05	1.89	1.97	1.84	1.38	5.25	6.5	1.41	5.0	6.75				1.41	5.05	7.34	1.4	5.0	6.5				1.43	5.55	7.5	1.4	5.03	6.94	1.44	2.7	1.46	2.8	1.48	2.85	1.44	2.74	-1.5	2.06	1.84	2.06	1.85	2.09	1.85	2.05	1.8	eredivisie	1.33	5.0	8.0	1.38	5.3	7.2	1.41	5.8	7.4	1.46	2.84	2.02	1.87	1.33	4.75	7.5	1.42	5.55	6.87	1.42	5.4	8.4	1.51	2.94	2.14	1.85																															0	0	1		0	1	0
2025-12-01	11:15	Twente	Willem II	6	2	H	2	2	D	21	10	12	3	6	8	7	4	0	1	0	0	1.38	5.0	7.5	1.4	4.8	7.5				1.41	4.56	6.17	1.4	4.5	7.0				1.42	5.0	8.3	1.39	4.69	7.31	1.67	2.15	1.66	2.13	1.73	2.25	1.67	2.14	-1.25	1.88	2.02	1.84	1.93	1.93	2.03	1.86	1.93	1.29	5.0	11.0	1.3	5.25	11.0				1.33	5.21	10.85	1.3	5.0	10.0				1.38	5.38	11.5	1.31	5.04	10.37	1.67	2.15	1.7	2.22	1.7	2.35	1.66	2.2	-1.5	1.9	2.0	1.89	2.01	1.97	2.01	1.91	1.92	eredivisie	1.33	4.75	8.0	1.42	4.75	7.3	1.44	4.7	7.8	1.65	2.12			1.3	5.0	10.0	1.32	5.38	11.4	1.34	5.8	12.0	1.74	2.32	1.91	2.04																															1	0	0	Twente	0	0	1
2025-12-01	13:30	Feyenoord	Utrecht	1	2	A	0	0	D	16	11	5	3	1	7	9	2	0	1	0	0	1.42	5.0	6.25	1.46	4.6	6.5				1.47	4.79	6.0	1.44	4.6	6.0				1.48	5.0	7.0	1.43	4.74	6.32	1.53	2.4	1.53	2.51	1.53	2.63	1.5	2.48	-1.25	1.93	1.97	1.9	1.95	2.0	1.97	1.91	1.88	1.36	5.5	7.0	1.37	5.0	8.25				1.4	5.03	7.87	1.36	5.0	7.5				1.41	5.64	8.3	1.37	5.11	7.73	1.44	2.7	1.47	2.79	1.48	2.9	1.44	2.72	-1.5	2.0	1.9	2.02	1.89	2.04	1.9	1.97	1.86	eredivisie	1.36	5.0	6.5	1.44	4.9	6.51	1.45	5.3	6.4	1.53	2.52			1.33	4.75	7.5	1.4	5.64	7.18	1.42	5.3	8.8	1.53	2.88	2.07	1.9																															0	1	0	Utrecht	0	0	1
2025-12-01	13:30	Groningen	Almere City	0	0	D	0	0	D	18	5	5	1	3	12	15	2	1	2	0	0	1.75	3.8	4.5	1.77	3.5	4.75				1.79	3.68	4.46	1.75	3.5	4.6				1.81	3.8	4.75	1.77	3.6	4.5	2.1	1.7	2.15	1.72	2.15	1.76	2.09	1.71	-0.75	2.05	1.85	2.05	1.81	2.06	1.86	1.98	1.81	1.91	3.3	4.0	1.9	3.4	4.2				1.96	3.38	4.36	1.91	3.25	4.0				2.0	3.44	4.42	1.91	3.35	4.19	2.2	1.65	2.26	1.69	2.35	1.71	2.19	1.66	-0.5	1.99	1.91	1.97	1.93	2.0	1.93	1.93	1.89	eredivisie	1.75	3.5	4.6	1.81	3.6	4.53	1.78	3.6	5.4	2.14	1.76			1.83	3.2	4.2	1.94	3.44	4.42	1.98	3.5	4.6	2.32	1.74	2.0	1.99																															0	0	1		0	0	1
2025-12-01	15:45	NAC Breda	Heerenveen	2	4	A	1	3	A	15	14	6	6	8	14	7	4	0	3	0	0	2.15	3.6	3.2	2.15	3.5	3.2				2.14	3.53	3.34	2.1	3.5	3.25				2.18	3.6	3.35	2.13	3.49	3.24	1.9	1.95	1.89	1.94	1.9	1.99	1.85	1.92	-0.25	1.89	2.01	1.86	2.0	1.9	2.01	1.83	1.96	2.15	3.4	3.4	2.2	3.25	3.4				2.23	3.28	3.57	2.15	3.25	3.3				2.25	3.48	3.57	2.2	3.28	3.39	2.05	1.75	2.08	1.82	2.14	1.85	2.03	1.78	-0.25	1.89	2.01	1.91	2.0	1.94	2.01	1.88	1.95	eredivisie	2.1	3.4	3.3	2.15	3.56	3.26	2.18	3.5	3.4	1.92	1.94			2.2	3.2	3.3	2.25	3.48	3.36	2.3	3.35	3.65	2.14	1.84	1.96	2.03																															0	1	0	Heerenveen	0	1	0
2025-01-02	17:45	Zwolle	Utrecht	3	3	D	2	0	H	12	17	6	9	15	12	5	3	2	0	0	0	3.1	3.5	2.25	3.1	3.6	2.2				3.18	3.46	2.24	3.0	3.5	2.2				3.3	3.65	2.25	3.1	3.49	2.21	1.7	2.1	1.75	2.13	1.77	2.2	1.71	2.09	0.25	1.91	1.99	1.92	1.95	1.93	2.0	1.88	1.92	3.1	3.5	2.25	2.87	3.4	2.4				3.03	3.54	2.37	2.9	3.4	2.3				3.16	3.56	2.4	2.99	3.47	2.31	1.67	2.15	1.77	2.14	1.9	2.29	1.74	2.09	0.25	1.89	2.01	1.85	2.06	1.93	2.09	1.85	2.0	eredivisie	3.0	3.5	2.2	3.04	3.65	2.23	3.3	3.5	2.32	1.75	2.18	1.96	2.0	2.9	3.3	2.3	3.05	3.56	2.37	3.1	3.6	2.48	1.85	2.14	1.86	2.14																															0	0	1		1	0	0
2025-01-02	19:00	Heerenveen	For Sittard	2	2	D	1	1	D	26	6	6	4	15	11	12	1	0	3	0	0	1.95	3.5	3.9	2.05	3.6	3.4				1.97	3.53	3.83	2.0	3.4	3.5				2.06	3.64	3.9	1.98	3.53	3.68	1.9	1.95	1.9	1.95	1.92	1.99	1.87	1.92	-0.5	2.01	1.89	1.99	1.88	2.06	1.92	2.0	1.85	1.75	3.8	4.5	1.77	3.75	4.5				1.77	3.88	4.71	1.75	3.7	4.33				1.8	3.9	4.71	1.75	3.79	4.51	1.83	2.03	1.83	2.05	1.9	2.08	1.81	2.0	-0.75	1.99	1.91	1.99	1.92	2.02	1.94	1.96	1.88	eredivisie	2.0	3.5	3.6	1.97	3.64	3.69	2.02	3.6	4.1	1.94	1.98	2.02	1.92	1.7	3.5	4.5	1.79	3.89	4.61	1.85	3.85	4.9	1.9	2.08	2.08	1.91																															0	0	1		0	0	1
2025-01-02	20:00	Nijmegen	PSV Eindhoven	3	3	D	0	0	D	10	15	7	6	10	5	4	5	1	1	0	0	5.75	5.0	1.48	6.0	4.8	1.47				6.4	4.67	1.46	5.8	4.6	1.44				6.4	5.0	1.48	6.05	4.7	1.46	1.44	2.7	1.49	2.63	1.49	2.75	1.45	2.62	1.25	1.86	2.04	1.88	1.98	1.88	2.06	1.83	1.98	6.25	4.2	1.45	6.25	4.8	1.46				6.38	4.71	1.5	6.0	4.4	1.5				6.87	4.8	1.52	6.25	4.58	1.47	1.48	2.6	1.49	2.7	1.49	2.8	1.46	2.68	1.25	1.84	2.06	1.85	2.07	1.9	2.11	1.84	2.0	eredivisie	6.0	4.75	1.4	6.05	4.85	1.47	6.4	5.0	1.48	1.49	2.72	1.81	1.91	6.0	4.5	1.4	6.87	4.43	1.52	7.0	5.0	1.51	1.53	2.88	1.91	2.07																															0	0	1		0	0	1
2025-02-02	11:15	Almere City	Waalwijk	1	4	A	1	0	H	15	28	5	13	6	9	5	10	0	2	1	0	2.2	3.5	3.25	2.15	3.4	3.25				2.21	3.34	3.35	2.15	3.3	3.25				2.23	3.5	3.35	2.18	3.4	3.24	1.98	1.88	1.95	1.88	2.0	1.91	1.92	1.86	-0.25	1.95	1.95	1.91	1.94	1.97	1.96	1.88	1.92	2.25	3.4	3.25	2.3	3.4	3.0				2.25	3.44	3.35	2.25	3.3	3.1				2.33	3.46	3.36	2.26	3.38	3.18	1.83	2.03	1.88	2.01	2.01	2.06	1.85	1.95	-0.25	1.95	1.95	1.94	1.96	2.0	1.97	1.94	1.89	eredivisie	2.1	3.4	3.3	2.16	3.48	3.31	2.06	3.3	3.55	1.89	1.78	1.78	2.02	2.2	3.3	3.2	2.29	3.45	3.3	2.34	3.5	3.4	1.93	2.06	2.01	1.98																															0	1	0	Waalwijk	1	0	0
2025-02-02	13:30	Ajax	Feyenoord	2	1	H	1	0	H	16	12	7	6	13	7	7	5	0	0	0	0	2.2	3.6	3.0	2.25	3.6	2.95				2.28	3.58	3.01	2.25	3.5	2.9				2.32	3.68	3.01	2.25	3.57	2.96	1.67	2.15	1.68	2.22	1.7	2.3	1.65	2.19	-0.25	2.0	1.9	1.99	1.86	2.04	1.91	1.95	1.85	2.1	3.6	3.3	2.1	3.5	3.4				2.14	3.64	3.46	2.1	3.4	3.3				2.16	3.69	3.6	2.11	3.53	3.41	1.7	2.1	1.71	2.2	1.82	2.2	1.75	2.07	-0.25	1.85	2.05	1.86	2.05	1.88	2.1	1.82	2.02	eredivisie	2.2	3.5	3.0	2.26	3.68	2.96	2.42	3.6	3.1	1.7	2.24	2.09	1.88	2.0	3.4	3.3	2.1	3.69	3.52	2.18	3.7	3.6	1.79	2.22	1.88	2.1																															1	0	0	Ajax	1	0	0
2025-02-02	13:30	Go Ahead Eagles	Twente	2	2	D	1	0	H	9	17	4	9	10	14	4	8	0	0	0	0	2.55	3.6	2.55	2.6	3.6	2.5				2.6	3.47	2.65	2.5	3.5	2.5				2.6	3.65	2.65	2.56	3.54	2.57	1.65	2.2	1.68	2.21	1.69	2.28	1.64	2.21	0.0	1.95	1.95	1.91	1.94	1.98	1.97	1.92	1.92	2.55	3.7	2.5	2.65	3.6	2.5				2.67	3.74	2.56	2.62	3.6	2.45				2.7	3.8	2.56	2.63	3.64	2.51	1.57	2.35	1.59	2.45	1.62	2.45	1.57	2.37	0.0	1.99	1.91	1.99	1.91	2.03	1.95	1.99	1.88	eredivisie	2.55	3.5	2.6	2.56	3.65	2.56	2.7	3.65	2.64	1.67	2.22	1.96	1.95	2.55	3.5	2.38	2.7	3.8	2.52	2.78	3.9	2.6	1.61	2.6	2.06	1.93																															0	0	1		1	0	0
2025-02-02	15:45	Sparta Rotterdam	Groningen	1	0	H	0	0	D	8	7	3	3	6	11	4	2	0	1	0	0	1.8	3.6	4.75	1.77	3.5	4.75				1.79	3.5	4.81	1.8	3.5	4.4				1.82	3.7	5.0	1.78	3.53	4.59	2.03	1.83	2.01	1.83	2.06	1.85	1.98	1.81	-0.75	2.06	1.84	2.04	1.82	2.08	1.84	2.01	1.8	1.75	3.7	4.75	1.77	3.5	4.8				1.79	3.62	5.07	1.75	3.5	4.6				1.85	3.78	5.07	1.77	3.57	4.74	2.0	1.85	2.01	1.88	2.11	1.91	1.97	1.84	-0.75	2.0	1.9	2.02	1.88	2.09	1.93	2.01	1.84	eredivisie	1.75	3.6	4.6	1.8	3.7	4.43	1.84	3.6	4.8	2.06	1.83			1.75	3.5	4.75	1.78	3.78	4.85	1.85	3.65	5.2	2.06	1.91	2.09	1.88																															1	0	0	Sparta Rotterdam	0	0	1
2025-02-02	19:00	Willem II	AZ Alkmaar	0	2	A	0	2	A	3	17	1	7	14	7	1	10	4	0	1	0	5.0	3.5	1.73	4.33	3.6	1.83				4.84	3.61	1.75	4.4	3.5	1.8				5.0	3.74	1.83	4.66	3.6	1.75	2.03	1.83	1.98	1.86	2.06	1.87	1.97	1.82	0.75	1.88	2.02	1.87	1.99	1.89	2.08	1.84	1.97	6.0	3.6	1.62	5.75	3.6	1.65				5.99	3.67	1.68	5.8	3.6	1.62				6.5	3.71	1.68	5.81	3.63	1.65	2.1	1.7	2.19	1.74	2.28	1.74	2.15	1.69	0.75	2.04	1.86	2.03	1.88	2.07	1.88	2.0	1.85	eredivisie	4.6	3.6	1.75	4.58	3.74	1.77	4.9	3.1	1.69	2.02	1.75			5.0	3.5	1.62	6.19	3.71	1.66	6.2	3.8	1.72	2.24	1.78	2.06	1.92																															0	1	0	AZ Alkmaar	0	1	0
2025-08-02	15:30	Heracles	Go Ahead Eagles	4	2	H	1	1	D	24	11	8	5	6	12	11	5	0	0	0	0	3.3	3.75	2.05	3.3	3.6	2.1				3.31	3.74	2.08	3.25	3.6	2.05				3.38	3.78	2.14	3.27	3.67	2.08	1.67	2.15	1.68	2.21	1.71	2.28	1.66	2.2	0.25	2.07	1.83	2.05	1.83	2.08	1.85	2.01	1.8	2.75	3.4	2.5	2.7	3.5	2.45				2.92	3.56	2.44	2.8	3.4	2.4				3.23	3.61	2.53	2.89	3.48	2.4	1.73	2.08	1.75	2.17	1.82	2.23	1.73	2.1	0.25	1.7	2.1	1.81	2.12	1.98	2.23	1.79	2.06	eredivisie	3.25	3.5	2.1	3.26	3.74	2.09	3.4	3.75	2.2	1.7	2.26	2.05	1.9	2.9	3.4	2.3	3.0	3.5	2.43	2.94	3.6	2.56	1.78	2.26	1.81	2.2																															1	0	0	Heracles	0	0	1
2025-08-02	17:45	PSV Eindhoven	Willem II	1	1	D	0	0	D	15	8	5	3	8	7	6	2	0	2	0	0	1.11	9.0	19.0	1.13	9.75	18.0				1.11	10.5	17.08	1.12	9.0	21.0				1.13	12.0	23.0	1.11	9.86	18.77	1.3	3.5	1.29	3.53	1.33	3.65	1.28	3.44	-2.5	2.02	1.88	1.98	1.87	2.02	1.89	1.97	1.85	1.14	8.0	15.0	1.16	8.5	15.0				1.14	9.52	16.94	1.15	8.0	17.0				1.16	10.0	19.0	1.14	8.9	16.72	1.36	3.1	1.37	3.19	1.41	3.5	1.35	3.13	-2.25	1.99	1.91	1.98	1.91	2.05	1.98	1.95	1.89	eredivisie	1.1	9.0	20.0	1.1	9.9	23.0	1.13	10.5	23.0	1.34	3.55	1.83	1.86	1.11	9.0	19.0	1.16	9.19	16.6	1.16	10.0	25.0	1.4	3.45	2.03	1.93																															0	0	1		0	0	1
2025-08-02	19:00	Groningen	Nijmegen	2	1	H	2	0	H	17	14	6	4	7	5	7	6	1	0	1	0	3.1	3.25	2.38	2.95	3.3	2.4				3.07	3.35	2.35	3.0	3.25	2.3				3.15	3.4	2.45	3.02	3.3	2.35	2.05	1.75	2.06	1.78	2.1	1.83	2.04	1.77	0.25	1.85	2.05	1.84	2.04	1.86	2.08	1.81	2.01	2.9	3.1	2.63	2.75	3.1	2.7				2.99	3.07	2.68	2.8	3.0	2.6				3.07	3.15	2.75	2.9	3.04	2.65	2.25	1.62	2.4	1.62	2.49	1.63	2.36	1.58	0.0	2.05	1.85	2.07	1.85	2.1	1.88	2.04	1.84	eredivisie	2.9	3.3	2.38	3.04	3.38	2.34	3.05	3.45	2.48	2.08	1.79	1.84	2.13	2.8	2.9	2.7	3.07	3.15	2.58	2.98	3.1	2.9	2.5	1.65	2.02	1.96																															1	0	0	Groningen	1	0	0
2025-08-02	20:00	Feyenoord	Sparta Rotterdam	3	0	H	1	0	H	17	14	6	5	6	5	6	2	0	0	0	0	1.4	5.0	7.0	1.4	5.0	7.25				1.41	4.94	6.9	1.4	4.75	7.0				1.42	5.2	7.5	1.4	4.89	7.07	1.57	2.35	1.61	2.33	1.64	2.45	1.57	2.33	-1.25	1.91	1.99	1.92	1.95	1.92	2.04	1.88	1.93	1.44	4.75	6.5	1.47	4.6	6.25				1.46	4.56	7.55	1.44	4.5	6.5				1.5	4.87	7.55	1.45	4.6	6.84	1.6	2.3	1.63	2.37	1.68	2.44	1.59	2.32	-1.25	2.01	1.89	1.99	1.92	2.05	1.94	1.97	1.87	eredivisie	1.36	4.75	7.5	1.4	5.0	7.3	1.44	5.2	7.8	1.6	2.46	1.91	1.97	1.4	4.33	6.5	1.47	4.87	6.94	1.5	4.8	7.8	1.63	2.54	2.03	1.92																															1	0	0	Feyenoord	1	0	0
2025-09-02	11:15	Utrecht	Almere City	0	1	A	0	1	A	15	15	4	6	7	17	8	5	1	5	0	0	1.38	5.0	7.5	1.38	5.0	7.75				1.38	4.85	7.77	1.36	4.8	7.5				1.39	5.09	8.0	1.37	4.88	7.64	1.67	2.15	1.72	2.14	1.74	2.22	1.69	2.15	-1.25	1.87	2.03	1.88	1.98	1.9	2.06	1.85	1.96	1.39	4.75	7.0	1.4	5.0	7.25				1.43	4.82	7.75	1.36	4.8	7.5				1.43	5.2	8.4	1.4	4.88	7.54	1.62	2.25	1.67	2.3	1.7	2.34	1.64	2.27	-1.25	1.92	1.98	1.93	1.97	1.95	2.05	1.86	1.98	eredivisie	1.33	5.0	6.5	1.38	4.95	8.0	1.39	5.1	9.0	1.62	2.12			1.4	4.5	5.5	1.43	5.13	7.48	1.45	5.0	8.6	1.71	2.36	1.96	2.0																															0	1	0	Almere City	0	1	0
2025-09-02	13:30	For Sittard	Ajax	0	2	A	0	0	D	8	9	2	6	19	24	5	4	2	3	0	0	6.0	4.5	1.5	5.75	4.33	1.55				6.66	4.52	1.46	5.8	4.2	1.5				6.7	4.7	1.55	6.1	4.47	1.48	1.65	2.2	1.65	2.27	1.7	2.3	1.64	2.23	1.0	2.06	1.84	2.06	1.81	2.09	1.87	2.03	1.81	5.75	4.75	1.5	6.25	4.75	1.46				6.3	4.56	1.52	6.5	4.5	1.44				7.2	5.0	1.52	6.53	4.7	1.46	1.53	2.4	1.56	2.52	1.59	2.61	1.54	2.45	1.25	1.82	2.08	1.81	2.1	1.94	2.11	1.86	1.99	eredivisie	6.0	4.6	1.44	5.95	4.5	1.51	6.4	4.9	1.52	1.67	2.28			6.5	4.5	1.44	6.94	4.87	1.47	7.0	4.8	1.53	1.58	2.68	1.9	2.06																															0	1	0	Ajax	0	0	1
2025-09-02	13:30	Waalwijk	NAC Breda	5	0	H	3	0	H	20	14	9	2	5	12	7	5	0	1	0	0	2.6	3.5	2.6	2.65	3.5	2.5				2.58	3.57	2.62	2.6	3.4	2.5				2.65	3.64	2.63	2.57	3.51	2.58	1.7	2.1	1.7	2.17	1.77	2.25	1.69	2.14	0.0	1.95	1.95	1.92	1.93	1.96	1.96	1.92	1.92	2.2	3.75	3.0	2.3	3.5	2.95				2.26	3.73	3.09	2.25	3.5	2.9				2.43	3.84	3.12	2.27	3.63	2.98	1.6	2.3	1.65	2.33	1.7	2.38	1.64	2.26	-0.25	1.98	1.92	1.98	1.93	2.07	1.96	1.98	1.87	eredivisie	2.6	3.4	2.6	2.57	3.64	2.56	2.7	3.6	2.64	1.8	2.18			2.25	3.5	3.0	2.32	3.84	2.95	2.38	3.75	3.15	1.69	2.42	2.06	1.92																															1	0	0	Waalwijk	1	0	0
2025-09-02	15:45	AZ Alkmaar	Zwolle	2	0	H	1	0	H	11	12	6	4	9	7	3	3	0	0	0	0	1.4	5.0	7.5	1.41	4.8	7.25				1.39	4.88	7.51	1.4	4.6	7.5				1.41	5.2	8.0	1.39	4.86	7.46	1.65	2.2	1.65	2.21	1.7	2.33	1.64	2.22	-1.25	1.91	1.99	1.89	1.96	1.93	2.0	1.86	1.94	1.33	5.5	8.5	1.35	5.5	8.0				1.37	5.16	8.81	1.36	5.0	8.0				1.37	5.6	9.19	1.35	5.2	8.58	1.57	2.35	1.63	2.38	1.65	2.44	1.59	2.34	-1.5	2.02	1.88	2.06	1.86	2.06	1.92	2.0	1.86	eredivisie	1.33	5.0	8.0	1.39	4.95	7.7	1.4	5.1	8.4	1.69	2.26			1.33	5.0	8.5	1.35	5.6	9.01	1.4	5.4	9.6	1.63	2.52	2.09	1.87																															1	0	0	AZ Alkmaar	1	0	0
2025-09-02	15:45	Heerenveen	Twente	3	3	D	1	2	A	22	9	7	5	9	9	9	2	1	3	0	1	3.8	3.8	1.91	3.7	3.8	1.9				3.74	3.87	1.9	3.6	3.6	1.91				3.95	4.0	1.95	3.69	3.82	1.9	1.7	2.1	1.69	2.18	1.76	2.28	1.67	2.17	0.5	1.97	1.93	1.94	1.91	1.99	1.95	1.94	1.91	3.4	3.75	2.0	3.3	3.7	2.05				3.64	3.73	2.03	3.3	3.6	2.05				3.64	3.86	2.09	3.5	3.69	2.02	1.67	2.15	1.73	2.2	1.76	2.21	1.7	2.14	0.5	1.84	2.06	1.87	2.04	1.88	2.09	1.82	2.02	eredivisie	3.5	4.0	1.91	3.76	3.8	1.91	3.85	3.9	1.91	1.74	2.18			3.6	3.6	2.0	3.64	3.86	2.01	3.75	3.8	2.1	1.76	2.3	1.89	2.1																															0	0	1		0	1	0
2025-01-03	15:30	Utrecht	NAC Breda	1	0	H	0	0	D	19	8	5	3	13	19	6	2	1	3	0	0	1.53	4.2	6.0							1.54	4.42	5.57	1.55	4.2	5.5				1.55	4.6	6.25	1.53	4.37	5.62	1.62	2.25	1.62	2.27	1.69	2.38	1.61	2.27	-1.0	1.92	1.98	1.9	1.97	1.95	1.99	1.88	1.95	1.57	4.2	5.5							1.59	4.2	5.83	1.55	4.0	5.8				1.59	4.38	6.3	1.57	4.21	5.72	1.65	2.2	1.68	2.27	1.7	2.38	1.65	2.24	-1.0	2.02	1.88	2.0	1.91	2.02	1.99	1.95	1.9	eredivisie	1.5	4.33	5.5	1.55	4.45	5.45	1.58	4.4	5.9	1.66	2.32	1.96	1.91	1.5	4.2	5.5	1.59	4.38	5.81	1.62	4.3	6.2	1.7	2.38	2.03	1.96																															1	0	0	Utrecht	0	0	1
2025-01-03	17:45	Go Ahead Eagles	PSV Eindhoven	3	2	H	1	2	A	7	16	4	5	9	7	2	5	1	2	0	0	5.25	4.2	1.57							4.94	4.43	1.52	4.8	4.33	1.57				5.5	4.7	1.59	5.02	4.49	1.56	1.44	2.7	1.41	2.71	1.49	2.88	1.42	2.72	1.0	1.95	1.95	1.92	1.87	1.99	1.95	1.92	1.9	6.25	4.75	1.45							6.3	4.93	1.48	5.5	4.8	1.44				6.5	5.1	1.49	6.11	4.91	1.46	1.3	3.4	1.35	3.31	1.37	3.42	1.34	3.24	1.25	1.92	1.98	1.94	1.96	1.96	2.3	1.89	1.95	eredivisie	5.5	4.5	1.5	4.97	4.6	1.58	6.0	4.8	1.58	1.48	2.84	2.01	1.91	6.5	4.75	1.4	6.43	4.88	1.49	6.4	5.0	1.54	1.41	3.4	1.91	2.07																															1	0	0	Go Ahead Eagles	0	1	0
2025-01-03	19:00	Groningen	Twente	1	1	D	1	1	D	6	12	3	2	12	10	2	3	2	0	0	0	3.9	3.5	1.95							3.87	3.55	1.95	3.7	3.4	1.95				3.93	3.64	2.0	3.8	3.52	1.96	1.95	1.9	1.97	1.88	2.0	1.96	1.93	1.87	0.5	1.9	2.0	1.9	1.97	1.93	2.0	1.87	1.97	3.9	3.3	1.95							4.09	3.43	2.01	3.9	3.25	1.95				4.22	3.45	2.05	3.99	3.36	1.98	2.08	1.73	2.16	1.75	2.19	1.8	2.1	1.74	0.5	1.9	2.0	1.89	2.01	1.93	2.05	1.85	2.0	eredivisie	3.9	3.4	1.91	3.8	3.62	1.95	4.1	3.65	2.0	2.04	1.92	1.96	2.01	3.9	3.3	1.95	4.22	3.43	1.99	4.2	3.55	2.02	2.18	1.81	1.94	2.03																															0	0	1		0	0	1
2025-01-03	20:00	Feyenoord	Nijmegen	0	0	D	0	0	D	17	5	5	2	13	20	10	3	1	4	0	0	1.44	5.0	6.0							1.46	4.74	6.22	1.44	4.33	6.0				1.48	5.0	6.75	1.46	4.68	6.21	1.57	2.35	1.58	2.42	1.61	2.47	1.56	2.37	-1.25	2.06	1.84	2.05	1.83	2.06	1.85	2.0	1.82	1.44	4.75	6.25							1.46	4.69	7.05	1.44	4.2	6.5				1.52	4.9	7.05	1.46	4.6	6.6	1.62	2.25	1.65	2.33	1.66	2.4	1.62	2.31	-1.25	2.04	1.86	2.04	1.87	2.13	1.9	2.02	1.83	eredivisie	1.44	4.6	6.0	1.48	4.65	6.2	1.48	5.3	6.8	1.59	2.5	2.03	1.9	1.4	4.33	6.5	1.48	4.9	6.71	1.5	4.8	7.6	1.69	2.44	2.11	1.88																															0	0	1		0	0	1
2025-02-03	11:15	Heerenveen	AZ Alkmaar	3	1	H	1	0	H	10	10	7	4	11	10	3	6	2	3	0	0	3.6	3.3	2.1							3.54	3.4	2.11	3.5	3.4	2.05				3.7	3.52	2.12	3.52	3.38	2.08	2.0	1.85	1.98	1.85	2.04	1.91	1.97	1.83	0.25	2.08	1.82	2.04	1.83	2.17	1.85	2.03	1.79	3.5	3.3	2.1							3.59	3.49	2.14	3.4	3.3	2.1				3.8	3.5	2.17	3.52	3.41	2.11	1.9	1.95	1.93	1.96	1.98	1.99	1.91	1.9	0.25	2.04	1.86	2.07	1.85	2.11	1.88	2.02	1.81	eredivisie	3.6	3.3	2.0	3.51	3.52	2.08	4.0	3.4	2.12	2.0	1.86	2.14	1.81	3.4	3.3	2.0	3.8	3.41	2.1	3.75	3.6	2.18	1.99	2.0	2.12	1.87																															1	0	0	Heerenveen	1	0	0
2025-02-03	13:30	Almere City	Ajax	0	1	A	0	1	A	14	5	1	2	16	13	3	0	1	0	0	0	7.5	4.75	1.4							6.5	5.01	1.42	7.5	4.6	1.4				8.0	5.2	1.43	7.04	4.85	1.4	1.65	2.2	1.67	2.22	1.7	2.29	1.64	2.22	1.25	1.99	1.91	1.93	1.93	2.0	1.93	1.92	1.88	6.0	4.5	1.45							6.33	4.67	1.5	6.5	4.4	1.44				7.5	5.0	1.51	6.47	4.63	1.47	1.54	2.35	1.63	2.38	1.64	2.45	1.6	2.34	1.25	1.76	2.02	1.83	2.09	1.86	2.12	1.82	2.02	eredivisie	8.0	4.75	1.33	7.5	4.9	1.4	7.8	5.1	1.42	1.76	2.24			7.0	4.5	1.44	6.45	4.65	1.51	7.6	4.7	1.5	1.68	2.42	1.87	2.09																															0	1	0	Ajax	0	1	0
2025-02-03	13:30	Heracles	Zwolle	4	2	H	2	2	D	16	5	5	3	18	16	7	1	1	2	0	0	2.2	3.4	3.25							2.27	3.18	3.4	2.2	3.4	3.1				2.28	3.58	3.4	2.23	3.3	3.25	1.85	2.0	1.83	2.01	1.89	2.06	1.82	1.98	-0.25	1.95	1.95	1.93	1.92	1.98	1.95	1.91	1.9	2.2	3.4	3.3							2.26	3.32	3.44	2.2	3.3	3.1				2.3	3.47	3.47	2.23	3.31	3.32	1.88	1.98	1.89	2.0	1.98	2.0	1.87	1.95	-0.25	1.87	1.91	1.94	1.96	1.97	1.99	1.91	1.92	eredivisie	2.25	3.2	3.3	2.18	3.58	3.19	2.34	3.35	3.4	1.9	2.0			2.15	3.25	3.4	2.3	3.47	3.24	2.28	3.45	3.6	1.96	2.02	1.96	2.03																															1	0	0	Heracles	0	0	1
2025-02-03	15:45	Sparta Rotterdam	Willem II	4	0	H	1	0	H	22	9	11	3	10	7	9	5	1	1	0	0	1.65	3.8	5.25							1.64	3.96	5.21	1.67	3.7	5.0				1.68	3.99	5.5	1.64	3.86	5.17	2.0	1.85	1.95	1.88	2.07	1.93	1.95	1.86	-0.75	1.86	2.04	1.83	2.04	1.87	2.06	1.81	1.99	1.67	3.75	5.25							1.68	3.85	5.47	1.65	3.7	5.0				1.71	3.85	5.75	1.67	3.75	5.37	1.98	1.88	2.01	1.88	2.13	1.92	1.98	1.84	-0.75	1.87	2.03	1.88	2.02	1.9	2.05	1.86	1.98	eredivisie	1.62	3.8	5.5	1.64	3.95	5.35	1.3	3.9	5.7	1.9	1.78			1.62	3.7	5.5	1.71	3.84	5.38	1.71	3.95	6.0	2.04	1.93	1.91	2.07																															1	0	0	Sparta Rotterdam	1	0	0
2025-07-03	19:00	NAC Breda	Sparta Rotterdam	1	1	D	0	1	A	11	17	3	5	10	5	5	7	0	2	1	0	2.7	3.2	2.7							2.75	3.29	2.7	2.7	3.25	2.5				2.77	3.35	2.7	2.7	3.25	2.64	1.95	1.9	1.93	1.93	1.95	1.95	1.9	1.9	0.0	1.98	1.92	1.96	1.93	1.98	1.97	1.94	1.89	3.3	3.25	2.25							3.37	3.33	2.29	3.1	3.3	2.25				3.45	3.47	2.4	3.25	3.3	2.27	1.93	1.93	1.98	1.93	1.98	1.98	1.93	1.88	0.25	1.85	1.93	1.94	1.96	1.96	2.01	1.89	1.91	eredivisie	2.7	3.25	2.63	2.76	3.18	2.64	2.86	3.4	2.76	1.96	1.97	2.03	1.93	3.2	3.2	2.25	3.45	3.3	2.29	3.6	3.35	2.32	1.99	1.99	2.0	1.98																															0	0	1		0	1	0
2025-08-03	15:30	For Sittard	Heracles	1	0	H	0	0	D	12	5	5	0	11	19	2	6	0	2	0	0	2.25	3.6	3.0							2.36	3.25	3.26	2.25	3.3	3.0				2.38	3.6	3.26	2.3	3.33	3.12	1.93	1.93	1.94	1.93	1.96	2.0	1.9	1.9	-0.25	2.01	1.89	2.02	1.87	2.03	1.91	1.96	1.85	2.3	3.5	3.0							2.36	3.49	3.1	2.25	3.4	3.0				2.43	3.58	3.14	2.32	3.45	3.04	1.83	2.03	1.85	2.04	1.99	2.04	1.83	1.97	-0.25	2.05	1.85	2.04	1.87	2.1	2.0	2.0	1.84	eredivisie	2.2	3.5	3.1	2.26	3.5	3.09	2.34	3.4	3.25	1.99	1.89	2.01	1.91	2.25	3.4	3.1	2.43	3.58	2.95	2.4	3.55	3.25	1.89	2.08	2.06	1.93																															1	0	0	For Sittard	0	0	1
2025-08-03	19:00	PSV Eindhoven	Heerenveen	2	1	H	1	0	H	25	8	10	4	10	10	8	4	2	1	0	0	1.25	6.5	10.0							1.25	6.44	9.47	1.25	6.0	10.0				1.26	6.9	11.0	1.24	6.46	9.8	1.33	3.4	1.31	3.42	1.35	3.52	1.3	3.36	-1.75	1.84	2.06	1.84	2.02	1.86	2.06	1.82	1.98	1.22	7.0	11.0							1.2	7.91	11.63	1.22	6.5	11.0				1.25	8.4	13.0	1.21	7.44	11.34	1.3	3.5	1.31	3.57	1.34	3.65	1.3	3.45	-2.0	1.97	1.93	1.95	1.93	2.0	1.96	1.93	1.91	eredivisie	1.2	6.5	11.0	1.24	6.7	10.5	1.26	7.4	11.5	1.35	3.5	1.82	2.05	1.17	7.5	13.0	1.25	7.2	11.3	1.22	8.2	15.5	1.34	3.85	1.99	2.0																															1	0	0	PSV Eindhoven	1	0	0
2025-09-03	11:15	Willem II	Utrecht	2	3	A	1	0	H	13	15	6	6	14	10	4	5	0	2	0	0	4.1	3.3	1.95							4.0	3.46	1.95	3.8	3.4	1.95				4.1	3.6	1.98	3.89	3.47	1.95	2.0	1.85	2.03	1.82	2.05	1.87	1.98	1.81	0.5	1.91	1.99	1.89	1.96	1.92	2.0	1.87	1.96	3.5	3.5	2.05							3.71	3.43	2.12	3.5	3.3	2.05				3.9	3.6	2.12	3.69	3.42	2.05	2.05	1.8	2.05	1.85	2.14	1.92	2.01	1.81	0.5	1.75	2.05	1.79	2.12	1.85	2.12	1.8	2.05	eredivisie	3.9	3.3	1.95	3.88	3.58	1.94	4.2	3.45	2.0	1.91	1.81	1.92	2.0	3.7	3.25	1.95	3.6	3.6	2.1	4.0	3.55	2.1	2.1	1.88	1.89	2.11																															0	1	0	Utrecht	1	0	0
2025-09-03	13:30	Nijmegen	Go Ahead Eagles	2	3	A	0	1	A	10	27	4	14	13	8	3	15	2	1	1	0	2.15	3.5	3.3							2.19	3.43	3.31	2.15	3.5	3.2				2.25	3.66	3.34	2.17	3.48	3.23	1.69	2.07	1.76	2.09	1.79	2.14	1.73	2.07	-0.25	1.91	1.99	1.9	1.95	1.92	1.99	1.87	1.93	2.4	3.5	2.8							2.45	3.49	2.96	2.4	3.4	2.8				2.59	3.57	3.0	2.41	3.43	2.89	1.7	2.1	1.77	2.14	1.82	2.14	1.76	2.07	0.0	1.81	2.09	1.77	2.15	1.86	2.15	1.79	2.09	eredivisie	2.1	3.5	3.3	2.14	3.66	3.21	2.18	3.45	3.35	1.64	1.97	1.88	1.92	2.3	3.25	2.88	2.59	3.57	2.74	2.52	3.55	3.0	1.82	2.16	1.81	2.2																															0	1	0	Go Ahead Eagles	0	1	0
2025-09-03	13:30	Zwolle	Ajax	0	1	A	0	0	D	9	14	2	6	9	5	3	3	1	0	0	0	5.75	4.0	1.6							5.15	4.16	1.61	5.0	4.0	1.62				5.75	4.25	1.63	5.09	4.12	1.6	1.67	2.15	1.7	2.18	1.73	2.24	1.67	2.16	1.0	1.86	2.04	1.81	2.06	1.86	2.09	1.8	2.03	6.25	4.1	1.55							6.11	4.24	1.57	5.5	4.0	1.57				6.75	4.5	1.6	5.95	4.21	1.55	1.7	2.1	1.76	2.15	1.79	2.17	1.72	2.11	1.0	1.93	1.97	1.94	1.96	1.99	2.0	1.92	1.92	eredivisie	5.0	4.2	1.57	4.98	4.2	1.63	6.0	4.4	1.61	1.7	2.22	1.86	2.03	6.0	4.0	1.5	6.37	4.28	1.57	6.8	4.3	1.6	1.79	2.22	1.98	1.98																															0	1	0	Ajax	0	0	1
2025-09-03	15:45	Twente	Almere City	1	0	H	1	0	H	15	7	3	1	9	13	4	3	0	2	0	0	1.27	5.75	8.5							1.29	5.74	9.19	1.3	5.0	9.5				1.3	6.2	12.0	1.28	5.7	9.54	1.54	2.35	1.6	2.37	1.62	2.48	1.56	2.36	-1.5	1.88	2.02	1.88	1.97	1.89	2.02	1.85	1.96	1.27	6.25	9.5							1.27	6.12	11.06	1.25	5.5	11.0				1.3	6.38	12.0	1.27	5.87	10.64	1.62	2.25	1.65	2.31	1.7	2.48	1.62	2.29	-1.5	1.78	2.03	1.81	2.08	1.87	2.09	1.82	2.02	eredivisie	1.22	5.5	12.0	1.3	5.65	9.7	1.3	5.8	1.26	1.54	2.16			1.22	5.5	10.0	1.3	6.38	9.33	1.28	6.6	13.5	1.69	2.4	1.85	2.11																															1	0	0	Twente	1	0	0
2025-01-04	19:00	AZ Alkmaar	Waalwijk	2	2	D	1	0	H	24	6	6	2	10	10	12	5	0	3	0	0	1.3	5.75	8.0							1.31	6.07	9.23							1.35	6.1	10.5	1.29	5.7	9.3	1.44	2.7	1.48	2.75	1.48	2.74	1.45	2.63	-1.5	1.88	2.02	1.88	2.03	1.88	2.07	1.83	2.0	1.22	7.0	11.0							1.24	6.6	11.56							1.25	7.2	14.0	1.22	6.69	12.19	1.48	2.6	1.51	2.63	1.51	2.9	1.46	2.65	-1.75	1.84	2.06	1.93	1.96	2.15	2.09	1.85	2.0	eredivisie	1.25	5.5	10.5	1.3	5.75	9.4	1.31	6.2	11.5	1.5	2.92	1.88	2.06	1.2	6.5	11.0	1.25	7.2	11.3	1.24	7.2	15.5	1.53	2.82	1.91	2.08																															0	0	1		1	0	0
2025-02-04	19:00	Feyenoord	Groningen	4	1	H	2	1	H	13	6	7	1	7	8	1	1	0	2	0	0	1.38	5.0	7.0							1.36	5.0	8.28							1.39	5.0	8.7	1.36	4.87	8.04	1.65	2.2	1.68	2.22	1.74	2.22	1.65	2.16	-1.25	1.86	2.04	1.85	2.03	1.88	2.04	1.82	1.99	1.4	4.5	7.5							1.42	4.67	8.22							1.43	4.8	8.5	1.4	4.64	7.95	1.88	1.98	1.91	1.98	1.98	2.04	1.85	1.95	-1.25	2.0	1.9	2.0	1.91	2.02	2.1	1.93	1.91	eredivisie	1.33	4.75	8.0	1.37	4.95	8.4	1.38	5.4	9.2	1.66	2.38	1.84	2.06	1.36	4.75	7.0	1.43	4.75	8.25	1.42	5.1	9.6	1.92	2.04	1.99	1.98																															1	0	0	Feyenoord	1	0	0
2025-04-04	19:00	Heerenveen	Willem II	3	1	H	2	0	H	22	13	9	3	12	7	9	6	0	1	0	0	1.45	4.5	7.0							1.46	4.44	7.82							1.5	4.55	7.82	1.45	4.44	7.13	1.75	2.05	1.81	2.08	1.87	2.08	1.77	2.03	-1.25	2.05	1.85	2.08	1.84	2.08	1.85	2.01	1.82	1.53	4.33	5.75							1.52	4.23	6.96							1.56	4.6	7.25	1.51	4.29	6.41	1.83	2.03	1.85	2.05	1.99	2.09	1.81	2.0	-1.0	1.95	1.95	1.9	2.01	1.96	2.1	1.86	1.99	eredivisie	1.5	4.33	6.0	1.45	4.55	7.0	1.49	4.6	8.0	1.87	2.12	2.06	1.89	1.5	4.33	5.5	1.56	4.44	6.14	1.56	4.4	7.0	1.9	2.1	1.96	2.02																															1	0	0	Heerenveen	1	0	0
2025-05-04	15:30	AZ Alkmaar	Feyenoord	0	1	A	0	1	A	13	9	5	1	17	10	5	3	3	2	0	0	2.38	3.6	2.8							2.45	3.58	2.76							2.45	3.61	2.8	2.41	3.54	2.74	1.8	2.0	1.79	2.06	1.8	2.11	1.76	2.03	0.0	1.75	2.05	1.82	2.06	1.82	2.07	1.79	2.04	2.55	3.5	2.6							2.65	3.58	2.66							2.74	3.61	2.75	2.57	3.5	2.64	1.85	2.0	1.88	2.0	1.92	2.07	1.82	1.98	0.0	1.95	1.95	1.95	1.95	1.99	1.99	1.93	1.94	eredivisie	2.38	3.6	2.7	2.43	3.58	2.74	2.5	3.65	2.88	1.8	2.1	1.82	2.1	2.3	3.5	2.63	2.74	3.61	2.58	2.7	3.65	2.76	1.9	2.08	1.95	2.02																															0	1	0	Feyenoord	0	1	0
2025-05-04	17:45	Twente	For Sittard	1	1	D	1	0	H	11	6	3	1	12	15	7	3	1	3	0	0	1.4	4.75	7.5							1.39	4.91	7.4							1.4	5.0	9.5	1.38	4.8	7.7	1.73	2.08	1.77	2.1	1.8	2.1	1.73	2.08	-1.25	1.93	1.97	1.92	1.95	1.93	1.98	1.88	1.93	1.38	5.0	7.5							1.38	5.3	8.09							1.45	5.3	8.4	1.38	4.95	7.8	1.62	2.25	1.67	2.3	1.77	2.35	1.66	2.21	-1.25	1.86	2.04	1.86	2.05	1.89	2.06	1.85	2.0	eredivisie	1.33	4.75	9.5	1.4	4.8	7.8	1.4	5.0	8.8	1.74	2.26	1.89	1.98	1.33	4.6	8.0	1.43	5.13	7.4	1.39	5.5	9.6	1.69	2.38	1.87	2.13																															0	0	1		1	0	0
2025-05-04	19:00	Groningen	PSV Eindhoven	1	3	A	1	2	A	14	15	3	4	6	11	4	5	1	2	0	0	7.0	5.0	1.4							7.16	5.06	1.39							8.5	5.06	1.4	7.44	4.92	1.38	1.57	2.35	1.59	2.4	1.59	2.45	1.55	2.35	1.25	1.99	1.91	2.0	1.87	2.0	1.91	1.97	1.84	6.5	4.75	1.44							7.18	4.68	1.46							7.6	5.0	1.47	6.93	4.68	1.44	1.6	2.3	1.65	2.33	1.65	2.37	1.61	2.29	1.25	1.87	2.03	1.88	2.03	1.92	2.03	1.88	1.97	eredivisie	8.5	4.75	1.33	7.5	5.05	1.39	7.8	5.2	1.41	1.58	2.52	1.98	1.89	7.0	4.4	1.4	6.94	4.87	1.47	7.4	5.3	1.46	1.66	2.46	1.94	2.01																															0	1	0	PSV Eindhoven	0	1	0
2025-05-04	20:00	Almere City	Zwolle	2	2	D	0	2	A	24	10	5	5	9	12	7	4	2	2	0	0	2.25	3.5	3.1							2.26	3.41	3.18							2.3	3.5	3.25	2.25	3.42	3.1	2.03	1.83	2.01	1.85	2.03	1.85	1.98	1.82	-0.25	1.98	1.92	1.97	1.9	1.99	1.92	1.94	1.87	2.4	3.3	3.0							2.44	3.32	3.1							2.53	3.4	3.15	2.39	3.32	3.02	2.03	1.83	2.04	1.85	2.13	1.86	1.99	1.82	-0.25	2.09	1.81	2.1	1.82	2.14	1.82	2.05	1.8	eredivisie	2.2	3.5	3.0	2.24	3.44	3.17	2.34	3.45	3.25	2.04	1.84	2.0	1.92	2.3	3.4	2.88	2.53	3.37	2.94	2.5	3.4	3.2	2.08	1.9	2.13	1.86																															0	0	1		0	1	0
2025-06-04	11:15	Waalwijk	Heracles	0	0	D	0	0	D	10	10	3	1	11	12	6	9	1	1	0	0	2.35	3.7	2.75							2.38	3.42	2.97							2.38	3.7	2.97	2.34	3.52	2.87	1.7	2.1	1.72	2.15	1.72	2.21	1.7	2.11	-0.25	2.09	1.81	2.06	1.81	2.09	1.81	2.02	1.79	2.35	3.5	2.8							2.43	3.52	2.97							2.52	3.63	2.97	2.41	3.49	2.84	1.7	2.1	1.75	2.17	1.75	2.21	1.71	2.12	-0.25	2.09	1.81	2.11	1.82	2.13	1.82	2.09	1.78	eredivisie	2.38	3.5	2.8	2.34	3.62	2.87	2.38	3.6	2.98	1.74	2.16	2.05	1.82	2.3	3.4	2.75	2.52	3.63	2.79	2.52	3.6	3.0	1.81	2.2	2.17	1.85																															0	0	1		0	0	1
2025-06-04	13:30	Go Ahead Eagles	Utrecht	2	2	D	2	2	D	11	14	6	3	9	16	1	5	1	4	0	0	2.05	4.0	3.1							2.12	3.73	3.22							2.15	4.0	3.5	2.09	3.74	3.16	1.65	2.2	1.67	2.24	1.67	2.29	1.63	2.2	-0.25	1.85	2.05	1.86	2.0	1.86	2.05	1.83	1.98	2.2	3.9	2.88							2.28	3.81	3.01							2.35	4.0	3.1	2.24	3.73	2.96	1.6	2.3	1.64	2.36	1.73	2.36	1.63	2.26	-0.25	2.0	1.9	2.0	1.9	2.04	1.94	1.97	1.88	eredivisie	2.15	3.75	2.9	2.12	3.75	3.19	2.14	3.85	3.4	1.68	2.3			2.1	3.5	2.9	2.19	4.0	3.08	2.34	3.85	3.1	1.69	2.42	2.05	1.93																															0	0	1		0	0	1
2025-06-04	13:30	Sparta Rotterdam	Nijmegen	2	0	H	1	0	H	12	9	3	1	10	10	3	2	0	4	0	1	2.0	3.5	3.7							2.07	3.49	3.55							2.08	3.58	3.7	2.04	3.5	3.5	1.98	1.88	1.95	1.88	1.98	1.89	1.92	1.86	-0.5	2.08	1.82	2.07	1.78	2.1	1.82	2.05	1.79	1.73	3.9	4.5							1.81	3.81	4.51							1.81	3.97	4.6	1.76	3.81	4.46	1.73	2.08	1.78	2.11	1.9	2.13	1.79	2.02	-0.75	1.99	1.91	2.06	1.85	2.06	1.94	1.98	1.87	eredivisie	2.0	3.5	3.4	2.06	3.54	3.53	2.12	3.55	3.85	1.98	1.88			1.73	3.6	4.2	1.78	3.97	4.58	1.83	4.0	4.7	1.83	2.16	2.07	1.91																															1	0	0	Sparta Rotterdam	1	0	0
2025-06-04	15:45	Ajax	NAC Breda	3	1	H	2	1	H	10	8	4	3	8	18	9	0	1	5	0	0	1.25	6.25	10.0							1.23	6.37	10.62							1.25	6.75	12.0	1.24	6.23	10.71	1.44	2.7	1.45	2.7	1.45	3.0	1.43	2.68	-1.75	1.93	1.97	1.91	1.93	1.94	2.0	1.87	1.93	1.29	6.0	9.0							1.26	6.28	11.17							1.29	6.4	13.0	1.26	6.15	10.69	1.48	2.6	1.48	2.7	1.5	2.88	1.46	2.65	-1.75	2.03	1.87	2.01	1.88	2.03	1.94	1.97	1.88	eredivisie	1.22	6.0	12.0	1.25	6.3	11.0	1.27	6.8	13.0	1.5	2.78			1.2	6.0	13.0	1.29	6.38	10.1	1.27	6.8	14.0	1.54	2.8	2.04	1.93																															1	0	0	Ajax	1	0	0
2025-11-04	19:00	Nijmegen	Waalwijk	2	1	H	0	0	D	19	10	4	4	14	9	3	7	2	0	0	0	1.67	4.0	4.75							1.69	4.21	4.76							1.72	4.25	4.8	1.68	4.1	4.62	1.57	2.35	1.57	2.49	1.58	2.49	1.56	2.41	-0.75	1.87	2.03	1.88	2.02	1.9	2.03	1.84	1.98	1.75	3.9	4.2							1.8	4.04	4.3							1.82	4.1	4.63	1.75	3.98	4.34	1.57	2.35	1.6	2.43	1.67	2.44	1.58	2.36	-0.75	2.03	1.87	2.03	1.88	2.05	1.95	1.97	1.88	eredivisie	1.62	4.2	4.75	1.69	4.25	4.48	1.72	4.2	5.1	1.62	2.56	1.89	2.06	1.67	4.0	4.5	1.77	4.0	4.63	1.83	4.2	4.6	1.63	2.54	2.03	1.95																															1	0	0	Nijmegen	0	0	1
2025-12-04	15:30	For Sittard	Feyenoord	0	2	A	0	0	D	7	14	2	8	18	7	5	7	2	1	1	0	5.75	4.75	1.48							6.18	4.53	1.48							6.5	4.75	1.48	6.16	4.59	1.47	1.65	2.2	1.66	2.25	1.66	2.3	1.62	2.23	1.25	1.83	2.07	1.81	2.08	1.83	2.08	1.78	2.03	5.75	4.33	1.5							6.65	4.36	1.53							6.65	4.6	1.54	6.21	4.4	1.5	1.73	2.08	1.78	2.11	1.9	2.17	1.77	2.05	1.0	2.01	1.89	2.06	1.89	2.1	1.89	2.03	1.82	eredivisie	6.5	4.6	1.4	6.4	4.65	1.47	6.6	4.8	1.52	1.57	2.24	1.75	1.96	6.0	4.2	1.44	6.22	4.5	1.54	7.2	4.5	1.54	1.81	2.2	2.07	1.87																															0	1	0	Feyenoord	0	0	1
2025-12-04	17:45	Sparta Rotterdam	Heerenveen	3	1	H	1	0	H	15	11	7	5	13	11	4	1	1	2	0	0	1.91	3.75	3.75							1.92	3.66	3.89							1.95	3.75	4.0	1.92	3.65	3.77	1.83	2.03	1.81	2.04	1.84	2.04	1.8	1.99	-0.5	1.95	1.95	1.93	1.93	1.98	1.95	1.93	1.91	1.85	3.9	3.9							1.88	3.73	4.22							1.9	3.98	4.35	1.87	3.74	4.02	1.67	2.15	1.71	2.23	1.77	2.25	1.7	2.14	-0.5	1.83	1.95	1.89	2.01	1.92	2.03	1.87	1.96	eredivisie	1.95	3.5	3.8	1.94	3.64	3.82	1.98	3.75	4.1	1.82	2.08	1.98	2.0	1.85	3.6	4.0	1.89	3.98	3.98	1.94	3.8	4.3	1.75	2.3	1.94	2.04																															1	0	0	Sparta Rotterdam	1	0	0
2025-12-04	19:00	PSV Eindhoven	Almere City	5	0	H	4	0	H	34	8	17	2	6	6	11	3	0	0	0	0	1.13	9.0	17.0							1.13	9.15	14.92							1.14	9.4	19.5	1.13	8.82	16.7	1.25	4.0	1.25	3.96	1.29	4.0	1.24	3.75	-2.5	2.02	1.88	1.99	1.87	2.02	1.89	1.97	1.84	1.08	9.5	17.0							1.11	10.73	19.39							1.12	12.0	24.0	1.1	10.29	20.08	1.22	4.2	1.21	4.53	1.26	4.53	1.21	4.18	-2.5	1.88	2.02	1.9	1.99	1.9	2.08	1.85	1.99	eredivisie	1.12	8.5	17.0	1.13	8.9	18.5	1.16	11.0	21.0	1.27	4.2	2.02	1.88	1.07	12.0	21.0	1.12	11.2	21.0	1.12	13.5	28.0	1.25	4.8	0.0	0.0																															1	0	0	PSV Eindhoven	1	0	0
2025-12-04	20:00	NAC Breda	Go Ahead Eagles	1	1	D	0	1	A	22	10	7	4	12	13	6	3	2	2	0	0	3.1	3.5	2.2							3.11	3.62	2.21							3.3	3.7	2.21	3.11	3.58	2.17	1.75	2.05	1.78	2.08	1.78	2.2	1.71	2.08	0.25	1.95	1.95	1.93	1.94	1.95	1.95	1.91	1.86	3.2	3.5	2.15							3.23	3.69	2.2							3.44	3.8	2.2	3.19	3.62	2.14	1.67	2.15	1.72	2.21	1.77	2.25	1.68	2.16	0.25	1.99	1.91	1.98	1.93	2.05	1.93	1.97	1.84	eredivisie	3.3	3.5	2.1	3.11	3.62	2.2	3.2	3.65	2.3	1.78	2.16	1.95	1.98	3.1	3.4	2.05	3.44	3.61	2.16	3.3	3.75	2.3	1.75	2.3	1.99	1.99																															0	0	1		0	1	0
2025-03-05	15:30	Nijmegen	Willem II	1	1	D	0	1	A	21	10	4	3	15	9	4	2	2	2	0	0	1.57	4.33	5.25							1.58	4.22	5.32							1.59	4.33	5.4	1.57	4.21	5.27	1.67	2.15	1.71	2.17	1.71	2.2	1.68	2.15	-1.0	2.02	1.88	2.02	1.86	2.02	1.88	1.98	1.84	1.55	4.33	5.25							1.56	4.37	5.89							1.61	4.48	6.0	1.55	4.3	5.63	1.73	2.08	1.75	2.17	1.9	2.23	1.73	2.1	-1.0	1.95	1.95	1.95	1.95	2.01	1.95	1.93	1.92	eredivisie	1.57	4.0	5.0	1.59	4.25	5.3	1.67	4.3	5.8	1.72	2.28	2.08	1.85	1.53	4.1	5.5	1.61	4.48	5.43	1.61	4.4	6.2	1.83	2.16	2.02	1.95																															0	0	1		0	1	0
2025-03-05	17:45	Heracles	Feyenoord	1	4	A	0	3	A	11	17	3	8	11	10	5	1	2	1	1	0	5.0	4.5	1.57							5.07	4.46	1.58							5.5	4.6	1.58	5.2	4.42	1.55	1.73	2.08	1.76	2.1	1.76	2.16	1.72	2.09	1.0	1.91	1.99	1.88	1.99	1.91	1.99	1.87	1.93	4.75	4.5	1.57							5.22	4.61	1.59							5.6	4.67	1.61	5.25	4.51	1.56	1.6	2.3	1.65	2.32	1.68	2.35	1.61	2.29	1.0	1.93	1.97	1.92	1.98	1.97	1.98	1.92	1.92	eredivisie	5.5	4.4	1.5	5.2	4.45	1.58	6.0	4.7	1.59	1.72	2.22	1.92	1.98	5.5	4.4	1.5	5.13	4.67	1.61	6.0	4.7	1.6	1.69	2.42	2.0	1.98																															0	1	0	Feyenoord	0	1	0
2025-03-05	19:00	Groningen	Waalwijk	6	1	H	2	0	H	22	9	12	4	10	8	5	3	0	1	0	0	1.7	3.9	5.0							1.69	3.98	4.74							1.78	3.98	5.0	1.71	3.89	4.64	1.67	2.1	1.76	2.08	1.76	2.2	1.73	2.08	-0.75	1.91	1.99	1.9	1.97	1.94	1.99	1.88	1.93	1.4	4.5	8.5							1.4	4.92	8.43							1.46	4.92	8.5	1.4	4.69	7.98	1.7	2.1	1.74	2.16	1.82	2.3	1.69	2.15	-1.25	1.87	2.03	1.88	2.04	1.98	2.04	1.89	1.96	eredivisie	1.73	3.9	4.5	1.7	3.94	4.77	1.72	4.0	5.1	1.75	2.22	1.91	1.98	1.36	4.6	8.5	1.45	4.6	8.28	1.47	4.9	8.4	1.75	2.28	2.01	1.96																															1	0	0	Groningen	1	0	0
2025-03-05	20:00	PSV Eindhoven	For Sittard	4	1	H	2	0	H	16	3	6	1	6	7	5	3	0	2	0	0	1.11	9.0	21.0							1.09	11.3	17.67							1.11	12.0	25.0	1.09	10.39	20.46	1.19	4.2	1.2	4.37	1.22	4.6	1.19	4.23	-2.75	2.05	1.85	2.02	1.83	2.05	1.87	1.99	1.82	1.1	9.5	21.0							1.09	12.41	21.89							1.12	13.0	25.0	1.09	11.18	21.04	1.22	4.2	1.21	4.34	1.26	4.9	1.21	4.23	-2.75	2.03	1.87	2.01	1.85	2.07	1.88	2.0	1.84	eredivisie	1.08	10.5	21.0	1.1	10.5	20.0	1.13	11.0	18.0	1.24	4.5	2.07	1.66	1.08	11.0	20.0	1.11	11.2	25.0	1.12	13.5	28.0	1.25	4.8	2.06	1.91																															1	0	0	PSV Eindhoven	1	0	0
2025-04-05	11:15	NAC Breda	Zwolle	1	3	A	0	0	D	14	13	3	5	7	12	4	2	3	1	0	0	2.25	3.5	3.1							2.28	3.34	3.22							2.28	3.5	3.22	2.25	3.39	3.12	1.88	1.98	1.91	1.93	1.91	1.98	1.88	1.91	-0.25	1.98	1.92	1.96	1.89	1.98	1.92	1.93	1.87	2.1	3.6	3.4							2.23	3.38	3.45							2.23	3.67	3.59	2.15	3.43	3.36	1.75	2.05	1.85	2.05	1.99	2.09	1.82	1.99	-0.25	1.85	2.05	1.92	1.98	1.92	2.06	1.85	1.99	eredivisie	2.25	3.3	3.1	2.27	3.42	3.13	2.34	3.45	3.25	1.92	2.0	2.01	1.91	2.1	3.25	3.25	2.14	3.67	3.45	2.28	3.55	3.55	1.86	2.12	1.94	2.05																															0	1	0	Zwolle	0	0	1
2025-04-05	13:30	Go Ahead Eagles	AZ Alkmaar	0	3	A	0	2	A	14	17	0	8	5	15	6	9	2	3	0	1	2.7	3.6	2.5							2.54	3.68	2.43							2.7	3.82	2.52	2.6	3.66	2.46	1.6	2.3	1.59	2.25	1.62	2.4	1.6	2.28	0.0	1.98	1.83	1.93	1.85	2.04	1.87	1.95	1.85	3.8	3.9	1.85							3.95	4.04	1.87							4.0	4.05	1.94	3.85	3.93	1.85	1.57	2.35	1.58	2.45	1.61	2.55	1.56	2.4	0.5	1.95	1.85	2.03	1.88	2.12	1.9	2.0	1.84	eredivisie	2.7	3.8	2.3	2.61	3.72	2.48	2.8	4.0	2.46	1.62	2.44	2.12	1.84	3.7	3.6	1.85	3.76	4.01	1.94	4.1	4.0	1.93	1.6	2.62	2.06	1.93																															0	1	0	AZ Alkmaar	0	1	0
2025-04-05	13:30	Sparta Rotterdam	Twente	0	2	A	0	2	A	13	9	1	2	12	6	5	4	0	0	0	0	2.35	3.6	2.88							2.45	3.53	2.79							2.45	3.6	3.0	2.4	3.53	2.78	1.7	2.1	1.75	2.1	1.76	2.15	1.72	2.09	-0.25	2.09	1.81	2.13	1.75	2.19	1.81	2.09	1.74	2.35	3.5	2.88							2.47	3.5	2.92							2.48	3.62	3.14	2.38	3.49	2.88	1.7	2.1	1.75	2.16	1.9	2.23	1.73	2.1	0.0	1.73	2.08	1.8	2.14	1.83	2.16	1.76	2.11	eredivisie	2.45	3.4	2.75	2.43	3.6	2.73	2.6	3.65	2.88	1.71	2.22	2.24	1.79	2.3	3.3	2.75	2.48	3.62	2.85	2.54	3.6	3.0	1.78	2.26	1.83	2.17																															0	1	0	Twente	0	1	0
2025-09-05	19:00	Willem II	Heracles	1	2	A	0	1	A	9	16	5	6	6	11	5	10	1	1	0	0	2.7	3.25	2.6							2.79	3.38	2.64							2.79	3.5	2.64	2.7	3.32	2.58	2.05	1.8	2.03	1.87	2.07	2.0	1.97	1.83	0.0	2.01	1.89	2.01	1.9	2.01	1.91	1.98	1.87	2.63	3.5	2.55							2.72	3.5	2.63							2.72	3.59	2.73	2.65	3.39	2.6	1.75	2.05	1.83	2.06	1.9	2.06	1.84	1.97	0.0	1.99	1.91	1.99	1.92	2.0	1.94	1.96	1.91	eredivisie	2.45	3.5	2.63	2.74	3.32	2.57	2.6	3.75	2.8	1.87	2.02			2.63	3.1	2.55	2.59	3.59	2.73	2.82	3.45	2.78	1.92	2.08	2.0	1.97																															0	1	0	Heracles	0	1	0
2025-10-05	15:30	Waalwijk	Heerenveen	3	1	H	1	1	D	18	3	6	1	10	11	5	2	2	1	0	1	3.4	3.8	2.0							3.48	3.85	1.98							3.55	3.92	2.11	3.37	3.83	1.99	1.5	2.4	1.55	2.47	1.57	2.47	1.52	2.41	0.5	1.86	2.04	1.87	2.0	1.87	2.11	1.83	2.0	3.1	3.8	2.1							3.18	3.97	2.14							3.39	4.01	2.14	3.23	3.9	2.05	1.48	2.6	1.51	2.66	1.51	2.66	1.48	2.61	0.25	2.0	1.9	2.02	1.88	2.13	1.9	2.04	1.79	eredivisie	3.2	3.8	2.0	3.4	3.92	1.99	3.25	1.85	2.04					3.2	3.75	1.95	3.39	4.01	2.06	3.45	4.1	2.14	1.52	2.9	2.13	1.88																															1	0	0	Waalwijk	0	0	1
2025-10-05	17:45	For Sittard	NAC Breda	1	0	H	1	0	H	10	6	4	4	14	10	5	3	1	2	0	0	1.95	3.4	4.0							1.98	3.46	3.86							2.02	3.62	4.0	1.97	3.48	3.79	1.93	1.93	1.95	1.9	1.95	1.96	1.91	1.88	-0.5	2.02	1.88	2.0	1.87	2.05	1.9	1.99	1.85	1.73	3.7	4.75							1.79	3.71	4.84							1.82	3.8	4.84	1.78	3.65	4.6	1.93	1.93	1.95	1.93	2.08	1.93	1.93	1.88	-0.75	1.97	1.81	2.03	1.88	2.07	1.88	2.01	1.83	eredivisie	1.91	3.5	3.9	1.96	3.62	3.77	1.35	1.03	1.35					1.73	3.5	4.4	1.8	3.8	4.69	1.85	3.85	4.8	1.95	2.0	2.1	1.87																															1	0	0	For Sittard	1	0	0
2025-10-05	20:00	Almere City	Sparta Rotterdam	0	3	A	0	0	D	17	15	4	9	6	8	6	2	0	1	0	0	2.8	3.5	2.45							2.76	3.69	2.41							2.85	3.7	2.45	2.76	3.58	2.4	1.67	2.15	1.67	2.25	1.76	2.25	1.68	2.15	0.0	2.07	1.83	2.08	1.81	2.08	1.83	2.05	1.79	2.7	3.5	2.45							2.73	3.73	2.51							2.79	3.73	2.55	2.69	3.61	2.48	1.65	2.2	1.68	2.28	1.76	2.29	1.65	2.22	0.0	2.03	1.87	2.04	1.88	2.06	1.88	2.02	1.86	eredivisie	2.75	3.4	2.4	2.75	3.66	2.39	2.9	1.77	2.46					2.7	3.6	2.4	2.79	3.61	2.53	2.86	3.8	2.54	1.7	2.4	2.11	1.87																															0	1	0	Sparta Rotterdam	0	0	1
2025-11-05	11:15	Zwolle	Go Ahead Eagles	1	1	D	0	0	D	21	9	7	3	12	7	6	2	2	2	0	0	2.55	3.8	2.5							2.48	3.89	2.4							2.7	4.01	2.5	2.54	3.82	2.44	1.57	2.35	1.54	2.35	1.58	2.48	1.55	2.37	0.0	1.98	1.92	1.92	1.85	1.98	1.93	1.94	1.87	2.35	4.0	2.63							2.39	3.85	2.81							2.41	4.1	2.81	2.35	3.87	2.7	1.48	2.6	1.51	2.62	1.51	2.63	1.49	2.57	-0.25	2.05	1.75	2.11	1.82	2.12	1.82	2.07	1.78	eredivisie	2.63	3.6	2.45	2.57	3.88	2.45	1.41	1.49	2.44					2.3	3.5	2.63	2.41	4.1	2.69	2.44	4.0	2.86	1.53	2.82	2.13	1.86																															0	0	1		0	0	1
2025-11-05	13:30	Feyenoord	PSV Eindhoven	2	3	A	2	0	H	11	24	4	9	7	14	1	12	2	3	1	0	2.55	3.9	2.4							2.6	3.63	2.41							2.7	3.9	2.48	2.6	3.76	2.41	1.4	2.88	1.41	2.71	1.42	3.1	1.39	2.8	0.0	2.04	1.86	1.96	1.81	2.04	1.9	1.99	1.83	3.0	3.9	2.1							3.04	4.03	2.19							3.23	4.05	2.23	2.98	3.92	2.16	1.36	3.1	1.38	3.05	1.4	3.25	1.36	3.05	0.25	1.97	1.93	1.97	1.93	2.02	1.97	1.93	1.87	eredivisie	2.7	3.9	2.25	2.65	3.85	2.39	1.3	1.01	1.3					2.88	3.75	2.05	3.23	4.03	2.11	3.15	4.1	2.24	1.41	3.4	2.01	1.97																															0	1	0	PSV Eindhoven	1	0	0
2025-11-05	13:30	Twente	Utrecht	2	0	H	1	0	H	11	8	5	0	11	18	7	3	0	2	0	0	2.35	3.8	2.7							2.43	3.65	2.74							2.43	3.8	2.75	2.38	3.68	2.71	1.57	2.35	1.6	2.36	1.6	2.38	1.56	2.32	0.0	1.84	2.06	1.81	2.05	1.84	2.06	1.8	2.03	1.8	3.9	4.1							1.84	3.87	4.27							1.88	3.99	4.29	1.83	3.8	4.07	1.62	2.25	1.66	2.29	1.7	2.43	1.62	2.27	-0.75	2.05	1.85	2.07	1.81	2.1	1.85	2.04	1.8	eredivisie	2.3	3.75	2.7	2.41	3.68	2.71	2.44	3.95	2.84					1.75	3.6	4.0	1.88	3.99	4.04	1.87	4.0	4.5	1.69	2.42	2.11	1.87																															1	0	0	Twente	1	0	0
2025-11-05	15:45	Ajax	Nijmegen	0	3	A	0	0	D	22	9	4	6	12	12	8	1	3	4	0	0	1.3	5.5	9.0							1.31	5.64	8.55							1.31	5.75	10.0	1.3	5.51	8.94	1.48	2.6	1.48	2.63	1.48	2.7	1.46	2.59	-1.5	1.87	2.03	1.87	1.99	1.9	2.03	1.85	1.97	1.22	7.0	12.0							1.22	6.89	12.44							1.23	7.09	13.0	1.21	6.74	12.23	1.4	2.88	1.43	2.88	1.48	3.1	1.41	2.85	-2.0	2.01	1.89	2.01	1.88	2.01	1.94	1.98	1.87	eredivisie	1.25	5.5	10.0	1.3	5.65	9.4	1.05	1.32	1.81					1.18	6.0	11.0	1.23	7.09	12.7	1.26	7.2	14.0	1.47	3.05	2.07	1.9																															0	1	0	Nijmegen	0	0	1
2025-11-05	15:45	AZ Alkmaar	Groningen	3	0	H	2	0	H	19	10	12	4	9	11	11	4	1	2	0	0	1.62	4.2	5.0							1.62	4.08	5.2							1.63	4.2	5.5	1.61	4.04	5.19	1.75	2.05	1.79	2.05	1.82	2.05	1.78	2.01	-0.75	1.83	2.07	1.79	2.08	1.83	2.11	1.77	2.05	1.8	3.7	4.33							1.75	3.84	4.86							1.83	3.89	5.1	1.76	3.75	4.63	1.9	1.95	1.88	2.01	2.08	2.06	1.86	1.95	-0.75	2.03	1.78	1.98	1.93	2.07	1.93	1.99	1.86	eredivisie	1.6	3.9	5.5	1.62	4.1	5.21	1.3	1.03	1.04					1.67	3.6	4.75	1.77	3.89	4.8	1.78	3.95	5.3	1.89	2.08	2.02	1.96																															1	0	0	AZ Alkmaar	1	0	0
2025-08-08	19:00	For Sittard	Go Ahead Eagles	2	2	D	1	1	D	36	6	8	2	10	9	8	5	2	2	0	1	2.63	3.6	2.5	2.65	3.6	2.5				2.73	3.43	2.56							2.7	3.6	2.55	2.66	3.44	2.5	1.73	2.08	1.75	2.11	1.74	2.1	1.71	2.05	0.0	1.98	1.83	2.0	1.88	1.98	1.85	1.91	1.8	2.6	3.5	2.55	2.6	3.4	2.6				3.15	3.58	2.29							3.15	3.7	2.63	2.74	3.48	2.45	1.75	2.05	1.74	2.18	1.75	2.15	1.7	2.07	0.0	1.93	1.88	2.31	1.68	1.98	1.91	1.91	1.81	eredivisie							2.72	3.65	2.58	1.78	2.14	2.02	1.9							2.82	3.5	2.7	1.83	2.16	2.04	1.92	2.63	3.3	2.5	2.7	3.35	2.5	2.63	3.5	2.5	2.62	3.6	2.5	2.62	3.5	2.5	2.63	3.5	2.63	2.75	3.45	2.4	2.8	3.6	2.4	3.0	3.5	2.3	3.0	3.5	2.25	0	0	1		0	0	1
2025-09-08	15:30	Nijmegen	Excelsior	5	0	H	1	0	H	15	9	10	6	14	14	7	2	1	1	0	0	1.75	4.0	4.33	1.77	3.75	4.4				1.75	3.9	4.46							1.8	4.0	4.5	1.75	3.73	4.39	1.73	2.08	1.76	2.09	1.82	2.08	1.76	1.98	-0.75	1.95	1.85	1.97	1.88	1.97	1.85	1.93	1.75	1.62	4.33	4.75	1.68	4.2	4.4				1.74	4.26	4.45							1.68	4.4	4.8	1.65	4.18	4.59	1.5	2.5	1.58	2.47	1.54	2.55	1.5	2.45	-0.75	1.78	2.03	1.93	1.97	1.83	2.03	1.76	1.91	eredivisie							1.77	3.9	4.5	1.77	2.14									1.69	4.5	5.3	1.56	2.72	1.84	2.14	1.7	3.75	4.5	1.76	3.55	4.5	1.73	3.8	4.4	1.8	3.75	4.4	1.75	3.7	4.33	1.67	4.0	4.5	1.63	4.1	4.7	1.65	4.33	4.75	1.67	4.2	4.4	1.67	4.2	4.4	1	0	0	Nijmegen	1	0	0
2025-09-08	17:45	Feyenoord	NAC Breda	2	0	H	1	0	H	20	7	4	0	10	13	3	4	1	1	0	0	1.18	8.5	11.0	1.18	8.0	14.0				1.16	7.99	13.87							1.18	8.5	15.0	1.16	7.56	13.94	1.4	2.88	1.42	2.82	1.43	3.1	1.39	2.82	-2.0	1.83	1.98	1.83	2.01	1.85	2.0	1.75	1.94	1.38	5.25	7.0	1.35	5.25	8.0				1.27	6.48	9.76							1.38	5.8	9.0	1.33	5.31	8.06	1.62	2.25	1.53	2.62	1.62	2.45	1.55	2.33	-1.5	2.05	1.75	1.83	2.07	2.05	1.93	1.93	1.82	eredivisie							1.18	8.8	15.5	1.44	2.94									1.36	5.7	10.0	1.64	2.52	2.05	1.92	1.14	7.0	15.0	1.14	8.0	15.0	1.15	7.5	15.0	1.18	8.0	13.0	1.17	8.0	13.0	1.33	5.0	8.0	1.28	5.8	8.5	1.33	5.25	9.0	1.33	5.5	8.5	1.33	5.5	8.5	1	0	0	Feyenoord	1	0	0
2025-09-08	19:00	Heerenveen	Volendam	1	1	D	1	0	H	18	5	6	3	8	9	9	2	1	1	0	0	1.57	4.2	5.5	1.6	4.1	5.25				1.58	4.19	5.4							1.6	4.2	5.6	1.57	4.03	5.4	1.7	2.1	1.74	2.12	1.71	2.14	1.68	2.08	-1.0	1.98	1.83	2.0	1.85	2.0	1.83	1.93	1.77	1.65	4.2	5.0	1.61	4.2	5.0				1.65	4.15	5.29							1.65	4.5	5.5	1.59	4.21	5.15	1.57	2.35	1.61	2.41	1.63	2.38	1.56	2.31	-1.0	2.03	1.78	2.1	1.83	2.03	1.9	1.91	1.78	eredivisie							1.61	4.0	5.8	1.75	2.18									1.68	4.3	5.5	1.63	2.56	2.1	1.85	1.53	4.0	5.5	1.57	4.0	5.5	1.55	4.1	5.5	1.6	4.0	5.25	1.6	4.0	5.25	1.57	4.2	5.0	1.55	4.1	5.5	1.57	4.4	5.25	1.61	4.2	5.0	1.6	4.2	5.0	0	0	1		1	0	0
2025-09-08	20:00	PSV Eindhoven	Sparta Rotterdam	6	1	H	3	0	H	22	8	12	4	8	2	8	5	1	1	0	0	1.2	7.5	11.0	1.21	7.0	13.0				1.19	7.25	11.58							1.21	7.5	14.0	1.18	6.99	12.69	1.4	2.88	1.39	2.96	1.4	3.1	1.37	2.88	-2.0	1.95	1.85	1.96	1.88	1.95	1.95	1.82	1.87	1.18	7.5	13.0	1.21	7.5	11.5				1.21	7.59	11.67							1.22	8.0	13.0	1.19	7.34	12.0	1.29	3.6	1.32	3.47	1.33	3.6	1.29	3.41	-2.0	1.88	1.93	1.95	1.93	1.88	2.02	1.77	1.93	eredivisie							1.21	7.4	12.5	1.43	3.05									1.2	8.2	17.5	1.34	3.85	1.9	2.01	1.18	6.5	13.0	1.16	7.5	14.0	1.18	7.0	13.0	1.2	7.0	13.0	1.2	7.0	13.0	1.18	6.5	12.0	1.16	8.0	12.5	1.18	8.0	13.0	1.22	7.0	11.0	1.22	7.0	11.0	1	0	0	PSV Eindhoven	1	0	0
2025-10-08	11:15	Zwolle	Twente	1	0	H	1	0	H	7	16	2	4	14	15	2	4	4	1	0	0	4.0	3.6	1.91	3.7	3.7	1.93				3.75	3.66	1.95							4.0	3.7	1.95	3.73	3.57	1.92	1.75	2.05	1.78	2.06	1.77	2.12	1.72	2.03	0.5	1.88	1.93	1.89	1.96	1.9	1.94	1.84	1.89	3.25	3.6	2.1	3.4	3.7	2.05				3.8	3.78	1.97							3.7	3.75	2.1	3.46	3.63	2.01	1.67	2.15	1.76	2.15	1.73	2.15	1.69	2.07	0.5	1.75	2.05	1.93	1.98	1.88	2.05	1.79	1.95	eredivisie							3.85	3.65	1.93	1.78	2.06									3.75	3.75	2.12	1.79	2.22	1.87	2.12	3.75	3.5	1.91	3.85	3.5	1.92	3.7	3.6	1.91	3.7	3.7	1.95	3.6	3.7	1.91	3.3	3.5	2.05	3.7	3.65	1.9	3.4	3.75	2.05	3.4	3.7	2.05	3.4	3.7	2.05	1	0	0	Zwolle	1	0	0
2025-10-08	13:30	Ajax	Telstar	2	0	H	1	0	H	15	18	7	5	9	12	8	10	0	0	0	0	1.17	7.5	17.0	1.17	8.25	14.5				1.15	8.51	13.84							1.17	8.5	17.0	1.15	7.78	15.16	1.33	3.4	1.33	3.24	1.35	3.4	1.33	3.15	-2.25	1.98	1.83	1.99	1.85	1.98	1.83	1.87	1.8	1.2	6.5	13.0	1.21	7.5	11.5				1.14	9.58	17.61							1.21	8.0	15.0	1.18	7.28	13.06	1.33	3.4	1.33	3.37	1.34	3.4	1.33	3.14	-2.0	1.9	1.9	1.65	2.3	1.9	1.98	1.8	1.91	eredivisie							1.18	8.6	17.0	1.36	3.25									1.2	8.6	17.0	1.39	3.45	1.92	2.0	1.17	7.0	13.0	1.13	8.5	16.0	1.13	8.0	17.0	1.17	8.0	15.0	1.17	8.0	13.0	1.18	6.5	12.0	1.14	8.0	15.0	1.18	7.5	15.0	1.2	7.5	12.0	1.2	7.5	12.0	1	0	0	Ajax	1	0	0
2025-10-08	13:30	AZ Alkmaar	Groningen	4	1	H	3	1	H	10	11	5	8	11	12	6	1	2	2	0	0	1.53	4.33	6.0	1.53	4.4	5.75				1.51	4.37	6.0							1.53	4.5	6.25	1.5	4.32	5.91	1.73	2.08	1.74	2.12	1.73	2.12	1.69	2.07	-1.0	1.85	1.95	1.86	1.99	1.86	1.95	1.78	1.91	1.33	5.5	9.0	1.34	5.25	8.75				1.4	5.0	8.12							1.34	5.75	10.0	1.31	5.34	9.02	1.57	2.35	1.68	2.27	1.57	2.4	1.55	2.33	-1.5	1.9	1.9	2.12	1.79	1.93	1.95	1.87	1.87	eredivisie							1.52	4.3	6.6	1.74	2.12									1.38	5.4	10.0	1.64	2.5	2.0	1.94	1.5	4.2	6.0	1.47	4.5	6.1	1.5	4.2	6.0	1.53	4.4	5.75	1.53	4.4	5.5	1.3	5.0	9.0	1.29	5.5	9.5	1.3	5.5	10.0	1.33	5.25	8.5	1.33	5.25	8.5	1	0	0	AZ Alkmaar	1	0	0
2025-10-08	15:45	Utrecht	Heracles	4	0	H	1	0	H	19	10	7	3	10	16	4	4	1	2	0	0	1.55	4.5	5.5	1.57	4.33	5.5				1.55	4.27	5.67							1.57	4.5	5.8	1.52	4.3	5.55	1.67	2.15	1.71	2.16	1.67	2.25	1.64	2.15	-1.0	1.93	1.88	1.93	1.92	1.93	1.94	1.82	1.88	1.53	4.33	6.0	1.55	4.1	6.0				1.58	4.2	5.98							1.58	4.33	6.5	1.54	4.16	5.79	1.75	2.05	1.84	2.06	1.8	2.06	1.75	2.0	-1.0	1.85	1.95	2.0	1.91	1.94	1.95	1.85	1.84	eredivisie							1.55	4.2	6.0											1.61	4.3	6.6	1.85	2.12	2.02	1.95	1.53	4.0	5.5	1.47	4.5	5.8	1.53	4.2	5.75	1.57	4.33	5.5	1.55	4.33	5.25	1.53	4.0	5.5	1.53	4.2	5.75	1.53	4.33	6.0	1.57	4.0	5.75	1.57	4.0	5.5	1	0	0	Utrecht	1	0	0
2025-03-10	19:00	NAC Breda	Groningen	1	2	A	0	1	A	11	14	4	9	16	14	7	6	3	1	0	0	2.6	3.3	2.63	2.6	3.4	2.6				2.68	3.45	2.7							2.75	3.4	2.64	2.63	3.3	2.6	1.93	1.88	2.0	1.89	2.04	1.91	1.93	1.81	0.0	1.88	1.93	1.94	1.96	1.91	1.93	1.85	1.88	2.6	3.3	2.63	2.6	3.3	2.7				2.62	3.48	2.74							2.75	3.4	2.71	2.61	3.3	2.64	2.03	1.78	1.94	1.94	2.03	1.83	1.97	1.78	0.0	1.9	1.9	1.91	2.0	1.91	1.91	1.86	1.87	eredivisie							2.82	3.5	2.74	2.0	1.97	2.02	1.95							2.72	3.4	2.88	2.06	1.91	1.93	2.05	2.75	3.3	2.63	2.65	3.25	2.55	2.6	3.3	2.6	2.62	3.4	2.6	2.6	3.4	2.6	2.75	3.25	2.63	2.55	3.4	2.6	2.7	3.3	2.63	2.62	3.3	2.7	2.6	3.3	2.62	0	1	0	Groningen	0	1	0
2025-04-10	15:30	Sparta Rotterdam	Ajax	3	3	D	1	1	D	14	17	5	4	8	9	6	4	1	3	0	0	4.1	4.1	1.75	3.9	4.1	1.8				4.16	4.14	1.75							4.1	4.1	1.82	3.97	4.0	1.77	1.53	2.4	1.55	2.46	1.58	2.5	1.53	2.38	0.5	2.05	1.75	2.12	1.75	2.05	1.83	2.02	1.75	4.33	4.1	1.73	4.5	4.0	1.71				4.58	4.27	1.71							4.55	4.2	1.73	4.38	4.04	1.7	1.57	2.35	1.58	2.48	1.58	2.38	1.56	2.32	0.75	1.9	1.9	1.98	1.92	1.94	1.9	1.9	1.86	eredivisie							4.3	4.2	1.8	1.57	2.56	2.14	1.79							5.0	4.2	1.75	1.6	2.52	1.98	1.98	4.0	4.0	1.8	4.0	4.0	1.74	4.0	4.0	1.75	3.9	4.0	1.8	3.9	4.0	1.8	4.33	4.0	1.73	4.4	4.1	1.66	4.5	4.1	1.7	4.5	4.0	1.7	4.4	4.0	1.7	0	0	1		0	0	1
2025-04-10	17:45	For Sittard	Volendam	1	0	H	1	0	H	16	8	3	1	14	13	7	4	1	2	0	0	1.85	3.9	3.8	1.85	3.9	3.9				1.87	3.86	3.86							1.85	3.9	4.0	1.83	3.83	3.87	1.67	2.15	1.7	2.19	1.67	2.25	1.63	2.18	-0.5	1.85	1.95	1.88	1.98	1.85	2.0	1.8	1.95	1.75	4.0	4.33	1.8	3.8	4.2				1.89	3.99	3.89							1.85	4.0	4.4	1.79	3.88	4.08	1.65	2.2	1.69	2.26	1.67	2.28	1.62	2.2	-0.75	1.95	1.85	2.17	1.76	2.05	1.85	1.96	1.79	eredivisie							1.89	3.95	4.0	1.71	2.26	1.89	2.06							1.88	4.0	4.4	1.7	2.36	2.11	1.85	1.83	3.75	4.0	1.78	3.9	4.0	1.85	3.75	3.8	1.85	3.9	3.9	1.83	3.9	3.8	1.8	3.75	4.2	1.76	3.95	4.0	1.75	4.0	4.4	1.85	3.8	3.9	1.85	3.75	3.9	1	0	0	For Sittard	1	0	0
2025-04-10	19:00	Zwolle	PSV Eindhoven	0	4	A	0	2	A	4	19	0	9	7	8	4	8	0	3	1	0	7.0	5.0	1.4	6.5	5.25	1.41				6.71	5.32	1.39							7.5	5.4	1.41	6.95	5.18	1.38	1.4	2.88	1.38	2.95	1.41	3.0	1.39	2.83	1.5	1.75	2.05	1.78	2.05	1.87	2.05	1.79	1.97	6.5	5.5	1.4	5.75	5.25	1.46				6.37	5.48	1.43							7.0	5.5	1.46	6.13	5.23	1.42	1.3	3.5	1.32	3.54	1.34	3.5	1.31	3.26	1.25	1.95	1.85	1.99	1.91	1.98	1.85	1.95	1.79	eredivisie							7.4	5.5	1.43	1.43	3.1	1.81	2.05							7.2	5.6	1.45	1.36	3.75	2.07	1.9	7.5	5.0	1.4	7.5	5.3	1.34	7.0	5.25	1.36	6.5	5.25	1.4	6.5	5.25	1.4	6.5	5.0	1.44	6.1	5.3	1.4	7.0	5.25	1.4	5.75	5.25	1.44	5.75	5.25	1.44	0	1	0	PSV Eindhoven	0	1	0
2025-04-10	20:00	Heerenveen	Excelsior	2	1	H	0	1	A	19	9	4	2	6	17	7	3	1	3	0	0	1.6	4.33	5.0	1.66	4.2	4.6				1.57	4.41	5.14							1.67	4.5	5.2	1.6	4.28	4.9	1.53	2.4	1.53	2.51	1.55	2.55	1.51	2.43	-1.0	1.98	1.83	2.01	1.86	2.0	1.91	1.93	1.84	1.67	4.1	4.5	1.66	4.1	4.75				1.66	4.26	4.98							1.7	4.1	5.0	1.66	4.04	4.65	1.57	2.35	1.6	2.44	1.6	2.4	1.56	2.32	-0.75	1.85	1.95	1.85	2.07	1.85	1.98	1.82	1.93	eredivisie							1.62	4.4	5.3	1.58	2.54	2.01	1.87							1.73	4.4	5.0	1.62	2.52	1.91	2.06	1.62	4.2	5.0	1.53	4.5	5.2	1.57	4.33	5.0	1.67	4.2	4.6	1.65	4.2	4.6	1.67	4.0	5.0	1.63	4.1	4.7	1.7	4.1	4.6	1.67	4.0	4.8	1.65	4.0	4.6	1	0	0	Heerenveen	0	1	0
2025-05-10	11:15	Twente	Heracles	2	1	H	0	1	A	21	7	9	2	5	8	4	3	0	2	1	0	1.33	5.5	8.5	1.35	5.5	7.75				1.32	5.64	8.3							1.35	5.66	8.5	1.32	5.5	8.13	1.44	2.7	1.45	2.75	1.45	2.8	1.42	2.69	-1.5	1.85	1.95	1.9	1.95	1.85	1.96	1.83	1.91	1.3	5.75	9.0	1.31	5.75	9.0				1.33	5.74	8.77							1.31	6.0	11.0	1.28	5.72	9.27	1.48	2.6	1.51	2.66	1.5	2.8	1.45	2.62	-1.5	1.78	2.03	1.94	1.96	1.85	2.05	1.77	1.98	eredivisie							1.32	5.7	9.0	1.52	2.88	1.75	1.83							1.31	6.2	12.0	1.51	2.88	1.88	2.11	1.33	5.5	8.5	1.29	5.6	8.5	1.3	5.5	8.5	1.35	5.5	7.5	1.35	5.5	7.5	1.29	5.5	10.0	1.27	6.0	9.0	1.25	6.0	11.0	1.3	5.75	9.0	1.3	5.5	8.5	1	0	0	Twente	0	1	0
2025-05-10	13:30	Feyenoord	Utrecht	3	2	H	1	0	H	22	10	10	4	7	10	12	3	1	0	0	0	1.48	4.5	6.0	1.47	4.6	6.25				1.46	4.57	6.53							1.5	4.75	6.6	1.46	4.56	6.26	1.62	2.25	1.64	2.27	1.62	2.38	1.59	2.25	-1.25	2.03	1.78	2.05	1.81	2.03	1.86	1.95	1.79	1.42	4.75	6.5	1.49	4.6	6.0				1.5	4.62	6.51							1.49	4.8	7.0	1.44	4.62	6.47	1.57	2.35	1.66	2.31	1.6	2.38	1.57	2.31	-1.25	1.9	1.9	2.12	1.79	1.97	1.9	1.92	1.83	eredivisie							1.52	4.7	6.6	1.21	1.43	1.97	1.67							1.47	4.9	8.2	1.61	2.56	2.03	1.92	1.5	4.5	6.5	1.42	4.7	6.5	1.44	4.5	6.5	1.48	4.6	6.0	1.48	4.6	6.0	1.44	4.6	7.0	1.44	4.5	6.5	1.44	4.8	7.0	1.48	4.6	6.0	1.48	4.6	6.0	1	0	0	Feyenoord	1	0	0
2025-05-10	15:45	AZ Alkmaar	Telstar	2	1	H	2	0	H	27	14	10	5	7	13	6	4	3	2	0	0	1.3	6.0	8.5	1.29	6.0	9.0				1.29	6.29	7.75							1.3	6.1	9.5	1.27	5.94	9.08	1.36	3.1	1.37	3.04	1.4	3.1	1.37	2.93	-1.75	1.98	1.83	2.02	1.83	1.98	1.87	1.93	1.83	1.36	5.25	7.5	1.35	5.25	7.75				1.34	5.9	8.13							1.36	5.75	9.0	1.33	5.37	8.04	1.5	2.5	1.53	2.6	1.53	2.6	1.49	2.51	-1.5	1.98	1.83	1.98	1.93	1.98	1.94	1.9	1.85	eredivisie							1.33	6.0	9.8	1.32	3.2									1.37	6.0	9.4	1.55	2.76	2.04	1.9	1.29	6.0	9.5	1.25	6.1	9.5	1.25	6.0	9.5	1.28	6.0	9.0	1.28	6.0	9.0	1.3	5.5	9.0	1.3	5.6	8.0	1.33	5.5	8.5	1.33	5.5	8.0	1.33	5.25	8.0	1	0	0	AZ Alkmaar	1	0	0
2025-05-10	19:00	Go Ahead Eagles	Nijmegen	1	1	D	0	1	A	8	17	3	7	13	18	11	4	1	4	0	1	2.55	4.0	2.5	2.4	4.0	2.55				2.56	3.88	2.49							2.55	4.0	2.63	2.44	3.86	2.51	1.44	2.7	1.42	2.86	1.44	2.8	1.41	2.74	0.0	1.93	1.88	1.95	1.89	1.93	1.95	1.86	1.85	2.55	4.1	2.45	2.5	3.9	2.45				2.6	4.01	2.51							2.55	4.1	2.6	2.5	3.89	2.46	1.36	3.1	1.4	3.04	1.4	3.1	1.36	2.96	0.0	1.95	1.85	1.99	1.92	1.95	1.91	1.89	1.84	eredivisie							2.68	4.0	2.52	1.44	2.94									2.68	4.1	2.56	1.41	3.3	2.04	1.95	2.5	3.75	2.63	2.45	3.9	2.48	2.45	3.9	2.45	2.4	4.0	2.6	2.37	3.9	2.5	2.5	3.75	2.6	2.5	3.9	2.4	2.55	4.1	2.45	2.5	3.9	2.45	2.5	3.9	2.45	0	0	1		0	1	0
2025-01-11	15:30	Ajax	Heerenveen	1	1	D	1	0	H	9	17	2	7	6	16	5	4	0	2	0	0	1.57	4.5	5.0	1.55	4.75	5.0													1.57	4.75	5.6	1.53	4.52	5.12	1.44	2.7			1.44	2.75	1.42	2.68	-1.0	1.88	1.93			1.9	2.05	1.82	1.94	1.53	4.5	5.5	1.55	4.6	5.25													1.55	4.75	5.5	1.52	4.55	5.3	1.48	2.6			1.48	2.75	1.43	2.67	-1.0	1.83	1.98			1.85	2.04	1.79	1.97	eredivisie							1.58	4.9	5.4	1.47	2.92	1.89	2.01							1.56	4.5	7.0	1.5	2.92	1.93	2.06	1.5	4.2	5.0	1.48	4.7	5.6	1.53	4.4	5.25	1.55	4.6	5.0	1.53	4.6	5.0	1.5	4.2	5.0	1.48	4.7	5.5	1.53	4.6	5.5	1.55	4.6	5.25	1.53	4.6	5.25	0	0	1		1	0	0
2025-01-11	17:45	NAC Breda	Go Ahead Eagles	1	0	H	0	0	D	8	7	2	2	10	8	2	2	4	2	0	0	2.35	3.6	2.8	2.35	3.6	2.8													2.37	3.75	2.9	2.32	3.59	2.78	1.65	2.2			1.65	2.33	1.6	2.22	-0.25	2.0	1.8			2.02	1.8	1.98	1.76	2.2	3.7	3.1	2.25	3.6	3.0													2.26	3.75	3.1	2.19	3.58	3.03	1.65	2.2			1.65	2.3	1.61	2.21	-0.25	1.9	1.9			1.9	1.94	1.86	1.88	eredivisie							2.42	3.6	3.0	1.69	2.3	2.1	1.84							2.28	3.8	3.25	1.66	2.42	1.98	1.98	2.25	3.4	2.75	2.3	3.75	2.7	2.3	3.6	2.8	2.37	3.6	2.8	2.37	3.6	2.8	2.15	3.4	2.88	2.1	3.65	3.1	2.2	3.75	3.0	2.25	3.6	3.0	2.25	3.6	3.0	1	0	0	NAC Breda	0	0	1
2025-01-11	19:00	Feyenoord	Volendam	3	1	H	2	0	H	37	9	9	1	4	8	10	1	0	0	0	0	1.11	9.0	21.0	1.11	11.0	19.0													1.11	11.0	21.0	1.1	9.64	18.63	1.25	4.0			1.25	4.2	1.23	3.87	-2.75	2.05	1.75			2.05	1.85	1.98	1.77	1.11	9.0	21.0	1.13	9.5	19.5													1.13	10.5	22.0	1.11	9.32	18.34	1.22	4.2			1.25	4.2	1.23	3.87	-2.5	1.85	1.95			1.9	1.95	1.84	1.89	eredivisie							1.14	11.0	21.0	1.26	4.2	2.05	1.78							1.13	12.0	27.0	1.27	4.4	1.94	2.01	1.09	8.0	15.0	1.09	10.0	20.0	1.08	10.0	21.0	1.11	11.0	19.0	1.11	10.0	19.0	1.09	8.0	15.0	1.11	9.5	16.0	1.1	10.5	22.0	1.12	9.5	19.0	1.12	9.5	19.0	1	0	0	Feyenoord	1	0	0
2025-01-11	20:00	Telstar	Excelsior	2	2	D	2	1	H	17	21	8	8	8	15	3	5	0	2	0	0	2.25	3.6	2.9	2.2	3.7	3.0													2.28	3.7	3.1	2.21	3.58	2.98	1.67	2.15			1.67	2.35	1.61	2.2	-0.25	1.95	1.85			1.95	1.93	1.88	1.86	2.1	3.6	3.2	2.1	3.6	3.3													2.15	3.7	3.45	2.11	3.5	3.26	1.67	2.15			1.7	2.2	1.65	2.12	-0.25	1.83	1.98			1.83	2.02	1.79	1.95	eredivisie							2.26	3.75	2.98	1.59	1.67	1.96	1.88							2.24	3.65	3.45	1.78	2.2	1.95	2.02	2.15	3.4	2.88	2.12	3.7	3.1	2.2	3.6	3.0	2.2	3.7	3.0	2.2	3.6	3.0	2.1	3.4	3.0	2.05	3.45	3.45	2.15	3.7	3.2	2.1	3.6	3.3	2.1	3.5	3.25	0	0	1		1	0	0
2025-02-11	11:15	Heracles	Zwolle	8	2	H	4	1	H	23	7	11	4	16	11	4	2	0	3	0	1	2.4	3.5	2.8	2.4	3.5	2.8													2.48	3.5	2.9	2.38	3.38	2.82	1.75	2.05			1.8	2.05	1.74	2.0	-0.25	2.05	1.75			2.05	1.79	2.0	1.76	2.55	3.6	2.55	2.55	3.5	2.6													2.6	3.75	2.75	2.52	3.47	2.62	1.65	2.2			1.65	2.3	1.62	2.19	0.0	1.93	1.88			1.93	1.95	1.85	1.86	eredivisie							2.5	3.4	2.84	1.79	2.12									2.74	3.6	2.76	1.71	2.38	1.98	2.0	2.38	3.25	2.63	2.3	3.45	2.85				2.4	3.5	2.8	2.4	3.4	2.8	2.4	3.3	2.6	2.45	3.45	2.7	2.55	3.75	2.55	2.6	3.5	2.62	2.6	3.4	2.6	1	0	0	Heracles	1	0	0
2025-02-11	13:30	Groningen	Twente	1	1	D	0	0	D	18	10	7	4	7	12	7	3	2	4	0	0	2.75	3.5	2.45	2.8	3.4	2.4													2.8	3.5	2.5	2.76	3.35	2.42	1.85	1.95			1.9	2.0	1.81	1.91	0.0	2.03	1.78			2.03	1.83	1.98	1.78	3.0	3.4	2.38	2.95	3.4	2.35													3.0	3.5	2.38	2.93	3.38	2.32	1.75	2.05			1.8	2.05	1.76	1.98	0.25	1.78	2.03			1.83	2.03	1.79	1.91	eredivisie							3.05	3.4	2.48	1.89	1.25									3.15	3.55	2.44	1.84	2.16	1.88	2.1	2.75	3.1	2.38	2.75	3.4	2.43				2.8	3.5	2.4	2.8	3.4	2.4	2.8	3.25	2.25	3.0	3.4	2.28	2.9	3.5	2.38	2.9	3.4	2.37	2.9	3.4	2.3	0	0	1		0	0	1
2025-02-11	13:30	Sparta Rotterdam	AZ Alkmaar	0	1	A	0	0	D	10	20	3	14	7	12	6	9	1	1	0	0	4.1	4.1	1.75	3.9	4.0	1.82													4.2	4.2	1.82	3.94	4.02	1.75	1.53	2.4			1.53	2.5	1.5	2.43	0.75	1.85	1.95			1.86	1.95	1.84	1.93	4.1	4.2	1.73	4.2	4.1	1.73													4.65	4.25	1.75	4.24	4.08	1.7	1.48	2.6			1.5	2.63	1.47	2.54	0.75	1.9	1.9			1.92	1.9	1.88	1.86	eredivisie							4.2	4.0	1.82	1.55	2.56									4.7	4.3	1.79	1.53	2.8	2.0	1.98	3.75	3.75	1.73	4.0	4.1	1.73				3.9	4.0	1.8	3.9	3.9	1.8	4.2	3.75	1.67	4.1	4.25	1.68	4.33	4.2	1.73	4.2	4.0	1.75	4.2	4.0	1.73	0	1	0	AZ Alkmaar	0	0	1
2025-02-11	15:45	Utrecht	Nijmegen	1	0	H	1	0	H	11	16	4	5	11	15	2	2	1	2	0	0	2.15	3.6	3.25	2.15	3.7	3.1													2.15	3.7	3.4	2.1	3.52	3.21	1.65	2.2			1.65	2.3	1.59	2.23	-0.25	1.85	1.95			1.85	2.0	1.8	1.96	2.2	3.5	3.2	2.2	3.6	3.1													2.2	3.75	3.25	2.18	3.52	3.09	1.62	2.25			1.62	2.4	1.58	2.27	-0.25	1.9	1.9			1.9	1.96	1.85	1.89	eredivisie							2.12	3.65	3.4	1.63	1.25									2.28	3.7	3.35	1.66	2.44	1.97	2.0	2.05	3.5	3.0	2.04	3.5	3.35				2.15	3.7	3.1	2.1	3.7	3.1	2.15	3.4	2.88	2.1	3.5	3.25	2.2	3.75	3.0	2.2	3.6	3.1	2.2	3.5	3.1	1	0	0	Utrecht	1	0	0
2025-07-11	19:00	Twente	Telstar	0	0	D	0	0	D	27	6	7	0	13	4	10	2	4	2	1	1	1.33	5.5	8.0	1.35	5.25	8.0													1.35	5.6	9.0	1.32	5.32	8.11	1.53	2.4			1.55	2.6	1.51	2.43	-1.5	1.93	1.88			1.93	1.91	1.89	1.84	1.33	5.5	8.0	1.35	5.5	8.0													1.35	5.75	9.5	1.32	5.41	8.22	1.5	2.5			1.5	2.6	1.48	2.5	-1.5	1.93	1.88			1.93	1.91	1.87	1.86	eredivisie							1.36	6.0	9.4	1.59	2.62	2.03	1.92							1.36	5.8	9.8	1.54	2.78	2.01	1.95	1.29	4.6	8.5	1.3	5.6	8.0	1.3	5.25	9.0	1.35	5.25	8.0	1.35	5.25	8.0	1.29	5.0	8.0	1.29	5.6	8.5	1.3	5.75	9.5	1.35	5.5	8.0	1.35	5.25	8.0	0	0	1		0	0	1
2025-08-11	15:30	Excelsior	Heracles	1	2	A	1	0	H	12	10	5	5	14	13	6	13	1	2	0	0	1.91	4.1	3.5	1.95	3.9	3.5													1.96	4.1	3.7	1.92	3.81	3.52	1.65	2.2			1.66	2.2	1.62	2.18	-0.5	1.9	1.9			1.96	1.9	1.88	1.84	1.85	4.0	3.75	1.88	3.9	3.75													1.91	4.0	3.9	1.86	3.84	3.72	1.53	2.4			1.57	2.4	1.54	2.35	-0.5	1.8	2.0			1.94	2.0	1.83	1.89	eredivisie							1.98	3.9	3.9	1.67	2.32	1.98	1.96							1.96	4.0	4.0	1.61	2.58	1.96	2.02	1.9	3.5	3.5	1.94	3.75	3.45	1.9	3.75	3.6	1.95	3.9	3.5	1.95	3.8	3.5	1.83	3.6	3.6	1.88	3.8	3.6	1.85	4.0	3.9	1.91	3.9	3.75	1.85	3.8	3.7	0	1	0	Heracles	1	0	0
2025-08-11	17:45	Volendam	NAC Breda	2	1	H	0	1	A	12	12	5	2	13	9	8	6	2	2	0	2	2.63	3.8	2.45	2.55	3.7	2.5													2.66	3.8	2.5	2.57	3.63	2.46	1.65	2.2			1.65	2.25	1.61	2.19	0.0	2.0	1.8			2.0	1.85	1.91	1.81	2.8	3.7	2.3	2.75	3.6	2.4													2.8	3.7	2.45	2.72	3.55	2.39	1.62	2.25			1.66	2.25	1.63	2.17	0.25	1.8	2.0			1.8	2.14	1.71	2.0	eredivisie							2.76	3.8	2.58	1.68	2.32	2.06	1.9							3.0	3.7	2.5	1.74	2.28	1.84	2.16	2.5	3.4	2.4	2.48	3.8	2.48	2.6	3.6	2.45	2.6	3.7	2.5	2.5	3.7	2.5	2.63	3.3	2.38	2.65	3.55	2.45	2.7	3.7	2.45	2.75	3.6	2.4	2.75	3.6	2.37	1	0	0	Volendam	0	1	0
2025-08-11	19:00	For Sittard	Heerenveen	2	0	H	0	0	D	10	18	5	8	14	12	4	5	2	1	0	0	3.0	3.7	2.2	2.9	3.7	2.25													3.0	3.7	2.26	2.93	3.61	2.22	1.67	2.15			1.67	2.25	1.63	2.17	0.25	1.85	1.95			1.87	1.95	1.83	1.86	3.1	3.5	2.25	2.9	3.6	2.3													3.1	3.7	2.3	2.96	3.52	2.25	1.67	2.15			1.67	2.2	1.66	2.12	0.25	1.85	1.95			1.85	1.97	1.82	1.87	eredivisie							3.15	3.55	2.32	1.67	2.28	1.89	2.03							3.15	3.6	2.4	1.75	2.28	1.9	2.08	2.88	3.4	2.15	3.0	3.6	2.18	2.88	3.6	2.25	2.9	3.7	2.25	2.87	3.7	2.25	2.88	3.3	2.2	2.95	3.55	2.25	3.0	3.7	2.25	2.9	3.6	2.3	2.9	3.5	2.3	1	0	0	For Sittard	0	0	1
2025-08-11	20:00	Zwolle	Sparta Rotterdam	1	0	H	1	0	H	11	14	3	1	9	15	3	6	2	4	0	1	2.5	3.6	2.63	2.45	3.6	2.6													2.6	3.6	2.66	2.49	3.49	2.61	1.65	2.2			1.68	2.25	1.63	2.16	0.0	1.85	1.95			1.85	1.95	1.82	1.9	2.55	3.6	2.6	2.65	3.6	2.45													2.74	3.7	2.6	2.63	3.53	2.48	1.62	2.25			1.63	2.25	1.61	2.2	0.0	1.9	1.9			2.0	1.9	1.89	1.83	eredivisie							2.64	3.65	2.8	1.69	2.3	1.92	2.03							2.92	3.75	2.52	1.69	2.38	2.15	1.85	2.4	3.3	2.6	2.55	3.4	2.6	2.45	3.6	2.6	2.5	3.6	2.62	2.45	3.6	2.6	2.6	3.3	2.4	2.65	3.45	2.48	2.6	3.7	2.55	2.7	3.6	2.45	2.62	3.6	2.45	1	0	0	Zwolle	1	0	0
2025-09-11	11:15	Utrecht	Ajax	2	1	H	1	0	H	16	10	6	4	15	10	6	4	1	0	0	0	2.7	3.7	2.45	2.7	3.6	2.4													2.75	3.7	2.45	2.7	3.54	2.4	1.62	2.25			1.62	2.25	1.6	2.23	0.0	2.03	1.78			2.03	1.83	1.97	1.76	2.8	3.6	2.38	2.8	3.5	2.4													2.8	3.7	2.48	2.74	3.48	2.41	1.67	2.15			1.67	2.2	1.64	2.15	0.0	2.08	1.73			2.08	1.83	2.0	1.74	eredivisie							2.8	3.9	2.54	1.63	2.4	2.09	1.89							2.9	3.75	2.52	1.75	2.3	2.12	1.86	2.63	3.4	2.3	2.7	3.45	2.43	2.7	3.6	2.38	2.7	3.6	2.45	2.7	3.6	2.4	2.63	3.3	2.38	2.7	3.45	2.45	2.8	3.7	2.38	2.8	3.5	2.4	2.75	3.5	2.4	1	0	0	Utrecht	1	0	0
2025-09-11	13:30	Nijmegen	Groningen	2	0	H	0	0	D	13	10	5	4	6	13	9	3	1	1	0	0	1.95	3.8	3.6	1.93	3.8	3.6													2.0	3.8	3.8	1.94	3.65	3.57	1.67	2.15			1.71	2.2	1.66	2.12	-0.5	1.95	1.85			2.0	1.91	1.9	1.82	2.0	3.9	3.4	2.0	3.6	3.5													2.05	3.9	3.65	1.98	3.62	3.49	1.62	2.25			1.68	2.25	1.64	2.16	-0.5	2.0	1.8			2.0	1.86	1.94	1.79	eredivisie							2.02	3.55	3.75	1.74	2.16	2.02	1.87							2.12	3.65	3.7	1.72	2.32	2.12	1.87	1.9	3.5	3.5	2.0	3.65	3.4	1.93	3.7	3.6	1.95	3.8	3.6	1.91	3.8	3.5	1.95	3.5	3.3	1.93	3.65	3.6	2.0	3.8	3.5	2.0	3.6	3.5	2.0	3.6	3.5	1	0	0	Nijmegen	0	0	1
2025-09-11	15:45	AZ Alkmaar	PSV Eindhoven	1	5	A	1	3	A	8	15	3	6	9	10	4	6	2	1	0	0	3.0	4.0	2.1	2.95	4.0	2.15													3.15	4.0	2.15	2.99	3.93	2.08	1.4	2.88			1.4	2.95	1.38	2.83	0.25	1.95	1.85			2.02	1.85	1.94	1.76	3.4	4.33	1.85	3.4	4.1	1.9													3.6	4.35	1.95	3.38	4.11	1.89	1.33	3.4			1.35	3.4	1.32	3.16	0.5	1.95	1.85			1.95	1.97	1.86	1.87	eredivisie							3.05	4.2	2.18	1.42	3.0									3.65	4.2	1.98	1.35	3.65	2.0	1.98	3.0	3.6	2.05	3.15	4.0	1.98	3.0	3.9	2.1	3.0	4.0	2.15	2.9	3.9	2.15	3.2	4.0	1.83	3.3	4.0	1.95	3.3	4.2	1.95	3.4	4.2	1.91	3.4	4.2	1.91	0	1	0	PSV Eindhoven	0	1	0
2025-09-11	19:00	Go Ahead Eagles	Feyenoord	2	1	H	1	0	H	9	20	5	6	7	10	4	7	2	1	0	0	5.25	4.75	1.53	5.0	4.6	1.55													5.5	4.75	1.57	5.34	4.55	1.51	1.48	2.6			1.48	2.8	1.45	2.6	1.0	1.98	1.83			2.04	1.85	1.97	1.78	6.25	5.25	1.42	6.25	5.0	1.44													6.5	5.25	1.44	6.27	4.94	1.42	1.4	2.88			1.41	2.9	1.4	2.78	1.25	1.98	1.83			1.98	1.89	1.89	1.85	eredivisie							5.8	5.0	1.54	1.48	2.74									7.4	5.2	1.48	1.46	3.05	1.97	1.96	5.5	4.2	1.44	5.5	4.75	1.48	5.5	4.5	1.5	5.0	4.6	1.57	5.0	4.6	1.55	6.5	4.6	1.36	6.4	4.75	1.42	6.5	5.0	1.44	6.0	5.0	1.44	6.0	5.0	1.44	1	0	0	Go Ahead Eagles	1	0	0
2025-02-12	13:30	Ajax	Groningen	2	0	H	1	0	H	13	17	6	7	14	10	3	5	1	0	0	0	1.67	4.2	4.33	1.7	4.0	4.6				1.74	4.07	4.32							1.73	4.2	4.6	1.69	3.91	4.49	1.67	2.15	1.68	2.2	1.67	2.2	1.65	2.13	-0.75	1.88	1.93	1.93	1.92	1.9	22.0	1.86	4.4	1.95	3.75	3.5	1.98	3.7	3.6				2.01	3.71	3.76							2.0	3.8	3.95	1.94	3.68	3.58	1.7	2.1	1.75	2.16	1.7	2.25	1.65	2.13	-0.5	1.95	1.85	2.01	1.89	1.95	1.98	1.88	1.85	eredivisie							1.76	4.2	4.9	1.7	2.24									2.14	1.01	1.01	1.89	2.1	2.14	1.85	1.67	3.75	4.33	1.7	3.85	4.6	1.67	3.9	4.6	1.7	4.0	4.6	1.7	4.0	4.5	1.9	3.5	3.5	1.82	3.8	3.95	2.0	3.8	3.5	2.0	3.7	3.6	1.95	3.6	3.5	1	0	0	Ajax	1	0	0
2025-05-12	19:00	Excelsior	Groningen	0	2	A	0	0	D	16	20	6	8	10	9	5	5	2	3	1	1	3.4	3.5	2.1	3.5	3.5	2.05				3.44	3.58	2.16							3.5	3.6	2.1	3.36	3.49	2.06	1.85	1.95	1.87	2.03	1.85	1.95	1.8	1.93	0.25	2.0	1.8	2.04	1.88	2.0	1.82	1.97	1.74	3.6	3.6	2.0	3.5	3.5	2.05				3.71	3.53	2.08							3.7	3.6	2.08	3.56	3.42	2.02	1.85	1.95	1.88	2.02	1.88	1.95	1.82	1.9	0.5	1.83	1.98	1.83	2.09	1.83	2.05	1.75	1.96	eredivisie							3.6	3.6	2.18	1.9	2.06	2.09	1.89							3.85	3.6	2.14	1.91	2.04	1.86	2.13	3.25	3.3	2.0	3.3	3.5	2.07	3.3	3.5	2.1	3.5	3.5	2.05	3.5	3.5	2.05	3.5	3.3	1.95	3.65	3.3	2.0	3.6	3.5	2.05	3.5	3.5	2.05	3.5	3.5	2.05	0	1	0	Groningen	0	0	1
2025-06-12	15:30	Heerenveen	PSV Eindhoven	0	2	A	0	2	A	12	11	3	7	13	5	7	3	1	0	0	0	4.5	5.0	1.57	4.75	4.75	1.57				4.38	5.03	1.59							5.0	5.0	1.6	4.63	4.71	1.56	1.3	3.5	1.33	3.38	1.33	3.5	1.3	3.28	1.0	1.9	1.9	1.94	1.93	1.94	1.91	1.89	1.86	3.4	4.33	1.85	3.5	4.33	1.83				3.62	4.37	1.88							3.95	4.4	1.96	3.53	4.24	1.83	1.33	3.4	1.34	3.36	1.33	3.4	1.31	3.27	0.5	1.93	1.88	2.02	1.89	1.93	1.95	1.89	1.81	eredivisie							4.7	5.2	1.64	1.34	3.5	1.96	1.92							3.85	4.4	1.92	1.37	3.55	2.07	1.9	4.6	4.33	1.53	4.7	4.9	1.54	4.8	4.6	1.55	4.8	4.8	1.57	4.8	4.6	1.57	3.4	4.0	1.8	3.9	4.25	1.72	3.5	4.2	1.9	3.5	4.33	1.85	3.5	4.33	1.83	0	1	0	PSV Eindhoven	0	1	0
2025-06-12	17:45	For Sittard	Ajax	1	3	A	1	1	D	26	13	7	4	13	9	4	4	3	4	1	1	4.33	3.9	1.75	4.2	3.9	1.78				4.23	3.97	1.77							4.5	4.0	1.82	4.18	3.84	1.76	1.65	2.2	1.65	2.29	1.65	2.2	1.62	2.18	0.75	1.85	1.95	1.88	2.0	1.87	1.95	1.83	1.92	3.6	3.6	2.0	3.5	3.6	2.0				3.64	3.66	2.06							3.8	3.7	2.0	3.55	3.57	1.98	1.7	2.1	1.76	2.15	1.73	2.14	1.68	2.08	0.5	1.8	2.0	1.85	2.07	1.83	2.0	1.77	1.94	eredivisie							4.7	4.1	1.78	1.68	2.28	1.92	2.01							3.75	3.75	2.12	1.79	2.22	1.87	2.12	4.0	3.6	1.73	4.5	3.75	1.72	4.2	3.9	1.73	4.2	3.9	1.8	4.2	3.8	1.8	3.4	3.4	1.95	3.75	3.6	1.9	3.5	3.7	2.0	3.5	3.6	2.0	3.5	3.6	2.0	0	1	0	Ajax	0	0	1
2025-06-12	19:00	Heracles	Telstar	1	1	D	0	0	D	15	11	6	2	15	12	6	6	3	2	0	0	2.2	3.75	2.9	2.2	3.7	3.0				2.26	3.79	2.91							2.26	3.75	3.1	2.19	3.62	2.98	1.65	2.2	1.65	2.29	1.65	2.25	1.62	2.19	-0.25	1.95	1.85	2.0	1.88	1.95	1.91	1.89	1.85	2.3	3.75	2.75	2.3	3.7	2.8				2.37	3.69	2.94							2.38	3.75	2.95	2.3	3.59	2.82	1.62	2.25	1.65	2.33	1.62	2.25	1.6	2.22	-0.25	2.03	1.78	2.07	1.85	2.03	1.85	1.97	1.78	eredivisie							2.28	3.75	3.1	1.68	2.28	1.99	1.9							2.42	3.85	2.96	1.68	2.42	2.12	1.87	2.15	3.4	2.88	2.14	3.6	3.1	2.2	3.6	3.0	2.2	3.7	3.0	2.15	3.7	3.0	2.25	3.4	2.75	2.23	3.6	2.9	2.3	3.7	2.88	2.3	3.7	2.8	2.3	3.6	2.8	0	0	1		0	0	1
2025-06-12	20:00	Feyenoord	Zwolle	6	1	H	4	0	H	25	7	12	4	17	12	8	4	1	1	0	0	1.18	8.0	13.0	1.17	8.25	14.5				1.16	8.52	12.32							1.18	8.5	15.0	1.16	7.72	13.72	1.3	3.5	1.28	3.63	1.3	3.65	1.28	3.43	-2.25	1.98	1.83	1.99	1.87	1.98	1.96	1.88	1.86	1.17	8.5	13.0	1.16	8.75	15.0				1.15	9.73	14.96							1.17	9.0	17.0	1.14	8.13	14.66	1.25	4.0	1.25	4.03	1.29	4.0	1.25	3.66	-2.5	2.03	1.78	2.06	1.82	2.06	1.78	2.01	1.74	eredivisie							1.19	8.4	16.5	1.32	3.6	1.98	1.88							1.17	10.0	18.5	1.3	4.2	2.16	1.83	1.14	7.0	12.0	1.14	8.0	15.0	1.14	8.0	15.0	1.17	8.0	15.0	1.17	8.0	13.0	1.13	7.0	13.0	1.14	8.0	15.0	1.13	9.0	17.0	1.15	8.5	15.0	1.15	8.5	15.0	1	0	0	Feyenoord	1	0	0
2025-07-12	11:15	Utrecht	Twente	1	1	D	0	0	D	12	21	4	6	8	8	6	8	1	2	0	0	2.45	3.6	2.7	2.45	3.6	2.7				2.47	3.55	2.75							2.48	3.6	2.76	2.44	3.45	2.71	1.73	2.08	1.77	2.07	1.8	2.08	1.73	2.01	0.0	1.8	2.0	1.83	2.04	1.83	2.0	1.77	1.95	2.45	3.5	2.75	2.5	3.4	2.75				2.59	3.4	2.84							2.54	3.5	2.8	2.48	3.37	2.73	1.83	1.98	1.94	1.94	1.86	1.98	1.82	1.89	0.0	1.78	2.03	1.86	2.05	1.85	2.03	1.77	1.95	eredivisie							2.5	3.5	2.76	1.79	2.1	1.83	2.02							2.6	3.55	2.92	1.98	1.98	1.88	2.09	2.38	3.25	2.63	2.45	3.4	2.75	2.45	3.5	2.63	2.45	3.6	2.7	2.45	3.6	2.7	2.4	3.2	2.63	2.5	3.4	2.7	2.5	3.5	2.75	2.5	3.4	2.75	2.5	3.4	2.7	0	0	1		0	0	1
2025-07-12	13:30	AZ Alkmaar	Go Ahead Eagles	2	2	D	2	1	H	23	12	7	7	8	8	11	4	2	1	0	0	1.42	5.0	6.5	1.42	5.0	6.5				1.42	5.09	6.32							1.44	5.1	6.8	1.4	4.96	6.47	1.44	2.7	1.44	2.79	1.44	2.9	1.39	2.79	-1.25	1.85	1.95	1.9	1.95	1.85	1.97	1.81	1.93	1.3	5.75	8.5	1.34	5.5	8.0				1.33	5.78	8.65							1.34	6.0	9.0	1.31	5.54	8.02	1.36	3.1	1.38	3.18	1.37	3.1	1.35	2.98	-1.5	1.83	1.98	1.88	2.03	1.9	1.98	1.82	1.91	eredivisie							1.45	5.2	7.0	1.44	2.92	1.79	1.82							1.38	5.9	9.2	1.4	3.4	1.92	2.02	1.36	4.6	6.5	1.4	5.0	6.5	1.4	5.0	6.5	1.44	5.0	6.5	1.4	5.0	6.5	1.29	5.0	7.5	1.32	5.4	7.5	1.3	6.0	9.0	1.33	5.5	8.0	1.33	5.5	8.0	0	0	1		1	0	0
2025-07-12	13:30	Volendam	Nijmegen	2	3	A	1	0	H	13	16	5	7	7	17	4	8	2	5	0	0	4.0	4.0	1.8	3.75	4.1	1.82				3.84	4.19	1.81							4.0	4.2	1.83	3.78	4.03	1.8	1.44	2.7	1.45	2.74	1.47	2.7	1.43	2.64	0.5	2.03	1.78	2.04	1.81	2.03	1.83	1.97	1.75	4.5	4.2	1.67	4.33	4.33	1.68				4.48	4.48	1.69							4.7	4.5	1.68	4.4	4.29	1.65	1.36	3.1	1.41	2.99	1.4	3.1	1.36	2.92	0.75	1.98	1.83	2.03	1.88	2.04	1.83	1.97	1.78	eredivisie							3.8	3.9	1.8	1.39	2.56	2.0	1.8							4.8	4.7	1.72	1.43	3.25	2.09	1.88	3.6	3.75	1.8	3.8	4.1	1.79	3.9	4.1	1.75	3.75	4.2	1.83	3.75	4.0	1.8	4.2	4.0	1.62	4.7	4.3	1.61	4.4	4.5	1.67	4.33	4.33	1.67	4.33	4.33	1.67	0	1	0	Nijmegen	1	0	0
2025-07-12	15:45	Sparta Rotterdam	NAC Breda	1	0	H	1	0	H	12	22	6	9	11	10	1	14	1	1	0	0	2.1	3.6	3.3	2.05	3.6	3.3				2.09	3.66	3.33							2.1	3.6	3.45	2.04	3.56	3.31	1.67	2.15	1.69	2.19	1.71	2.2	1.67	2.1	-0.25	1.8	2.0	1.83	2.03	1.8	2.06	1.76	1.99	2.45	3.4	2.8	2.37	3.5	2.85				2.45	3.46	2.98							2.45	3.5	3.05	2.33	3.4	2.91	1.8	2.0	1.82	2.07	1.8	2.04	1.75	1.99	-0.25	2.08	1.73	2.12	1.81	2.08	1.85	1.97	1.78	eredivisie							2.12	3.7	3.4	1.73	2.2									2.52	3.55	3.1	1.85	2.12	2.16	1.85	2.0	3.4	3.2	2.0	3.6	3.45	2.05	3.6	3.3	2.05	3.6	3.3	2.05	3.6	3.3	2.25	3.25	2.8	2.25	3.4	3.05	2.4	3.5	2.88	2.3	3.5	2.9	2.37	3.5	2.87	1	0	0	Sparta Rotterdam	1	0	0
2026-10-01	15:30	AZ Alkmaar	Volendam	1	0	H	1	0	H	17	7	8	2	10	9	7	2	0	1	0	0	1.2	7.0	12.0	1.23	7.25	10.0				1.2	7.28	11.33							1.23	7.25	12.0	1.2	6.86	11.28	1.3	3.5	1.3	3.53	1.3	3.5	1.29	3.36	-2.0	1.85	1.95	1.89	1.96	1.9	1.97	1.84	1.91	1.17	7.5	15.0	1.19	8.0	12.5				1.16	8.57	16.15							1.19	8.5	18.0	1.16	7.72	13.94	1.33	3.4	1.33	3.37	1.33	3.6	1.3	3.28	-2.25	1.98	1.83	1.97	1.92	1.98	1.87	1.9	1.83	eredivisie							1.23	7.8	13.0	1.32	3.7	1.86	1.99							1.17	9.0	21.0	1.36	3.6	1.97	1.97	1.18	6.5	12.0	1.19	7.0	12.0	1.18	7.0	12.0	1.22	7.0	10.0	1.22	7.0	10.0	1.14	7.5	15.0	1.16	7.5	13.0	1.14	8.5	18.0	1.18	8.0	12.0	1.18	8.0	12.0	1	0	0	AZ Alkmaar	1	0	0
2026-10-01	17:45	Twente	Zwolle	1	1	D	0	0	D	26	3	7	1	6	11	7	2	1	3	0	0	1.3	5.5	9.0	1.29	6.0	9.25				1.31	5.79	8.38							1.3	6.0	11.0	1.28	5.69	9.11	1.4	2.88	1.43	2.86	1.45	2.88	1.4	2.75	-1.75	2.03	1.78	2.05	1.81	2.03	1.92	1.93	1.82	1.3	5.5	9.5	1.32	5.5	8.75				1.32	5.79	9.07							1.32	5.75	10.0	1.29	5.58	8.94	1.44	2.7	1.48	2.74	1.44	2.8	1.43	2.65	-1.5	1.83	1.98	1.86	2.05	1.85	1.98	1.79	1.93	eredivisie							1.3	6.2	10.0	1.43	3.05	2.02	1.87							1.33	5.9	11.5	1.49	2.94	1.88	2.08	1.25	5.5	9.5	1.25	5.8	10.0	1.29	5.5	9.0	1.3	6.0	9.0	1.28	5.75	9.0	1.29	5.5	9.0	1.27	5.75	9.5	1.29	5.75	10.0	1.3	5.5	8.5	1.3	5.5	8.5	0	0	1		0	0	1
2026-10-01	19:00	PSV Eindhoven	Excelsior	5	1	H	4	1	H	16	8	8	3	10	7	6	4	1	1	0	0	1.14	8.5	15.0	1.17	8.75	13.5				1.13	10.34	13.29							1.17	10.0	18.0	1.14	8.41	14.53	1.25	4.0	1.21	4.34	1.25	4.1	1.22	3.93	-2.5	2.03	1.78	2.08	1.78	2.03	1.83	1.96	1.77	1.17	8.0	15.0	1.18	8.25	12.5				1.15	9.99	13.87							1.18	9.5	15.5	1.15	8.1	13.44	1.25	4.0	1.23	4.3	1.25	4.1	1.22	3.9	-2.25	1.85	1.95	1.92	1.97	1.85	2.0	1.81	1.93	eredivisie							1.14	12.0	18.5	1.24	4.5	2.0	1.87							1.17	10.0	18.5	1.28	4.5	1.92	1.99	1.13	8.0	15.0	1.13	8.5	16.0	1.13	8.5	15.0	1.17	8.5	13.0	1.17	8.5	13.0	1.14	7.5	13.0	1.14	8.0	15.0	1.14	9.0	15.0	1.18	8.0	12.0	1.18	8.0	12.0	1	0	0	PSV Eindhoven	1	0	0
2026-10-01	20:00	Groningen	NAC Breda	0	0	D	0	0	D	16	10	5	2	7	6	3	4	1	2	0	0	1.7	3.9	4.75	1.66	4.0	4.8				1.71	3.75	4.95							1.71	4.0	5.0	1.67	3.86	4.79	1.8	2.0	1.79	2.04	1.8	2.0	1.74	1.99	-0.75	1.88	1.93	1.92	1.95	1.88	1.98	1.82	1.92	1.67	3.8	5.25	1.7	3.7	5.0				1.7	3.82	5.38							1.7	3.9	5.33	1.67	3.73	5.07	1.93	1.88	1.94	1.94	1.93	1.96	1.85	1.86	-0.75	1.85	1.95	1.91	2.0	1.85	1.95	1.82	1.92	eredivisie							1.73	4.0	5.5	1.82	2.08	1.93	2.01							1.72	3.95	5.8	1.98	1.99	1.94	2.03	1.67	3.75	4.6	1.63	3.95	5.0	1.67	3.9	4.75	1.67	4.0	4.8	1.67	3.9	4.8	1.67	3.6	5.0	1.65	3.75	5.1	1.67	3.9	5.25	1.7	3.7	5.0	1.7	3.7	5.0	0	0	1		0	0	1
2026-11-01	11:15	Heerenveen	Feyenoord	2	2	D	1	2	A	16	7	7	3	11	6	5	3	1	0	0	0	3.1	3.8	2.15	2.95	3.8	2.2				3.05	3.9	2.14							3.15	3.8	2.2	3.0	3.73	2.13	1.53	2.4	1.54	2.5	1.55	2.5	1.51	2.41	0.25	1.95	1.85	1.96	1.89	1.95	1.9	1.9	1.8	2.8	3.75	2.35	2.8	3.7	2.3				2.82	3.9	2.37							2.88	3.8	2.35	2.78	3.69	2.3	1.57	2.35	1.54	2.58	1.58	2.45	1.53	2.36	0.25	1.78	2.03	1.83	2.09	1.8	2.04	1.77	1.94	eredivisie							3.15	3.9	2.26	1.55	2.58	1.98	1.97							3.0	3.9	2.4	1.58	2.68	1.89	2.09	3.1	3.6	2.1	3.0	3.65	2.16	3.0	3.8	2.1	3.0	3.8	2.2	2.9	3.75	2.15	2.8	3.5	2.3	2.75	3.65	2.32	2.88	3.8	2.3	2.8	3.7	2.3	2.8	3.7	2.3	0	0	1		0	1	0
2026-11-01	13:30	Go Ahead Eagles	For Sittard	2	2	D	1	1	D	23	12	8	5	10	9	9	1	0	1	0	0	2.2	3.75	3.1	2.15	3.7	3.1				2.18	3.83	3.02							2.2	3.75	3.25	2.12	3.65	3.11	1.67	2.15	1.68	2.21	1.67	2.25	1.63	2.16	-0.25	1.9	1.9	1.92	1.93	1.9	1.98	1.82	1.91	1.85	3.9	3.9	1.85	3.7	4.0				1.88	3.89	4.05							1.96	3.9	4.1	1.88	3.69	3.82	1.73	2.08	1.75	2.16	1.73	2.14	1.68	2.07	-0.5	1.83	1.98	1.89	2.02	1.95	1.98	1.82	1.89	eredivisie							2.22	3.75	3.25	1.68	2.18									1.93	3.9	4.2	1.79	2.2	1.92	2.04	2.1	3.5	3.1	2.07	3.6	3.25	2.15	3.6	3.1	2.15	3.7	3.1	2.15	3.7	3.1	1.9	3.6	3.75	1.95	3.65	3.5	1.83	3.8	4.1	1.85	3.7	4.0	1.85	3.6	4.0	0	0	1		0	0	1
2026-11-01	13:30	Telstar	Ajax	2	3	A	0	2	A	7	16	3	10	6	6	8	3	1	1	1	0	3.8	4.0	1.85	3.7	3.9	1.88				3.83	4.05	1.83							3.95	4.0	1.9	3.76	3.86	1.84	1.57	2.35	1.56	2.44	1.57	2.38	1.54	2.34	0.5	1.95	1.85	2.01	1.85	1.95	1.85	1.91	1.8	3.7	3.9	1.91	3.9	3.8	1.85				4.09	3.93	1.87							4.1	4.0	1.91	3.91	3.8	1.83	1.62	2.25	1.63	2.33	1.65	2.3	1.6	2.22	0.5	1.93	1.88	2.04	1.88	2.0	1.88	1.92	1.79	eredivisie							4.0	4.1	1.9	1.59	2.46									4.3	3.95	1.92	1.65	2.48	2.05	1.93	3.6	3.75	1.9	3.9	3.8	1.81	3.75	3.9	1.83	3.7	3.9	1.85	3.7	3.9	1.85	4.0	3.75	1.8	4.1	3.8	1.78	4.0	4.0	1.83	3.9	3.9	1.85	3.8	3.8	1.85	0	1	0	Ajax	0	1	0
2026-11-01	15:45	Sparta Rotterdam	Heracles	2	0	H	1	0	H	22	6	9	2	6	16	9	5	1	3	0	0	1.85	3.75	4.1	1.87	3.75	3.9				1.81	3.79	4.23							1.87	3.9	4.1	1.81	3.78	3.93	1.57	2.35	1.57	2.42	1.6	2.38	1.56	2.3	-0.5	1.8	2.0	1.81	2.04	1.8	2.05	1.75	1.96	1.85	3.7	4.2	1.82	3.8	4.1				1.88	3.72	4.29							1.85	3.95	4.35	1.8	3.74	4.13	1.65	2.2	1.68	2.29	1.67	2.25	1.62	2.18	-0.5	1.83	1.98	1.88	2.03	1.83	2.05	1.77	1.95	eredivisie							1.84	4.0	4.3	1.51	1.25									1.93	3.85	4.4	1.7	2.36	1.93	2.06	1.8	3.75	4.0	1.81	3.85	3.9	1.8	3.9	3.9	1.85	3.75	3.9	1.85	3.7	3.9	1.8	3.75	4.0	1.74	3.85	4.2	1.8	3.9	4.2	1.83	3.8	4.0	1.8	3.8	4.0	1	0	0	Sparta Rotterdam	1	0	0
2026-01-02	11:15	Excelsior	Ajax	2	2	D	0	2	A	11	9	5	3	12	5	4	1	1	0	0	0	4.2	3.9	1.75	4.0	4.0	1.8													4.4	4.0	1.81	4.05	3.89	1.77	1.57	2.35			1.57	2.38	1.54	2.34	0.5	2.05	1.75			2.05	1.83	1.99	1.75	3.8	3.8	1.85	4.0	3.9	1.8													4.2	4.0	1.85	3.98	3.82	1.8	1.6	2.3			1.62	2.3	1.58	2.25	0.5	1.98	1.83			2.0	1.83	1.95	1.77	eredivisie							4.5	4.0	1.81	1.47	2.48	2.17	1.81							4.2	4.2	1.88	1.65	2.48	2.11	1.88	4.0	3.75	1.8	4.4	3.85	1.72										4.0	3.75	1.8	4.2	3.8	1.76	4.1	4.0	1.8							0	0	1		0	1	0
2026-01-02	13:30	Heracles	For Sittard	2	1	H	2	1	H	11	12	7	6	17	14	4	5	2	3	0	0	2.35	3.5	2.9	2.35	3.6	2.8													2.4	3.6	3.0	2.34	3.36	2.88	1.75	2.05			1.8	2.05	1.73	2.01	-0.25	2.03	1.78			2.04	1.83	2.01	1.77	2.2	3.4	3.25	2.25	3.4	3.1													2.26	3.4	3.3	2.21	3.35	3.16	1.9	1.9			1.9	1.91	1.85	1.86	-0.25	1.9	1.9			1.95	1.94	1.87	1.87	eredivisie							2.46	3.6	2.98	1.81	2.1	2.12	1.81							2.3	3.55	3.4	1.98	2.0	1.98	2.0	2.3	3.3	2.88	2.35	3.4	2.85										2.25	3.3	3.0	2.14	3.35	3.3	2.25	3.4	3.2							1	0	0	Heracles	1	0	0
2026-01-02	13:30	PSV Eindhoven	Feyenoord	3	0	H	3	0	H	14	8	7	2	8	8	8	3	1	3	0	1	1.73	4.2	4.2	1.75	4.33	3.9													1.75	4.33	4.6	1.69	4.13	4.25	1.4	2.88			1.41	2.88	1.39	2.77	-0.75	1.88	1.93			1.88	1.98	1.83	1.94	1.62	4.33	4.75	1.65	4.33	4.5													1.65	4.5	4.75	1.63	4.27	4.55	1.4	2.88			1.41	2.9	1.39	2.79	-1.0	2.0	1.8			2.06	1.83	1.98	1.77	eredivisie							1.75	4.6	4.5	1.43	2.96	1.92	2.02							1.7	4.6	4.9	1.45	3.1	2.12	1.84	1.67	4.2	4.2	1.66	4.1	4.6										1.62	4.2	4.5	1.64	4.1	4.5	1.62	4.5	4.75							1	0	0	PSV Eindhoven	1	0	0
2026-01-02	15:45	Heerenveen	Utrecht	1	1	D	1	0	H	19	11	3	4	11	10	5	6	1	2	0	0	1.85	3.75	3.9	1.9	3.75	3.75													1.91	3.8	3.95	1.85	3.72	3.81	1.67	2.15			1.68	2.2	1.63	2.16	-0.5	1.83	1.98			1.85	1.98	1.81	1.91	1.67	3.9	4.75	1.78	3.7	4.4													1.8	3.9	4.75	1.75	3.67	4.43	1.8	2.0			1.83	2.0	1.78	1.94	-0.75	1.85	1.95			2.05	1.95	1.93	1.81	eredivisie							1.91	3.9	4.2	1.61	2.26									1.83	3.8	5.0	1.91	2.08	2.06	1.9	1.9	3.6	3.75	1.82	3.75	3.9				1.91	3.75	3.75	1.91	3.75	3.75	1.73	3.6	4.33	1.8	3.65	4.2	1.75	3.8	4.6							0	0	1		1	0	0
2026-01-02	19:00	Volendam	Go Ahead Eagles	1	1	D	0	1	A	20	13	4	5	7	16	6	5	4	6	0	1	2.9	3.7	2.25	2.95	3.7	2.2													3.0	3.7	2.25	2.91	3.58	2.22	1.57	2.35			1.61	2.38	1.56	2.28	0.25	1.85	1.95			1.85	1.95	1.83	1.94	3.6	3.6	1.95	3.5	3.6	2.05													3.6	3.7	2.08	3.46	3.54	2.02	1.75	2.05			1.8	2.16	1.72	2.02	0.5	1.83	1.98			1.83	2.48	1.71	2.08	eredivisie							3.3	3.65	2.28	1.62	2.4									3.65	3.9	2.1	1.83	2.18	1.89	2.1	3.0	3.5	2.2	3.0	3.5	2.23										3.4	3.4	2.05	3.3	3.45	2.07	3.6	3.7	2.0	3.5	3.6	2.05	3.5	3.6	2.0	0	0	1		0	1	0
2026-06-02	19:00	NAC Breda	Excelsior	0	2	A	0	2	A	15	9	6	6	6	15	8	3	2	2	1	0	1.83	3.7	4.2	1.85	3.6	4.1													1.87	3.75	4.2	1.81	3.59	4.14	1.8	2.0			1.83	2.0	1.79	1.92	-0.5	1.8	2.0			1.85	2.0	1.78	1.93	1.85	3.6	4.1	1.9	3.5	4.0													1.9	3.7	4.35	1.85	3.54	4.11	1.9	1.9			1.9	1.93	1.84	1.87	-0.5	1.83	1.98			1.85	1.98	1.81	1.9	eredivisie							1.9	3.85	4.5	1.92	2.04	1.9	2.08							1.94	3.8	4.4	1.95	2.02	1.94	2.04	1.8	3.6	4.0	1.83	3.5	4.2	1.8	3.6	4.2							1.9	3.4	4.0	1.79	3.55	4.35	1.83	3.7	4.33							0	1	0	Excelsior	0	1	0
2026-07-02	15:30	Nijmegen	Heracles	4	1	H	2	1	H	15	10	6	2	10	18	3	6	0	2	0	0	1.44	4.75	6.25	1.47	5.0	5.5													1.47	5.0	6.5	1.42	4.8	6.12	1.4	2.88			1.4	3.0	1.38	2.85	-1.25	1.93	1.88			1.93	1.93	1.87	1.87	1.38	4.75	8.0	1.4	5.0	7.0													1.41	5.0	8.0	1.39	4.78	7.15	1.53	2.4			1.55	2.8	1.5	2.43	-1.25	1.78	2.03			1.92	2.03	1.82	1.92	eredivisie							1.48	5.1	6.4	1.44	3.05	1.94	1.95							1.43	5.2	8.0	1.6	2.62	1.9	2.05	1.4	4.6	6.5	1.41	4.75	6.5	1.4	5.0	6.5							1.4	4.6	7.0	1.41	4.7	7.0	1.4	5.0	7.5							1	0	0	Nijmegen	1	0	0
2026-07-02	17:45	Zwolle	Volendam	1	2	A	1	1	D	14	15	4	7	18	10	6	5	3	0	0	0	1.7	3.7	5.25	1.7	4.0	4.6													1.7	4.0	5.25	1.68	3.8	4.78	1.65	2.2			1.65	2.25	1.61	2.2	-0.75	1.85	1.95			1.9	1.96	1.83	1.91	1.57	3.9	6.25	1.62	4.1	5.25													1.62	4.33	6.25	1.59	3.96	5.49	1.6	2.3			1.63	2.32	1.59	2.24	-1.0	1.95	1.85			2.0	1.85	1.94	1.8	eredivisie							1.7	4.1	5.5	1.69	2.26	1.87	2.07							1.65	4.2	6.0	1.7	2.4	2.07	1.89	1.67	4.0	4.5	1.65	3.7	5.2	1.67	4.0	4.6							1.6	4.0	5.0	1.56	3.9	5.8	1.57	4.33	5.5							0	1	0	Volendam	0	0	1
2026-07-02	19:00	Twente	Heerenveen	5	0	H	2	0	H	29	7	14	0	8	10	7	0	1	3	0	0	1.73	4.2	4.33	1.75	4.0	4.2													1.75	4.2	4.55	1.72	3.89	4.3	1.62	2.25			1.63	2.25	1.61	2.19	-0.75	1.9	1.9			1.98	1.91	1.9	1.84	1.55	4.5	5.25	1.6	4.2	5.25													1.6	4.5	5.5	1.57	4.21	5.18	1.57	2.35			1.57	2.38	1.55	2.32	-1.0	1.9	1.9			2.02	1.9	1.93	1.81	eredivisie							1.79	4.1	4.7	1.7	2.34	2.0	1.92							1.62	4.5	6.0	1.63	2.56	2.02	1.94	1.73	3.75	4.33	1.74	3.75	4.35	1.7	3.9	4.4							1.57	4.2	5.0	1.58	4.1	5.1	1.57	4.33	5.5							1	0	0	Twente	1	0	0
2026-07-02	20:00	For Sittard	Sparta Rotterdam	2	2	D	1	0	H	11	16	3	5	13	10	3	13	3	1	0	0	2.88	3.5	2.35	2.8	3.5	2.4													2.9	3.5	2.54	2.79	3.32	2.43	1.75	2.05			1.8	2.05	1.73	2.01	0.0	2.1	1.7			2.1	1.83	2.01	1.73	3.0	3.4	2.25	3.0	3.5	2.3													3.0	3.7	2.35	2.95	3.41	2.28	1.7	2.1			1.8	2.1	1.7	2.04	0.25	1.85	1.95			1.85	2.04	1.79	1.95	eredivisie							3.0	3.4	2.62	1.81	2.1	2.13	1.84							3.1	3.6	2.44	1.8	2.22	1.86	2.11	2.75	3.3	2.4	2.7	3.4	2.45	2.75	3.5	2.38							2.88	3.4	2.25	2.9	3.3	2.35	3.0	3.7	2.25							0	0	1		1	0	0
2026-08-02	11:15	Utrecht	Feyenoord	0	1	A	0	1	A	6	10	5	4	12	14	2	7	3	4	1	0	3.1	3.75	2.15	3.1	3.75	2.1													3.2	3.75	2.15	3.1	3.59	2.13	1.7	2.1			1.7	2.2	1.64	2.14	0.25	1.95	1.85			1.95	1.86	1.91	1.83	3.4	3.6	2.1	3.4	3.6	2.05													3.55	3.6	2.1	3.38	3.49	2.06	1.88	1.93			1.88	2.02	1.8	1.92	0.5	1.73	2.08			1.83	2.08	1.73	1.99	eredivisie							3.2	3.7	2.22	1.61	2.2	1.97	1.94							3.7	3.75	2.14	1.96	2.0	1.87	2.13	3.1	3.5	2.1	3.15	3.6	2.12	3.1	3.6	2.15							3.4	3.4	2.05	3.3	3.55	2.07	3.5	3.5	2.1							0	1	0	Feyenoord	0	1	0
2026-08-02	13:30	AZ Alkmaar	Ajax	1	1	D	0	0	D	13	11	6	2	11	12	2	4	3	0	0	0	2.2	3.8	3.0	2.2	3.7	2.95													2.25	3.8	3.0	2.18	3.62	2.96	1.57	2.35			1.6	2.38	1.55	2.32	-0.25	1.93	1.88			1.95	1.89	1.89	1.85	2.4	3.7	2.75	2.37	3.6	2.75													2.42	3.7	2.8	2.38	3.54	2.75	1.6	2.3			1.62	2.3	1.6	2.22	0.0	1.8	2.0			1.83	2.0	1.75	1.98	eredivisie							2.24	3.7	3.3	1.62	2.32									2.54	3.75	2.88	1.69	2.4	1.87	2.12	2.2	3.5	3.0	2.15	3.7	3.0	2.15	3.7	3.0							2.4	3.4	2.75	2.35	3.5	2.8	2.4	3.7	2.75							0	0	1		0	0	1
2026-08-02	13:30	Go Ahead Eagles	Telstar	1	1	D	0	0	D	23	12	11	2	6	14	13	2	1	0	0	0	1.9	3.9	3.8	1.95	3.75	3.6													1.95	3.9	3.8	1.89	3.71	3.65	1.65	2.2			1.65	2.23	1.61	2.21	-0.5	1.85	1.95			1.9	1.95	1.84	1.86	1.85	3.9	3.9	1.87	3.8	3.8													1.92	4.0	4.1	1.83	3.83	3.86	1.65	2.2			1.65	2.45	1.57	2.26	-0.5	1.83	1.98			1.91	1.98	1.79	1.92	eredivisie							1.92	3.9	3.9	1.65	2.24									1.93	4.0	4.1	1.67	2.46	1.93	2.05	1.91	3.6	3.6	1.9	3.65	3.75	1.87	3.75	3.75							1.8	3.75	4.0	1.78	4.0	3.85	1.83	3.9	4.1							0	0	1		0	0	1
2026-08-02	15:45	Groningen	PSV Eindhoven	1	2	A	1	0	H	8	15	4	5	8	9	6	11	1	1	0	0	3.8	4.33	1.8	3.9	4.0	1.8													4.2	4.33	1.8	3.88	3.99	1.77	1.5	2.5			1.5	2.5	1.48	2.48	0.75	1.8	2.0			1.87	2.0	1.8	1.94	4.33	4.5	1.65	4.4	4.33	1.68													4.9	4.5	1.68	4.5	4.27	1.64	1.44	2.7			1.48	2.7	1.44	2.61	1.0	1.75	2.05			1.84	2.1	1.75	2.0	eredivisie							4.1	4.2	1.85	1.46	2.56									4.8	4.6	1.72	1.49	3.0	1.8	2.16	4.0	3.75	1.8	4.2	4.0	1.72	3.9	4.0	1.75							4.5	4.0	1.67	4.9	4.35	1.57	4.6	4.4	1.65							0	1	0	PSV Eindhoven	1	0	0
2026-11-02	17:45	Go Ahead Eagles	Heerenveen	1	3	A	0	0	D	13	19	6	10	8	14	8	4	1	0	0	0	2.6	3.75	2.5	2.55	3.8	2.5													2.64	3.8	2.5	2.57	3.62	2.46	1.6	2.3			1.62	2.3	1.58	2.26	0.0	1.95	1.85			1.95	1.85	1.89	1.82	2.6	3.75	2.5	2.6	3.6	2.5													2.6	3.75	2.6	2.57	3.56	2.52	1.57	2.35			1.61	2.35	1.58	2.25	0.0	1.93	1.88			1.93	1.91	1.87	1.84	eredivisie							2.78	3.8	2.6	1.65	2.38	2.06	1.92							2.74	3.85	2.62	1.66	2.46	2.03	1.96	2.6	3.5	2.4	2.63	3.45	2.5	2.6	3.6	2.45							2.5	3.4	2.6	2.55	3.45	2.55	2.6	3.7	2.55							0	1	0	Heerenveen	0	0	1
2026-11-02	20:00	Nijmegen	Utrecht	1	3	A	0	2	A	24	11	7	5	6	16	5	0	3	2	0	0	1.73	3.9	4.75	1.72	4.1	4.33													1.73	4.1	4.75	1.72	3.91	4.33	1.62	2.25			1.62	2.38	1.59	2.23	-0.75	1.9	1.9			1.94	1.91	1.89	1.86	1.67	3.9	5.0	1.71	3.9	4.5													1.71	4.1	5.0	1.68	3.88	4.62	1.62	2.25			1.67	2.28	1.61	2.19	-0.75	1.85	1.95			1.91	1.95	1.85	1.89	eredivisie							1.77	4.2	4.7	1.65	2.4	1.97	1.97							1.77	4.0	5.2	1.74	2.32	1.97	1.99	1.73	3.75	4.2	1.73	3.85	4.35	1.7	3.9	4.4	1.73	4.0	4.33	1.7	4.0	4.33	1.67	4.0	4.5	1.68	3.85	4.6	1.67	4.1	4.8							0	1	0	Utrecht	0	1	0
2026-01-03	11:15	Zwolle	Ajax	0	0	D	0	0	D	9	6	2	2	12	8	12	3	3	2	0	0	4.1	4.2	1.75	4.1	3.9	1.8													4.2	4.2	1.8	3.97	3.94	1.76	1.5	2.5			1.53	2.55	1.5	2.46	0.75	1.83	1.98			1.86	1.98	1.81	1.93	3.6	4.0	1.9	3.7	3.9	1.87													3.95	4.1	1.96	3.68	3.9	1.84	1.5	2.5			1.53	2.63	1.49	2.48	0.5	1.95	1.85			1.95	1.93	1.89	1.81	eredivisie							4.1	4.2	1.79	1.52	2.58	1.86	1.98							4.0	4.2	1.93	1.57	2.72	2.07	1.92	4.0	3.75	1.8	4.0	4.1	1.74	4.0	4.0	1.75							3.75	4.0	1.8	3.8	3.95	1.81	3.7	4.1	1.87							0	0	1		0	0	1
2026-01-03	13:30	Twente	Feyenoord	2	0	H	1	0	H	19	8	8	2	13	8	4	2	0	0	0	0	2.25	3.8	2.88	2.3	3.6	2.87													2.3	3.8	3.0	2.24	3.57	2.86	1.6	2.3			1.6	2.3	1.57	2.26	-0.25	1.98	1.83			2.0	1.83	1.95	1.81	2.05	3.9	3.2	2.1	3.7	3.2													2.1	3.9	3.2	2.05	3.72	3.17	1.57	2.35			1.57	2.4	1.55	2.32	-0.25	1.78	2.03			1.8	2.03	1.78	1.96	eredivisie							2.26	4.0	2.98	1.61	2.4									2.12	3.95	3.55	1.65	2.5	1.85	2.14	2.2	3.5	3.0	2.28	3.55	2.85	2.25	3.6	2.88							2.05	3.6	3.2	2.02	3.75	3.2	2.1	3.8	3.2							1	0	0	Twente	1	0	0
2026-01-03	13:30	Volendam	Groningen	3	2	H	1	1	D	12	28	4	9	8	13	2	10	2	2	0	0	3.75	3.6	1.95	3.6	3.7	1.95													3.75	3.7	1.95	3.61	3.6	1.92	1.7	2.1			1.7	2.16	1.66	2.11	0.5	1.85	1.95			1.9	1.95	1.83	1.86	3.7	3.7	2.0	3.75	3.7	1.9													3.75	3.75	2.0	3.64	3.6	1.93	1.67	2.15			1.7	2.15	1.67	2.08	0.5	1.83	1.98			1.85	1.98	1.82	1.88	eredivisie							3.7	3.75	1.98	1.73	1.25									3.95	3.8	2.04	1.76	2.28	1.94	2.04	3.6	3.6	1.91	3.6	3.65	1.93	3.6	3.7	1.93							3.6	3.6	1.91	3.75	3.55	1.92	3.6	3.75	2.0							1	0	0	Volendam	0	0	1
2026-01-03	15:45	Utrecht	AZ Alkmaar	2	0	H	2	0	H	11	10	3	6	13	13	5	4	1	3	0	0	2.2	3.6	3.1	2.3	3.5	2.95													2.3	3.6	3.1	2.21	3.47	3.01	1.7	2.1			1.7	2.12	1.68	2.08	-0.25	1.9	1.9			1.93	1.9	1.88	1.86	2.25	3.4	3.1	2.3	3.3	3.1													2.3	3.5	3.13	2.24	3.33	3.07	1.9	1.9			1.9	1.94	1.84	1.87	-0.25	1.9	1.9			1.93	1.9	1.89	1.85	eredivisie							2.2	3.6	3.3	1.66	2.16									2.32	3.5	3.4	2.0	1.98	1.99	1.96	2.2	3.4	3.0	2.2	3.45	3.05	2.2	3.6	3.0	2.3	3.5	2.9	2.3	3.5	2.9	2.25	3.3	3.0	2.2	3.4	3.1	2.25	3.5	3.13							1	0	0	Utrecht	1	0	0
2026-01-03	19:00	Excelsior	Go Ahead Eagles	0	1	A	0	0	D	19	7	7	1	11	6	6	3	1	1	0	0	2.45	3.5	2.8	2.4	3.6	2.75													2.48	3.6	2.8	2.4	3.43	2.73	1.7	2.1			1.7	2.12	1.68	2.08	0.0	1.78	2.03			1.8	2.03	1.75	1.97	2.35	3.5	2.9	2.37	3.5	2.85													2.4	3.6	2.9	2.35	3.41	2.84	1.7	2.1			1.71	2.2	1.67	2.08	-0.25	2.03	1.78			2.08	1.8	2.01	1.74	eredivisie							2.48	3.65	2.84	1.73	2.2									2.44	3.7	3.05	1.78	2.26	2.09	1.87	2.4	3.3	2.75	2.38	3.5	2.75	2.4	3.5	2.7	2.45	3.6	2.75	2.4	3.5	2.7	2.3	3.4	2.88	2.38	3.4	2.8	2.4	3.6	2.8							0	1	0	Go Ahead Eagles	0	0	1
2026-06-03	19:00	Heracles	Utrecht	0	0	D	0	0	D	10	16	3	3	13	17	4	12	1	1	0	0	3.0	3.6	2.2	3.1	3.5	2.2													3.1	3.6	2.22	3.05	3.43	2.18	1.83	1.98			1.86	2.0	1.8	1.92	0.25	1.9	1.9			1.9	1.91	1.86	1.88	3.1	3.5	2.15	3.2	3.5	2.15													3.3	3.5	2.18	3.19	3.42	2.15	1.85	1.95			1.94	2.0	1.84	1.89	0.25	1.95	1.85			1.95	1.9	1.9	1.84	eredivisie							3.4	3.6	2.3	1.9	2.06	1.99	1.96							3.45	3.6	2.26	1.93	2.04	2.02	1.96	3.0	3.5	2.15	3.1	3.4	2.18	3.1	3.4	2.2							3.1	3.4	2.15	3.25	3.4	2.14	3.3	3.5	2.15	3.2	3.5	2.15	3.2	3.5	2.15	0	0	1		0	0	1
2026-07-03	15:30	Groningen	Ajax	3	1	H	1	1	D	13	13	6	5	5	7	6	8	1	1	0	0	2.8	3.6	2.45	2.8	3.6	2.35													2.8	3.66	2.45	2.7	3.58	2.36	1.62	2.25			1.62	2.25	1.6	2.2	0.0	2.03	1.78			2.03	1.8	1.97	1.75	2.8	3.7	2.35	2.85	3.7	2.3													2.9	3.75	2.35	2.82	3.63	2.27	1.62	2.25			1.64	2.4	1.6	2.23	0.25	1.78	2.03			1.83	2.03	1.79	1.96	eredivisie							2.82	3.85	2.54	1.66	2.32	2.09	1.88							3.0	3.8	2.38	1.66	2.44	1.88	2.09	2.75	3.6	2.3	2.75	3.55	2.35	2.7	3.6	2.38							2.75	3.6	2.3	2.85	3.6	2.25	2.9	3.7	2.3	2.87	3.7	2.3	2.8	3.6	2.3	1	0	0	Groningen	0	0	1
2026-07-03	19:00	PSV Eindhoven	AZ Alkmaar	2	1	H	1	1	D	19	13	8	5	7	4	5	6	2	1	0	0	1.33	5.5	8.0	1.35	5.75	7.0													1.35	5.75	8.0	1.31	5.58	7.52	1.33	3.4			1.33	3.4	1.3	3.28	-1.5	1.85	1.95			1.85	1.95	1.8	1.91	1.42	5.0	7.0	1.43	5.25	6.0													1.43	5.25	7.0	1.38	5.07	6.56	1.36	3.1			1.36	3.5	1.33	3.11	-1.25	1.8	2.0			1.85	2.05	1.77	1.98	eredivisie							1.34	6.4	9.0	1.35	3.5	1.84	2.02							1.44	5.6	7.6	1.38	3.55	1.87	2.09	1.3	5.5	7.5	1.3	5.75	8.0	1.3	5.75	8.0							1.36	5.0	6.5	1.36	5.25	7.0	1.4	5.25	7.0							1	0	0	PSV Eindhoven	0	0	1
2026-07-03	20:00	Excelsior	Heerenveen	1	2	A	0	1	A	21	10	5	5	4	7	6	8	1	1	0	0	2.8	3.75	2.3	2.75	3.75	2.35													2.85	3.75	2.35	2.76	3.62	2.29	1.65	2.2			1.65	2.3	1.61	2.2	0.25	1.78	2.03			1.82	2.03	1.77	1.97	2.88	3.75	2.25	2.85	3.6	2.3													3.0	3.75	2.3	2.84	3.6	2.26	1.62	2.25			1.65	2.25	1.62	2.18	0.25	1.83	1.98			1.83	2.02	1.79	1.95	eredivisie							2.92	3.8	2.44	1.68	2.32	1.85	2.12							3.1	3.8	2.38	1.71	2.38	1.91	2.06	2.75	3.6	2.3	2.85	3.65	2.25	2.8	3.6	2.3							2.88	3.6	2.2	2.75	3.7	2.3	2.9	3.7	2.3							0	1	0	Heerenveen	0	1	0
2026-08-03	11:15	Sparta Rotterdam	Zwolle	1	1	D	0	0	D	20	15	7	6	7	10	6	3	3	1	0	0	1.67	4.2	4.5	1.68	4.1	4.6													1.68	4.2	4.6	1.66	4.04	4.42	1.57	2.35			1.57	2.4	1.53	2.36	-0.75	1.83	1.98			1.87	1.98	1.82	1.92	1.75	4.2	4.0	1.78	4.1	3.9													1.78	4.2	4.2	1.74	4.04	3.98	1.48	2.6			1.48	2.8	1.44	2.63	-0.75	1.95	1.85			1.95	1.88	1.91	1.83	eredivisie							1.68	4.2	5.2	1.57	2.4	1.85	2.08							1.82	4.4	4.4	1.53	2.84	2.03	1.94	1.67	4.0	4.33	1.68	3.95	4.5	1.65	4.1	4.5							1.73	4.0	4.0	1.72	4.0	4.2	1.75	4.2	4.2							0	0	1		0	0	1
2026-08-03	13:30	For Sittard	Telstar	1	4	A	1	2	A	21	15	4	10	8	18	3	5	1	1	0	0	2.1	3.6	3.3	2.1	3.7	3.2													2.1	3.75	3.3	2.07	3.6	3.17	1.65	2.2			1.67	2.2	1.64	2.15	-0.25	1.8	2.0			1.84	2.0	1.8	1.94	2.3	3.6	2.9	2.35	3.6	2.8													2.35	3.7	2.9	2.28	3.57	2.82	1.62	2.25			1.65	2.3	1.62	2.19	-0.25	2.0	1.8			2.02	1.8	1.97	1.77	eredivisie							2.12	3.8	3.4	1.22	1.42	1.84	2.06							2.42	3.9	2.96	1.7	2.4	2.12	1.87	2.05	3.6	3.2	2.1	3.5	3.25	2.1	3.6	3.2							2.25	3.5	2.88	2.3	3.65	2.8	2.3	3.7	2.9							0	1	0	Telstar	0	1	0
2026-08-03	13:30	Go Ahead Eagles	Twente	1	4	A	0	2	A	15	11	7	5	8	8	6	5	1	0	0	0	4.33	3.8	1.75	4.2	4.0	1.75													4.4	4.2	1.75	4.11	3.94	1.72	1.57	2.35			1.57	2.38	1.54	2.35	0.75	1.85	1.95			1.92	1.95	1.84	1.9	4.75	4.0	1.7	4.4	4.2	1.7													4.8	4.33	1.7	4.47	4.08	1.66	1.48	2.6			1.48	2.8	1.45	2.58	0.75	1.98	1.83			2.06	1.83	1.96	1.78	eredivisie							4.2	4.1	1.77	1.59	2.44	1.55	1.77							4.8	4.2	1.76	1.51	2.9	2.01	1.94	4.0	4.0	1.73	4.4	3.95	1.68	4.1	4.0	1.73							4.2	4.2	1.67	4.8	4.25	1.6	4.6	4.33	1.67							0	1	0	Twente	0	1	0
2026-08-03	15:45	NAC Breda	Feyenoord	3	3	D	3	2	H	12	14	4	5	12	8	4	9	1	4	1	0	4.1	3.7	1.85	4.0	3.9	1.82													4.2	3.9	1.85	3.99	3.74	1.8	1.7	2.1			1.7	2.2	1.64	2.14	0.5	1.98	1.83			2.0	1.83	1.94	1.77	4.0	3.7	1.85	3.8	3.75	1.87													4.1	3.75	1.9	3.85	3.7	1.84	1.7	2.1			1.7	2.3	1.63	2.16	0.5	1.95	1.85			1.95	1.85	1.9	1.8	eredivisie							4.1	4.0	1.88	1.72	2.2									4.3	3.9	1.92	1.71	2.38	2.06	1.92	4.0	3.75	1.8	4.2	3.8	1.76	4.0	3.75	1.8	4.0	3.9	1.83	4.0	3.8	1.8	3.75	3.75	1.83	4.1	3.7	1.81	3.9	3.75	1.9							0	0	1		1	0	0
2026-08-03	19:00	Nijmegen	Volendam	3	0	H	1	0	H	27	7	11	3	10	7	12	1	1	0	0	0	1.36	5.25	8.0	1.35	5.75	7.25													1.36	5.75	8.0	1.32	5.42	7.61	1.36	3.1			1.37	3.1	1.35	3.0	-1.5	1.9	1.9			1.9	1.91	1.82	1.88	1.29	6.0	8.0	1.31	6.0	8.25													1.31	6.0	9.5	1.27	5.84	8.8	1.4	2.88			1.4	3.1	1.38	2.85	-1.75	2.0	1.8			2.0	1.85	1.94	1.8	eredivisie							1.37	5.8	8.4	1.38	3.2									1.32	6.4	10.5	1.44	3.25	2.07	1.9	1.3	5.5	8.0	1.32	5.5	8.0	1.3	5.5	8.0	1.35	5.75	7.0	1.35	5.75	7.0	1.25	6.0	9.0	1.25	6.0	9.5	1.29	6.0	9.5							1	0	0	Nijmegen	1	0	0
2026-04-04	15:30	PSV Eindhoven	Utrecht	4	3	H	1	2	A	19	12	8	7	6	10	8	3	0	1	0	0	1.5	4.75	5.5	1.51	4.75	5.5													1.52	4.75	6.4	1.48	4.38	5.72	1.44	2.7			1.45	2.75	1.41	2.7	-1.25	2.03	1.78			2.03	1.8	1.99	1.74	1.45	5.0	5.75	1.47	5.0	6.0													1.47	5.25	6.4	1.43	4.82	5.95	1.33	3.4			1.35	3.4	1.32	3.17	-1.25	1.9	1.9			1.9	1.9	1.84	1.86	eredivisie							1.56	4.8	6.4	1.46	2.92	2.1	1.81							1.47	5.3	7.6	1.36	3.65	1.9	2.04	1.44	4.5	5.5	1.47	4.25	6.25	1.5	4.5	5.5							1.4	4.6	6.0	1.42	4.5	6.4	1.44	5.25	6.0							1	0	0	PSV Eindhoven	0	1	0
2026-04-04	17:45	AZ Alkmaar	For Sittard	2	0	H	2	0	H	15	9	6	4	11	14	10	6	0	3	0	0	1.33	5.25	9.0	1.37	5.25	7.5													1.37	5.6	9.0	1.31	5.32	7.92	1.4	2.88			1.44	2.9	1.39	2.8	-1.5	1.88	1.93			1.88	1.93	1.82	1.87	1.3	5.5	9.5	1.32	5.75	8.25													1.32	6.25	10.0	1.28	5.64	8.87	1.4	2.88			1.4	3.1	1.36	2.92	-1.5	1.8	2.0			1.8	2.06	1.73	1.98	eredivisie							1.36	5.8	9.2	1.39	3.05	1.92	1.99							1.35	5.8	10.0	1.43	3.2	1.9	2.06	1.33	5.0	7.5	1.28	5.6	8.5	1.3	5.5	8.5							1.25	5.5	8.5	1.23	6.25	10.0	1.29	6.0	9.5							1	0	0	AZ Alkmaar	1	0	0
2026-04-04	17:45	Telstar	Groningen	0	2	A	0	1	A	14	24	3	11	12	10	5	12	1	2	0	0	2.63	3.6	2.55	2.65	3.7	2.45													2.75	3.7	2.55	2.59	3.6	2.44	1.57	2.35			1.57	2.38	1.54	2.34	0.0	1.95	1.85			1.95	1.85	1.89	1.82	2.63	3.6	2.55	2.65	3.7	2.45													2.65	3.75	2.55	2.6	3.62	2.43	1.57	2.35			1.57	2.5	1.54	2.35	0.0	1.95	1.85			1.95	1.85	1.91	1.81	eredivisie							2.7	3.85	2.52	1.6	2.52	2.01	1.88							2.78	3.8	2.6	1.62	2.56	2.04	1.94	2.6	3.6	2.38	2.7	3.4	2.43	2.55	3.7	2.45							2.6	3.6	2.38	2.6	3.6	2.4	2.6	3.75	2.5							0	1	0	Groningen	0	1	0
2026-04-04	20:00	Ajax	Twente	1	2	A	1	1	D	10	16	2	7	14	10	2	2	4	2	0	0	2.3	3.75	2.88	2.3	3.7	2.85													2.33	3.75	2.88	2.27	3.64	2.77	1.53	2.4			1.55	2.5	1.53	2.37	-0.25	2.0	1.8			2.0	1.8	1.95	1.77	2.3	3.9	2.8	2.3	3.7	2.8													2.32	3.9	2.8	2.27	3.7	2.77	1.44	2.7			1.5	2.88	1.46	2.56	-0.25	2.03	1.78			2.03	1.8	1.96	1.76	eredivisie							2.36	3.85	2.9	1.58	2.52	2.06	1.87							2.44	3.9	2.92	1.51	2.96	2.12	1.85	2.25	3.6	2.75	2.32	3.55	2.75	2.25	3.75	2.8							2.2	3.75	2.75	2.3	3.6	2.8	2.3	3.9	2.8	2.3	3.7	2.8	2.3	3.6	2.8	0	1	0	Twente	0	0	1
2026-04-04	20:00	Excelsior	Nijmegen	0	2	A	0	1	A	8	12	4	5	8	9	2	5	0	0	0	0	3.5	4.0	1.95	3.5	3.8	1.95													3.55	4.0	1.96	3.39	3.87	1.91	1.5	2.5			1.5	2.63	1.48	2.49	0.5	1.88	1.93			1.88	1.95	1.83	1.87	3.6	3.9	1.91	3.6	3.75	1.93													3.8	4.0	1.95	3.6	3.83	1.87	1.53	2.4			1.53	2.6	1.51	2.42	0.5	1.9	1.9			1.92	1.9	1.86	1.83	eredivisie							3.75	4.0	1.99	1.53	2.72	1.94	1.99							4.0	4.1	1.95	1.59	2.66	2.03	1.95	3.25	3.75	1.91	3.55	3.9	1.87	3.4	3.9	1.93							3.5	3.75	1.83	3.8	3.95	1.79	3.6	4.0	1.93	3.6	3.75	1.95	3.6	3.75	1.91	0	1	0	Nijmegen	0	1	0
2026-05-04	11:15	Go Ahead Eagles	Zwolle	5	0	H	3	0	H	15	16	12	1	9	16	5	8	0	1	0	0	1.95	3.9	3.5	2.0	3.8	3.4													2.0	3.9	3.6	1.93	3.74	3.41	1.57	2.35			1.57	2.55	1.53	2.38	-0.5	1.95	1.85			1.95	1.85	1.89	1.8	1.8	4.1	3.9	1.83	3.9	3.8													1.85	4.1	4.0	1.81	3.84	3.84	1.5	2.5			1.53	2.63	1.49	2.47	-0.5	1.78	2.03			1.83	2.03	1.77	1.94	eredivisie							2.02	3.95	3.55	1.6	2.52	2.02	1.9							1.92	4.0	4.2	1.57	2.72	1.93	2.06	1.91	3.75	3.3	1.86	3.9	3.55	1.95	3.8	3.4							1.8	3.75	3.75	1.81	3.8	3.85	1.8	4.1	4.0							1	0	0	Go Ahead Eagles	1	0	0
2026-05-04	13:30	Heerenveen	Heracles	4	1	H	2	1	H	24	7	14	4	12	10	8	1	0	1	0	0	1.48	5.0	5.5	1.52	4.6	5.5													1.52	5.0	6.1	1.46	4.63	5.63	1.44	2.7			1.44	2.8	1.41	2.72	-1.25	2.0	1.8			2.0	1.83	1.94	1.77	1.48	5.25	5.25	1.49	5.0	5.5													1.49	5.25	6.5	1.43	4.91	5.91	1.4	2.88			1.4	3.2	1.37	2.89	-1.25	1.95	1.85			1.95	1.9	1.87	1.83	eredivisie							1.51	5.0	6.0	1.45	2.8	2.0	1.82							1.48	5.3	7.2	1.42	3.25	1.99	1.96	1.44	4.5	5.5	1.44	4.6	6.1	1.45	4.75	6.0							1.4	4.6	6.0	1.38	5.1	6.5	1.44	5.0	6.5							1	0	0	Heerenveen	1	0	0
2026-05-04	13:30	Volendam	Feyenoord	0	0	D	0	0	D	13	17	4	4	10	5	5	5	3	0	0	0	6.0	5.0	1.44	5.75	5.0	1.47													6.6	5.0	1.5	5.99	4.71	1.43	1.44	2.7			1.45	2.75	1.42	2.69	1.25	1.88	1.93			1.9	1.93	1.83	1.88	6.0	4.75	1.45	6.0	4.8	1.47													6.5	4.8	1.47	5.92	4.65	1.45	1.48	2.6			1.5	2.75	1.48	2.52	1.25	1.83	1.98			1.83	1.98	1.79	1.92	eredivisie							6.6	5.1	1.45	1.45	2.84	1.9	1.88							6.8	5.2	1.51	1.52	2.88	1.9	2.06	6.0	4.6	1.4	6.4	4.8	1.4	6.0	4.75	1.44							6.0	4.5	1.44	5.75	4.5	1.45	6.5	4.8	1.45							0	0	1		0	0	1
2026-05-04	15:45	NAC Breda	Sparta Rotterdam	0	0	D	0	0	D	12	6	4	3	12	19	11	3	1	3	0	0	2.5	3.4	2.8	2.45	3.5	2.75													2.5	3.5	2.88	2.4	3.38	2.74	1.8	2.0			1.8	2.0	1.78	1.95	0.0	1.8	2.0			1.8	2.0	1.75	1.97	2.2	3.5	3.2	2.2	3.5	3.1													2.25	3.6	3.2	2.18	3.47	3.07	1.7	2.1			1.73	2.2	1.69	2.08	-0.25	1.9	1.9			1.9	1.9	1.87	1.84	eredivisie							2.56	3.45	2.84	1.83	2.04	1.86	2.04							2.3	3.65	3.35	1.77	2.24	1.98	1.99	2.38	3.4	2.63	2.35	3.35	2.85	2.45	3.4	2.7							2.15	3.5	3.0	2.16	3.5	3.1	2.2	3.6	3.13							0	0	1		0	0	1
2026-10-04	19:00	Twente	Volendam	2	1	H	2	0	H	23	8	9	4	8	6	7	1	1	1	0	0	1.18	6.5	9.0	1.23	7.25	10.5													1.23	7.5	14.0	1.18	6.84	11.42	1.3	3.5			1.33	3.6	1.29	3.33	-2.0	1.88	1.93			1.88	1.95	1.83	1.88	1.22	7.0	10.0	1.23	7.25	10.5													1.23	7.5	14.0	1.19	6.99	11.63	1.3	3.5			1.33	3.75	1.29	3.37	-2.25	2.1	1.7			2.1	1.8	2.05	1.69	eredivisie							1.22	8.2	15.0	1.34	3.75	1.97	2.01							1.22	8.0	15.0	1.34	3.85	2.17	1.78	1.18	6.5	11.0	1.15	7.5	14.0	1.18	7.0	12.0							1.18	6.5	11.0	1.15	7.5	14.0	1.18	7.5	13.0	1.22	7.0	10.0	1.22	7.0	10.0	1	0	0	Twente	1	0	0
2026-11-04	15:30	Utrecht	Telstar	4	1	H	1	0	H	18	13	9	7	9	5	7	5	2	1	0	0	1.62	3.7	6.0	1.63	4.0	5.0													1.63	4.2	6.33	1.58	3.92	5.33	1.6	2.3			1.62	2.3	1.58	2.24	-1.0	1.98	1.83			2.0	1.83	1.93	1.79	1.62	3.8	5.75	1.61	4.1	5.25													1.62	4.5	5.8	1.57	4.05	5.32	1.53	2.4			1.53	2.63	1.49	2.47	-1.0	1.95	1.85			1.95	1.85	1.89	1.82	eredivisie							1.62	4.0	6.8	1.57	2.34	2.01	1.89							1.63	4.4	6.0	1.57	2.72	2.01	1.94	1.57	4.0	5.0	1.56	3.95	5.5	1.57	4.2	5.0							1.57	4.2	4.6	1.52	4.1	5.8	1.57	4.5	5.25	1.61	4.0	5.25	1.61	4.0	5.25	1	0	0	Utrecht	1	0	0
2026-11-04	17:45	Sparta Rotterdam	PSV Eindhoven	0	2	A	0	1	A	9	18	4	5	6	12	2	5	1	6	0	0	4.0	4.2	1.75	3.6	4.2	1.82													4.0	4.33	1.82	3.75	4.16	1.75	1.4	2.88			1.4	3.0	1.37	2.9	0.5	2.05	1.75			2.05	1.75	1.99	1.72	3.4	4.2	1.9	3.3	4.33	1.9													3.6	4.33	1.91	3.34	4.18	1.87	1.33	3.4			1.33	3.5	1.3	3.27	0.5	1.93	1.88			1.93	1.9	1.86	1.83	eredivisie							4.0	4.6	1.81	1.43	3.15	2.16	1.81							3.6	4.5	1.97	1.35	3.7	2.02	1.97	3.6	4.2	1.73	3.9	4.1	1.74	3.8	4.2	1.75							3.2	4.0	1.9	3.4	4.2	1.84	3.4	4.33	1.91	3.3	4.33	1.91	3.3	4.2	1.91	0	1	0	PSV Eindhoven	0	1	0
2026-11-04	19:00	Groningen	Go Ahead Eagles	0	0	D	0	0	D	24	10	5	2	5	5	8	5	0	0	0	0	1.85	4.0	3.8	1.87	4.0	3.7													1.87	4.0	3.85	1.82	3.88	3.69	1.53	2.4			1.53	2.63	1.5	2.45	-0.5	1.83	1.98			1.83	2.0	1.79	1.92	1.7	4.2	4.33	1.73	4.1	4.2													1.8	4.2	4.4	1.72	4.03	4.1	1.5	2.5			1.5	2.63	1.48	2.51	-0.75	1.88	1.93			1.9	1.93	1.85	1.85	eredivisie							1.91	4.2	3.9	1.58	2.48	1.91	2.02							1.77	4.3	4.7	1.56	2.7	1.96	2.01	1.8	4.0	3.6	1.83	3.85	3.75	1.83	3.9	3.75							1.7	4.0	4.0	1.73	3.95	4.1	1.7	4.2	4.4	1.73	4.2	4.2	1.73	4.0	4.2	0	0	1		0	0	1
2026-11-04	20:00	Heracles	Ajax	0	3	A	0	2	A	15	18	3	6	10	4	7	5	2	0	0	1	5.25	4.33	1.57	5.0	4.5	1.58													5.75	4.5	1.59	5.1	4.27	1.54	1.5	2.5			1.52	2.63	1.48	2.5	1.0	1.88	1.93			1.88	1.95	1.82	1.89	5.25	4.5	1.53	5.25	4.6	1.55													5.75	4.75	1.55	5.27	4.4	1.52	1.44	2.7			1.48	2.75	1.44	2.63	1.0	1.98	1.83			2.0	1.83	1.93	1.79	eredivisie							5.7	4.7	1.59	1.54	2.58	1.97	1.95							5.6	4.8	1.61	1.5	2.94	2.0	1.97	5.0	4.2	1.53	5.75	4.35	1.5	5.25	4.33	1.53							5.0	4.5	1.5	5.5	4.25	1.52	5.5	4.75	1.5	5.25	4.6	1.55	5.0	4.5	1.55	0	1	0	Ajax	0	1	0
2026-12-04	11:15	For Sittard	NAC Breda	1	1	D	0	0	D	10	14	2	7	11	12	5	8	2	1	0	0	2.63	3.5	2.55	2.55	3.6	2.55													2.63	3.6	2.7	2.52	3.48	2.54	1.7	2.1			1.7	2.2	1.66	2.12	0.0	1.9	1.9			1.9	1.9	1.86	1.85	2.8	3.3	2.45	2.8	3.4	2.4													2.8	3.6	2.55	2.74	3.39	2.41	1.9	1.9			1.91	2.04	1.8	1.93	0.0	2.0	1.8			2.0	1.8	1.96	1.76	eredivisie							2.6	3.7	2.7	1.71	2.24	1.93	2.01							2.96	3.55	2.56	1.93	2.04	2.15	1.85	2.5	3.5	2.5	2.48	3.35	2.65	2.55	3.5	2.55							2.75	3.3	2.38	2.8	3.4	2.35	2.75	3.4	2.55							0	0	1		0	0	1
2026-12-04	13:30	Nijmegen	Feyenoord	1	1	D	0	1	A	15	13	4	5	17	14	4	1	3	4	0	0	2.05	4.1	3.1	2.2	4.0	2.8													2.25	4.1	3.1	2.16	3.84	2.84	1.4	2.88			1.4	3.0	1.37	2.88	-0.25	1.8	2.0			1.95	2.0	1.86	1.85	1.95	4.1	3.5	2.05	3.75	3.3													2.25	4.1	3.5	2.01	3.8	3.22	1.5	2.5			1.5	2.65	1.46	2.56	-0.5	1.95	1.85			2.0	1.85	1.95	1.76	eredivisie							2.26	4.1	3.15	1.41	3.0	1.98	2.0							2.08	4.0	3.55	1.55	2.8	2.08	1.9	2.15	3.75	2.75	2.12	3.75	2.95	2.15	3.9	2.88							2.0	3.75	3.1	1.97	3.7	3.35	1.95	4.0	3.5							0	0	1		0	1	0
2026-12-04	13:30	Zwolle	Excelsior	2	2	D	1	1	D	15	16	5	3	10	13	5	2	0	1	0	0	2.2	3.7	3.1	2.15	3.7	3.1													2.2	4.0	3.25	2.11	3.65	3.04	1.62	2.25			1.62	2.28	1.59	2.24	-0.25	1.88	1.93			1.88	1.93	1.83	1.88	2.25	3.6	3.0	2.2	3.7	3.0													2.3	3.7	3.1	2.18	3.57	3.0	1.73	2.08			1.73	2.2	1.66	2.12	-0.25	1.98	1.83			1.98	1.85	1.9	1.81	eredivisie							2.0	3.85	3.1	1.21	1.96	1.78	2.01							2.36	3.65	3.2	1.81	2.2	2.03	1.94	2.1	3.6	3.0	2.04	3.65	3.2	2.15	3.6	3.1							2.2	3.5	2.88	2.12	3.6	3.05	2.3	3.6	3.0							0	0	1		0	0	1
2026-12-04	15:45	AZ Alkmaar	Heerenveen	3	0	H	2	0	H	23	7	10	1	5	10	6	6	1	1	0	0	1.7	4.33	4.33	1.7	4.4	4.2													1.7	4.4	4.33	1.65	4.28	4.18	1.36	3.1			1.38	3.1	1.35	2.97	-0.75	1.85	1.95			1.85	1.95	1.79	1.91	1.65	4.33	4.75	1.68	4.2	4.5													1.73	4.4	4.75	1.67	4.17	4.27	1.44	2.7			1.44	2.85	1.41	2.72	-0.75	1.8	2.0			1.85	2.0	1.79	1.92	eredivisie							1.74	4.4	4.4	1.4	3.15									1.74	4.5	4.7	1.47	3.05	1.93	2.03	1.62	4.2	4.2	1.65	4.35	4.2	1.67	4.33	4.2							1.62	4.2	4.2	1.72	4.0	4.1	1.65	4.4	4.6							1	0	0	AZ Alkmaar	1	0	0
2026-02-05	15:30	Utrecht	NAC Breda	2	0	H	0	0	D	28	9	11	1	12	13	8	4	0	2	0	1	1.8	3.9	4.1	1.77	3.9	4.2													1.8	4.0	4.2	1.75	3.85	3.96	1.62	2.25			1.62	2.25	1.6	2.21	-0.75	2.0	1.8			2.0	1.8	1.95	1.75	1.7	4.1	4.5	1.72	4.0	4.5													1.73	4.1	4.6	1.68	3.9	4.42	1.6	2.3			1.67	2.3	1.62	2.19	-0.75	1.88	1.93			1.9	1.93	1.84	1.87	eredivisie																											1.73	3.75	4.0										1.75	3.9	4.2	1.73	3.75	4.0	1.67	3.9	4.6	1.7	4.1	4.6				1.7	3.9	4.4	1	0	0	Utrecht	0	0	1
2026-02-05	17:45	Groningen	Excelsior	2	3	A	1	1	D	12	18	5	9	5	10	5	8	0	0	0	0	1.7	4.1	4.5	1.68	4.1	4.6													1.7	4.2	4.7	1.65	4.08	4.41	1.5	2.5			1.52	2.63	1.49	2.48	-0.75	1.85	1.95			1.85	1.95	1.79	1.91	1.7	4.0	4.5	1.73	4.0	4.33													1.73	4.1	4.75	1.68	3.93	4.41	1.6	2.3			1.62	2.43	1.56	2.29	-0.75	1.9	1.9			1.9	1.9	1.84	1.86	eredivisie																											1.67	4.0	4.33	1.64	4.0	4.6	1.67	4.1	4.4				1.67	4.0	4.5	1.7	3.75	4.2	1.65	4.0	4.5	1.7	4.1	4.5				1.73	3.9	4.33	0	1	0	Excelsior	0	0	1
2026-02-05	19:00	Ajax	PSV Eindhoven	2	2	D	1	1	D	13	7	4	2	7	14	6	4	1	2	0	0	2.45	4.2	2.45	2.5	4.0	2.45													2.5	4.2	2.5	2.44	3.94	2.41	1.36	3.1			1.36	3.4	1.31	3.18	0.0	1.93	1.88			1.93	1.88	1.87	1.83	2.38	4.2	2.55	2.37	4.0	2.55													2.45	4.3	2.62	2.36	4.0	2.5	1.33	3.4			1.36	3.4	1.33	3.08	0.0	1.83	1.98			1.85	1.98	1.79	1.91	eredivisie																											2.4	4.0	2.38	2.48	3.9	2.43	2.5	4.0	2.38				2.45	4.0	2.45	2.4	4.0	2.38	2.38	4.0	2.48	2.45	4.1	2.55				2.37	4.0	2.5	0	0	1		0	0	1
2026-02-05	20:00	Nijmegen	Telstar	1	1	D	0	1	A	21	10	7	4	10	11	9	0	3	2	0	0	1.5	4.75	5.25	1.52	4.8	5.25													1.53	5.0	6.0	1.47	4.71	5.47	1.36	3.1			1.4	3.1	1.35	2.96	-1.25	2.0	1.8			2.0	1.8	1.94	1.77	1.5	4.5	5.25	1.55	4.75	5.0													1.55	4.8	5.5	1.51	4.56	5.13	1.4	2.88			1.4	3.2	1.36	2.94	-1.25	2.05	1.75			2.05	1.75	2.02	1.7	eredivisie																											1.44	4.6	5.5	1.43	4.7	6.0	1.45	4.8	5.75	1.53	4.8	5.25	1.53	4.8	5.25	1.5	4.6	5.0	1.5	4.5	5.3	1.5	4.8	5.5				1.55	4.6	5.0	0	0	1		0	1	0
2026-03-05	11:15	Volendam	Heerenveen	0	2	A	0	1	A	15	11	5	4	8	14	7	5	3	3	0	0	3.25	4.0	2.0	3.25	3.8	2.05													3.3	4.0	2.05	3.17	3.85	1.99	1.48	2.6			1.48	2.75	1.44	2.61	0.5	1.8	2.0			1.8	2.0	1.77	1.94	3.0	3.9	2.15	3.1	3.75	2.1													3.15	3.9	2.15	3.04	3.72	2.07	1.5	2.5			1.5	2.7	1.46	2.56	0.25	1.9	1.9			1.9	1.9	1.87	1.83	eredivisie																											3.1	4.0	1.95	3.3	3.75	1.98	3.2	3.9	2.0	3.25	3.8	2.05	3.25	3.8	2.05				3.15	3.75	2.04							3.1	3.7	2.1	0	1	0	Heerenveen	0	1	0
2026-03-05	13:30	For Sittard	Feyenoord	1	2	A	0	0	D	7	19	3	7	16	13	1	8	2	3	1	0	5.75	5.0	1.48	5.5	4.6	1.53													6.25	5.0	1.53	5.56	4.57	1.47	1.5	2.5			1.5	2.65	1.48	2.51	1.25	1.8	2.0			1.8	2.0	1.76	1.95	4.5	4.5	1.62	4.75	4.33	1.63													5.0	4.5	1.63	4.79	4.22	1.58	1.53	2.4			1.53	2.63	1.5	2.43	1.0	1.78	2.03			1.78	2.03	1.76	1.94	eredivisie																											5.5	4.5	1.44	5.3	4.5	1.5	6.0	4.75	1.45	5.5	4.6	1.53	5.25	4.6	1.53				5.0	4.25	1.56							4.6	4.2	1.61	0	1	0	Feyenoord	0	0	1
2026-03-05	13:30	Zwolle	Heracles	1	0	H	1	0	H	9	14	5	3	18	18	3	3	2	4	0	1	1.48	5.0	5.5	1.49	4.6	6.0													1.49	5.0	6.1	1.44	4.68	5.81	1.44	2.7			1.48	2.75	1.43	2.63	-1.25	1.98	1.83			1.98	1.83	1.92	1.79	1.55	4.75	5.0	1.52	4.6	5.5													1.55	4.75	5.8	1.48	4.58	5.46	1.48	2.6			1.48	2.7	1.45	2.58	-1.0	1.85	1.95			1.85	1.95	1.78	1.93	eredivisie																											1.44	4.5	6.0	1.42	4.8	6.1	1.44	4.75	6.0				1.48	4.6	5.75				1.45	4.7	5.8							1.5	4.6	5.5	1	0	0	Zwolle	1	0	0
2026-03-05	15:45	AZ Alkmaar	Twente	2	2	D	1	1	D	18	9	4	2	9	14	4	3	0	0	0	0	2.7	4.0	2.3	2.6	3.9	2.4													2.7	4.0	2.4	2.59	3.8	2.33	1.44	2.7			1.44	2.75	1.41	2.7	0.0	2.05	1.75			2.05	1.8	1.97	1.74	2.25	4.0	2.75	2.3	3.8	2.75													2.6	4.0	2.84	2.26	3.77	2.72	1.44	2.7			1.45	2.88	1.42	2.67	-0.25	2.0	1.8			2.0	1.8	1.92	1.78	eredivisie																											2.6	3.75	2.3	2.55	3.75	2.38	2.63	3.9	2.3	2.6	3.9	2.4	2.6	3.8	2.4	2.6	3.75	2.3	2.28	3.75	2.7	2.25	4.0	2.8	2.3	3.8	2.75	2.3	3.75	2.7	0	0	1		0	0	1
2026-03-05	15:45	Sparta Rotterdam	Go Ahead Eagles	2	2	D	1	0	H	24	16	3	5	11	10	6	8	1	5	0	1	2.05	3.9	3.2	2.05	3.7	3.3													2.05	3.9	3.4	2.01	3.7	3.2	1.57	2.35			1.57	2.55	1.52	2.4	-0.25	1.8	2.0			1.8	2.0	1.77	1.94	2.1	3.9	3.1	2.1	3.8	3.2													2.1	4.0	3.3	2.03	3.76	3.18	1.48	2.6			1.5	2.8	1.47	2.54	-0.25	1.83	1.98			1.83	2.0	1.76	1.96	eredivisie																											2.0	3.75	3.1	1.94	3.75	3.4	2.05	3.75	3.2	2.05	3.7	3.3	2.05	3.7	3.3	2.0	3.75	3.1	2.0	3.7	3.3	2.05	4.0	3.2	2.1	3.8	3.2	2.1	3.8	3.1	0	0	1		1	0	0
2026-10-05	15:45	Ajax	Utrecht	1	2	A	0	0	D	15	14	6	6	9	9	4	7	2	2	0	0	1.67	4.33	4.5	1.68	4.4	4.33													1.68	4.5	4.75	1.62	4.31	4.41	1.36	3.1			1.4	3.25	1.35	3.0	-0.75	1.8	2.0			1.8	2.0	1.74	1.97	1.65	4.2	4.75	1.65	4.2	4.6													1.65	4.33	5.1	1.61	4.15	4.75	1.44	2.7			1.5	2.8	1.47	2.54	-1.0	2.03	1.78			2.03	1.8	1.96	1.75	eredivisie							1.67	4.7	4.5	1.36	1.25									1.69	4.4	5.4	1.52	2.86	2.11	1.87	1.62	4.2	4.33	1.58	4.35	4.6	1.65	4.4	4.4	1.67	4.4	4.33	1.67	4.33	4.2	1.6	4.0	4.6	1.57	4.1	5.1	1.62	4.33	5.0				1.65	4.2	4.6	0	1	0	Utrecht	0	0	1
2026-10-05	15:45	Excelsior	Volendam	1	1	D	1	1	D	8	8	2	2	10	7	5	0	1	3	0	0	1.75	4.0	4.1	1.75	4.0	4.2													1.77	4.0	4.2	1.74	3.91	3.98	1.57	2.35			1.57	2.43	1.55	2.33	-0.75	1.98	1.83			1.98	1.83	1.92	1.78	1.7	4.0	4.5	1.71	3.9	4.6													1.71	4.0	5.0	1.68	3.85	4.55	1.67	2.15			1.67	2.35	1.61	2.21	-0.75	1.88	1.93			1.88	1.93	1.83	1.88	eredivisie							1.81	4.1	4.2	1.62	2.4									1.78	3.95	5.3	1.71	2.34	1.99	2.0	1.73	3.75	4.0	1.75	3.9	4.0	1.75	3.9	4.1	1.75	4.0	4.2	1.75	4.0	4.2	1.67	3.75	4.33	1.66	3.95	4.5	1.7	4.0	4.6				1.7	3.9	4.6	0	0	1		0	0	1
2026-10-05	15:45	Feyenoord	AZ Alkmaar	1	1	D	0	1	A	10	13	5	3	10	9	7	3	1	0	0	0	1.83	4.0	3.9	1.82	4.2	3.75													1.83	4.2	4.0	1.79	4.01	3.7	1.4	2.88			1.4	3.0	1.38	2.84	-0.5	1.8	2.0			1.8	2.0	1.76	1.95	1.95	3.7	3.6	1.98	3.8	3.4													2.0	4.0	3.6	1.93	3.75	3.42	1.5	2.5			1.53	2.63	1.49	2.46	-0.5	1.95	1.85			1.95	1.85	1.89	1.8	eredivisie							1.85	4.3	3.8	1.41	2.98									2.04	3.95	3.8	1.57	2.68	2.04	1.95	1.8	4.0	3.5	1.78	3.95	3.8	1.8	4.1	3.7	1.8	4.2	3.75	1.8	4.2	3.7	1.91	3.75	3.3	1.92	3.6	3.6	1.95	4.0	3.5				1.95	3.8	3.4	0	0	1		0	1	0
2026-10-05	15:45	For Sittard	Zwolle	3	2	H	1	0	H	12	8	4	3	7	11	6	5	0	1	0	0	2.1	3.6	3.2	2.1	3.8	3.1													2.1	3.95	3.2	2.06	3.76	3.08	1.53	2.4			1.53	2.75	1.48	2.5	-0.25	1.83	1.98			1.83	1.98	1.79	1.92	2.2	3.6	3.0	2.2	3.6	3.0													2.24	3.8	3.1	2.16	3.59	2.98	1.57	2.35			1.6	2.5	1.55	2.32	-0.25	1.9	1.9			1.93	1.9	1.86	1.84	eredivisie							2.08	4.0	3.2	1.56	2.6									2.22	3.8	3.4	1.63	2.56	1.94	2.04	2.05	3.75	3.0	2.0	3.95	3.2	2.1	3.75	3.1	2.1	3.8	3.1	2.1	3.8	3.1	2.15	3.6	2.88	2.16	3.55	3.05	2.15	3.8	3.1				2.2	3.6	3.0	1	0	0	For Sittard	1	0	0
2026-10-05	15:45	Go Ahead Eagles	PSV Eindhoven	1	4	A	1	2	A	11	24	4	10	9	7	8	4	0	0	0	0	4.5	4.75	1.62	4.2	4.75	1.63													4.5	4.8	1.65	4.34	4.57	1.59	1.33	3.4			1.33	3.65	1.29	3.38	1.0	1.85	1.95			1.85	1.95	1.8	1.89	3.25	4.33	1.91	3.1	4.33	1.98													3.35	4.45	2.0	3.15	4.23	1.91	1.29	3.6			1.29	4.0	1.25	3.64	0.5	1.88	1.93			1.9	1.93	1.82	1.89	eredivisie							4.4	4.9	1.64	1.33	3.55									3.5	4.4	2.0	1.3	4.2	1.96	2.02	4.33	4.5	1.57	4.35	4.6	1.6	4.5	4.6	1.57	4.2	4.8	1.65	4.2	4.6	1.65	3.1	4.2	1.9	3.3	4.2	1.87	3.25	4.4	1.95				3.1	4.2	1.95	0	1	0	PSV Eindhoven	0	1	0
2026-10-05	15:45	Groningen	Nijmegen	2	1	H	1	0	H	11	12	7	3	16	12	5	6	2	1	0	0	2.9	3.8	2.2	2.75	4.0	2.25													2.9	4.0	2.25	2.75	3.83	2.2	1.44	2.7			1.44	3.0	1.4	2.76	0.25	1.85	1.95			1.85	1.95	1.79	1.91	2.75	3.6	2.4	2.75	3.6	2.4													2.75	3.75	2.4	2.69	3.59	2.34	1.62	2.25			1.62	2.43	1.55	2.32	0.0	2.03	1.78			2.03	1.78	1.98	1.74	eredivisie							2.96	3.9	2.28	1.47	2.86									2.94	3.75	2.48	1.67	2.48	2.17	1.82	2.75	3.75	2.2	2.8	3.8	2.23	2.8	3.9	2.2	2.75	4.0	2.25	2.75	4.0	2.2	2.6	3.6	2.38	2.7	3.65	2.3	2.75	3.75	2.38				2.7	3.6	2.37	1	0	0	Groningen	1	0	0
2026-10-05	15:45	NAC Breda	Heerenveen	2	0	H	1	0	H	19	13	4	2	10	13	7	3	1	1	0	0	2.55	3.75	2.55	2.45	3.9	2.5													2.55	4.0	2.55	2.45	3.77	2.47	1.44	2.7			1.44	2.8	1.41	2.7	0.0	1.9	1.9			1.9	1.9	1.84	1.85	2.6	3.7	2.6	2.5	3.7	2.6													2.6	3.9	2.63	2.47	3.62	2.53	1.5	2.5			1.52	2.75	1.48	2.48	0.0	1.9	1.9			1.9	1.9	1.84	1.86	eredivisie							2.58	4.1	2.54	1.45	2.92																2.5	3.75	2.4	2.5	3.55	2.55	2.45	3.8	2.5	2.45	3.9	2.5	2.45	3.9	2.5				2.5	3.45	2.6							2.45	3.7	2.6	1	0	0	NAC Breda	1	0	0
2026-10-05	15:45	Telstar	Heracles	3	0	H	0	0	D	12	7	7	1	12	12	6	7	1	3	0	1	1.36	5.25	7.5	1.35	5.75	7.25													1.36	5.75	8.0	1.32	5.39	7.38	1.4	2.88			1.4	3.0	1.37	2.9	-1.5	1.9	1.9			1.9	1.9	1.84	1.86	1.44	4.75	6.5	1.47	4.8	6.0													1.48	5.33	6.75	1.41	4.87	6.19	1.44	2.7			1.44	2.88	1.4	2.73	-1.25	1.9	1.9			1.9	1.9	1.85	1.86	eredivisie							1.35	5.7	8.4	1.01	1.25									1.47	5.2	7.4	1.47	3.05	1.97	1.96	1.3	5.5	7.5	1.33	5.3	7.5	1.3	5.5	8.0	1.35	5.75	7.0	1.35	5.75	7.0	1.4	4.6	6.5	1.38	4.9	6.75	1.44	5.0	6.5				1.48	4.8	5.75	1	0	0	Telstar	0	0	1
2026-10-05	15:45	Twente	Sparta Rotterdam	4	0	H	0	0	D	26	9	13	1	7	8	9	2	0	2	0	0	1.36	5.0	8.0	1.38	5.5	6.75													1.4	5.5	9.0	1.33	5.22	7.51	1.4	2.88			1.4	3.0	1.37	2.88	-1.5	1.95	1.85			1.95	1.9	1.87	1.83	1.4	4.75	7.0	1.4	5.5	6.5													1.4	5.5	8.0	1.35	5.19	7.13	1.36	3.1			1.38	3.3	1.35	3.0	-1.5	1.98	1.83			1.98	1.9	1.88	1.82	eredivisie							1.38	5.5	7.8	1.41	3.1									1.4	5.6	8.6	1.4	3.35	2.04	1.91	1.33	5.0	7.5	1.29	5.3	9.0	1.33	5.25	7.5	1.4	5.5	7.0	1.36	5.25	6.5	1.33	5.0	7.0	1.3	5.3	8.0	1.36	5.5	7.5				1.4	5.25	6.5	1	0	0	Twente	0	0	1
